ISO-10303-21;
HEADER;
FILE_DESCRIPTION (( 'STEP AP214' ),
    '1' );
FILE_NAME ('Download_STP_471001264143 (rev1).STEP',
    '2024-09-20T14:23:45',
    ( '' ),
    ( '' ),
    'SwSTEP 2.0',
    'SolidWorks 2024',
    '' );
FILE_SCHEMA (( 'AUTOMOTIVE_DESIGN' ));
ENDSEC;

DATA;
#1 = EDGE_LOOP ( 'NONE', ( #2473, #7919, #9585, #6518 ) ) ;
#2 = LINE ( 'NONE', #6618, #7366 ) ;
#3 = EDGE_CURVE ( 'NONE', #5831, #8150, #2730, .T. ) ;
#4 = AXIS2_PLACEMENT_3D ( 'NONE', #6107, #10048, #4985 ) ;
#5 = LINE ( 'NONE', #3465, #2282 ) ;
#6 = DIRECTION ( 'NONE',  ( 0.000000000000000000, 1.000000000000000000, -0.000000000000000000 ) ) ;
#7 = ORIENTED_EDGE ( 'NONE', *, *, #9400, .T. ) ;
#8 = CARTESIAN_POINT ( 'NONE',  ( 0.000000000000000000, 5.349999999999999645, 2.499999999999998224 ) ) ;
#9 = VECTOR ( 'NONE', #9266, 1000.000000000000000 ) ;
#10 = CARTESIAN_POINT ( 'NONE',  ( 9.674497472730669401, 3.000000000000000000, 12.39604540319700021 ) ) ;
#11 = LINE ( 'NONE', #9783, #1980 ) ;
#12 = ORIENTED_EDGE ( 'NONE', *, *, #6661, .F. ) ;
#13 = CARTESIAN_POINT ( 'NONE',  ( -8.000000000000000000, 5.349999999999999645, 1.399999999999999911 ) ) ;
#14 = EDGE_CURVE ( 'NONE', #575, #761, #1862, .T. ) ;
#15 = ADVANCED_FACE ( 'NONE', ( #189 ), #9206, .F. ) ;
#16 = LINE ( 'NONE', #6687, #8876 ) ;
#17 = AXIS2_PLACEMENT_3D ( 'NONE', #9677, #2119, #2009 ) ;
#18 = LINE ( 'NONE', #3162, #3515 ) ;
#19 = CARTESIAN_POINT ( 'NONE',  ( -5.650000000000000355, -0.5000000000000002220, 7.700000000000000178 ) ) ;
#20 = LINE ( 'NONE', #1642, #7514 ) ;
#21 = LINE ( 'NONE', #3323, #3989 ) ;
#22 = FACE_OUTER_BOUND ( 'NONE', #6397, .T. ) ;
#23 = AXIS2_PLACEMENT_3D ( 'NONE', #3425, #7452, #8382 ) ;
#24 = ORIENTED_EDGE ( 'NONE', *, *, #5946, .F. ) ;
#25 = ORIENTED_EDGE ( 'NONE', *, *, #9212, .F. ) ;
#26 = CARTESIAN_POINT ( 'NONE',  ( -2.375000000000000000, 0.000000000000000000, -9.599777700366560751 ) ) ;
#27 = EDGE_LOOP ( 'NONE', ( #2738, #5562, #2671, #868 ) ) ;
#28 =( NAMED_UNIT ( * ) SI_UNIT ( $, .STERADIAN. ) SOLID_ANGLE_UNIT ( ) );
#29 = EDGE_LOOP ( 'NONE', ( #2869, #1448, #2900, #6139 ) ) ;
#30 = VECTOR ( 'NONE', #9776, 1000.000000000000000 ) ;
#31 = LINE ( 'NONE', #6593, #9789 ) ;
#32 = EDGE_LOOP ( 'NONE', ( #526, #9656, #6591, #2933, #8730 ) ) ;
#33 = PLANE ( 'NONE',  #5535 ) ;
#34 = ORIENTED_EDGE ( 'NONE', *, *, #6688, .T. ) ;
#35 = FACE_OUTER_BOUND ( 'NONE', #5941, .T. ) ;
#36 = VERTEX_POINT ( 'NONE', #6752 ) ;
#37 = CARTESIAN_POINT ( 'NONE',  ( 0.000000000000000000, -5.250000000000000000, -3.500000000000000000 ) ) ;
#38 = CARTESIAN_POINT ( 'NONE',  ( 1.699999999999999956, 6.450000000000000178, 10.50000000000000000 ) ) ;
#39 = VECTOR ( 'NONE', #10320, 1000.000000000000000 ) ;
#40 = ORIENTED_EDGE ( 'NONE', *, *, #5676, .F. ) ;
#41 = DIRECTION ( 'NONE',  ( 1.000000000000000000, 0.000000000000000000, 0.000000000000000000 ) ) ;
#42 = EDGE_CURVE ( 'NONE', #5895, #5657, #4142, .T. ) ;
#43 = ORIENTED_EDGE ( 'NONE', *, *, #4759, .F. ) ;
#44 = CIRCLE ( 'NONE', #10628, 36.99598795820000419 ) ;
#45 = CARTESIAN_POINT ( 'NONE',  ( -9.507689976714740254, -3.000000000000000000, 12.39604540319700021 ) ) ;
#46 = EDGE_LOOP ( 'NONE', ( #2201, #7090, #9913, #8657 ) ) ;
#47 = DIRECTION ( 'NONE',  ( -0.000000000000000000, 1.000000000000000000, 0.000000000000000000 ) ) ;
#48 = EDGE_CURVE ( 'NONE', #84, #7491, #7295, .T. ) ;
#49 = ORIENTED_EDGE ( 'NONE', *, *, #7810, .F. ) ;
#50 = CARTESIAN_POINT ( 'NONE',  ( 0.000000000000000000, 5.250000000000000000, -3.500000000000000000 ) ) ;
#51 = LINE ( 'NONE', #8364, #54 ) ;
#52 = CARTESIAN_POINT ( 'NONE',  ( 0.000000000000000000, -0.6248573008720179622, -4.436184497988939768 ) ) ;
#53 = CARTESIAN_POINT ( 'NONE',  ( 0.6779147973192100052, 2.646787991664662165, 4.275203514864569065 ) ) ;
#54 = VECTOR ( 'NONE', #4164, 1000.000000000000000 ) ;
#55 = ORIENTED_EDGE ( 'NONE', *, *, #9045, .T. ) ;
#56 = CARTESIAN_POINT ( 'NONE',  ( 4.000000000000000888, 1.770447840360078073, 2.890861957720189945 ) ) ;
#57 = LINE ( 'NONE', #4272, #6782 ) ;
#58 = AXIS2_PLACEMENT_3D ( 'NONE', #6954, #9626, #10275 ) ;
#59 = AXIS2_PLACEMENT_3D ( 'NONE', #1097, #4284, #7616 ) ;
#60 = CARTESIAN_POINT ( 'NONE',  ( -2.000000000000000000, -2.200000000000000178, -0.9499999999999999556 ) ) ;
#61 = EDGE_LOOP ( 'NONE', ( #6050, #1083, #9166, #4084 ) ) ;
#62 = CARTESIAN_POINT ( 'NONE',  ( -8.000000000000000000, 0.000000000000000000, 0.000000000000000000 ) ) ;
#63 = EDGE_CURVE ( 'NONE', #5386, #4253, #8396, .T. ) ;
#64 = CARTESIAN_POINT ( 'NONE',  ( 8.000000000000000000, 0.000000000000000000, 1.399999999999999911 ) ) ;
#65 = CARTESIAN_POINT ( 'NONE',  ( 3.450000000000000178, -3.975000000000000089, 1.900000000000000355 ) ) ;
#66 = CARTESIAN_POINT ( 'NONE',  ( 9.500000000000000000, 3.000000000000003553, 5.000000000000000000 ) ) ;
#67 = ORIENTED_EDGE ( 'NONE', *, *, #8050, .T. ) ;
#68 = DIRECTION ( 'NONE',  ( -0.000000000000000000, 0.1394778421021800052, 0.9902251923489521213 ) ) ;
#69 = COLOUR_RGB ( '',0.6980392156862744724, 0.6980392156862744724, 0.6980392156862744724 ) ;
#70 = VECTOR ( 'NONE', #9542, 1000.000000000000000 ) ;
#71 = CARTESIAN_POINT ( 'NONE',  ( 1.000000000000000000, 6.349999999999999645, 12.00000000000000000 ) ) ;
#72 = LINE ( 'NONE', #5864, #9426 ) ;
#73 = CARTESIAN_POINT ( 'NONE',  ( -4.650000000000000355, 1.652592182892419936, -4.756973892105110124 ) ) ;
#74 = DIRECTION ( 'NONE',  ( 1.000000000000000000, 0.000000000000000000, 1.030244909993949927E-14 ) ) ;
#75 = EDGE_CURVE ( 'NONE', #8337, #666, #2522, .T. ) ;
#76 = CARTESIAN_POINT ( 'NONE',  ( 0.7249999999999999778, 0.4975562980872508811, 2.815944880362408753 ) ) ;
#77 = ADVANCED_FACE ( 'NONE', ( #6861 ), #2675, .F. ) ;
#78 = AXIS2_PLACEMENT_3D ( 'NONE', #8070, #7843, #6371 ) ;
#79 = ORIENTED_EDGE ( 'NONE', *, *, #1309, .F. ) ;
#80 = ORIENTED_EDGE ( 'NONE', *, *, #5686, .T. ) ;
#81 = CARTESIAN_POINT ( 'NONE',  ( 3.550000000000000266, 0.8000000000000000444, -2.399777700366560573 ) ) ;
#82 = VERTEX_POINT ( 'NONE', #5437 ) ;
#83 = CARTESIAN_POINT ( 'NONE',  ( -5.150000000000000355, -6.822590561394729747, 4.458817530261709905 ) ) ;
#84 = VERTEX_POINT ( 'NONE', #9418 ) ;
#85 = DIRECTION ( 'NONE',  ( 0.000000000000000000, -0.000000000000000000, 1.000000000000000000 ) ) ;
#86 = CARTESIAN_POINT ( 'NONE',  ( 8.074999999999999289, 4.775000000000000355, 31.88557667661039829 ) ) ;
#87 = ORIENTED_EDGE ( 'NONE', *, *, #8135, .T. ) ;
#88 = DIRECTION ( 'NONE',  ( -1.000000000000000000, 0.000000000000000000, 0.000000000000000000 ) ) ;
#89 = ORIENTED_EDGE ( 'NONE', *, *, #8356, .T. ) ;
#90 = CARTESIAN_POINT ( 'NONE',  ( -0.8847527660157527007, 2.801875417098377063, 4.365286130936437026 ) ) ;
#91 = VECTOR ( 'NONE', #6575, 1000.000000000000000 ) ;
#92 = ORIENTED_EDGE ( 'NONE', *, *, #6063, .F. ) ;
#93 = CARTESIAN_POINT ( 'NONE',  ( -0.6949378966760819676, 4.337185579008735914, 4.413050970495005387 ) ) ;
#94 = PRESENTATION_STYLE_ASSIGNMENT (( #5016 ) ) ;
#95 = VERTEX_POINT ( 'NONE', #4617 ) ;
#96 = CARTESIAN_POINT ( 'NONE',  ( 0.000000000000000000, 0.000000000000000000, -0.5000000000000000000 ) ) ;
#97 = ORIENTED_EDGE ( 'NONE', *, *, #4728, .F. ) ;
#98 = VECTOR ( 'NONE', #2210, 1000.000000000000000 ) ;
#99 = CARTESIAN_POINT ( 'NONE',  ( -2.707541993964409865, 0.8000000000000000444, -3.399777700366560573 ) ) ;
#100 = EDGE_CURVE ( 'NONE', #6361, #767, #9364, .T. ) ;
#101 = ORIENTED_EDGE ( 'NONE', *, *, #1094, .T. ) ;
#102 = ORIENTED_EDGE ( 'NONE', *, *, #4885, .T. ) ;
#103 = DIRECTION ( 'NONE',  ( 0.000000000000000000, 0.000000000000000000, 1.000000000000000000 ) ) ;
#104 = DIRECTION ( 'NONE',  ( -0.000000000000000000, -1.000000000000000000, -0.000000000000000000 ) ) ;
#105 = CARTESIAN_POINT ( 'NONE',  ( -5.150000000000000355, 6.360534678722284951, 4.779880661432485134 ) ) ;
#106 = CARTESIAN_POINT ( 'NONE',  ( 10.19772880358570077, 3.000000000000000000, 9.925437956591640187 ) ) ;
#107 = CARTESIAN_POINT ( 'NONE',  ( 0.000000000000000000, 0.5000000000000000000, 0.000000000000000000 ) ) ;
#108 = VECTOR ( 'NONE', #5964, 1000.000000000000000 ) ;
#109 = EDGE_LOOP ( 'NONE', ( #1497, #1286, #4523, #2756 ) ) ;
#110 = DIRECTION ( 'NONE',  ( 0.000000000000000000, 1.000000000000000000, 0.000000000000000000 ) ) ;
#111 = EDGE_CURVE ( 'NONE', #4582, #2357, #4403, .T. ) ;
#112 = AXIS2_PLACEMENT_3D ( 'NONE', #10470, #3887, #5566 ) ;
#113 = EDGE_CURVE ( 'NONE', #4392, #452, #4776, .T. ) ;
#114 = LINE ( 'NONE', #3416, #8158 ) ;
#115 = ORIENTED_EDGE ( 'NONE', *, *, #6064, .F. ) ;
#116 = DIRECTION ( 'NONE',  ( 1.000000000000000000, 0.000000000000000000, -0.000000000000000000 ) ) ;
#117 = DIRECTION ( 'NONE',  ( -1.000000000000000000, -0.000000000000000000, 0.000000000000000000 ) ) ;
#118 = PLANE ( 'NONE',  #609 ) ;
#119 = DIRECTION ( 'NONE',  ( 0.000000000000000000, 0.000000000000000000, 1.000000000000000000 ) ) ;
#120 = EDGE_LOOP ( 'NONE', ( #4292, #6780, #9487, #9492 ) ) ;
#121 = LINE ( 'NONE', #10662, #5098 ) ;
#122 = CARTESIAN_POINT ( 'NONE',  ( 2.375000000000000000, 0.8000000000000000444, -0.5000000000000000000 ) ) ;
#123 = EDGE_CURVE ( 'NONE', #7059, #6867, #1112, .T. ) ;
#124 = EDGE_CURVE ( 'NONE', #420, #560, #3996, .T. ) ;
#125 = CYLINDRICAL_SURFACE ( 'NONE', #4835, 1.000000000000000000 ) ;
#126 = LINE ( 'NONE', #5209, #610 ) ;
#127 = MECHANICAL_DESIGN_GEOMETRIC_PRESENTATION_REPRESENTATION (  '', ( #3072 ), #2893 ) ;
#128 = CARTESIAN_POINT ( 'NONE',  ( 1.000000000000000000, -6.450000000000000178, 10.50000000000000000 ) ) ;
#129 = LINE ( 'NONE', #1005, #2326 ) ;
#130 = ORIENTED_EDGE ( 'NONE', *, *, #9042, .F. ) ;
#131 = VERTEX_POINT ( 'NONE', #4558 ) ;
#132 = DIRECTION ( 'NONE',  ( 0.000000000000000000, -1.000000000000000000, -0.000000000000000000 ) ) ;
#133 = ORIENTED_EDGE ( 'NONE', *, *, #7376, .F. ) ;
#134 =( LENGTH_UNIT ( ) NAMED_UNIT ( * ) SI_UNIT ( .MILLI., .METRE. ) );
#135 = CARTESIAN_POINT ( 'NONE',  ( 8.000000000000000000, 4.775000000000000355, 31.88557667661039829 ) ) ;
#136 = EDGE_CURVE ( 'NONE', #6465, #6977, #7020, .T. ) ;
#137 = DIRECTION ( 'NONE',  ( -0.3294216623000940092, 0.000000000000000000, -0.9441829104614438695 ) ) ;
#138 = LINE ( 'NONE', #3441, #863 ) ;
#139 = LINE ( 'NONE', #3442, #4562 ) ;
#140 = DIRECTION ( 'NONE',  ( -1.000000000000000000, -0.000000000000000000, -0.000000000000000000 ) ) ;
#141 = ORIENTED_EDGE ( 'NONE', *, *, #272, .T. ) ;
#142 = CARTESIAN_POINT ( 'NONE',  ( -1.047226846549609958, 3.982646518341059760, 4.384160024793389177 ) ) ;
#143 = ORIENTED_EDGE ( 'NONE', *, *, #6932, .F. ) ;
#144 = LINE ( 'NONE', #9863, #9138 ) ;
#145 = EDGE_LOOP ( 'NONE', ( #6656, #9986, #2858, #5876 ) ) ;
#146 = CARTESIAN_POINT ( 'NONE',  ( -8.050000000000000711, -6.450000000000000178, 13.00000000000000178 ) ) ;
#147 = ORIENTED_EDGE ( 'NONE', *, *, #7224, .F. ) ;
#148 = EDGE_CURVE ( 'NONE', #7829, #3800, #2780, .T. ) ;
#149 = AXIS2_PLACEMENT_3D ( 'NONE', #901, #3385, #6702 ) ;
#150 = EDGE_CURVE ( 'NONE', #8627, #5811, #2839, .T. ) ;
#151 = FACE_OUTER_BOUND ( 'NONE', #10499, .T. ) ;
#152 = EDGE_LOOP ( 'NONE', ( #4416, #8712, #4749, #9331, #3818, #6494, #6117, #7896, #7963, #5320, #10528, #6598, #8031, #8189, #4847, #7118, #653, #8977, #9924, #3445, #10337, #5395, #6642, #5715, #592, #4030, #12, #1540 ) ) ;
#153 = VECTOR ( 'NONE', #7598, 1000.000000000000000 ) ;
#154 = ORIENTED_EDGE ( 'NONE', *, *, #4285, .F. ) ;
#155 = CARTESIAN_POINT ( 'NONE',  ( -7.500000000000000000, 2.200000000000000178, -0.9499999999999999556 ) ) ;
#156 = DIRECTION ( 'NONE',  ( 0.000000000000000000, 0.000000000000000000, 1.000000000000000000 ) ) ;
#157 = CARTESIAN_POINT ( 'NONE',  ( 2.707541993964410310, 0.000000000000000000, -3.399777700366561017 ) ) ;
#158 = DIRECTION ( 'NONE',  ( -1.000000000000000000, -0.000000000000000000, 0.000000000000000000 ) ) ;
#159 = PLANE ( 'NONE',  #652 ) ;
#160 = ORIENTED_EDGE ( 'NONE', *, *, #8778, .F. ) ;
#161 = ADVANCED_FACE ( 'NONE', ( #8661 ), #1210, .T. ) ;
#162 = AXIS2_PLACEMENT_3D ( 'NONE', #8465, #3502, #5940 ) ;
#163 = DIRECTION ( 'NONE',  ( 0.000000000000000000, -0.1394778421021800052, -0.9902251923489521213 ) ) ;
#164 = VECTOR ( 'NONE', #5879, 1000.000000000000000 ) ;
#165 = EDGE_LOOP ( 'NONE', ( #10646, #6334, #332, #9461, #8793, #9047 ) ) ;
#166 = CARTESIAN_POINT ( 'NONE',  ( -0.5000000000000000000, 6.349999999999999645, -3.500000000000000000 ) ) ;
#167 = LINE ( 'NONE', #1683, #6689 ) ;
#168 = DIRECTION ( 'NONE',  ( -0.000000000000000000, 3.654614064557880066E-17, -1.000000000000000000 ) ) ;
#169 = CARTESIAN_POINT ( 'NONE',  ( -0.09681658099646535398, 2.510546012368771507, 4.314293094576545862 ) ) ;
#170 = ADVANCED_FACE ( 'NONE', ( #2891 ), #6196, .F. ) ;
#171 = ORIENTED_EDGE ( 'NONE', *, *, #1648, .F. ) ;
#172 = VECTOR ( 'NONE', #9513, 1000.000000000000000 ) ;
#173 = LINE ( 'NONE', #6947, #7549 ) ;
#174 = EDGE_CURVE ( 'NONE', #9599, #7362, #459, .T. ) ;
#175 = LINE ( 'NONE', #3479, #5944 ) ;
#176 = VECTOR ( 'NONE', #5639, 1000.000000000000000 ) ;
#177 = FACE_OUTER_BOUND ( 'NONE', #4197, .T. ) ;
#178 = FACE_OUTER_BOUND ( 'NONE', #10140, .T. ) ;
#179 = LINE ( 'NONE', #3482, #5789 ) ;
#180 = ORIENTED_EDGE ( 'NONE', *, *, #1772, .F. ) ;
#181 = ADVANCED_FACE ( 'NONE', ( #4884 ), #5650, .F. ) ;
#182 = ORIENTED_EDGE ( 'NONE', *, *, #849, .T. ) ;
#183 = CARTESIAN_POINT ( 'NONE',  ( -3.100000000000000533, 1.199999999999999956, 31.88557667661039829 ) ) ;
#184 = VECTOR ( 'NONE', #10353, 1000.000000000000114 ) ;
#185 = ORIENTED_EDGE ( 'NONE', *, *, #2497, .F. ) ;
#186 = CARTESIAN_POINT ( 'NONE',  ( -5.150000000000000355, 6.822590561394731523, 4.458817530261701911 ) ) ;
#187 = MECHANICAL_DESIGN_GEOMETRIC_PRESENTATION_REPRESENTATION (  '', ( #9888 ), #2262 ) ;
#188 = ADVANCED_FACE ( 'NONE', ( #8879 ), #3003, .T. ) ;
#189 = FACE_OUTER_BOUND ( 'NONE', #2816, .T. ) ;
#190 = DIRECTION ( 'NONE',  ( 0.000000000000000000, 1.000000000000000000, -3.576749435003730024E-16 ) ) ;
#191 = DIRECTION ( 'NONE',  ( 0.000000000000000000, -1.000000000000000000, 0.000000000000000000 ) ) ;
#192 = CARTESIAN_POINT ( 'NONE',  ( 8.970441590861193859, 3.000000000000002665, 13.00000000000000355 ) ) ;
#193 = CARTESIAN_POINT ( 'NONE',  ( 4.000000000000000000, 8.985357054628929168E-16, 41.22500000000000142 ) ) ;
#194 = ORIENTED_EDGE ( 'NONE', *, *, #9784, .T. ) ;
#195 = CARTESIAN_POINT ( 'NONE',  ( 4.000000000000000000, 7.529940238806676511, -1.350000000000001421 ) ) ;
#196 = ADVANCED_FACE ( 'NONE', ( #566 ), #6522, .T. ) ;
#197 = ORIENTED_EDGE ( 'NONE', *, *, #1895, .F. ) ;
#198 = CARTESIAN_POINT ( 'NONE',  ( -10.50000000000000000, 7.500000000000000000, 13.00000000000000178 ) ) ;
#199 = ORIENTED_EDGE ( 'NONE', *, *, #7147, .F. ) ;
#200 = CARTESIAN_POINT ( 'NONE',  ( -8.000000000000000000, 5.349999999999999645, 0.000000000000000000 ) ) ;
#201 = VECTOR ( 'NONE', #1677, 1000.000000000000000 ) ;
#202 = EDGE_LOOP ( 'NONE', ( #10719, #383, #1070, #4962 ) ) ;
#203 = DIRECTION ( 'NONE',  ( -1.000000000000000000, 0.000000000000000000, 0.000000000000000000 ) ) ;
#204 = VECTOR ( 'NONE', #1840, 1000.000000000000000 ) ;
#205 = VERTEX_POINT ( 'NONE', #673 ) ;
#206 = EDGE_CURVE ( 'NONE', #6611, #5344, #7399, .T. ) ;
#207 = ORIENTED_EDGE ( 'NONE', *, *, #1798, .F. ) ;
#208 = DIRECTION ( 'NONE',  ( 0.000000000000000000, -0.1394778421021818371, -0.9902251923489518992 ) ) ;
#209 = DIRECTION ( 'NONE',  ( 2.602085213965209853E-15, 0.000000000000000000, -1.000000000000000000 ) ) ;
#210 = EDGE_CURVE ( 'NONE', #2372, #8788, #4669, .T. ) ;
#211 = LINE ( 'NONE', #981, #153 ) ;
#212 = CARTESIAN_POINT ( 'NONE',  ( 3.450000000000000178, -1.199999999999999956, 1.899999999999999911 ) ) ;
#213 = DIRECTION ( 'NONE',  ( 0.3294216623000930655, 0.000000000000000000, 0.9441829104614440915 ) ) ;
#214 = ORIENTED_EDGE ( 'NONE', *, *, #6103, .F. ) ;
#215 = AXIS2_PLACEMENT_3D ( 'NONE', #10591, #9827, #4118 ) ;
#216 = DIRECTION ( 'NONE',  ( 0.000000000000000000, 0.000000000000000000, 1.000000000000000000 ) ) ;
#217 = EDGE_LOOP ( 'NONE', ( #3156, #10358, #8256, #9140 ) ) ;
#218 = DIRECTION ( 'NONE',  ( 0.000000000000000000, 3.576749435003730024E-16, 1.000000000000000000 ) ) ;
#219 = DIRECTION ( 'NONE',  ( 0.000000000000000000, 1.000000000000000000, 0.000000000000000000 ) ) ;
#220 = PLANE ( 'NONE',  #9621 ) ;
#221 = VECTOR ( 'NONE', #1346, 1000.000000000000000 ) ;
#222 = FACE_OUTER_BOUND ( 'NONE', #9057, .T. ) ;
#223 = ORIENTED_EDGE ( 'NONE', *, *, #2163, .F. ) ;
#224 = UNCERTAINTY_MEASURE_WITH_UNIT (LENGTH_MEASURE( 1.000000000000000082E-05 ), #2214, 'distance_accuracy_value', 'NONE');
#225 = CARTESIAN_POINT ( 'NONE',  ( -0.7250000000000003109, 0.03030552704494634056, -0.5013095140065775279 ) ) ;
#226 = PRESENTATION_STYLE_ASSIGNMENT (( #5312 ) ) ;
#227 = AXIS2_PLACEMENT_3D ( 'NONE', #2654, #4175, #9344 ) ;
#228 = VECTOR ( 'NONE', #9898, 1000.000000000000000 ) ;
#229 = CARTESIAN_POINT ( 'NONE',  ( -1.000000000000000000, 0.8000000000000000444, 7.713101904062729997E-17 ) ) ;
#230 = DIRECTION ( 'NONE',  ( 1.000000000000000000, 0.000000000000000000, 0.000000000000000000 ) ) ;
#231 = LINE ( 'NONE', #9306, #9622 ) ;
#232 = DIRECTION ( 'NONE',  ( 0.000000000000000000, -1.000000000000000000, 3.576749435003730024E-16 ) ) ;
#233 = DIRECTION ( 'NONE',  ( 0.000000000000000000, 0.000000000000000000, 1.000000000000000000 ) ) ;
#234 = EDGE_CURVE ( 'NONE', #7702, #6837, #8065, .T. ) ;
#235 = ORIENTED_EDGE ( 'NONE', *, *, #3624, .F. ) ;
#236 = VECTOR ( 'NONE', #9480, 1000.000000000000000 ) ;
#237 = ORIENTED_EDGE ( 'NONE', *, *, #510, .F. ) ;
#238 = LINE ( 'NONE', #183, #1501 ) ;
#239 = AXIS2_PLACEMENT_3D ( 'NONE', #4519, #9330, #5179 ) ;
#240 = VERTEX_POINT ( 'NONE', #1374 ) ;
#241 = DIRECTION ( 'NONE',  ( -0.000000000000000000, 1.000000000000000000, 0.000000000000000000 ) ) ;
#242 = ORIENTED_EDGE ( 'NONE', *, *, #10570, .T. ) ;
#243 = CARTESIAN_POINT ( 'NONE',  ( -9.848823097076499167, -3.000000000000000000, 10.48239748035040186 ) ) ;
#244 = EDGE_CURVE ( 'NONE', #8625, #7929, #8933, .T. ) ;
#245 =( GEOMETRIC_REPRESENTATION_CONTEXT ( 3 ) GLOBAL_UNCERTAINTY_ASSIGNED_CONTEXT ( ( #10429 ) ) GLOBAL_UNIT_ASSIGNED_CONTEXT ( ( #10513, #3926, #1482 ) ) REPRESENTATION_CONTEXT ( 'NONE', 'WORKASPACE' ) );
#246 = VECTOR ( 'NONE', #10344, 1000.000000000000000 ) ;
#247 = DIRECTION ( 'NONE',  ( 1.000000000000000000, -0.000000000000000000, -0.000000000000000000 ) ) ;
#248 = CARTESIAN_POINT ( 'NONE',  ( -7.500000000000000000, -0.5000000000000009992, 0.000000000000000000 ) ) ;
#249 = LINE ( 'NONE', #3549, #2134 ) ;
#250 = EDGE_CURVE ( 'NONE', #6551, #1383, #4833, .T. ) ;
#251 = VERTEX_POINT ( 'NONE', #3864 ) ;
#252 = DIRECTION ( 'NONE',  ( 0.000000000000000000, 1.000000000000000000, 0.000000000000000000 ) ) ;
#253 = ORIENTED_EDGE ( 'NONE', *, *, #3356, .F. ) ;
#254 = CARTESIAN_POINT ( 'NONE',  ( -1.500000000000000000, 0.7118782501609122182, -4.624469942108039078 ) ) ;
#255 = ORIENTED_EDGE ( 'NONE', *, *, #680, .T. ) ;
#256 = LINE ( 'NONE', #6157, #8346 ) ;
#257 = MECHANICAL_DESIGN_GEOMETRIC_PRESENTATION_REPRESENTATION (  '', ( #9448 ), #3188 ) ;
#258 = AXIS2_PLACEMENT_3D ( 'NONE', #6357, #7830, #6186 ) ;
#259 = ORIENTED_EDGE ( 'NONE', *, *, #6889, .F. ) ;
#260 = ADVANCED_FACE ( 'NONE', ( #10663 ), #2192, .T. ) ;
#261 = DIRECTION ( 'NONE',  ( -1.000000000000000000, -0.000000000000000000, 0.000000000000000000 ) ) ;
#262 = EDGE_CURVE ( 'NONE', #7993, #8107, #1528, .T. ) ;
#263 = ORIENTED_EDGE ( 'NONE', *, *, #1218, .F. ) ;
#264 = FACE_OUTER_BOUND ( 'NONE', #3587, .T. ) ;
#265 = CARTESIAN_POINT ( 'NONE',  ( -1.699999999999999956, -6.450000000000000178, 10.50000000000000000 ) ) ;
#266 = DIRECTION ( 'NONE',  ( 0.000000000000000000, 0.000000000000000000, -1.000000000000000000 ) ) ;
#267 = DIRECTION ( 'NONE',  ( 0.000000000000000000, 0.1081912008832670580, 0.9941301041872923072 ) ) ;
#268 = CARTESIAN_POINT ( 'NONE',  ( 9.674497472730669401, 3.000000000000000000, 11.81413169024230037 ) ) ;
#269 = ORIENTED_EDGE ( 'NONE', *, *, #2157, .F. ) ;
#270 = AXIS2_PLACEMENT_3D ( 'NONE', #9600, #5460, #5564 ) ;
#271 = FACE_BOUND ( 'NONE', #1248, .T. ) ;
#272 = EDGE_CURVE ( 'NONE', #8322, #1579, #9039, .T. ) ;
#273 = ADVANCED_FACE ( 'NONE', ( #7187 ), #3920, .F. ) ;
#274 = ORIENTED_EDGE ( 'NONE', *, *, #3815, .T. ) ;
#275 = LINE ( 'NONE', #1087, #9082 ) ;
#276 = VECTOR ( 'NONE', #3726, 1000.000000000000000 ) ;
#277 = SURFACE_STYLE_FILL_AREA ( #4595 ) ;
#278 = CARTESIAN_POINT ( 'NONE',  ( -10.41980543215949950, 3.000000000000000444, 9.925437956591640187 ) ) ;
#279 = DIRECTION ( 'NONE',  ( -1.000000000000000000, -0.000000000000000000, -0.000000000000000000 ) ) ;
#280 = ORIENTED_EDGE ( 'NONE', *, *, #1830, .T. ) ;
#281 = CARTESIAN_POINT ( 'NONE',  ( -1.925000000000000044, -4.775000000000000355, 1.399999999999998579 ) ) ;
#282 = CARTESIAN_POINT ( 'NONE',  ( -0.03820525858423060028, 4.494475700832940568, 4.425852105171573569 ) ) ;
#283 = VECTOR ( 'NONE', #7850, 1000.000000000000000 ) ;
#284 = ADVANCED_FACE ( 'NONE', ( #7239 ), #10558, .T. ) ;
#285 = SURFACE_SIDE_STYLE ('',( #8493 ) ) ;
#286 = CYLINDRICAL_SURFACE ( 'NONE', #5006, 1.399999999999999911 ) ;
#287 = VERTEX_POINT ( 'NONE', #2295 ) ;
#288 = LINE ( 'NONE', #1153, #1981 ) ;
#289 = DIRECTION ( 'NONE',  ( 0.000000000000000000, 0.000000000000000000, 1.000000000000000000 ) ) ;
#290 = PLANE ( 'NONE',  #423 ) ;
#291 = EDGE_LOOP ( 'NONE', ( #467, #10296 ) ) ;
#292 = CARTESIAN_POINT ( 'NONE',  ( -0.8471327479168120345, 4.237924334873055088, 4.404964033887619479 ) ) ;
#293 = CIRCLE ( 'NONE', #1668, 4.500000000000000888 ) ;
#294 = EDGE_LOOP ( 'NONE', ( #25, #1697, #6445, #2423, #3637, #6266 ) ) ;
#295 = CARTESIAN_POINT ( 'NONE',  ( 8.750000000000000000, -6.349999999999999645, 5.000000000000000888 ) ) ;
#296 = ORIENTED_EDGE ( 'NONE', *, *, #6030, .T. ) ;
#297 = CARTESIAN_POINT ( 'NONE',  ( -3.549999999999999822, 0.8000000000000000444, -3.199777700366559952 ) ) ;
#298 = CARTESIAN_POINT ( 'NONE',  ( -0.03875935904638130175, 4.892244484529191695, 4.458278632147599119 ) ) ;
#299 = DIRECTION ( 'NONE',  ( 8.673617379884035472E-16, 0.000000000000000000, -1.000000000000000000 ) ) ;
#300 = AXIS2_PLACEMENT_3D ( 'NONE', #10659, #5647, #8983 ) ;
#301 = PLANE ( 'NONE',  #7971 ) ;
#302 = DIRECTION ( 'NONE',  ( -1.000000000000000000, 0.000000000000000000, 0.000000000000000000 ) ) ;
#303 = CARTESIAN_POINT ( 'NONE',  ( 10.19772880358570077, 3.000000000000000000, 9.925437956591640187 ) ) ;
#304 = CARTESIAN_POINT ( 'NONE',  ( -0.03820277849353270055, 4.488245899000316896, 4.502271700575048996 ) ) ;
#305 = ORIENTED_EDGE ( 'NONE', *, *, #3155, .F. ) ;
#306 = ORIENTED_EDGE ( 'NONE', *, *, #3579, .T. ) ;
#307 = LINE ( 'NONE', #359, #4085 ) ;
#308 = VERTEX_POINT ( 'NONE', #5596 ) ;
#309 = DIRECTION ( 'NONE',  ( -8.698137213908060106E-32, -2.115261143303811914E-47, -1.000000000000000000 ) ) ;
#310 = EDGE_CURVE ( 'NONE', #2357, #5981, #4785, .T. ) ;
#311 = VERTEX_POINT ( 'NONE', #10111 ) ;
#312 = EDGE_CURVE ( 'NONE', #9503, #4471, #4232, .T. ) ;
#313 = LINE ( 'NONE', #8469, #9263 ) ;
#314 = DIRECTION ( 'NONE',  ( 1.000000000000000000, 0.000000000000000000, -0.000000000000000000 ) ) ;
#315 = VERTEX_POINT ( 'NONE', #3478 ) ;
#316 = ORIENTED_EDGE ( 'NONE', *, *, #3291, .T. ) ;
#317 = FACE_OUTER_BOUND ( 'NONE', #5563, .T. ) ;
#318 = CARTESIAN_POINT ( 'NONE',  ( -4.000000000000000000, 7.529940238806676511, -1.350000000000000977 ) ) ;
#319 = CARTESIAN_POINT ( 'NONE',  ( 1.500000000000000888, -0.6248573008720179622, -4.436184497988939768 ) ) ;
#320 = DIRECTION ( 'NONE',  ( -2.235917554085669900E-31, -1.397729250962541600E-46, -1.000000000000000000 ) ) ;
#321 = FACE_OUTER_BOUND ( 'NONE', #8942, .T. ) ;
#322 = EDGE_CURVE ( 'NONE', #5687, #10414, #545, .T. ) ;
#323 = ORIENTED_EDGE ( 'NONE', *, *, #8936, .T. ) ;
#324 = EDGE_CURVE ( 'NONE', #4089, #686, #7506, .T. ) ;
#325 = EDGE_CURVE ( 'NONE', #6982, #9218, #1850, .T. ) ;
#326 = VECTOR ( 'NONE', #3196, 1000.000000000000000 ) ;
#327 = VERTEX_POINT ( 'NONE', #71 ) ;
#328 = LINE ( 'NONE', #1940, #5422 ) ;
#329 = CARTESIAN_POINT ( 'NONE',  ( 0.1344754125388345212, 2.112754837665391960, 4.327596648933063506 ) ) ;
#330 = CARTESIAN_POINT ( 'NONE',  ( -9.507689976714740254, 3.000000000000000000, 12.39604540319700021 ) ) ;
#331 = CYLINDRICAL_SURFACE ( 'NONE', #5218, 1.000000000000000000 ) ;
#332 = ORIENTED_EDGE ( 'NONE', *, *, #4285, .T. ) ;
#333 = UNCERTAINTY_MEASURE_WITH_UNIT (LENGTH_MEASURE( 1.000000000000000082E-05 ), #6792, 'distance_accuracy_value', 'NONE');
#334 = CARTESIAN_POINT ( 'NONE',  ( 6.400000000000000355, -1.199999999999999956, 1.899999999999999023 ) ) ;
#335 = CARTESIAN_POINT ( 'NONE',  ( 0.9708066660732913578, 4.106840216746762806, 4.471676750507700859 ) ) ;
#336 = DIRECTION ( 'NONE',  ( 0.000000000000000000, 0.000000000000000000, 1.000000000000000000 ) ) ;
#337 = FACE_OUTER_BOUND ( 'NONE', #8821, .T. ) ;
#338 = VERTEX_POINT ( 'NONE', #3318 ) ;
#339 = FACE_OUTER_BOUND ( 'NONE', #6497, .T. ) ;
#340 = DIRECTION ( 'NONE',  ( -0.000000000000000000, 1.000000000000000000, 0.000000000000000000 ) ) ;
#341 = ORIENTED_EDGE ( 'NONE', *, *, #8417, .T. ) ;
#342 = CARTESIAN_POINT ( 'NONE',  ( 7.500000000000000000, -2.200000000000000178, -0.9499999999999999556 ) ) ;
#343 = EDGE_CURVE ( 'NONE', #1597, #10618, #6073, .T. ) ;
#344 = EDGE_LOOP ( 'NONE', ( #3134, #8944, #689, #5556 ) ) ;
#345 = LINE ( 'NONE', #4502, #1849 ) ;
#346 = ADVANCED_FACE ( 'NONE', ( #2507 ), #3374, .F. ) ;
#347 = EDGE_LOOP ( 'NONE', ( #4960, #3667, #2848, #1543 ) ) ;
#348 = DIRECTION ( 'NONE',  ( 1.000000000000000000, 0.000000000000000000, 0.000000000000000000 ) ) ;
#349 = DIRECTION ( 'NONE',  ( -0.000000000000000000, -0.000000000000000000, -1.000000000000000000 ) ) ;
#350 = AXIS2_PLACEMENT_3D ( 'NONE', #9211, #5667, #1762 ) ;
#351 = PLANE ( 'NONE',  #7868 ) ;
#352 = CARTESIAN_POINT ( 'NONE',  ( 0.000000000000000000, -2.258797326885941814, -4.206036415801498229 ) ) ;
#353 = DIRECTION ( 'NONE',  ( -0.000000000000000000, 1.000000000000000000, 0.000000000000000000 ) ) ;
#354 = CARTESIAN_POINT ( 'NONE',  ( -10.41980543215949950, -3.000000000000000000, 9.343524243637009619 ) ) ;
#355 = DIRECTION ( 'NONE',  ( -1.000000000000000000, 0.000000000000000000, 0.000000000000000000 ) ) ;
#356 = EDGE_LOOP ( 'NONE', ( #9612, #5398, #2491, #709 ) ) ;
#357 = AXIS2_PLACEMENT_3D ( 'NONE', #8015, #2135, #2950 ) ;
#358 = EDGE_LOOP ( 'NONE', ( #2742, #976, #6154, #5528 ) ) ;
#359 = CARTESIAN_POINT ( 'NONE',  ( -5.150000000000000355, -6.429304672761169570, 4.785836643711149918 ) ) ;
#360 = ORIENTED_EDGE ( 'NONE', *, *, #2807, .F. ) ;
#361 = CARTESIAN_POINT ( 'NONE',  ( -8.000000000000000000, -4.775000000000000355, 15.00000000000000000 ) ) ;
#362 = ORIENTED_EDGE ( 'NONE', *, *, #9299, .F. ) ;
#363 = CARTESIAN_POINT ( 'NONE',  ( 5.650000000000000355, 0.5000000000000000000, 7.700000000000000178 ) ) ;
#364 = CARTESIAN_POINT ( 'NONE',  ( 3.049999999999999822, 0.8000000000000000444, -2.199777700366559952 ) ) ;
#365 = ORIENTED_EDGE ( 'NONE', *, *, #5407, .F. ) ;
#366 = ORIENTED_EDGE ( 'NONE', *, *, #5033, .F. ) ;
#367 = CYLINDRICAL_SURFACE ( 'NONE', #632, 38.37500000000000000 ) ;
#368 = DIRECTION ( 'NONE',  ( -1.000000000000000000, -0.000000000000000000, 0.000000000000000000 ) ) ;
#369 = EDGE_CURVE ( 'NONE', #4592, #4612, #16, .T. ) ;
#370 = VECTOR ( 'NONE', #6253, 1000.000000000000000 ) ;
#371 = FACE_OUTER_BOUND ( 'NONE', #6660, .T. ) ;
#372 = DIRECTION ( 'NONE',  ( 0.000000000000000000, -0.000000000000000000, 1.000000000000000000 ) ) ;
#373 = CARTESIAN_POINT ( 'NONE',  ( -4.000000000000000000, 8.985357054628929168E-16, 41.22500000000000142 ) ) ;
#374 = VERTEX_POINT ( 'NONE', #3266 ) ;
#375 = VECTOR ( 'NONE', #9292, 1000.000000000000000 ) ;
#376 = EDGE_CURVE ( 'NONE', #4062, #6179, #10058, .T. ) ;
#377 = ORIENTED_EDGE ( 'NONE', *, *, #8468, .T. ) ;
#378 = LINE ( 'NONE', #1352, #3519 ) ;
#379 = CARTESIAN_POINT ( 'NONE',  ( 0.7120465873088990261, 2.260569107992690174, 4.243717457570738816 ) ) ;
#380 = CARTESIAN_POINT ( 'NONE',  ( -1.429083170432598582, 3.976271799853644318, 4.479453060700128830 ) ) ;
#381 = ADVANCED_FACE ( 'NONE', ( #2609 ), #9151, .T. ) ;
#382 = DIRECTION ( 'NONE',  ( 0.000000000000000000, -3.576749435003730024E-16, -1.000000000000000000 ) ) ;
#383 = ORIENTED_EDGE ( 'NONE', *, *, #4901, .F. ) ;
#384 = AXIS2_PLACEMENT_3D ( 'NONE', #6787, #4384, #10108 ) ;
#385 = CARTESIAN_POINT ( 'NONE',  ( 0.5000000000000003331, -0.5000000000000035527, -3.499999999999999556 ) ) ;
#386 = FILL_AREA_STYLE_COLOUR ( '', #8881 ) ;
#387 = DIRECTION ( 'NONE',  ( 0.000000000000000000, -1.000000000000000000, -0.000000000000000000 ) ) ;
#388 = EDGE_CURVE ( 'NONE', #3731, #9514, #6578, .T. ) ;
#389 = VECTOR ( 'NONE', #6453, 1000.000000000000000 ) ;
#390 = DIRECTION ( 'NONE',  ( 1.000000000000000000, 0.000000000000000000, 0.000000000000000000 ) ) ;
#391 = VERTEX_POINT ( 'NONE', #1689 ) ;
#392 = LINE ( 'NONE', #3854, #8068 ) ;
#393 = DIRECTION ( 'NONE',  ( 1.000000000000000000, 0.000000000000000000, 0.000000000000000000 ) ) ;
#394 = DIRECTION ( 'NONE',  ( -1.000000000000000000, -0.000000000000000000, -0.000000000000000000 ) ) ;
#395 = ORIENTED_EDGE ( 'NONE', *, *, #5881, .F. ) ;
#396 = CARTESIAN_POINT ( 'NONE',  ( 0.7983436941620140059, 2.302307891627369152, 4.247117244297886174 ) ) ;
#397 = VERTEX_POINT ( 'NONE', #5916 ) ;
#398 = CARTESIAN_POINT ( 'NONE',  ( -1.000000000000000000, 6.450000000000000178, 10.50000000000000000 ) ) ;
#399 = ORIENTED_EDGE ( 'NONE', *, *, #5816, .T. ) ;
#400 = CARTESIAN_POINT ( 'NONE',  ( 6.399999999999999467, 3.975000000000000089, 1.399999999999999689 ) ) ;
#401 = VECTOR ( 'NONE', #8526, 1000.000000000000000 ) ;
#402 = CARTESIAN_POINT ( 'NONE',  ( -8.074999999999999289, 4.775000000000000355, 0.000000000000000000 ) ) ;
#403 = DIRECTION ( 'NONE',  ( 1.000000000000000000, -1.762930361765040079E-17, -0.000000000000000000 ) ) ;
#404 = EDGE_CURVE ( 'NONE', #4514, #6940, #8491, .T. ) ;
#405 = EDGE_CURVE ( 'NONE', #2017, #8841, #8330, .T. ) ;
#406 = CARTESIAN_POINT ( 'NONE',  ( 5.150000000000000355, 0.000000000000000000, -0.3499999999999999778 ) ) ;
#407 = DIRECTION ( 'NONE',  ( -0.000000000000000000, -1.000000000000000000, 0.000000000000000000 ) ) ;
#408 = VECTOR ( 'NONE', #5037, 1000.000000000000000 ) ;
#409 = CARTESIAN_POINT ( 'NONE',  ( 8.970441590861199188, -3.000000000000000000, 5.000000000000000000 ) ) ;
#410 = CARTESIAN_POINT ( 'NONE',  ( 0.6106581320959312276, 2.608732140680096290, 4.321079789136303972 ) ) ;
#411 = VECTOR ( 'NONE', #403, 1000.000000000000000 ) ;
#412 = ORIENTED_EDGE ( 'NONE', *, *, #6219, .T. ) ;
#413 = VERTEX_POINT ( 'NONE', #890 ) ;
#414 = DIRECTION ( 'NONE',  ( 0.000000000000000000, 0.000000000000000000, 1.000000000000000000 ) ) ;
#415 = ORIENTED_EDGE ( 'NONE', *, *, #10286, .T. ) ;
#416 = CARTESIAN_POINT ( 'NONE',  ( -1.500000000000000000, -4.194909307385540131, 4.517932348437740053 ) ) ;
#417 = VERTEX_POINT ( 'NONE', #10007 ) ;
#418 = VECTOR ( 'NONE', #6550, 1000.000000000000000 ) ;
#419 = LINE ( 'NONE', #5561, #7174 ) ;
#420 = VERTEX_POINT ( 'NONE', #2558 ) ;
#421 = PLANE ( 'NONE',  #5013 ) ;
#422 = ORIENTED_EDGE ( 'NONE', *, *, #9883, .T. ) ;
#423 = AXIS2_PLACEMENT_3D ( 'NONE', #8607, #9359, #8445 ) ;
#424 = VERTEX_POINT ( 'NONE', #9191 ) ;
#425 = LINE ( 'NONE', #8525, #7572 ) ;
#426 = DIRECTION ( 'NONE',  ( 1.000000000000000000, 0.000000000000000000, -0.000000000000000000 ) ) ;
#427 = VECTOR ( 'NONE', #9688, 1000.000000000000000 ) ;
#428 = CARTESIAN_POINT ( 'NONE',  ( -8.000000000000000000, 5.349999999999999645, 1.399999999999999911 ) ) ;
#429 = DIRECTION ( 'NONE',  ( 1.000000000000000000, -0.000000000000000000, -0.000000000000000000 ) ) ;
#430 = DIRECTION ( 'NONE',  ( -0.3294216623000930655, -0.000000000000000000, -0.9441829104614440915 ) ) ;
#431 = ORIENTED_EDGE ( 'NONE', *, *, #2570, .T. ) ;
#432 = VECTOR ( 'NONE', #8818, 1000.000000000000114 ) ;
#433 = EDGE_CURVE ( 'NONE', #2958, #2887, #4282, .T. ) ;
#434 = ORIENTED_EDGE ( 'NONE', *, *, #3828, .F. ) ;
#435 = PLANE ( 'NONE',  #2832 ) ;
#436 = CARTESIAN_POINT ( 'NONE',  ( 0.1344723204499919944, 2.120521932951009880, 4.232319416184038730 ) ) ;
#437 = CARTESIAN_POINT ( 'NONE',  ( -0.03893901544238134727, 4.892240580685351503, 4.458278319732804640 ) ) ;
#438 = CARTESIAN_POINT ( 'NONE',  ( -5.150000000000000355, -6.429304672761169570, 4.385836643711150451 ) ) ;
#439 = AXIS2_PLACEMENT_3D ( 'NONE', #1848, #1795, #6021 ) ;
#440 = EDGE_LOOP ( 'NONE', ( #5832, #9669, #6762, #10254 ) ) ;
#441 = UNCERTAINTY_MEASURE_WITH_UNIT (LENGTH_MEASURE( 1.000000000000000082E-05 ), #5317, 'distance_accuracy_value', 'NONE');
#442 = DIRECTION ( 'NONE',  ( 0.000000000000000000, -1.000000000000000000, 3.576749435003730024E-16 ) ) ;
#443 = EDGE_CURVE ( 'NONE', #2477, #5552, #7563, .T. ) ;
#444 = DIRECTION ( 'NONE',  ( -1.000000000000000000, -0.000000000000000000, -0.000000000000000000 ) ) ;
#445 = EDGE_CURVE ( 'NONE', #1404, #9879, #1800, .T. ) ;
#446 = VECTOR ( 'NONE', #2233, 1000.000000000000000 ) ;
#447 = CARTESIAN_POINT ( 'NONE',  ( 0.7249999999999982014, -2.036113726531786128, 4.186027107350408727 ) ) ;
#448 = VERTEX_POINT ( 'NONE', #9510 ) ;
#449 = DIRECTION ( 'NONE',  ( -2.168404344971010347E-16, -0.000000000000000000, 1.000000000000000000 ) ) ;
#450 = FACE_OUTER_BOUND ( 'NONE', #6309, .T. ) ;
#451 = PLANE ( 'NONE',  #9438 ) ;
#452 = VERTEX_POINT ( 'NONE', #7005 ) ;
#453 = CARTESIAN_POINT ( 'NONE',  ( 8.750000000000000000, 6.450000000000001066, 13.00000000000000178 ) ) ;
#454 = ORIENTED_EDGE ( 'NONE', *, *, #8446, .F. ) ;
#455 =( LENGTH_UNIT ( ) NAMED_UNIT ( * ) SI_UNIT ( .MILLI., .METRE. ) );
#456 = ORIENTED_EDGE ( 'NONE', *, *, #8884, .T. ) ;
#457 = CARTESIAN_POINT ( 'NONE',  ( 1.000000000000000000, 0.8000000000000000444, -1.188499499845248245E-16 ) ) ;
#458 = ADVANCED_FACE ( 'NONE', ( #8761 ), #2715, .F. ) ;
#459 = LINE ( 'NONE', #2130, #5203 ) ;
#460 = EDGE_CURVE ( 'NONE', #2255, #5731, #9458, .T. ) ;
#461 = EDGE_CURVE ( 'NONE', #6066, #5672, #6847, .T. ) ;
#462 = CARTESIAN_POINT ( 'NONE',  ( -6.049999999999999822, 1.199999999999999734, 1.399999999999999689 ) ) ;
#463 = SURFACE_STYLE_USAGE ( .BOTH. , #3865 ) ;
#464 = DIRECTION ( 'NONE',  ( -0.000000000000000000, -1.000000000000000000, 0.000000000000000000 ) ) ;
#465 = VECTOR ( 'NONE', #3288, 1000.000000000000000 ) ;
#466 = CARTESIAN_POINT ( 'NONE',  ( -5.450000000000000178, 0.000000000000000000, 1.050000000000000044 ) ) ;
#467 = ORIENTED_EDGE ( 'NONE', *, *, #4629, .T. ) ;
#468 = ORIENTED_EDGE ( 'NONE', *, *, #5942, .F. ) ;
#469 = DIRECTION ( 'NONE',  ( -1.000000000000000000, -0.000000000000000000, -0.000000000000000000 ) ) ;
#470 = ORIENTED_EDGE ( 'NONE', *, *, #10210, .T. ) ;
#471 = LINE ( 'NONE', #2033, #9896 ) ;
#472 = EDGE_CURVE ( 'NONE', #5672, #3712, #7655, .T. ) ;
#473 = ORIENTED_EDGE ( 'NONE', *, *, #916, .F. ) ;
#474 = VECTOR ( 'NONE', #8392, 1000.000000000000000 ) ;
#475 = CARTESIAN_POINT ( 'NONE',  ( -4.000000000000000000, 5.749999999999998224, 3.283227176369311273 ) ) ;
#476 = PLANE ( 'NONE',  #5434 ) ;
#477 = VERTEX_POINT ( 'NONE', #3741 ) ;
#478 = LINE ( 'NONE', #8842, #7628 ) ;
#479 = VERTEX_POINT ( 'NONE', #2057 ) ;
#480 = LINE ( 'NONE', #1284, #2170 ) ;
#481 = AXIS2_PLACEMENT_3D ( 'NONE', #7547, #2399, #9788 ) ;
#482 = ORIENTED_EDGE ( 'NONE', *, *, #7513, .F. ) ;
#483 = DIRECTION ( 'NONE',  ( 1.000000000000000000, 0.000000000000000000, -0.000000000000000000 ) ) ;
#484 = FACE_OUTER_BOUND ( 'NONE', #5160, .T. ) ;
#485 = CARTESIAN_POINT ( 'NONE',  ( -5.150000000000000355, 1.714505518806294391E-16, -1.750000000000000000 ) ) ;
#486 = DIRECTION ( 'NONE',  ( -1.000000000000000000, -0.000000000000000000, 0.000000000000000000 ) ) ;
#487 = FACE_OUTER_BOUND ( 'NONE', #9707, .T. ) ;
#488 = ADVANCED_FACE ( 'NONE', ( #2115 ), #10615, .F. ) ;
#489 = EDGE_CURVE ( 'NONE', #10314, #5352, #6401, .T. ) ;
#490 = ORIENTED_EDGE ( 'NONE', *, *, #8762, .T. ) ;
#491 = VERTEX_POINT ( 'NONE', #3793 ) ;
#492 = CARTESIAN_POINT ( 'NONE',  ( 5.150000000000000355, 0.000000000000000000, 0.000000000000000000 ) ) ;
#493 = CARTESIAN_POINT ( 'NONE',  ( 0.7983436941620140059, 2.302307891627390024, 4.247117244297629490 ) ) ;
#494 = CARTESIAN_POINT ( 'NONE',  ( -1.498996764459310072, 3.607714803847243079, 4.353609878075522133 ) ) ;
#495 = DIRECTION ( 'NONE',  ( 0.000000000000000000, 0.000000000000000000, 1.000000000000000000 ) ) ;
#496 = EDGE_LOOP ( 'NONE', ( #3655, #6496, #7520, #1469, #8516 ) ) ;
#497 = CARTESIAN_POINT ( 'NONE',  ( 7.500000000000000000, -2.200000000000000178, -0.9499999999999999556 ) ) ;
#498 = DIRECTION ( 'NONE',  ( -1.000000000000000000, 6.251255769285790096E-16, -2.235917554085669900E-31 ) ) ;
#499 = AXIS2_PLACEMENT_3D ( 'NONE', #9285, #7706, #266 ) ;
#500 = LINE ( 'NONE', #3690, #172 ) ;
#501 = ORIENTED_EDGE ( 'NONE', *, *, #8791, .T. ) ;
#502 = DIRECTION ( 'NONE',  ( 1.000000000000000000, 0.000000000000000000, -0.000000000000000000 ) ) ;
#503 = APPLICATION_PROTOCOL_DEFINITION ( 'draft international standard', 'automotive_design', 1998, #10527 ) ;
#504 = LINE ( 'NONE', #7689, #6681 ) ;
#505 = DIRECTION ( 'NONE',  ( 1.000000000000000000, -0.000000000000000000, -0.000000000000000000 ) ) ;
#506 = ORIENTED_EDGE ( 'NONE', *, *, #5995, .F. ) ;
#507 = DIRECTION ( 'NONE',  ( 0.000000000000000000, 0.000000000000000000, -1.000000000000000000 ) ) ;
#508 = ORIENTED_EDGE ( 'NONE', *, *, #6430, .F. ) ;
#509 = VECTOR ( 'NONE', #1165, 1000.000000000000114 ) ;
#510 = EDGE_CURVE ( 'NONE', #7653, #9811, #10432, .T. ) ;
#511 = VERTEX_POINT ( 'NONE', #7941 ) ;
#512 = DIRECTION ( 'NONE',  ( -1.000000000000000000, 0.000000000000000000, 0.000000000000000000 ) ) ;
#513 = DIRECTION ( 'NONE',  ( -0.000000000000000000, -0.000000000000000000, -1.000000000000000000 ) ) ;
#514 = LINE ( 'NONE', #7188, #4897 ) ;
#515 = AXIS2_PLACEMENT_3D ( 'NONE', #10169, #2717, #7828 ) ;
#516 = DIRECTION ( 'NONE',  ( 0.000000000000000000, -3.019806626980425790E-14, -1.000000000000000000 ) ) ;
#517 = LINE ( 'NONE', #6201, #1623 ) ;
#518 = ADVANCED_FACE ( 'NONE', ( #10648 ), #10491, .F. ) ;
#519 = DIRECTION ( 'NONE',  ( 1.000000000000000000, 2.431855340154410242E-16, -8.698137213908060106E-32 ) ) ;
#520 = LINE ( 'NONE', #2951, #2144 ) ;
#521 = ORIENTED_EDGE ( 'NONE', *, *, #2354, .T. ) ;
#522 = VERTEX_POINT ( 'NONE', #3044 ) ;
#523 = CARTESIAN_POINT ( 'NONE',  ( 9.500000000000000000, 6.349999999999999645, 5.000000000000000888 ) ) ;
#524 = EDGE_CURVE ( 'NONE', #4628, #1225, #5532, .T. ) ;
#525 = ADVANCED_FACE ( 'NONE', ( #7117 ), #4771, .T. ) ;
#526 = ORIENTED_EDGE ( 'NONE', *, *, #1624, .T. ) ;
#527 = DIRECTION ( 'NONE',  ( 0.000000000000000000, -1.000000000000000000, -0.000000000000000000 ) ) ;
#528 = VECTOR ( 'NONE', #1984, 1000.000000000000114 ) ;
#529 = ORIENTED_EDGE ( 'NONE', *, *, #1798, .T. ) ;
#530 = DIRECTION ( 'NONE',  ( -0.000000000000000000, 1.000000000000000000, 0.000000000000000000 ) ) ;
#531 = EDGE_LOOP ( 'NONE', ( #8854, #10535, #10574, #10699 ) ) ;
#532 = EDGE_CURVE ( 'NONE', #9520, #7849, #5734, .T. ) ;
#533 = AXIS2_PLACEMENT_3D ( 'NONE', #8722, #519, #3813 ) ;
#534 = ORIENTED_EDGE ( 'NONE', *, *, #7490, .F. ) ;
#535 = CARTESIAN_POINT ( 'NONE',  ( 5.650000000000000355, -0.5000000000000002220, 7.700000000000000178 ) ) ;
#536 = ORIENTED_EDGE ( 'NONE', *, *, #42, .T. ) ;
#537 = CARTESIAN_POINT ( 'NONE',  ( 4.650000000000000355, -2.036113726531790125, 4.186027107350409615 ) ) ;
#538 = DIRECTION ( 'NONE',  ( 0.000000000000000000, 0.000000000000000000, 1.000000000000000000 ) ) ;
#539 = CARTESIAN_POINT ( 'NONE',  ( -3.100000000000000533, 5.349999999999999645, 1.399999999999999911 ) ) ;
#540 = CARTESIAN_POINT ( 'NONE',  ( 4.000000000000000000, 8.985357054628929168E-16, 2.850000000000005418 ) ) ;
#541 = VECTOR ( 'NONE', #527, 1000.000000000000000 ) ;
#542 = ORIENTED_EDGE ( 'NONE', *, *, #10034, .T. ) ;
#543 = EDGE_CURVE ( 'NONE', #424, #3931, #3660, .T. ) ;
#544 = EDGE_CURVE ( 'NONE', #2236, #3240, #664, .T. ) ;
#545 = CIRCLE ( 'NONE', #23, 4.500000000000000888 ) ;
#546 = VERTEX_POINT ( 'NONE', #712 ) ;
#547 = DIRECTION ( 'NONE',  ( 0.000000000000000000, -1.000000000000000000, -0.000000000000000000 ) ) ;
#548 = CARTESIAN_POINT ( 'NONE',  ( 0.1046277801102276916, 4.884282920111631121, 4.553535358250560883 ) ) ;
#549 = DIRECTION ( 'NONE',  ( 0.000000000000000000, 0.000000000000000000, 1.000000000000000000 ) ) ;
#550 = ORIENTED_EDGE ( 'NONE', *, *, #6030, .F. ) ;
#551 = DIRECTION ( 'NONE',  ( -0.000000000000000000, -1.000000000000000000, -0.000000000000000000 ) ) ;
#552 = VECTOR ( 'NONE', #7438, 1000.000000000000000 ) ;
#553 = DIRECTION ( 'NONE',  ( 1.000000000000000000, 0.000000000000000000, 0.000000000000000000 ) ) ;
#554 = CARTESIAN_POINT ( 'NONE',  ( -4.000000000000000000, 8.985357054628929168E-16, 41.22500000000000142 ) ) ;
#555 = VERTEX_POINT ( 'NONE', #2338 ) ;
#556 = LINE ( 'NONE', #4825, #10290 ) ;
#557 = DIRECTION ( 'NONE',  ( 0.000000000000000000, 0.000000000000000000, -1.000000000000000000 ) ) ;
#558 = DIRECTION ( 'NONE',  ( 0.000000000000000000, 0.9902251923489521213, -0.1394778421021800052 ) ) ;
#559 = VECTOR ( 'NONE', #10208, 1000.000000000000000 ) ;
#560 = VERTEX_POINT ( 'NONE', #5635 ) ;
#561 = DIRECTION ( 'NONE',  ( -0.000000000000000000, 1.000000000000000000, 0.000000000000000000 ) ) ;
#562 = ORIENTED_EDGE ( 'NONE', *, *, #2448, .T. ) ;
#563 = SURFACE_STYLE_USAGE ( .BOTH. , #6411 ) ;
#564 = VERTEX_POINT ( 'NONE', #8973 ) ;
#565 = DIRECTION ( 'NONE',  ( -1.734723475976807094E-15, 0.000000000000000000, 1.000000000000000000 ) ) ;
#566 = FACE_OUTER_BOUND ( 'NONE', #3178, .T. ) ;
#567 = AXIS2_PLACEMENT_3D ( 'NONE', #3835, #4430, #9444 ) ;
#568 = FACE_OUTER_BOUND ( 'NONE', #9787, .T. ) ;
#569 = ADVANCED_FACE ( 'NONE', ( #1515 ), #4821, .T. ) ;
#570 = DIRECTION ( 'NONE',  ( 0.000000000000000000, 0.000000000000000000, -1.000000000000000000 ) ) ;
#571 = FILL_AREA_STYLE ('',( #4730 ) ) ;
#572 = CARTESIAN_POINT ( 'NONE',  ( 8.074999999999999289, 0.000000000000000000, 15.00000000000000000 ) ) ;
#573 = DIRECTION ( 'NONE',  ( 0.000000000000000000, 0.000000000000000000, 1.000000000000000000 ) ) ;
#574 = EDGE_LOOP ( 'NONE', ( #1104, #1859, #9127, #3296, #194 ) ) ;
#575 = VERTEX_POINT ( 'NONE', #3254 ) ;
#576 = CARTESIAN_POINT ( 'NONE',  ( -6.400000000000000355, -1.199999999999999734, 1.399999999999999245 ) ) ;
#577 = VECTOR ( 'NONE', #2731, 1000.000000000000000 ) ;
#578 = ORIENTED_EDGE ( 'NONE', *, *, #8791, .F. ) ;
#579 = DIRECTION ( 'NONE',  ( 0.000000000000000000, 0.000000000000000000, -1.000000000000000000 ) ) ;
#580 = ORIENTED_EDGE ( 'NONE', *, *, #5088, .F. ) ;
#581 = ADVANCED_FACE ( 'NONE', ( #8208 ), #10046, .T. ) ;
#582 = AXIS2_PLACEMENT_3D ( 'NONE', #2602, #5194, #4224 ) ;
#583 = CIRCLE ( 'NONE', #2652, 0.9500000000000000666 ) ;
#584 = EDGE_CURVE ( 'NONE', #7792, #7257, #5089, .T. ) ;
#585 = CARTESIAN_POINT ( 'NONE',  ( 1.000000000000000000, 6.450000000000000178, 0.000000000000000000 ) ) ;
#586 = ORIENTED_EDGE ( 'NONE', *, *, #7810, .T. ) ;
#587 = CARTESIAN_POINT ( 'NONE',  ( -1.500000000000000000, -4.194909307385540131, 4.517932348437740053 ) ) ;
#588 = ORIENTED_EDGE ( 'NONE', *, *, #3469, .F. ) ;
#589 = DIRECTION ( 'NONE',  ( 0.000000000000000000, -0.1081912008832670441, -0.9941301041872921962 ) ) ;
#590 = ORIENTED_EDGE ( 'NONE', *, *, #7612, .T. ) ;
#591 = DIRECTION ( 'NONE',  ( -0.000000000000000000, 1.000000000000000000, -0.000000000000000000 ) ) ;
#592 = ORIENTED_EDGE ( 'NONE', *, *, #8307, .F. ) ;
#593 = FACE_OUTER_BOUND ( 'NONE', #6434, .T. ) ;
#594 = CIRCLE ( 'NONE', #6297, 1.399999999999999911 ) ;
#595 = CIRCLE ( 'NONE', #1799, 1.000000000000000888 ) ;
#596 = ORIENTED_EDGE ( 'NONE', *, *, #4873, .F. ) ;
#597 = EDGE_CURVE ( 'NONE', #4637, #5386, #5802, .T. ) ;
#598 = EDGE_CURVE ( 'NONE', #875, #6018, #5031, .T. ) ;
#599 = LINE ( 'NONE', #9459, #4904 ) ;
#600 = CIRCLE ( 'NONE', #4387, 0.4000000000000001887 ) ;
#601 = VECTOR ( 'NONE', #1214, 1000.000000000000000 ) ;
#602 = ORIENTED_EDGE ( 'NONE', *, *, #6562, .F. ) ;
#603 = DIRECTION ( 'NONE',  ( 1.000000000000000000, 0.000000000000000000, 0.000000000000000000 ) ) ;
#604 = FACE_OUTER_BOUND ( 'NONE', #4099, .T. ) ;
#605 = DIRECTION ( 'NONE',  ( -0.000000000000000000, 1.000000000000000000, -0.000000000000000000 ) ) ;
#606 = ORIENTED_EDGE ( 'NONE', *, *, #7899, .F. ) ;
#607 = DIRECTION ( 'NONE',  ( -0.000000000000000000, 1.000000000000000000, -0.000000000000000000 ) ) ;
#608 = EDGE_CURVE ( 'NONE', #5978, #9800, #6563, .T. ) ;
#609 = AXIS2_PLACEMENT_3D ( 'NONE', #2758, #6841, #5095 ) ;
#610 = VECTOR ( 'NONE', #8547, 1000.000000000000000 ) ;
#611 = DIRECTION ( 'NONE',  ( 0.000000000000000000, 0.000000000000000000, -1.000000000000000000 ) ) ;
#612 =( REPRESENTATION_RELATIONSHIP ('NONE','NONE', #822, #9403 ) REPRESENTATION_RELATIONSHIP_WITH_TRANSFORMATION ( #3099 )SHAPE_REPRESENTATION_RELATIONSHIP( ) );
#613 = CARTESIAN_POINT ( 'NONE',  ( 3.049999999999999378, 0.8000000000000000444, -2.199777700366559952 ) ) ;
#614 = EDGE_LOOP ( 'NONE', ( #9350, #5110, #4263, #6491, #1920 ) ) ;
#615 = DIRECTION ( 'NONE',  ( 1.000000000000000000, 0.000000000000000000, -0.000000000000000000 ) ) ;
#616 = VECTOR ( 'NONE', #4927, 1000.000000000000000 ) ;
#617 = DIRECTION ( 'NONE',  ( 0.000000000000000000, -1.000000000000000000, -0.000000000000000000 ) ) ;
#618 = LINE ( 'NONE', #1417, #432 ) ;
#619 = CARTESIAN_POINT ( 'NONE',  ( -0.3883353522913129963, 2.551634849200681732, 4.267481139194924111 ) ) ;
#620 = VERTEX_POINT ( 'NONE', #5852 ) ;
#621 = DIRECTION ( 'NONE',  ( 0.000000000000000000, -0.000000000000000000, 1.000000000000000000 ) ) ;
#622 = EDGE_LOOP ( 'NONE', ( #10035, #5092, #3988, #10123 ) ) ;
#623 = CARTESIAN_POINT ( 'NONE',  ( 1.500000000000000000, -3.810255724411285794, 4.375480035134341250 ) ) ;
#624 = EDGE_CURVE ( 'NONE', #8911, #4473, #3361, .T. ) ;
#625 = CARTESIAN_POINT ( 'NONE',  ( 9.500000000000000000, 0.000000000000000000, 0.000000000000000000 ) ) ;
#626 = AXIS2_PLACEMENT_3D ( 'NONE', #1342, #10630, #3128 ) ;
#627 = LINE ( 'NONE', #4132, #4032 ) ;
#628 = DIRECTION ( 'NONE',  ( 1.000000000000000000, 0.000000000000000000, 0.000000000000000000 ) ) ;
#629 = DIRECTION ( 'NONE',  ( -1.000000000000000000, -0.000000000000000000, -0.000000000000000000 ) ) ;
#630 = FILL_AREA_STYLE ('',( #8071 ) ) ;
#631 = VERTEX_POINT ( 'NONE', #5904 ) ;
#632 = AXIS2_PLACEMENT_3D ( 'NONE', #4525, #3668, #6881 ) ;
#633 = ORIENTED_EDGE ( 'NONE', *, *, #2975, .T. ) ;
#634 = DIRECTION ( 'NONE',  ( 0.000000000000000000, -1.000000000000000000, -0.000000000000000000 ) ) ;
#635 = VERTEX_POINT ( 'NONE', #5747 ) ;
#636 = CARTESIAN_POINT ( 'NONE',  ( 5.650000000000000355, -0.5000000000000000000, 10.30000000000000071 ) ) ;
#637 = VERTEX_POINT ( 'NONE', #8427 ) ;
#638 = VECTOR ( 'NONE', #2581, 1000.000000000000000 ) ;
#639 = LINE ( 'NONE', #8895, #3699 ) ;
#640 = ORIENTED_EDGE ( 'NONE', *, *, #6239, .T. ) ;
#641 = CARTESIAN_POINT ( 'NONE',  ( -3.100000000000000533, -0.5000000000000000000, 1.399999999999999911 ) ) ;
#642 = ORIENTED_EDGE ( 'NONE', *, *, #2896, .T. ) ;
#643 = DIRECTION ( 'NONE',  ( -0.000000000000000000, 1.000000000000000000, 0.000000000000000000 ) ) ;
#644 = EDGE_CURVE ( 'NONE', #4582, #7929, #57, .T. ) ;
#645 = ORIENTED_EDGE ( 'NONE', *, *, #8608, .F. ) ;
#646 = CARTESIAN_POINT ( 'NONE',  ( -1.000000000000000000, 0.000000000000000000, 7.713101904062731230E-17 ) ) ;
#647 = VERTEX_POINT ( 'NONE', #8370 ) ;
#648 = VECTOR ( 'NONE', #1207, 1000.000000000000000 ) ;
#649 = EDGE_CURVE ( 'NONE', #635, #960, #4066, .T. ) ;
#650 = ORIENTED_EDGE ( 'NONE', *, *, #9619, .F. ) ;
#651 = CARTESIAN_POINT ( 'NONE',  ( -1.000000000000000000, 0.000000000000000000, 7.713101904062729997E-17 ) ) ;
#652 = AXIS2_PLACEMENT_3D ( 'NONE', #2349, #3461, #7337 ) ;
#653 = ORIENTED_EDGE ( 'NONE', *, *, #1387, .F. ) ;
#654 = DIRECTION ( 'NONE',  ( -1.000000000000000000, -0.000000000000000000, -0.000000000000000000 ) ) ;
#655 = EDGE_CURVE ( 'NONE', #2236, #6867, #5, .T. ) ;
#656 = DIRECTION ( 'NONE',  ( -0.000000000000000000, -0.000000000000000000, 1.000000000000000000 ) ) ;
#657 = DIRECTION ( 'NONE',  ( -0.000000000000000000, 1.000000000000000000, 0.000000000000000000 ) ) ;
#658 = CARTESIAN_POINT ( 'NONE',  ( 8.074999999999999289, 3.975000000000000089, 15.00000000000000000 ) ) ;
#659 = CARTESIAN_POINT ( 'NONE',  ( 3.350000000000000089, 0.8000000000000000444, -2.199777700366559952 ) ) ;
#660 = ORIENTED_EDGE ( 'NONE', *, *, #5907, .T. ) ;
#661 = EDGE_CURVE ( 'NONE', #6567, #6465, #9080, .T. ) ;
#662 = EDGE_CURVE ( 'NONE', #5924, #9114, #3413, .T. ) ;
#663 = CARTESIAN_POINT ( 'NONE',  ( 8.400000000000000355, 0.5000000000000004441, -2.500000000000000000 ) ) ;
#664 = LINE ( 'NONE', #6457, #30 ) ;
#665 = CARTESIAN_POINT ( 'NONE',  ( -7.485714285714290206, 0.5000000000000003331, -3.499999999999999556 ) ) ;
#666 = VERTEX_POINT ( 'NONE', #9183 ) ;
#667 = CARTESIAN_POINT ( 'NONE',  ( -5.450000000000000178, 0.000000000000000000, -0.3499999999999999778 ) ) ;
#668 = CARTESIAN_POINT ( 'NONE',  ( 0.000000000000000000, 1.199999999999999956, -0.9499999999999999556 ) ) ;
#669 = CARTESIAN_POINT ( 'NONE',  ( 8.400000000000000355, -0.5000000000000027756, -3.499999999999999556 ) ) ;
#670 = ORIENTED_EDGE ( 'NONE', *, *, #14, .T. ) ;
#671 = FILL_AREA_STYLE ('',( #8061 ) ) ;
#672 = CARTESIAN_POINT ( 'NONE',  ( -10.58818515033610552, -3.000000000000000000, 9.343524243637009619 ) ) ;
#673 = CARTESIAN_POINT ( 'NONE',  ( -1.074999999999993516, 0.000000000000000000, -10.89977770036659166 ) ) ;
#674 = CARTESIAN_POINT ( 'NONE',  ( -1.499999999999999556, 1.770447840360079850, 2.890861957720189501 ) ) ;
#675 = DIRECTION ( 'NONE',  ( 0.000000000000000000, -0.000000000000000000, -1.000000000000000000 ) ) ;
#676 = DIRECTION ( 'NONE',  ( 0.000000000000000000, 0.000000000000000000, -1.000000000000000000 ) ) ;
#677 = EDGE_CURVE ( 'NONE', #2477, #3883, #1569, .T. ) ;
#678 = DIRECTION ( 'NONE',  ( 0.000000000000000000, 0.1824522163763980243, -0.9832147215839172061 ) ) ;
#679 = LINE ( 'NONE', #9848, #8228 ) ;
#680 = EDGE_CURVE ( 'NONE', #1055, #6585, #4871, .T. ) ;
#681 = ORIENTED_EDGE ( 'NONE', *, *, #5233, .F. ) ;
#682 = VERTEX_POINT ( 'NONE', #9137 ) ;
#683 = CARTESIAN_POINT ( 'NONE',  ( 5.150000000000000355, -6.360534678722278734, 4.779880661432485134 ) ) ;
#684 = ORIENTED_EDGE ( 'NONE', *, *, #10385, .T. ) ;
#685 = DIRECTION ( 'NONE',  ( -1.000000000000000000, -0.000000000000000000, -0.000000000000000000 ) ) ;
#686 = VERTEX_POINT ( 'NONE', #5959 ) ;
#687 = AXIS2_PLACEMENT_3D ( 'NONE', #9229, #1779, #5083 ) ;
#688 = CARTESIAN_POINT ( 'NONE',  ( 0.7249999999999999778, 0.03030552704494689914, -0.5013095140065779720 ) ) ;
#689 = ORIENTED_EDGE ( 'NONE', *, *, #8687, .T. ) ;
#690 = DIRECTION ( 'NONE',  ( 1.121211035145589621E-17, 1.000000000000000000, 3.844152120499172977E-18 ) ) ;
#691 = VECTOR ( 'NONE', #6978, 1000.000000000000000 ) ;
#692 = ORIENTED_EDGE ( 'NONE', *, *, #6027, .T. ) ;
#693 = CARTESIAN_POINT ( 'NONE',  ( 5.150000000000000355, -7.650000000000000355, -9.368548013477250272E-16 ) ) ;
#694 = AXIS2_PLACEMENT_3D ( 'NONE', #2768, #2611, #3533 ) ;
#695 = ORIENTED_EDGE ( 'NONE', *, *, #9391, .F. ) ;
#696 = CARTESIAN_POINT ( 'NONE',  ( 8.050000000000000711, -6.450000000000000178, 10.50000000000000000 ) ) ;
#697 = ORIENTED_EDGE ( 'NONE', *, *, #9883, .F. ) ;
#698 = ORIENTED_EDGE ( 'NONE', *, *, #405, .T. ) ;
#699 = VECTOR ( 'NONE', #6333, 1000.000000000000000 ) ;
#700 = FACE_OUTER_BOUND ( 'NONE', #9281, .T. ) ;
#701 = EDGE_CURVE ( 'NONE', #6629, #555, #7387, .T. ) ;
#702 = EDGE_LOOP ( 'NONE', ( #4326, #2885, #8612, #1086 ) ) ;
#703 = CARTESIAN_POINT ( 'NONE',  ( 7.500000000000000000, -0.5000000000000011102, -0.9499999999999998446 ) ) ;
#704 = DIRECTION ( 'NONE',  ( 0.000000000000000000, -0.9902251923489521213, 0.1394778421021800052 ) ) ;
#705 = CARTESIAN_POINT ( 'NONE',  ( 0.000000000000000000, 6.450000000000000178, 10.50000000000000000 ) ) ;
#706 = AXIS2_PLACEMENT_3D ( 'NONE', #9853, #7411, #9909 ) ;
#707 = DIRECTION ( 'NONE',  ( 0.000000000000000000, 0.000000000000000000, -1.000000000000000000 ) ) ;
#708 = CARTESIAN_POINT ( 'NONE',  ( 0.5750000000000026201, -5.349999999999999645, 2.500000000000000000 ) ) ;
#709 = ORIENTED_EDGE ( 'NONE', *, *, #8185, .T. ) ;
#710 = AXIS2_PLACEMENT_3D ( 'NONE', #10235, #2846, #2026 ) ;
#711 = FACE_OUTER_BOUND ( 'NONE', #6856, .T. ) ;
#712 = CARTESIAN_POINT ( 'NONE',  ( 1.924999999999999822, -4.775000000000000355, 0.000000000000000000 ) ) ;
#713 = EDGE_CURVE ( 'NONE', #8539, #7083, #4984, .T. ) ;
#714 = VECTOR ( 'NONE', #5495, 1000.000000000000000 ) ;
#715 = AXIS2_PLACEMENT_3D ( 'NONE', #7831, #10438, #2936 ) ;
#716 = EDGE_CURVE ( 'NONE', #2882, #4189, #7495, .T. ) ;
#717 = CARTESIAN_POINT ( 'NONE',  ( -6.400000000000000355, -1.199999999999999956, 31.88557667661039829 ) ) ;
#718 = ORIENTED_EDGE ( 'NONE', *, *, #4110, .T. ) ;
#719 = CARTESIAN_POINT ( 'NONE',  ( 8.074999999999999289, 4.775000000000000355, 0.000000000000000000 ) ) ;
#720 = CARTESIAN_POINT ( 'NONE',  ( 5.650000000000000355, 0.4999999999999998890, 10.30000000000000071 ) ) ;
#721 = CARTESIAN_POINT ( 'NONE',  ( 3.549999999999999822, 0.8000000000000000444, -3.199777700366559952 ) ) ;
#722 = LINE ( 'NONE', #8272, #7143 ) ;
#723 = ORIENTED_EDGE ( 'NONE', *, *, #262, .F. ) ;
#724 = CARTESIAN_POINT ( 'NONE',  ( -6.400000000000000355, 1.199999999999999956, 31.88557667661039829 ) ) ;
#725 = VECTOR ( 'NONE', #9234, 1000.000000000000000 ) ;
#726 = CARTESIAN_POINT ( 'NONE',  ( 3.549999999999999822, 0.000000000000000000, -2.199777700366559952 ) ) ;
#727 = DIRECTION ( 'NONE',  ( 1.000000000000000000, 0.000000000000000000, -0.000000000000000000 ) ) ;
#728 = ADVANCED_FACE ( 'NONE', ( #1337 ), #4324, .T. ) ;
#729 = LINE ( 'NONE', #5705, #7517 ) ;
#730 = VECTOR ( 'NONE', #9785, 1000.000000000000000 ) ;
#731 = CARTESIAN_POINT ( 'NONE',  ( 9.848823097076495614, 3.000000000000002665, 10.48239748035041075 ) ) ;
#732 = LINE ( 'NONE', #2356, #7004 ) ;
#733 = CARTESIAN_POINT ( 'NONE',  ( 3.550000000000000266, 0.000000000000000000, -2.399777700366560573 ) ) ;
#734 = CYLINDRICAL_SURFACE ( 'NONE', #4742, 0.2000000000000000944 ) ;
#735 = ORIENTED_EDGE ( 'NONE', *, *, #7675, .T. ) ;
#736 = ORIENTED_EDGE ( 'NONE', *, *, #6511, .F. ) ;
#737 = LINE ( 'NONE', #1589, #4788 ) ;
#738 = ORIENTED_EDGE ( 'NONE', *, *, #957, .F. ) ;
#739 =( NAMED_UNIT ( * ) PLANE_ANGLE_UNIT ( ) SI_UNIT ( $, .RADIAN. ) );
#740 = AXIS2_PLACEMENT_3D ( 'NONE', #9075, #2439, #3250 ) ;
#741 = ORIENTED_EDGE ( 'NONE', *, *, #7246, .F. ) ;
#742 = ADVANCED_FACE ( 'NONE', ( #7654 ), #7913, .T. ) ;
#743 = EDGE_CURVE ( 'NONE', #9258, #647, #7146, .T. ) ;
#744 = LINE ( 'NONE', #8292, #5440 ) ;
#745 = ORIENTED_EDGE ( 'NONE', *, *, #4758, .T. ) ;
#746 = AXIS2_PLACEMENT_3D ( 'NONE', #1113, #1758, #6091 ) ;
#747 = ORIENTED_EDGE ( 'NONE', *, *, #9770, .T. ) ;
#748 = DIRECTION ( 'NONE',  ( 0.000000000000000000, 0.000000000000000000, 1.000000000000000000 ) ) ;
#749 = VERTEX_POINT ( 'NONE', #7710 ) ;
#750 = LINE ( 'NONE', #9007, #3402 ) ;
#751 = ORIENTED_EDGE ( 'NONE', *, *, #3520, .F. ) ;
#752 = DIRECTION ( 'NONE',  ( 0.000000000000000000, -3.776434533376479869E-16, -1.000000000000000000 ) ) ;
#753 = ORIENTED_EDGE ( 'NONE', *, *, #7080, .T. ) ;
#754 = EDGE_CURVE ( 'NONE', #9267, #1169, #3569, .T. ) ;
#755 = ADVANCED_FACE ( 'NONE', ( #1280, #271, #3017 ), #6833, .F. ) ;
#756 = AXIS2_PLACEMENT_3D ( 'NONE', #4944, #8066, #8225 ) ;
#757 = DIRECTION ( 'NONE',  ( 0.000000000000000000, 1.000000000000000000, -0.000000000000000000 ) ) ;
#758 = ORIENTED_EDGE ( 'NONE', *, *, #1503, .T. ) ;
#759 = CARTESIAN_POINT ( 'NONE',  ( -4.000000000000002665, -5.749999999999998224, 3.283227176369312161 ) ) ;
#760 = VECTOR ( 'NONE', #1040, 1000.000000000000000 ) ;
#761 = VERTEX_POINT ( 'NONE', #6010 ) ;
#762 = PLANE ( 'NONE',  #8784 ) ;
#763 = CARTESIAN_POINT ( 'NONE',  ( 10.50000000000000000, -7.500000000000000000, 15.00000000000000000 ) ) ;
#764 = AXIS2_PLACEMENT_3D ( 'NONE', #9857, #1650, #906 ) ;
#765 = CARTESIAN_POINT ( 'NONE',  ( 2.000000000000000000, 0.000000000000000000, 0.000000000000000000 ) ) ;
#766 = CARTESIAN_POINT ( 'NONE',  ( 6.399999999999999467, 0.4999999999999997780, 1.399999999999999689 ) ) ;
#767 = VERTEX_POINT ( 'NONE', #5454 ) ;
#768 = CARTESIAN_POINT ( 'NONE',  ( 2.707541993964409865, 0.8000000000000000444, -3.399777700366561017 ) ) ;
#769 = EDGE_CURVE ( 'NONE', #3876, #9908, #9340, .T. ) ;
#770 = CARTESIAN_POINT ( 'NONE',  ( 8.074999999999999289, -3.975000000000000089, 0.000000000000000000 ) ) ;
#771 = VECTOR ( 'NONE', #4549, 1000.000000000000000 ) ;
#772 = VECTOR ( 'NONE', #2907, 1000.000000000000000 ) ;
#773 = CARTESIAN_POINT ( 'NONE',  ( 8.750000000000000000, 6.349999999999999645, 5.000000000000000888 ) ) ;
#774 = VERTEX_POINT ( 'NONE', #8731 ) ;
#775 = DIRECTION ( 'NONE',  ( 1.000000000000000000, 0.000000000000000000, -0.000000000000000000 ) ) ;
#776 = CARTESIAN_POINT ( 'NONE',  ( 10.19772880358570077, 3.000000000000000000, 10.50735166954630095 ) ) ;
#777 = CARTESIAN_POINT ( 'NONE',  ( -8.074999999999999289, 3.975000000000000089, 31.88557667661039829 ) ) ;
#778 = LINE ( 'NONE', #8111, #5391 ) ;
#779 = EDGE_CURVE ( 'NONE', #5410, #6611, #9651, .T. ) ;
#780 = VECTOR ( 'NONE', #8271, 1000.000000000000000 ) ;
#781 = ORIENTED_EDGE ( 'NONE', *, *, #7171, .T. ) ;
#782 = DIRECTION ( 'NONE',  ( 1.000000000000000000, -0.000000000000000000, 0.000000000000000000 ) ) ;
#783 = AXIS2_PLACEMENT_3D ( 'NONE', #851, #5721, #1542 ) ;
#784 = CARTESIAN_POINT ( 'NONE',  ( -9.500000000000000000, 6.349999999999999645, 5.000000000000000888 ) ) ;
#785 = EDGE_CURVE ( 'NONE', #4514, #4439, #2960, .T. ) ;
#786 = DIRECTION ( 'NONE',  ( -0.000000000000000000, -1.000000000000000000, -0.000000000000000000 ) ) ;
#787 = AXIS2_PLACEMENT_3D ( 'NONE', #1411, #9509, #8812 ) ;
#788 = CARTESIAN_POINT ( 'NONE',  ( -7.500000000000000000, -2.200000000000000178, -0.9499999999999999556 ) ) ;
#789 = DIRECTION ( 'NONE',  ( -0.000000000000000000, 1.000000000000000000, -0.000000000000000000 ) ) ;
#790 = CARTESIAN_POINT ( 'NONE',  ( -10.19772880358570077, -3.000000000000000000, 9.925437956591640187 ) ) ;
#791 = DIRECTION ( 'NONE',  ( -0.000000000000000000, 1.000000000000000000, -0.000000000000000000 ) ) ;
#792 = ORIENTED_EDGE ( 'NONE', *, *, #9948, .T. ) ;
#793 = EDGE_CURVE ( 'NONE', #5769, #1058, #2205, .T. ) ;
#794 = ORIENTED_EDGE ( 'NONE', *, *, #5777, .T. ) ;
#795 = CARTESIAN_POINT ( 'NONE',  ( -0.5749999999999999556, -5.349999999999999645, 2.500000000000000000 ) ) ;
#796 = ORIENTED_EDGE ( 'NONE', *, *, #2433, .T. ) ;
#797 = VECTOR ( 'NONE', #557, 1000.000000000000000 ) ;
#798 = EDGE_CURVE ( 'NONE', #7636, #1600, #7036, .T. ) ;
#799 = VERTEX_POINT ( 'NONE', #475 ) ;
#800 = ORIENTED_EDGE ( 'NONE', *, *, #3764, .T. ) ;
#801 = VECTOR ( 'NONE', #117, 1000.000000000000000 ) ;
#802 = PLANE ( 'NONE',  #6406 ) ;
#803 = VERTEX_POINT ( 'NONE', #10356 ) ;
#804 = DIRECTION ( 'NONE',  ( 0.000000000000000000, -1.000000000000000000, 0.000000000000000000 ) ) ;
#805 = ADVANCED_FACE ( 'NONE', ( #1085 ), #2906, .T. ) ;
#806 = EDGE_LOOP ( 'NONE', ( #92, #6366, #8894, #10359 ) ) ;
#807 = DIRECTION ( 'NONE',  ( 0.000000000000000000, 0.000000000000000000, -1.000000000000000000 ) ) ;
#808 = CARTESIAN_POINT ( 'NONE',  ( 10.32091455230719923, -3.000000000000000000, 10.64710831150049941 ) ) ;
#809 = ORIENTED_EDGE ( 'NONE', *, *, #3159, .F. ) ;
#810 = CARTESIAN_POINT ( 'NONE',  ( 0.9453388176205463900, 2.383134348897624655, 4.305815529956823262 ) ) ;
#811 = ORIENTED_EDGE ( 'NONE', *, *, #9391, .T. ) ;
#812 = VECTOR ( 'NONE', #2969, 1000.000000000000000 ) ;
#813 = CARTESIAN_POINT ( 'NONE',  ( 5.150000000000000355, 0.000000000000000000, 0.000000000000000000 ) ) ;
#814 = ORIENTED_EDGE ( 'NONE', *, *, #4666, .F. ) ;
#815 = CARTESIAN_POINT ( 'NONE',  ( -4.650000000000000355, 2.132480364127279593, -1.350000000000000311 ) ) ;
#816 = VECTOR ( 'NONE', #8995, 1000.000000000000000 ) ;
#817 = EDGE_CURVE ( 'NONE', #1963, #8478, #9593, .T. ) ;
#818 = VERTEX_POINT ( 'NONE', #2145 ) ;
#819 = CARTESIAN_POINT ( 'NONE',  ( 10.41980543215949950, -3.000000000000000444, 9.343524243637009619 ) ) ;
#820 = DIRECTION ( 'NONE',  ( 1.000000000000000000, 0.000000000000000000, -0.000000000000000000 ) ) ;
#821 = EDGE_CURVE ( 'NONE', #9915, #6758, #8789, .T. ) ;
#822 = SHAPE_REPRESENTATION ( 'Download_STP_471001264143 (rev1)', ( #6779, #5902, #6595, #715, #1226 ), #8521 ) ;
#823 = FACE_OUTER_BOUND ( 'NONE', #4805, .T. ) ;
#824 = CARTESIAN_POINT ( 'NONE',  ( 7.500000000000000000, -2.200000000000000178, 0.000000000000000000 ) ) ;
#825 = ORIENTED_EDGE ( 'NONE', *, *, #9348, .F. ) ;
#826 = ORIENTED_EDGE ( 'NONE', *, *, #272, .F. ) ;
#827 = CARTESIAN_POINT ( 'NONE',  ( 9.507689976714740254, -3.000000000000000000, 12.39604540319700021 ) ) ;
#828 = AXIS2_PLACEMENT_3D ( 'NONE', #9760, #9816, #4697 ) ;
#829 = LINE ( 'NONE', #4124, #7986 ) ;
#830 = ORIENTED_EDGE ( 'NONE', *, *, #10056, .F. ) ;
#831 = DIRECTION ( 'NONE',  ( 0.000000000000000000, -1.000000000000000000, -0.000000000000000000 ) ) ;
#832 = CARTESIAN_POINT ( 'NONE',  ( -9.507689976714740254, 3.000000000000000000, 12.39604540319700021 ) ) ;
#833 = PLANE ( 'NONE',  #6493 ) ;
#834 = CARTESIAN_POINT ( 'NONE',  ( -0.7348786849164138379, 4.316217452926406573, 4.481535111486734557 ) ) ;
#835 = EDGE_LOOP ( 'NONE', ( #40, #1433, #7156, #1107 ) ) ;
#836 = DIRECTION ( 'NONE',  ( -0.000000000000000000, -1.000000000000000000, 0.000000000000000000 ) ) ;
#837 = CARTESIAN_POINT ( 'NONE',  ( -1.000000000000000000, 0.8000000000000000444, 7.713101904062729997E-17 ) ) ;
#838 = PLANE ( 'NONE',  #1202 ) ;
#839 = CARTESIAN_POINT ( 'NONE',  ( -3.049999999999999378, 0.8000000000000000444, 7.228014483236695816E-17 ) ) ;
#840 = PLANE ( 'NONE',  #1567 ) ;
#841 = CARTESIAN_POINT ( 'NONE',  ( 1.074999999999993516, 0.8000000000000000444, -10.89977770036659166 ) ) ;
#842 = EDGE_CURVE ( 'NONE', #631, #4029, #8406, .T. ) ;
#843 = ORIENTED_EDGE ( 'NONE', *, *, #7658, .F. ) ;
#844 = ORIENTED_EDGE ( 'NONE', *, *, #8837, .F. ) ;
#845 = LINE ( 'NONE', #3328, #7228 ) ;
#846 = ORIENTED_EDGE ( 'NONE', *, *, #4048, .T. ) ;
#847 = LINE ( 'NONE', #6533, #5362 ) ;
#848 = VERTEX_POINT ( 'NONE', #7779 ) ;
#849 = EDGE_CURVE ( 'NONE', #10191, #647, #9467, .T. ) ;
#850 = VECTOR ( 'NONE', #8984, 1000.000000000000000 ) ;
#851 = CARTESIAN_POINT ( 'NONE',  ( 8.400000000000000355, -31.38557667661039829, -2.500000000000000000 ) ) ;
#852 = ORIENTED_EDGE ( 'NONE', *, *, #5020, .F. ) ;
#853 = FACE_OUTER_BOUND ( 'NONE', #1722, .T. ) ;
#854 = PRODUCT_DEFINITION ( 'UNKNOWN', '', #9048, #2607 ) ;
#855 = EDGE_CURVE ( 'NONE', #2085, #9683, #6599, .T. ) ;
#856 = EDGE_LOOP ( 'NONE', ( #4425, #8770, #9817, #3804 ) ) ;
#857 = CARTESIAN_POINT ( 'NONE',  ( -0.02948003583762196650, 2.508684753348846996, 4.341357178177407405 ) ) ;
#858 = ORIENTED_EDGE ( 'NONE', *, *, #7581, .F. ) ;
#859 = CARTESIAN_POINT ( 'NONE',  ( 8.750000000000001776, -6.349999999999999645, 13.00000000000000178 ) ) ;
#860 = PLANE ( 'NONE',  #6521 ) ;
#861 = ORIENTED_EDGE ( 'NONE', *, *, #2225, .T. ) ;
#862 = CARTESIAN_POINT ( 'NONE',  ( 5.450000000000000178, 0.9499999999999999556, -0.3499999999999999778 ) ) ;
#863 = VECTOR ( 'NONE', #6915, 1000.000000000000000 ) ;
#864 = VERTEX_POINT ( 'NONE', #6959 ) ;
#865 = EDGE_CURVE ( 'NONE', #7601, #7792, #10733, .T. ) ;
#866 = DIRECTION ( 'NONE',  ( 0.000000000000000000, 0.000000000000000000, -1.000000000000000000 ) ) ;
#867 = AXIS2_PLACEMENT_3D ( 'NONE', #6299, #8155, #7229 ) ;
#868 = ORIENTED_EDGE ( 'NONE', *, *, #7289, .F. ) ;
#869 = CARTESIAN_POINT ( 'NONE',  ( 4.650000000000001243, -3.199511259617449976, -4.073532465804422742 ) ) ;
#870 = ORIENTED_EDGE ( 'NONE', *, *, #1577, .T. ) ;
#871 = DIRECTION ( 'NONE',  ( 0.000000000000000000, -1.000000000000000000, -0.000000000000000000 ) ) ;
#872 = CARTESIAN_POINT ( 'NONE',  ( 4.000000000000000000, 8.985357054628929168E-16, 2.850000000000005418 ) ) ;
#873 = DIRECTION ( 'NONE',  ( -1.000000000000000000, -1.762930361765040079E-17, -0.000000000000000000 ) ) ;
#874 = CARTESIAN_POINT ( 'NONE',  ( 0.01817409304598030170, 4.495138669678016008, 4.425904321342042813 ) ) ;
#875 = VERTEX_POINT ( 'NONE', #9412 ) ;
#876 = DIRECTION ( 'NONE',  ( 0.000000000000000000, 0.1394778421021805603, 0.9902251923489521213 ) ) ;
#877 = CARTESIAN_POINT ( 'NONE',  ( 2.707541993964409865, 0.8000000000000000444, -3.399777700366560573 ) ) ;
#878 = EDGE_CURVE ( 'NONE', #7309, #8887, #2774, .T. ) ;
#879 = ADVANCED_FACE ( 'NONE', ( #4398 ), #8299, .F. ) ;
#880 = PLANE ( 'NONE',  #2597 ) ;
#881 = EDGE_LOOP ( 'NONE', ( #7948, #2890, #5079, #4925, #2274 ) ) ;
#882 = DIRECTION ( 'NONE',  ( 0.000000000000000000, -0.000000000000000000, -1.000000000000000000 ) ) ;
#883 = VECTOR ( 'NONE', #232, 1000.000000000000000 ) ;
#884 = CARTESIAN_POINT ( 'NONE',  ( 8.000000000000000000, 0.000000000000000000, 15.00000000000000000 ) ) ;
#885 = CARTESIAN_POINT ( 'NONE',  ( -1.924999999999999822, 4.775000000000000355, 1.399999999999999245 ) ) ;
#886 = DIRECTION ( 'NONE',  ( 0.000000000000000000, -1.000000000000000000, 0.000000000000000000 ) ) ;
#887 = ORIENTED_EDGE ( 'NONE', *, *, #7699, .F. ) ;
#888 = CARTESIAN_POINT ( 'NONE',  ( -0.5369519596025705832, 2.178361460025113772, 4.332856659121158138 ) ) ;
#889 = VECTOR ( 'NONE', #5608, 1000.000000000000000 ) ;
#890 = CARTESIAN_POINT ( 'NONE',  ( 1.499999999999999556, -4.200318867434615022, 4.468225843184341350 ) ) ;
#891 = PRODUCT_DEFINITION_FORMATION_WITH_SPECIFIED_SOURCE ( 'ANY', '', #5382, .NOT_KNOWN. ) ;
#892 = CARTESIAN_POINT ( 'NONE',  ( 3.549999999999999822, 0.8000000000000000444, -0.5000000000000000000 ) ) ;
#893 = LINE ( 'NONE', #1900, #5177 ) ;
#894 = CARTESIAN_POINT ( 'NONE',  ( -5.650000000000000355, 0.5000000000000000000, 7.700000000000000178 ) ) ;
#895 = CARTESIAN_POINT ( 'NONE',  ( -5.450000000000000178, 0.000000000000000000, 0.6000000000000000888 ) ) ;
#896 = CARTESIAN_POINT ( 'NONE',  ( 1.924999999999999600, 3.975000000000000089, 1.399999999999999245 ) ) ;
#897 = ORIENTED_EDGE ( 'NONE', *, *, #6342, .T. ) ;
#898 = VERTEX_POINT ( 'NONE', #342 ) ;
#899 = DIRECTION ( 'NONE',  ( 1.000000000000000000, 0.000000000000000000, 0.000000000000000000 ) ) ;
#900 = ORIENTED_EDGE ( 'NONE', *, *, #9577, .F. ) ;
#901 = CARTESIAN_POINT ( 'NONE',  ( -3.350000000000000089, 0.8000000000000000444, -2.399777700366560573 ) ) ;
#902 = EDGE_CURVE ( 'NONE', #7074, #10744, #1657, .T. ) ;
#903 = ORIENTED_EDGE ( 'NONE', *, *, #9271, .T. ) ;
#904 = EDGE_CURVE ( 'NONE', #4875, #3937, #2475, .T. ) ;
#905 = AXIS2_PLACEMENT_3D ( 'NONE', #10461, #4631, #216 ) ;
#906 = DIRECTION ( 'NONE',  ( -5.102127870520019996E-16, 1.000000000000000000, 0.000000000000000000 ) ) ;
#907 = VERTEX_POINT ( 'NONE', #1156 ) ;
#908 = DIRECTION ( 'NONE',  ( -1.000000000000000000, 0.000000000000000000, -0.000000000000000000 ) ) ;
#909 = ORIENTED_EDGE ( 'NONE', *, *, #713, .F. ) ;
#910 = CARTESIAN_POINT ( 'NONE',  ( -0.8847552609869909768, 2.808142597741999147, 4.288408017960508190 ) ) ;
#911 = VERTEX_POINT ( 'NONE', #2831 ) ;
#912 = LINE ( 'NONE', #1603, #9652 ) ;
#913 = VECTOR ( 'NONE', #8246, 1000.000000000000000 ) ;
#914 = VERTEX_POINT ( 'NONE', #9167 ) ;
#915 = CARTESIAN_POINT ( 'NONE',  ( 0.7803516176757991918, 2.285630419051527529, 4.299650917757332991 ) ) ;
#916 = EDGE_CURVE ( 'NONE', #10388, #6485, #1105, .T. ) ;
#917 = EDGE_LOOP ( 'NONE', ( #7997, #5873, #4939, #7412, #2164 ) ) ;
#918 = ADVANCED_FACE ( 'NONE', ( #4152 ), #5015, .F. ) ;
#919 = AXIS2_PLACEMENT_3D ( 'NONE', #5739, #3900, #820 ) ;
#920 = CARTESIAN_POINT ( 'NONE',  ( -1.699999999999999956, 6.450000000000000178, 10.50000000000000000 ) ) ;
#921 = ORIENTED_EDGE ( 'NONE', *, *, #136, .F. ) ;
#922 = FACE_OUTER_BOUND ( 'NONE', #4426, .T. ) ;
#923 = EDGE_LOOP ( 'NONE', ( #9592, #9427, #87, #9973 ) ) ;
#924 = PLANE ( 'NONE',  #2526 ) ;
#925 = DIRECTION ( 'NONE',  ( -1.000000000000000000, -0.000000000000000000, -0.000000000000000000 ) ) ;
#926 = LINE ( 'NONE', #4268, #6037 ) ;
#927 = DIRECTION ( 'NONE',  ( 0.000000000000000000, -1.000000000000000000, -0.000000000000000000 ) ) ;
#928 = EDGE_CURVE ( 'NONE', #620, #5293, #3398, .T. ) ;
#929 = VECTOR ( 'NONE', #8420, 1000.000000000000000 ) ;
#930 = ORIENTED_EDGE ( 'NONE', *, *, #9672, .T. ) ;
#931 = EDGE_CURVE ( 'NONE', #4752, #5979, #4200, .T. ) ;
#932 = DIRECTION ( 'NONE',  ( 0.000000000000000000, -1.000000000000000000, -0.000000000000000000 ) ) ;
#933 = VECTOR ( 'NONE', #4069, 1000.000000000000000 ) ;
#934 = VECTOR ( 'NONE', #5363, 1000.000000000000000 ) ;
#935 = DIRECTION ( 'NONE',  ( 0.000000000000000000, 1.000000000000000000, -0.000000000000000000 ) ) ;
#936 = ORIENTED_EDGE ( 'NONE', *, *, #2650, .T. ) ;
#937 = CARTESIAN_POINT ( 'NONE',  ( 8.050000000000000711, 6.349999999999999645, 10.50000000000000000 ) ) ;
#938 = CARTESIAN_POINT ( 'NONE',  ( 0.5000000000000000000, -6.349999999999999645, -3.500000000000000000 ) ) ;
#939 = DIRECTION ( 'NONE',  ( 7.734435880151368664E-16, 0.9902251923489522323, -0.1394778421021800330 ) ) ;
#940 = DIRECTION ( 'NONE',  ( 0.000000000000000000, 0.000000000000000000, 1.000000000000000000 ) ) ;
#941 = VERTEX_POINT ( 'NONE', #3339 ) ;
#942 = DIRECTION ( 'NONE',  ( 0.000000000000000000, -1.000000000000000000, 0.000000000000000000 ) ) ;
#943 = CIRCLE ( 'NONE', #5600, 7.650000000000000355 ) ;
#944 = VECTOR ( 'NONE', #2260, 1000.000000000000000 ) ;
#945 = DIRECTION ( 'NONE',  ( -1.000000000000000000, -0.000000000000000000, -0.000000000000000000 ) ) ;
#946 = DIRECTION ( 'NONE',  ( 1.000000000000000000, -0.000000000000000000, -0.000000000000000000 ) ) ;
#947 = CARTESIAN_POINT ( 'NONE',  ( 5.450000000000000178, 0.000000000000000000, -0.3499999999999999778 ) ) ;
#948 = CARTESIAN_POINT ( 'NONE',  ( -3.100000000000000533, -1.199999999999999956, 31.88557667661039829 ) ) ;
#949 = AXIS2_PLACEMENT_3D ( 'NONE', #8230, #791, #6584 ) ;
#950 = CYLINDRICAL_SURFACE ( 'NONE', #6767, 1.399999999999999911 ) ;
#951 = FACE_OUTER_BOUND ( 'NONE', #9893, .T. ) ;
#952 = AXIS2_PLACEMENT_3D ( 'NONE', #6474, #3269, #676 ) ;
#953 = ORIENTED_EDGE ( 'NONE', *, *, #1825, .T. ) ;
#954 = EDGE_CURVE ( 'NONE', #10620, #413, #6654, .T. ) ;
#955 = ORIENTED_EDGE ( 'NONE', *, *, #6798, .F. ) ;
#956 = PLANE ( 'NONE',  #4106 ) ;
#957 = EDGE_CURVE ( 'NONE', #2222, #6823, #3334, .T. ) ;
#958 = ORIENTED_EDGE ( 'NONE', *, *, #4095, .T. ) ;
#959 = FACE_OUTER_BOUND ( 'NONE', #3338, .T. ) ;
#960 = VERTEX_POINT ( 'NONE', #453 ) ;
#961 = VECTOR ( 'NONE', #7446, 1000.000000000000000 ) ;
#962 = CARTESIAN_POINT ( 'NONE',  ( -0.5000000000000001110, 0.5000000000000003331, -3.499999999999999556 ) ) ;
#963 = CARTESIAN_POINT ( 'NONE',  ( -8.000000000000000000, -0.5000000000000000000, 1.399999999999999911 ) ) ;
#964 = CARTESIAN_POINT ( 'NONE',  ( 1.700000000000000178, -6.450000000000000178, 10.50000000000000000 ) ) ;
#965 = CARTESIAN_POINT ( 'NONE',  ( 4.650000000000000355, 0.000000000000000000, -1.350000000000000089 ) ) ;
#966 = ORIENTED_EDGE ( 'NONE', *, *, #3025, .T. ) ;
#967 = CARTESIAN_POINT ( 'NONE',  ( -1.110102156709141807, 3.847214948252467348, 4.450510568195476857 ) ) ;
#968 = CIRCLE ( 'NONE', #2510, 1.000000000000000000 ) ;
#969 = ORIENTED_EDGE ( 'NONE', *, *, #5075, .T. ) ;
#970 = CARTESIAN_POINT ( 'NONE',  ( 9.500000000000000000, -6.349999999999999645, 5.000000000000000888 ) ) ;
#971 = EDGE_LOOP ( 'NONE', ( #10217, #6350, #6872, #10705, #1189, #1829 ) ) ;
#972 = CARTESIAN_POINT ( 'NONE',  ( -5.450000000000000178, 0.000000000000000000, -0.3499999999999999778 ) ) ;
#973 = ORIENTED_EDGE ( 'NONE', *, *, #3347, .F. ) ;
#974 = VECTOR ( 'NONE', #9568, 1000.000000000000114 ) ;
#975 = CARTESIAN_POINT ( 'NONE',  ( 5.650000000000000355, 0.5000000000000000000, 7.700000000000000178 ) ) ;
#976 = ORIENTED_EDGE ( 'NONE', *, *, #7490, .T. ) ;
#977 = ORIENTED_EDGE ( 'NONE', *, *, #8628, .T. ) ;
#978 = DIRECTION ( 'NONE',  ( 1.000000000000000000, 0.000000000000000000, 0.000000000000000000 ) ) ;
#979 = FACE_OUTER_BOUND ( 'NONE', #9567, .T. ) ;
#980 = ADVANCED_FACE ( 'NONE', ( #10442 ), #10500, .T. ) ;
#981 = CARTESIAN_POINT ( 'NONE',  ( -10.58818515033610197, -3.000000000000000000, 9.343524243637009619 ) ) ;
#982 = DIRECTION ( 'NONE',  ( 0.000000000000000000, -0.000000000000000000, -1.000000000000000000 ) ) ;
#983 = CARTESIAN_POINT ( 'NONE',  ( 8.000000000000000000, 5.349999999999998757, 1.400000000000000133 ) ) ;
#984 = AXIS2_PLACEMENT_3D ( 'NONE', #5026, #1832, #10040 ) ;
#985 = ORIENTED_EDGE ( 'NONE', *, *, #662, .T. ) ;
#986 = CARTESIAN_POINT ( 'NONE',  ( -0.7249999999999999778, -0.4648070691295290158, -0.4315705929554880527 ) ) ;
#987 = EDGE_CURVE ( 'NONE', #3765, #6179, #8003, .T. ) ;
#988 = VECTOR ( 'NONE', #3993, 1000.000000000000000 ) ;
#989 = ORIENTED_EDGE ( 'NONE', *, *, #7558, .T. ) ;
#990 = CARTESIAN_POINT ( 'NONE',  ( -3.100000000000000533, 3.975000000000000089, 1.899999999999999911 ) ) ;
#991 = DIRECTION ( 'NONE',  ( 0.000000000000000000, -0.000000000000000000, -1.000000000000000000 ) ) ;
#992 = DIRECTION ( 'NONE',  ( 1.000000000000000000, -1.762930361765040079E-17, -0.000000000000000000 ) ) ;
#993 = EDGE_CURVE ( 'NONE', #452, #4392, #6839, .T. ) ;
#994 = CARTESIAN_POINT ( 'NONE',  ( -5.450000000000000178, 0.000000000000000000, -0.3499999999999999778 ) ) ;
#995 = VERTEX_POINT ( 'NONE', #4718 ) ;
#996 = DIRECTION ( 'NONE',  ( 0.000000000000000000, -0.000000000000000000, -1.000000000000000000 ) ) ;
#997 = CIRCLE ( 'NONE', #7579, 5.000000000000000000 ) ;
#998 = DIRECTION ( 'NONE',  ( 0.000000000000000000, -1.000000000000000000, 0.000000000000000000 ) ) ;
#999 = PLANE ( 'NONE',  #59 ) ;
#1000 = EDGE_CURVE ( 'NONE', #7783, #4628, #5914, .T. ) ;
#1001 = DIRECTION ( 'NONE',  ( -0.000000000000000000, -0.000000000000000000, 1.000000000000000000 ) ) ;
#1002 = DIRECTION ( 'NONE',  ( 1.000000000000000000, 0.000000000000000000, -0.000000000000000000 ) ) ;
#1003 = AXIS2_PLACEMENT_3D ( 'NONE', #8771, #1421, #4780 ) ;
#1004 = CARTESIAN_POINT ( 'NONE',  ( 5.450000000000000178, 0.000000000000000000, -0.3499999999999999778 ) ) ;
#1005 = CARTESIAN_POINT ( 'NONE',  ( 10.50000000000000000, -7.500000000000000000, 15.00000000000000000 ) ) ;
#1006 = ORIENTED_EDGE ( 'NONE', *, *, #9084, .T. ) ;
#1007 = ORIENTED_EDGE ( 'NONE', *, *, #7989, .T. ) ;
#1008 = CARTESIAN_POINT ( 'NONE',  ( 0.000000000000000000, 0.7118782501609123292, -4.624469942108038190 ) ) ;
#1009 = VERTEX_POINT ( 'NONE', #2995 ) ;
#1010 = DIRECTION ( 'NONE',  ( 0.000000000000000000, -0.000000000000000000, -1.000000000000000000 ) ) ;
#1011 = DIRECTION ( 'NONE',  ( 0.000000000000000000, -1.000000000000000000, -0.000000000000000000 ) ) ;
#1012 = CARTESIAN_POINT ( 'NONE',  ( 8.074999999999999289, -4.775000000000000355, 15.00000000000000000 ) ) ;
#1013 = EDGE_CURVE ( 'NONE', #9397, #7943, #6306, .T. ) ;
#1014 = EDGE_CURVE ( 'NONE', #10711, #799, #1474, .T. ) ;
#1015 = DIRECTION ( 'NONE',  ( -0.000000000000000000, -0.000000000000000000, -1.000000000000000000 ) ) ;
#1016 = DIRECTION ( 'NONE',  ( 1.000000000000000000, -0.000000000000000000, 0.000000000000000000 ) ) ;
#1017 = CARTESIAN_POINT ( 'NONE',  ( 1.000000000000000000, 6.450000000000000178, 10.50000000000000000 ) ) ;
#1018 = ORIENTED_EDGE ( 'NONE', *, *, #7002, .T. ) ;
#1019 = FACE_OUTER_BOUND ( 'NONE', #1077, .T. ) ;
#1020 = VERTEX_POINT ( 'NONE', #8928 ) ;
#1021 = LINE ( 'NONE', #5727, #465 ) ;
#1022 = ORIENTED_EDGE ( 'NONE', *, *, #9627, .F. ) ;
#1023 = DIRECTION ( 'NONE',  ( 0.000000000000000000, -1.000000000000000000, -0.000000000000000000 ) ) ;
#1024 = ORIENTED_EDGE ( 'NONE', *, *, #1555, .T. ) ;
#1025 = VECTOR ( 'NONE', #1964, 1000.000000000000000 ) ;
#1026 = CARTESIAN_POINT ( 'NONE',  ( -9.400000000000000355, -0.4999999999999933942, -3.009346174331231067E-17 ) ) ;
#1027 = ORIENTED_EDGE ( 'NONE', *, *, #2569, .T. ) ;
#1028 = VECTOR ( 'NONE', #10417, 1000.000000000000000 ) ;
#1029 = ORIENTED_EDGE ( 'NONE', *, *, #3520, .T. ) ;
#1030 = DIRECTION ( 'NONE',  ( -0.000000000000000000, 0.000000000000000000, -1.000000000000000000 ) ) ;
#1031 = DIRECTION ( 'NONE',  ( -0.000000000000000000, 0.000000000000000000, 1.000000000000000000 ) ) ;
#1032 = DIRECTION ( 'NONE',  ( -1.000000000000000000, -0.000000000000000000, 0.000000000000000000 ) ) ;
#1033 = DIRECTION ( 'NONE',  ( 0.000000000000000000, -0.1394778421021800052, -0.9902251923489521213 ) ) ;
#1034 = FACE_OUTER_BOUND ( 'NONE', #4779, .T. ) ;
#1035 = ORIENTED_EDGE ( 'NONE', *, *, #8135, .F. ) ;
#1036 = CARTESIAN_POINT ( 'NONE',  ( 1.700000000000000178, -6.349999999999999645, 13.00000000000000178 ) ) ;
#1037 = VECTOR ( 'NONE', #4391, 1000.000000000000000 ) ;
#1038 = EDGE_CURVE ( 'NONE', #4801, #8074, #7448, .T. ) ;
#1039 = ORIENTED_EDGE ( 'NONE', *, *, #10739, .T. ) ;
#1040 = DIRECTION ( 'NONE',  ( -1.853337046983769999E-17, -1.000000000000000000, 0.000000000000000000 ) ) ;
#1041 = LINE ( 'NONE', #4989, #9991 ) ;
#1042 = DIRECTION ( 'NONE',  ( -1.000000000000000000, -0.000000000000000000, -0.000000000000000000 ) ) ;
#1043 = CARTESIAN_POINT ( 'NONE',  ( -4.000000000000000000, 2.737844099826320488, 2.947789617253376182 ) ) ;
#1044 = VERTEX_POINT ( 'NONE', #3314 ) ;
#1045 = VECTOR ( 'NONE', #7801, 1000.000000000000000 ) ;
#1046 = LINE ( 'NONE', #8541, #2162 ) ;
#1047 = EDGE_CURVE ( 'NONE', #6034, #4036, #778, .T. ) ;
#1048 = EDGE_CURVE ( 'NONE', #3069, #8086, #5756, .T. ) ;
#1049 = AXIS2_PLACEMENT_3D ( 'NONE', #5157, #5870, #9409 ) ;
#1050 = LINE ( 'NONE', #73, #7273 ) ;
#1051 = FACE_OUTER_BOUND ( 'NONE', #6929, .T. ) ;
#1052 =( LENGTH_UNIT ( ) NAMED_UNIT ( * ) SI_UNIT ( .MILLI., .METRE. ) );
#1053 = DIRECTION ( 'NONE',  ( 0.000000000000000000, -3.776434533376479869E-16, -1.000000000000000000 ) ) ;
#1054 = ORIENTED_EDGE ( 'NONE', *, *, #7544, .F. ) ;
#1055 = VERTEX_POINT ( 'NONE', #3154 ) ;
#1056 = DIRECTION ( 'NONE',  ( 0.000000000000000000, -1.000000000000000000, 3.576749435003730024E-16 ) ) ;
#1057 = CIRCLE ( 'NONE', #10070, 4.500000000000000888 ) ;
#1058 = VERTEX_POINT ( 'NONE', #2290 ) ;
#1059 = EDGE_CURVE ( 'NONE', #4036, #4752, #6789, .T. ) ;
#1060 = VERTEX_POINT ( 'NONE', #1578 ) ;
#1061 = EDGE_CURVE ( 'NONE', #10544, #7679, #4937, .T. ) ;
#1062 = PLANE ( 'NONE',  #9935 ) ;
#1063 = LINE ( 'NONE', #352, #10568 ) ;
#1064 = DIRECTION ( 'NONE',  ( 0.000000000000000000, 0.000000000000000000, -1.000000000000000000 ) ) ;
#1065 = FACE_OUTER_BOUND ( 'NONE', #8867, .T. ) ;
#1066 = ORIENTED_EDGE ( 'NONE', *, *, #4770, .T. ) ;
#1067 = LINE ( 'NONE', #4356, #8432 ) ;
#1068 = ORIENTED_EDGE ( 'NONE', *, *, #3675, .F. ) ;
#1069 = CARTESIAN_POINT ( 'NONE',  ( -6.900000000000000355, 6.339999999999999858, 10.00000000000000178 ) ) ;
#1070 = ORIENTED_EDGE ( 'NONE', *, *, #2511, .F. ) ;
#1071 = DIRECTION ( 'NONE',  ( 0.000000000000000000, -0.9902251923489505669, 0.1394778421021906911 ) ) ;
#1072 = EDGE_CURVE ( 'NONE', #818, #7561, #7395, .T. ) ;
#1073 = ORIENTED_EDGE ( 'NONE', *, *, #9541, .T. ) ;
#1074 = PLANE ( 'NONE',  #5778 ) ;
#1075 = VECTOR ( 'NONE', #7092, 1000.000000000000000 ) ;
#1076 = ORIENTED_EDGE ( 'NONE', *, *, #7770, .F. ) ;
#1077 = EDGE_LOOP ( 'NONE', ( #5872, #10626, #10177, #9700, #207, #2567, #171, #10735, #4851 ) ) ;
#1078 = CARTESIAN_POINT ( 'NONE',  ( 6.450000000000000178, 0.000000000000000000, -0.3499999999999999778 ) ) ;
#1079 = LINE ( 'NONE', #7704, #929 ) ;
#1080 = DIRECTION ( 'NONE',  ( 0.000000000000000000, 0.000000000000000000, -1.000000000000000000 ) ) ;
#1081 = LINE ( 'NONE', #106, #6455 ) ;
#1082 = CARTESIAN_POINT ( 'NONE',  ( 8.000000000000000000, -5.350000000000000533, 1.400000000000000355 ) ) ;
#1083 = ORIENTED_EDGE ( 'NONE', *, *, #9419, .T. ) ;
#1084 = VECTOR ( 'NONE', #1461, 1000.000000000000000 ) ;
#1085 = FACE_OUTER_BOUND ( 'NONE', #5112, .T. ) ;
#1086 = ORIENTED_EDGE ( 'NONE', *, *, #8281, .T. ) ;
#1087 = CARTESIAN_POINT ( 'NONE',  ( 1.000000000000000000, -6.349999999999999645, 10.50000000000000000 ) ) ;
#1088 = CARTESIAN_POINT ( 'NONE',  ( 0.000000000000000000, 8.941873587509319637E-16, 2.500000000000000000 ) ) ;
#1089 = PLANE ( 'NONE',  #8588 ) ;
#1090 = VECTOR ( 'NONE', #657, 1000.000000000000000 ) ;
#1091 = CARTESIAN_POINT ( 'NONE',  ( -6.400000000000000355, 3.975000000000000089, 1.899999999999999023 ) ) ;
#1092 = ORIENTED_EDGE ( 'NONE', *, *, #1427, .T. ) ;
#1093 = UNCERTAINTY_MEASURE_WITH_UNIT (LENGTH_MEASURE( 1.000000000000000082E-05 ), #5427, 'distance_accuracy_value', 'NONE');
#1094 = EDGE_CURVE ( 'NONE', #3040, #5503, #3207, .T. ) ;
#1095 = DIRECTION ( 'NONE',  ( 0.000000000000000000, -1.000000000000000000, 0.000000000000000000 ) ) ;
#1096 = VECTOR ( 'NONE', #5048, 1000.000000000000000 ) ;
#1097 = CARTESIAN_POINT ( 'NONE',  ( 6.400000000000000355, -1.199999999999999956, 31.88557667661039829 ) ) ;
#1098 = CARTESIAN_POINT ( 'NONE',  ( 6.400000000000000355, -0.5000000000000000000, -0.9499999999999995115 ) ) ;
#1099 = ORIENTED_EDGE ( 'NONE', *, *, #8777, .F. ) ;
#1100 = DIRECTION ( 'NONE',  ( 0.000000000000000000, 0.1394778421021779236, 0.9902251923489524543 ) ) ;
#1101 = EDGE_CURVE ( 'NONE', #8625, #36, #722, .T. ) ;
#1102 = DIRECTION ( 'NONE',  ( 0.000000000000000000, 0.000000000000000000, 1.000000000000000000 ) ) ;
#1103 = CARTESIAN_POINT ( 'NONE',  ( -5.450000000000000178, 0.000000000000000000, -0.3499999999999999778 ) ) ;
#1104 = ORIENTED_EDGE ( 'NONE', *, *, #5733, .T. ) ;
#1105 = LINE ( 'NONE', #4966, #8893 ) ;
#1106 = AXIS2_PLACEMENT_3D ( 'NONE', #2050, #5353, #7875 ) ;
#1107 = ORIENTED_EDGE ( 'NONE', *, *, #388, .F. ) ;
#1108 = DIRECTION ( 'NONE',  ( -0.000000000000000000, 0.000000000000000000, 1.000000000000000000 ) ) ;
#1109 = VECTOR ( 'NONE', #4469, 1000.000000000000000 ) ;
#1110 = ADVANCED_FACE ( 'NONE', ( #9035 ), #10709, .F. ) ;
#1111 = ORIENTED_EDGE ( 'NONE', *, *, #10703, .T. ) ;
#1112 = LINE ( 'NONE', #4454, #3133 ) ;
#1113 = CARTESIAN_POINT ( 'NONE',  ( -6.049999999999999822, -1.199999999999999956, 1.899999999999999911 ) ) ;
#1114 = AXIS2_PLACEMENT_3D ( 'NONE', #8335, #1534, #10718 ) ;
#1115 = DIRECTION ( 'NONE',  ( 0.000000000000000000, 0.000000000000000000, 1.000000000000000000 ) ) ;
#1116 = LINE ( 'NONE', #5933, #3018 ) ;
#1117 = EDGE_CURVE ( 'NONE', #637, #9360, #6565, .T. ) ;
#1118 = LINE ( 'NONE', #6971, #3125 ) ;
#1119 = CARTESIAN_POINT ( 'NONE',  ( 0.9594594051770969356, 2.867836134369130097, 4.340208408768752690 ) ) ;
#1120 = ORIENTED_EDGE ( 'NONE', *, *, #1336, .F. ) ;
#1121 = ORIENTED_EDGE ( 'NONE', *, *, #3915, .T. ) ;
#1122 = DIRECTION ( 'NONE',  ( 0.000000000000000000, 1.000000000000000000, 0.000000000000000000 ) ) ;
#1123 = ADVANCED_FACE ( 'NONE', ( #222 ), #3526, .T. ) ;
#1124 = VERTEX_POINT ( 'NONE', #1043 ) ;
#1125 = CARTESIAN_POINT ( 'NONE',  ( 0.5750000000000011768, 0.4999999999999995559, 2.500000000000000000 ) ) ;
#1126 = VECTOR ( 'NONE', #68, 1000.000000000000114 ) ;
#1127 = CIRCLE ( 'NONE', #2505, 1.000000000000000888 ) ;
#1128 = VERTEX_POINT ( 'NONE', #9349 ) ;
#1129 = DIRECTION ( 'NONE',  ( -0.000000000000000000, -1.000000000000000000, 3.576749435003730024E-16 ) ) ;
#1130 = DIRECTION ( 'NONE',  ( 0.000000000000000000, -0.000000000000000000, 1.000000000000000000 ) ) ;
#1131 = ORIENTED_EDGE ( 'NONE', *, *, #865, .T. ) ;
#1132 = VERTEX_POINT ( 'NONE', #5096 ) ;
#1133 = DIRECTION ( 'NONE',  ( 0.000000000000000000, 0.9941301041872944166, -0.1081912008832482536 ) ) ;
#1134 = DIRECTION ( 'NONE',  ( -1.000000000000000000, -0.000000000000000000, -0.000000000000000000 ) ) ;
#1135 = CARTESIAN_POINT ( 'NONE',  ( 4.000000000000000000, 8.985357054628929168E-16, 41.22500000000000142 ) ) ;
#1136 = DIRECTION ( 'NONE',  ( -0.000000000000000000, -0.1394778421021800052, -0.9902251923489521213 ) ) ;
#1137 = CARTESIAN_POINT ( 'NONE',  ( -1.328999085637958544, 4.195559116597569194, 4.467594761316641794 ) ) ;
#1138 = ORIENTED_EDGE ( 'NONE', *, *, #5636, .F. ) ;
#1139 = VECTOR ( 'NONE', #2345, 1000.000000000000000 ) ;
#1140 = ADVANCED_FACE ( 'NONE', ( #3627 ), #331, .T. ) ;
#1141 = EDGE_CURVE ( 'NONE', #875, #546, #1944, .T. ) ;
#1142 = ORIENTED_EDGE ( 'NONE', *, *, #2175, .T. ) ;
#1143 = CARTESIAN_POINT ( 'NONE',  ( -1.074999999999999734, 0.8000000000000000444, -10.89977770036660232 ) ) ;
#1144 = CIRCLE ( 'NONE', #4772, 0.7000000000000000666 ) ;
#1145 = CARTESIAN_POINT ( 'NONE',  ( 0.5574774630653299701, 2.197203359571190173, 4.238556834721158850 ) ) ;
#1146 = LINE ( 'NONE', #2709, #8067 ) ;
#1147 = CARTESIAN_POINT ( 'NONE',  ( 6.450000000000000178, 0.9499999999999999556, -0.3499999999999999778 ) ) ;
#1148 = VERTEX_POINT ( 'NONE', #8487 ) ;
#1149 = FACE_BOUND ( 'NONE', #3298, .T. ) ;
#1150 = CARTESIAN_POINT ( 'NONE',  ( 0.000000000000000000, -6.450000000000000178, 10.50000000000000000 ) ) ;
#1151 = CARTESIAN_POINT ( 'NONE',  ( 10.19772880358570077, -3.000000000000000000, 10.50735166954630095 ) ) ;
#1152 = VERTEX_POINT ( 'NONE', #8435 ) ;
#1153 = CARTESIAN_POINT ( 'NONE',  ( 6.450000000000000178, -0.9499999999999999556, -0.3499999999999999778 ) ) ;
#1154 = DIRECTION ( 'NONE',  ( -0.000000000000000000, -0.000000000000000000, -1.000000000000000000 ) ) ;
#1155 = ORIENTED_EDGE ( 'NONE', *, *, #4225, .F. ) ;
#1156 = CARTESIAN_POINT ( 'NONE',  ( -8.050000000000000711, -6.349999999999999645, 13.00000000000000178 ) ) ;
#1157 = VECTOR ( 'NONE', #132, 1000.000000000000000 ) ;
#1158 = VERTEX_POINT ( 'NONE', #1091 ) ;
#1159 = DIRECTION ( 'NONE',  ( 0.000000000000000000, 0.000000000000000000, 1.000000000000000000 ) ) ;
#1160 = ORIENTED_EDGE ( 'NONE', *, *, #1000, .F. ) ;
#1161 = CARTESIAN_POINT ( 'NONE',  ( -0.5369550481419419485, 2.186119639305089013, 4.237688797033053234 ) ) ;
#1162 = CARTESIAN_POINT ( 'NONE',  ( 6.900000000000000355, 6.349999999999999645, 2.099999999999999645 ) ) ;
#1163 = MECHANICAL_DESIGN_GEOMETRIC_PRESENTATION_REPRESENTATION (  '', ( #9328 ), #7591 ) ;
#1164 = EDGE_CURVE ( 'NONE', #9724, #2706, #8377, .T. ) ;
#1165 = DIRECTION ( 'NONE',  ( 0.3294216623000917887, -0.000000000000000000, -0.9441829104614445356 ) ) ;
#1166 = DIRECTION ( 'NONE',  ( -0.000000000000000000, -0.000000000000000000, -1.000000000000000000 ) ) ;
#1167 = DIRECTION ( 'NONE',  ( 0.000000000000000000, 0.000000000000000000, 1.000000000000000000 ) ) ;
#1168 = PLANE ( 'NONE',  #2651 ) ;
#1169 = VERTEX_POINT ( 'NONE', #7609 ) ;
#1170 = ORIENTED_EDGE ( 'NONE', *, *, #6811, .T. ) ;
#1171 = CARTESIAN_POINT ( 'NONE',  ( 8.074999999999999289, 4.775000000000000355, 0.000000000000000000 ) ) ;
#1172 = EDGE_LOOP ( 'NONE', ( #8163, #5340, #10386, #10241 ) ) ;
#1173 = CYLINDRICAL_SURFACE ( 'NONE', #9553, 38.37500000000000000 ) ;
#1174 = ORIENTED_EDGE ( 'NONE', *, *, #324, .T. ) ;
#1175 = EDGE_CURVE ( 'NONE', #6542, #7921, #9298, .T. ) ;
#1176 = EDGE_CURVE ( 'NONE', #3952, #10314, #7560, .T. ) ;
#1177 = LINE ( 'NONE', #2796, #4379 ) ;
#1178 = CARTESIAN_POINT ( 'NONE',  ( -9.848823097076499167, 3.000000000000000000, 7.517602519649591031 ) ) ;
#1179 = ORIENTED_EDGE ( 'NONE', *, *, #5088, .T. ) ;
#1180 = ORIENTED_EDGE ( 'NONE', *, *, #8890, .T. ) ;
#1181 = PLANE ( 'NONE',  #9645 ) ;
#1182 = CARTESIAN_POINT ( 'NONE',  ( 0.000000000000000000, 3.975000000000000089, 1.899999999999998579 ) ) ;
#1183 = FACE_OUTER_BOUND ( 'NONE', #2377, .T. ) ;
#1184 = LINE ( 'NONE', #4477, #6627 ) ;
#1185 = CARTESIAN_POINT ( 'NONE',  ( 3.100000000000000533, 1.199999999999999734, 1.899999999999999245 ) ) ;
#1186 = ORIENTED_EDGE ( 'NONE', *, *, #7326, .T. ) ;
#1187 = ADVANCED_FACE ( 'NONE', ( #3421 ), #5858, .F. ) ;
#1188 = VECTOR ( 'NONE', #8773, 1000.000000000000000 ) ;
#1189 = ORIENTED_EDGE ( 'NONE', *, *, #63, .T. ) ;
#1190 = CARTESIAN_POINT ( 'NONE',  ( -4.000000000000000000, 8.985357054628929168E-16, 2.850000000000005418 ) ) ;
#1191 = CARTESIAN_POINT ( 'NONE',  ( 1.478427236180212656, 3.204259532721601911, 4.416533587047992704 ) ) ;
#1192 =( LENGTH_UNIT ( ) NAMED_UNIT ( * ) SI_UNIT ( .MILLI., .METRE. ) );
#1193 = FACE_OUTER_BOUND ( 'NONE', #4513, .T. ) ;
#1194 = ORIENTED_EDGE ( 'NONE', *, *, #4902, .T. ) ;
#1195 = DIRECTION ( 'NONE',  ( 1.000000000000000000, -1.762930361765040079E-17, -0.000000000000000000 ) ) ;
#1196 = EDGE_CURVE ( 'NONE', #1279, #9432, #6733, .T. ) ;
#1197 = EDGE_CURVE ( 'NONE', #10156, #2589, #2553, .T. ) ;
#1198 = DIRECTION ( 'NONE',  ( 0.000000000000000000, 0.000000000000000000, 1.000000000000000000 ) ) ;
#1199 = CARTESIAN_POINT ( 'NONE',  ( -8.000000000000000000, -0.5000000000000000000, 1.399999999999999911 ) ) ;
#1200 = ORIENTED_EDGE ( 'NONE', *, *, #5637, .F. ) ;
#1201 = LINE ( 'NONE', #10494, #3687 ) ;
#1202 = AXIS2_PLACEMENT_3D ( 'NONE', #3215, #7344, #9846 ) ;
#1203 = CARTESIAN_POINT ( 'NONE',  ( 0.000000000000000000, 0.000000000000000000, 0.000000000000000000 ) ) ;
#1204 = DIRECTION ( 'NONE',  ( 0.000000000000000000, 0.000000000000000000, -1.000000000000000000 ) ) ;
#1205 = ORIENTED_EDGE ( 'NONE', *, *, #7950, .F. ) ;
#1206 = ORIENTED_EDGE ( 'NONE', *, *, #6910, .F. ) ;
#1207 = DIRECTION ( 'NONE',  ( -0.000000000000000000, -1.000000000000000000, 0.000000000000000000 ) ) ;
#1208 = ORIENTED_EDGE ( 'NONE', *, *, #10301, .F. ) ;
#1209 = PLANE ( 'NONE',  #2743 ) ;
#1210 = PLANE ( 'NONE',  #2444 ) ;
#1211 = AXIS2_PLACEMENT_3D ( 'NONE', #717, #8976, #4011 ) ;
#1212 = DIRECTION ( 'NONE',  ( -1.000000000000000000, 0.000000000000000000, 0.000000000000000000 ) ) ;
#1213 = CARTESIAN_POINT ( 'NONE',  ( 0.000000000000000000, -4.775000000000000355, 0.000000000000000000 ) ) ;
#1214 = DIRECTION ( 'NONE',  ( -0.000000000000000000, 1.000000000000000000, 0.000000000000000000 ) ) ;
#1215 = DIRECTION ( 'NONE',  ( -0.000000000000000000, 1.000000000000000000, 0.000000000000000000 ) ) ;
#1216 = CARTESIAN_POINT ( 'NONE',  ( -3.450000000000000178, 1.199999999999999956, 1.899999999999999911 ) ) ;
#1217 = ORIENTED_EDGE ( 'NONE', *, *, #5220, .T. ) ;
#1218 = EDGE_CURVE ( 'NONE', #5846, #941, #2605, .T. ) ;
#1219 = VECTOR ( 'NONE', #5444, 1000.000000000000000 ) ;
#1220 = ORIENTED_EDGE ( 'NONE', *, *, #4741, .T. ) ;
#1221 = DIRECTION ( 'NONE',  ( 0.000000000000000000, 0.000000000000000000, 1.000000000000000000 ) ) ;
#1222 = ORIENTED_EDGE ( 'NONE', *, *, #2314, .T. ) ;
#1223 = CARTESIAN_POINT ( 'NONE',  ( 0.7249999999999999778, 0.4975562980872512142, 2.815944880362410085 ) ) ;
#1224 = EDGE_CURVE ( 'NONE', #2046, #864, #5912, .T. ) ;
#1225 = VERTEX_POINT ( 'NONE', #1739 ) ;
#1226 = AXIS2_PLACEMENT_3D ( 'NONE', #6243, #8869, #393 ) ;
#1227 = DIRECTION ( 'NONE',  ( 1.000000000000000000, 0.000000000000000000, 0.000000000000000000 ) ) ;
#1228 = VERTEX_POINT ( 'NONE', #9243 ) ;
#1229 = CARTESIAN_POINT ( 'NONE',  ( 0.000000000000000000, -2.200000000000000178, 0.000000000000000000 ) ) ;
#1230 = ORIENTED_EDGE ( 'NONE', *, *, #322, .T. ) ;
#1231 = EDGE_CURVE ( 'NONE', #6185, #3881, #2456, .T. ) ;
#1232 = ORIENTED_EDGE ( 'NONE', *, *, #6360, .F. ) ;
#1233 = DIRECTION ( 'NONE',  ( -1.000000000000000000, -0.000000000000000000, 0.000000000000000000 ) ) ;
#1234 = CARTESIAN_POINT ( 'NONE',  ( 1.500000000000000000, 1.875275783246570072, 3.635089631046799941 ) ) ;
#1235 = VECTOR ( 'NONE', #9247, 1000.000000000000000 ) ;
#1236 = DIRECTION ( 'NONE',  ( 0.000000000000000000, 0.000000000000000000, -1.000000000000000000 ) ) ;
#1237 = CARTESIAN_POINT ( 'NONE',  ( 3.350000000000000533, 0.000000000000000000, -2.199777700366559507 ) ) ;
#1238 = CARTESIAN_POINT ( 'NONE',  ( -6.450000000000000178, 0.000000000000000000, -0.3499999999999999778 ) ) ;
#1239 = ADVANCED_FACE ( 'NONE', ( #3575 ), #5966, .T. ) ;
#1240 = ORIENTED_EDGE ( 'NONE', *, *, #8030, .T. ) ;
#1241 = AXIS2_PLACEMENT_3D ( 'NONE', #1315, #7949, #507 ) ;
#1242 = VERTEX_POINT ( 'NONE', #1147 ) ;
#1243 = CARTESIAN_POINT ( 'NONE',  ( 2.000000000000000000, -2.200000000000000178, -0.9499999999999999556 ) ) ;
#1244 = EDGE_CURVE ( 'NONE', #3359, #1453, #4438, .T. ) ;
#1245 = CARTESIAN_POINT ( 'NONE',  ( 0.9241159890035429703, 2.371595487097009958, 4.252761556600769488 ) ) ;
#1246 = CARTESIAN_POINT ( 'NONE',  ( -0.03893592690301007908, 4.884482401405352725, 4.553446181821201755 ) ) ;
#1247 = DIRECTION ( 'NONE',  ( 0.000000000000000000, 0.000000000000000000, -1.000000000000000000 ) ) ;
#1248 = EDGE_LOOP ( 'NONE', ( #4052, #1035 ) ) ;
#1249 = EDGE_CURVE ( 'NONE', #1401, #9560, #3839, .T. ) ;
#1250 = CARTESIAN_POINT ( 'NONE',  ( -1.500000000000000000, -4.205728427473866660, 4.418519338019010867 ) ) ;
#1251 = CARTESIAN_POINT ( 'NONE',  ( 0.08975871097725669767, 4.493873718435366982, 4.425798878073579523 ) ) ;
#1252 = AXIS2_PLACEMENT_3D ( 'NONE', #2334, #5632, #8204 ) ;
#1253 = EDGE_LOOP ( 'NONE', ( #9963, #1206, #7909, #2587 ) ) ;
#1254 = DIRECTION ( 'NONE',  ( -1.000000000000000000, -0.000000000000000000, -0.000000000000000000 ) ) ;
#1255 = ADVANCED_FACE ( 'NONE', ( #1193 ), #3038, .F. ) ;
#1256 = APPLICATION_PROTOCOL_DEFINITION ( 'draft international standard', 'automotive_design', 1998, #4955 ) ;
#1257 = DIRECTION ( 'NONE',  ( -1.000000000000000000, 0.000000000000000000, 0.000000000000000000 ) ) ;
#1258 = CARTESIAN_POINT ( 'NONE',  ( 0.000000000000000000, -0.6248573008720179622, -4.436184497988939768 ) ) ;
#1259 = ORIENTED_EDGE ( 'NONE', *, *, #1014, .T. ) ;
#1260 = CARTESIAN_POINT ( 'NONE',  ( -0.9093157835221280516, 2.834345951209583880, 4.290544938614555548 ) ) ;
#1261 = VERTEX_POINT ( 'NONE', #7113 ) ;
#1262 = FACE_OUTER_BOUND ( 'NONE', #10680, .T. ) ;
#1263 = ORIENTED_EDGE ( 'NONE', *, *, #3631, .F. ) ;
#1264 = LINE ( 'NONE', #186, #850 ) ;
#1265 = VECTOR ( 'NONE', #4350, 1000.000000000000000 ) ;
#1266 = DIRECTION ( 'NONE',  ( -1.000000000000000000, -2.551063935260009998E-16, 0.000000000000000000 ) ) ;
#1267 = DIRECTION ( 'NONE',  ( 0.000000000000000000, 0.000000000000000000, 1.000000000000000000 ) ) ;
#1268 = CYLINDRICAL_SURFACE ( 'NONE', #8319, 1.000000000000000888 ) ;
#1269 = CYLINDRICAL_SURFACE ( 'NONE', #1289, 5.000000000000000000 ) ;
#1270 = ADVANCED_FACE ( 'NONE', ( #8858 ), #4706, .T. ) ;
#1271 = AXIS2_PLACEMENT_3D ( 'NONE', #5144, #218, #9393 ) ;
#1272 = CARTESIAN_POINT ( 'NONE',  ( -10.50000000000000000, -7.500000000000000000, 15.00000000000000000 ) ) ;
#1273 = DIRECTION ( 'NONE',  ( 0.000000000000000000, -1.000000000000000000, 3.576749435003730024E-16 ) ) ;
#1274 = ORIENTED_EDGE ( 'NONE', *, *, #6907, .F. ) ;
#1275 = ORIENTED_EDGE ( 'NONE', *, *, #4103, .T. ) ;
#1276 = FACE_OUTER_BOUND ( 'NONE', #5675, .T. ) ;
#1277 = ORIENTED_EDGE ( 'NONE', *, *, #6616, .T. ) ;
#1278 = CARTESIAN_POINT ( 'NONE',  ( -3.350000000000000089, 0.000000000000000000, -2.399777700366560573 ) ) ;
#1279 = VERTEX_POINT ( 'NONE', #2221 ) ;
#1280 = FACE_BOUND ( 'NONE', #3673, .T. ) ;
#1281 = AXIS2_PLACEMENT_3D ( 'NONE', #5947, #9279, #3453 ) ;
#1282 = CARTESIAN_POINT ( 'NONE',  ( -8.000000000000000000, 3.975000000000000089, 15.00000000000000000 ) ) ;
#1283 = ORIENTED_EDGE ( 'NONE', *, *, #8897, .F. ) ;
#1284 = CARTESIAN_POINT ( 'NONE',  ( -9.500000000000000000, -6.349999999999999645, 13.00000000000000178 ) ) ;
#1285 = VECTOR ( 'NONE', #6626, 1000.000000000000000 ) ;
#1286 = ORIENTED_EDGE ( 'NONE', *, *, #2624, .T. ) ;
#1287 = FACE_OUTER_BOUND ( 'NONE', #3417, .T. ) ;
#1288 = DIRECTION ( 'NONE',  ( 0.000000000000000000, 1.000000000000000000, 0.000000000000000000 ) ) ;
#1289 = AXIS2_PLACEMENT_3D ( 'NONE', #10395, #7134, #8667 ) ;
#1290 = DIRECTION ( 'NONE',  ( -0.000000000000000000, -1.000000000000000000, -0.000000000000000000 ) ) ;
#1291 = CARTESIAN_POINT ( 'NONE',  ( 0.5000000000000000000, 0.000000000000000000, 0.000000000000000000 ) ) ;
#1292 = CARTESIAN_POINT ( 'NONE',  ( -0.9549610284823700779, 4.625429024497122121, 4.519058542842701698 ) ) ;
#1293 = EDGE_LOOP ( 'NONE', ( #2307, #1099, #8959, #4881 ) ) ;
#1294 = EDGE_CURVE ( 'NONE', #8747, #4609, #1999, .T. ) ;
#1295 = VECTOR ( 'NONE', #876, 1000.000000000000114 ) ;
#1296 = EDGE_CURVE ( 'NONE', #5657, #5215, #2926, .T. ) ;
#1297 = ORIENTED_EDGE ( 'NONE', *, *, #5777, .F. ) ;
#1298 = DIRECTION ( 'NONE',  ( -1.000000000000000000, 0.000000000000000000, 0.000000000000000000 ) ) ;
#1299 = DIRECTION ( 'NONE',  ( -0.000000000000000000, 0.000000000000000000, -1.000000000000000000 ) ) ;
#1300 = CARTESIAN_POINT ( 'NONE',  ( 10.41980543215949950, 3.000000000000000444, 9.343524243637009619 ) ) ;
#1301 = CIRCLE ( 'NONE', #3732, 0.2000000000000000944 ) ;
#1302 = EDGE_LOOP ( 'NONE', ( #4684, #5627, #7504, #4074 ) ) ;
#1303 = UNCERTAINTY_MEASURE_WITH_UNIT (LENGTH_MEASURE( 1.000000000000000082E-05 ), #134, 'distance_accuracy_value', 'NONE');
#1304 = LINE ( 'NONE', #3953, #9804 ) ;
#1305 = CARTESIAN_POINT ( 'NONE',  ( 0.000000000000000000, -2.258797326885941814, -4.206036415801498229 ) ) ;
#1306 = EDGE_CURVE ( 'NONE', #767, #1953, #3789, .T. ) ;
#1307 = VECTOR ( 'NONE', #219, 1000.000000000000000 ) ;
#1308 = ADVANCED_FACE ( 'NONE', ( #4488 ), #9453, .F. ) ;
#1309 = EDGE_CURVE ( 'NONE', #3332, #3773, #6999, .T. ) ;
#1310 = CARTESIAN_POINT ( 'NONE',  ( 6.400000000000001243, 1.199999999999999734, 1.899999999999999245 ) ) ;
#1311 = ORIENTED_EDGE ( 'NONE', *, *, #5479, .T. ) ;
#1312 = PLANE ( 'NONE',  #4070 ) ;
#1313 = FACE_OUTER_BOUND ( 'NONE', #2621, .T. ) ;
#1314 = ORIENTED_EDGE ( 'NONE', *, *, #7749, .F. ) ;
#1315 = CARTESIAN_POINT ( 'NONE',  ( 0.000000000000000000, 6.349999999999999645, 12.00000000000000000 ) ) ;
#1316 = VERTEX_POINT ( 'NONE', #6292 ) ;
#1317 = DIRECTION ( 'NONE',  ( 1.000000000000000000, 0.000000000000000000, 0.000000000000000000 ) ) ;
#1318 = ORIENTED_EDGE ( 'NONE', *, *, #3815, .F. ) ;
#1319 = DIRECTION ( 'NONE',  ( -0.000000000000000000, 1.000000000000000000, 0.000000000000000000 ) ) ;
#1320 = VECTOR ( 'NONE', #871, 1000.000000000000000 ) ;
#1321 = CARTESIAN_POINT ( 'NONE',  ( -1.498996764459310072, 3.607714803847231089, 4.353609878075674899 ) ) ;
#1322 = EDGE_CURVE ( 'NONE', #8947, #6097, #5475, .T. ) ;
#1323 = CARTESIAN_POINT ( 'NONE',  ( 0.000000000000000000, 0.8000000000000000444, -3.399777700366560573 ) ) ;
#1324 = DIRECTION ( 'NONE',  ( -1.000000000000000000, -0.000000000000000000, 0.000000000000000000 ) ) ;
#1325 = CARTESIAN_POINT ( 'NONE',  ( -1.500000000000000000, -4.200318867434611469, 4.468225843184337798 ) ) ;
#1326 = VECTOR ( 'NONE', #3833, 1000.000000000000000 ) ;
#1327 = CARTESIAN_POINT ( 'NONE',  ( -8.000000000000000000, 0.000000000000000000, 7.700000000000000178 ) ) ;
#1328 = B_SPLINE_SURFACE_WITH_KNOTS ( 'NONE', 3, 1, ( 
 ( #6943, #7164 ),
 ( #437, #1246 ),
 ( #2108, #4487 ),
 ( #2813, #10484 ),
 ( #4596, #6347 ),
 ( #2052, #5526 ),
 ( #8644, #7934 ),
 ( #7877, #9667 ),
 ( #7112, #6123 ),
 ( #8857, #1998 ),
 ( #2981, #7819 ),
 ( #2167, #380 ),
 ( #3680, #6232 ),
 ( #494, #6998 ),
 ( #2873, #10426 ),
 ( #5414, #3736 ),
 ( #6177, #9506 ),
 ( #5355, #8695 ),
 ( #7057, #10373 ),
 ( #2925, #5474 ),
 ( #8808, #2556 ),
 ( #10057, #1634 ),
 ( #4020, #888 ),
 ( #3317, #1741 ),
 ( #6735, #4180 ),
 ( #7562, #2608 ) ),
 .UNSPECIFIED., .F., .F., .F.,
 ( 4, 1, 1, 1, 1, 1, 1, 1, 1, 1, 1, 1, 1, 1, 1, 1, 1, 1, 1, 1, 1, 1, 1, 4 ),
 ( 2, 2 ),
 ( 0.4999999993495980455, 0.5000585750207729996, 0.5623734117559729961, 0.5779963280712320239, 0.5858687298274050104, 0.5937262946452870338, 0.6248894318182219854, 0.6561725596496760238, 0.6639725749058870141, 0.6717995934044950213, 0.6875227470511819927, 0.7187011561936550441, 0.7344234718918940530, 0.7500603671366520286, 0.7822721542520839622, 0.8125395336420110359, 0.8438266273611589874, 0.8594049346587669946, 0.8683635183773680266, 0.8751170782257440273, 0.9056745704523500029, 0.9375489834263369682, 0.9674545458127840059, 1.000000002159333379 ),
 ( 0.000000000000000000, 1.000000000000000000 ),
 .UNSPECIFIED. ) ;
#1329 = CARTESIAN_POINT ( 'NONE',  ( 0.000000000000000000, 6.795823926507079847E-16, 1.899999999999999911 ) ) ;
#1330 = ORIENTED_EDGE ( 'NONE', *, *, #1661, .F. ) ;
#1331 = VERTEX_POINT ( 'NONE', #9617 ) ;
#1332 = CARTESIAN_POINT ( 'NONE',  ( 3.450000000000000178, -3.975000000000000089, 1.899999999999999911 ) ) ;
#1333 = ORIENTED_EDGE ( 'NONE', *, *, #3828, .T. ) ;
#1334 = DIRECTION ( 'NONE',  ( -1.000000000000000000, 0.000000000000000000, 0.000000000000000000 ) ) ;
#1335 = ORIENTED_EDGE ( 'NONE', *, *, #2689, .F. ) ;
#1336 = EDGE_CURVE ( 'NONE', #7993, #2958, #6178, .T. ) ;
#1337 = FACE_OUTER_BOUND ( 'NONE', #8248, .T. ) ;
#1338 = EDGE_CURVE ( 'NONE', #8176, #1727, #4539, .T. ) ;
#1339 = CARTESIAN_POINT ( 'NONE',  ( 8.000000000000000000, 0.5000000000000000000, 1.399999999999999911 ) ) ;
#1340 = VERTEX_POINT ( 'NONE', #2169 ) ;
#1341 = ORIENTED_EDGE ( 'NONE', *, *, #7752, .T. ) ;
#1342 = CARTESIAN_POINT ( 'NONE',  ( 0.000000000000000000, -5.349999999999999645, 12.00000000000000000 ) ) ;
#1343 = VECTOR ( 'NONE', #430, 1000.000000000000114 ) ;
#1344 = ORIENTED_EDGE ( 'NONE', *, *, #4629, .F. ) ;
#1345 = FACE_OUTER_BOUND ( 'NONE', #9849, .T. ) ;
#1346 = DIRECTION ( 'NONE',  ( -0.000000000000000000, 1.000000000000000000, 0.000000000000000000 ) ) ;
#1347 = CARTESIAN_POINT ( 'NONE',  ( -8.000000000000000000, 4.775000000000000355, 1.399999999999999689 ) ) ;
#1348 = DIRECTION ( 'NONE',  ( -8.673617379884040402E-17, -0.000000000000000000, 1.000000000000000000 ) ) ;
#1349 = DIRECTION ( 'NONE',  ( -0.000000000000000000, 1.000000000000000000, 0.000000000000000000 ) ) ;
#1350 = VERTEX_POINT ( 'NONE', #8696 ) ;
#1351 = ORIENTED_EDGE ( 'NONE', *, *, #3971, .F. ) ;
#1352 = CARTESIAN_POINT ( 'NONE',  ( 0.000000000000000000, 0.8000000000000000444, -2.199777700366559952 ) ) ;
#1353 = CARTESIAN_POINT ( 'NONE',  ( 0.1046246880213851649, 4.892050015397249929, 4.458258125501536995 ) ) ;
#1354 = DIRECTION ( 'NONE',  ( -1.000000000000000000, 0.000000000000000000, 0.000000000000000000 ) ) ;
#1355 = VERTEX_POINT ( 'NONE', #1300 ) ;
#1356 = DIRECTION ( 'NONE',  ( -0.000000000000000000, 0.000000000000000000, -1.000000000000000000 ) ) ;
#1357 = EDGE_CURVE ( 'NONE', #4346, #8289, #5397, .T. ) ;
#1358 = CARTESIAN_POINT ( 'NONE',  ( 0.1217662226139880066, 2.515722223048256989, 4.264536951369609419 ) ) ;
#1359 = VECTOR ( 'NONE', #3919, 1000.000000000000227 ) ;
#1360 =( NAMED_UNIT ( * ) SI_UNIT ( $, .STERADIAN. ) SOLID_ANGLE_UNIT ( ) );
#1361 = ORIENTED_EDGE ( 'NONE', *, *, #2782, .T. ) ;
#1362 = LINE ( 'NONE', #2008, #8562 ) ;
#1363 = APPLICATION_PROTOCOL_DEFINITION ( 'draft international standard', 'automotive_design', 1998, #7393 ) ;
#1364 = LINE ( 'NONE', #6043, #974 ) ;
#1365 = CARTESIAN_POINT ( 'NONE',  ( -0.5000000000000000000, 5.250000000000000000, -3.500000000000000000 ) ) ;
#1366 = ORIENTED_EDGE ( 'NONE', *, *, #8480, .T. ) ;
#1367 = ADVANCED_FACE ( 'NONE', ( #4651 ), #7878, .T. ) ;
#1368 = ORIENTED_EDGE ( 'NONE', *, *, #8578, .F. ) ;
#1369 = CIRCLE ( 'NONE', #4822, 38.37500000000000000 ) ;
#1370 = FACE_OUTER_BOUND ( 'NONE', #10073, .T. ) ;
#1371 = ORIENTED_EDGE ( 'NONE', *, *, #1467, .F. ) ;
#1372 = CARTESIAN_POINT ( 'NONE',  ( 9.507689976714736702, -3.000000000000000000, 12.97795911615160414 ) ) ;
#1373 = EDGE_CURVE ( 'NONE', #6485, #327, #2109, .T. ) ;
#1374 = CARTESIAN_POINT ( 'NONE',  ( 1.924999999999999822, 3.975000000000000089, 0.000000000000000000 ) ) ;
#1375 = VECTOR ( 'NONE', #309, 1000.000000000000000 ) ;
#1376 = CARTESIAN_POINT ( 'NONE',  ( 3.549999999999999822, 0.8000000000000000444, -2.199777700366559952 ) ) ;
#1377 = STYLED_ITEM ( 'NONE', ( #8603 ), #9831 ) ;
#1378 = CYLINDRICAL_SURFACE ( 'NONE', #7619, 0.2000000000000000944 ) ;
#1379 = CARTESIAN_POINT ( 'NONE',  ( 9.848823097076500943, -3.000000000000000000, 7.517602519649587478 ) ) ;
#1380 = DIRECTION ( 'NONE',  ( 0.000000000000000000, 0.000000000000000000, -1.000000000000000000 ) ) ;
#1381 = ORIENTED_EDGE ( 'NONE', *, *, #6311, .T. ) ;
#1382 = EDGE_CURVE ( 'NONE', #1132, #2899, #8196, .T. ) ;
#1383 = VERTEX_POINT ( 'NONE', #4597 ) ;
#1384 = DIRECTION ( 'NONE',  ( 0.000000000000000000, -0.000000000000000000, -1.000000000000000000 ) ) ;
#1385 = VERTEX_POINT ( 'NONE', #4766 ) ;
#1386 = FACE_OUTER_BOUND ( 'NONE', #2875, .T. ) ;
#1387 = EDGE_CURVE ( 'NONE', #1978, #5895, #9133, .T. ) ;
#1388 = ORIENTED_EDGE ( 'NONE', *, *, #2124, .T. ) ;
#1389 = PLANE ( 'NONE',  #764 ) ;
#1390 = ORIENTED_EDGE ( 'NONE', *, *, #6692, .T. ) ;
#1391 = VECTOR ( 'NONE', #10668, 1000.000000000000000 ) ;
#1392 = FACE_OUTER_BOUND ( 'NONE', #5019, .T. ) ;
#1393 = ORIENTED_EDGE ( 'NONE', *, *, #10020, .F. ) ;
#1394 = LINE ( 'NONE', #4693, #6843 ) ;
#1395 = EDGE_CURVE ( 'NONE', #3769, #10202, #3901, .T. ) ;
#1396 = ORIENTED_EDGE ( 'NONE', *, *, #2739, .F. ) ;
#1397 = CARTESIAN_POINT ( 'NONE',  ( -5.150000000000000355, 6.429304672761169570, 4.385836643711150451 ) ) ;
#1398 = ORIENTED_EDGE ( 'NONE', *, *, #8557, .T. ) ;
#1399 =( NAMED_UNIT ( * ) PLANE_ANGLE_UNIT ( ) SI_UNIT ( $, .RADIAN. ) );
#1400 = MECHANICAL_DESIGN_GEOMETRIC_PRESENTATION_REPRESENTATION (  '', ( #6065 ), #1563 ) ;
#1401 = VERTEX_POINT ( 'NONE', #4817 ) ;
#1402 = CARTESIAN_POINT ( 'NONE',  ( -3.449999999999999734, -0.5000000000000000000, 1.399999999999999911 ) ) ;
#1403 = AXIS2_PLACEMENT_3D ( 'NONE', #6738, #998, #9095 ) ;
#1404 = VERTEX_POINT ( 'NONE', #659 ) ;
#1405 = CARTESIAN_POINT ( 'NONE',  ( 8.400000000000000355, 0.000000000000000000, -3.500000000000000000 ) ) ;
#1406 = EDGE_CURVE ( 'NONE', #5087, #9520, #6558, .T. ) ;
#1407 = CARTESIAN_POINT ( 'NONE',  ( 1.042583664458592629, 4.558263735458861099, 4.526927508275103484 ) ) ;
#1408 = SURFACE_SIDE_STYLE ('',( #9616 ) ) ;
#1409 = DIRECTION ( 'NONE',  ( 0.000000000000000000, -0.000000000000000000, -1.000000000000000000 ) ) ;
#1410 = ORIENTED_EDGE ( 'NONE', *, *, #3808, .F. ) ;
#1411 = CARTESIAN_POINT ( 'NONE',  ( 6.450000000000000178, 0.000000000000000000, -0.3499999999999999778 ) ) ;
#1412 = VECTOR ( 'NONE', #6727, 1000.000000000000000 ) ;
#1413 = CARTESIAN_POINT ( 'NONE',  ( 0.2661950722439863082, 2.517095430990722527, 4.342102033096940872 ) ) ;
#1414 = CARTESIAN_POINT ( 'NONE',  ( -6.400000000000000355, 1.199999999999999956, 1.399999999999998579 ) ) ;
#1415 = ORIENTED_EDGE ( 'NONE', *, *, #8170, .F. ) ;
#1416 = DIRECTION ( 'NONE',  ( 1.000000000000000000, 0.000000000000000000, 0.000000000000000000 ) ) ;
#1417 = CARTESIAN_POINT ( 'NONE',  ( 4.000000000000000000, -1.095399793800289956, 4.053523157353340345 ) ) ;
#1418 = VECTOR ( 'NONE', #6945, 1000.000000000000000 ) ;
#1419 = CARTESIAN_POINT ( 'NONE',  ( 0.7120465873088990261, 2.260569107992669746, 4.243717457570997276 ) ) ;
#1420 = VERTEX_POINT ( 'NONE', #766 ) ;
#1421 = DIRECTION ( 'NONE',  ( 0.000000000000000000, -0.9941301041872923072, 0.1081912008832670580 ) ) ;
#1422 = ORIENTED_EDGE ( 'NONE', *, *, #624, .T. ) ;
#1423 = CARTESIAN_POINT ( 'NONE',  ( 2.375000000000000000, 0.8000000000000000444, -4.899777700366560573 ) ) ;
#1424 = CARTESIAN_POINT ( 'NONE',  ( 0.000000000000000000, 0.000000000000000000, -0.9499999999999999556 ) ) ;
#1425 = VECTOR ( 'NONE', #7808, 1000.000000000000000 ) ;
#1426 = CARTESIAN_POINT ( 'NONE',  ( -5.150000000000000355, 0.000000000000000000, 0.000000000000000000 ) ) ;
#1427 = EDGE_CURVE ( 'NONE', #6874, #2122, #4981, .T. ) ;
#1428 = CARTESIAN_POINT ( 'NONE',  ( -0.5000000000000000000, 0.000000000000000000, 0.000000000000000000 ) ) ;
#1429 = LINE ( 'NONE', #3761, #7705 ) ;
#1430 = CARTESIAN_POINT ( 'NONE',  ( 3.100000000000000533, -3.975000000000000089, 1.899999999999999911 ) ) ;
#1431 = ADVANCED_FACE ( 'NONE', ( #8917, #1511 ), #2279, .T. ) ;
#1432 = VERTEX_POINT ( 'NONE', #10697 ) ;
#1433 = ORIENTED_EDGE ( 'NONE', *, *, #10518, .T. ) ;
#1434 = LINE ( 'NONE', #8834, #4092 ) ;
#1435 = AXIS2_PLACEMENT_3D ( 'NONE', #8880, #9638, #6316 ) ;
#1436 = VERTEX_POINT ( 'NONE', #8100 ) ;
#1437 = PLANE ( 'NONE',  #6592 ) ;
#1438 = EDGE_LOOP ( 'NONE', ( #870, #5518, #9123, #5800 ) ) ;
#1439 = ADVANCED_FACE ( 'NONE', ( #8149 ), #9773, .F. ) ;
#1440 = AXIS2_PLACEMENT_3D ( 'NONE', #1681, #6405, #9725 ) ;
#1441 = VECTOR ( 'NONE', #1267, 1000.000000000000000 ) ;
#1442 = CARTESIAN_POINT ( 'NONE',  ( -2.000000000000000000, -2.200000000000000178, -0.9499999999999999556 ) ) ;
#1443 = ORIENTED_EDGE ( 'NONE', *, *, #2959, .T. ) ;
#1444 = DIRECTION ( 'NONE',  ( 0.000000000000000000, -0.000000000000000000, -1.000000000000000000 ) ) ;
#1445 = EDGE_CURVE ( 'NONE', #914, #2589, #9876, .T. ) ;
#1446 = ORIENTED_EDGE ( 'NONE', *, *, #6205, .F. ) ;
#1447 = CARTESIAN_POINT ( 'NONE',  ( -8.000000000000000000, 1.199999999999999734, 1.399999999999999911 ) ) ;
#1448 = ORIENTED_EDGE ( 'NONE', *, *, #7275, .T. ) ;
#1449 = LINE ( 'NONE', #7310, #1491 ) ;
#1450 = ORIENTED_EDGE ( 'NONE', *, *, #5958, .F. ) ;
#1451 = PRESENTATION_LAYER_ASSIGNMENT (  '', '', ( #6118 ) ) ;
#1452 = VECTOR ( 'NONE', #1492, 1000.000000000000000 ) ;
#1453 = VERTEX_POINT ( 'NONE', #824 ) ;
#1454 = CARTESIAN_POINT ( 'NONE',  ( -8.000000000000000000, 5.349999999999999645, 1.399999999999999911 ) ) ;
#1455 = AXIS2_PLACEMENT_3D ( 'NONE', #9737, #9957, #2299 ) ;
#1456 = ORIENTED_EDGE ( 'NONE', *, *, #7675, .F. ) ;
#1457 = DIRECTION ( 'NONE',  ( 1.762930361765040079E-17, 1.000000000000000000, 0.000000000000000000 ) ) ;
#1458 = PLANE ( 'NONE',  #1837 ) ;
#1459 = DIRECTION ( 'NONE',  ( 0.000000000000000000, -1.000000000000000000, -0.000000000000000000 ) ) ;
#1460 = CARTESIAN_POINT ( 'NONE',  ( -9.507689976714740254, 3.000000000000000000, 12.39604540319700021 ) ) ;
#1461 = DIRECTION ( 'NONE',  ( -1.000000000000000000, -0.000000000000000000, 0.000000000000000000 ) ) ;
#1462 = ORIENTED_EDGE ( 'NONE', *, *, #5712, .T. ) ;
#1463 = CARTESIAN_POINT ( 'NONE',  ( 0.000000000000000000, 6.795823926507079847E-16, 1.899999999999999911 ) ) ;
#1464 = AXIS2_PLACEMENT_3D ( 'NONE', #2182, #5488, #3856 ) ;
#1465 = CARTESIAN_POINT ( 'NONE',  ( 0.9417827903983090332, 2.865473111626526848, 4.293022381051288860 ) ) ;
#1466 = EDGE_CURVE ( 'NONE', #5979, #5699, #3674, .T. ) ;
#1467 = EDGE_CURVE ( 'NONE', #5811, #8107, #6506, .T. ) ;
#1468 = LINE ( 'NONE', #10598, #176 ) ;
#1469 = ORIENTED_EDGE ( 'NONE', *, *, #2461, .T. ) ;
#1470 = DIRECTION ( 'NONE',  ( -1.000000000000000000, -0.000000000000000000, 0.000000000000000000 ) ) ;
#1471 = VECTOR ( 'NONE', #7397, 1000.000000000000000 ) ;
#1472 = CARTESIAN_POINT ( 'NONE',  ( -10.41980543215949950, 3.000000000000000000, 9.925437956591640187 ) ) ;
#1473 = LINE ( 'NONE', #777, #5792 ) ;
#1474 = LINE ( 'NONE', #10656, #9570 ) ;
#1475 = ORIENTED_EDGE ( 'NONE', *, *, #2865, .T. ) ;
#1476 = LINE ( 'NONE', #6314, #2048 ) ;
#1477 = DIRECTION ( 'NONE',  ( -1.000000000000000000, -0.000000000000000000, -0.000000000000000000 ) ) ;
#1478 = CIRCLE ( 'NONE', #4933, 0.2000000000000000944 ) ;
#1479 = DIRECTION ( 'NONE',  ( 0.000000000000000000, 0.000000000000000000, 1.000000000000000000 ) ) ;
#1480 = FACE_OUTER_BOUND ( 'NONE', #1, .T. ) ;
#1481 = CARTESIAN_POINT ( 'NONE',  ( -5.150000000000000355, 7.650000000000000355, 0.000000000000000000 ) ) ;
#1482 =( NAMED_UNIT ( * ) SI_UNIT ( $, .STERADIAN. ) SOLID_ANGLE_UNIT ( ) );
#1483 = VERTEX_POINT ( 'NONE', #7434 ) ;
#1484 = VECTOR ( 'NONE', #9931, 1000.000000000000000 ) ;
#1485 = ORIENTED_EDGE ( 'NONE', *, *, #6661, .T. ) ;
#1486 = PLANE ( 'NONE',  #10006 ) ;
#1487 = ORIENTED_EDGE ( 'NONE', *, *, #9619, .T. ) ;
#1488 = CARTESIAN_POINT ( 'NONE',  ( -9.913744736894729570, 3.000000000000000000, 11.81413169024230037 ) ) ;
#1489 = ORIENTED_EDGE ( 'NONE', *, *, #8443, .T. ) ;
#1490 = EDGE_CURVE ( 'NONE', #3838, #9597, #4005, .T. ) ;
#1491 = VECTOR ( 'NONE', #591, 1000.000000000000000 ) ;
#1492 = DIRECTION ( 'NONE',  ( -0.000000000000000000, 1.000000000000000000, 0.000000000000000000 ) ) ;
#1493 = EDGE_LOOP ( 'NONE', ( #4986, #263, #9390, #8188 ) ) ;
#1494 = LINE ( 'NONE', #8028, #2945 ) ;
#1495 = ORIENTED_EDGE ( 'NONE', *, *, #6164, .T. ) ;
#1496 = DIRECTION ( 'NONE',  ( -0.000000000000000000, 1.000000000000000000, 0.000000000000000000 ) ) ;
#1497 = ORIENTED_EDGE ( 'NONE', *, *, #9291, .T. ) ;
#1498 = DIRECTION ( 'NONE',  ( -1.000000000000000000, -0.000000000000000000, -0.000000000000000000 ) ) ;
#1499 = EDGE_LOOP ( 'NONE', ( #9930, #4042, #1068, #3117 ) ) ;
#1500 = ADVANCED_FACE ( 'NONE', ( #7321 ), #9715, .T. ) ;
#1501 = VECTOR ( 'NONE', #1108, 1000.000000000000000 ) ;
#1502 = EDGE_LOOP ( 'NONE', ( #5935, #9226, #9300, #7646 ) ) ;
#1503 = EDGE_CURVE ( 'NONE', #8956, #10191, #8529, .T. ) ;
#1504 = DIRECTION ( 'NONE',  ( -0.9441829104614442025, 0.000000000000000000, -0.3294216623000931210 ) ) ;
#1505 = CIRCLE ( 'NONE', #6363, 38.37500000000000000 ) ;
#1506 = ORIENTED_EDGE ( 'NONE', *, *, #100, .T. ) ;
#1507 = CARTESIAN_POINT ( 'NONE',  ( -9.507689976714736702, 3.000000000000000000, 12.97795911615160236 ) ) ;
#1508 = CARTESIAN_POINT ( 'NONE',  ( -4.000000000000000000, 0.000000000000000000, -1.350000000000000089 ) ) ;
#1509 = CARTESIAN_POINT ( 'NONE',  ( -0.7249999999999999778, -2.815888994540023393, -1.350000000000000533 ) ) ;
#1510 = LINE ( 'NONE', #4816, #326 ) ;
#1511 = FACE_BOUND ( 'NONE', #4635, .T. ) ;
#1512 = EDGE_CURVE ( 'NONE', #413, #6066, #44, .T. ) ;
#1513 = ORIENTED_EDGE ( 'NONE', *, *, #7899, .T. ) ;
#1514 = CARTESIAN_POINT ( 'NONE',  ( 8.074999999999999289, -4.775000000000000355, 31.88557667661039829 ) ) ;
#1515 = FACE_OUTER_BOUND ( 'NONE', #531, .T. ) ;
#1516 = FACE_OUTER_BOUND ( 'NONE', #3643, .T. ) ;
#1517 = ORIENTED_EDGE ( 'NONE', *, *, #8050, .F. ) ;
#1518 = CARTESIAN_POINT ( 'NONE',  ( 4.649999999999999467, 7.529940238806680064, -1.350000000000000089 ) ) ;
#1519 = SHAPE_DEFINITION_REPRESENTATION ( #7136, #6765 ) ;
#1520 = DIRECTION ( 'NONE',  ( 1.000000000000000000, 0.000000000000000000, -0.000000000000000000 ) ) ;
#1521 = LINE ( 'NONE', #3261, #4561 ) ;
#1522 = EDGE_CURVE ( 'NONE', #6982, #3040, #5186, .T. ) ;
#1523 = ORIENTED_EDGE ( 'NONE', *, *, #2809, .T. ) ;
#1524 = FACE_OUTER_BOUND ( 'NONE', #2647, .T. ) ;
#1525 = EDGE_CURVE ( 'NONE', #6823, #2222, #9923, .T. ) ;
#1526 = DIRECTION ( 'NONE',  ( 0.3294216623000930655, 0.000000000000000000, 0.9441829104614440915 ) ) ;
#1527 = VECTOR ( 'NONE', #5544, 1000.000000000000000 ) ;
#1528 = LINE ( 'NONE', #9844, #714 ) ;
#1529 = CARTESIAN_POINT ( 'NONE',  ( -10.58818515033610552, -3.000000000000000000, 9.343524243637009619 ) ) ;
#1530 = CARTESIAN_POINT ( 'NONE',  ( -8.000000000000000000, -0.5000000000000000000, 10.30000000000000071 ) ) ;
#1531 = PLANE ( 'NONE',  #4206 ) ;
#1532 = VECTOR ( 'NONE', #8742, 1000.000000000000000 ) ;
#1533 = CARTESIAN_POINT ( 'NONE',  ( -10.05037900976999943, -3.000000000000000000, 10.50735166954630095 ) ) ;
#1534 = DIRECTION ( 'NONE',  ( -1.000000000000000000, 0.000000000000000000, 0.000000000000000000 ) ) ;
#1535 = ORIENTED_EDGE ( 'NONE', *, *, #7551, .F. ) ;
#1536 = EDGE_CURVE ( 'NONE', #5622, #7525, #7707, .T. ) ;
#1537 = ORIENTED_EDGE ( 'NONE', *, *, #10141, .T. ) ;
#1538 = CARTESIAN_POINT ( 'NONE',  ( 8.074999999999999289, 0.000000000000000000, 15.00000000000000000 ) ) ;
#1539 = ORIENTED_EDGE ( 'NONE', *, *, #7439, .T. ) ;
#1540 = ORIENTED_EDGE ( 'NONE', *, *, #1624, .F. ) ;
#1541 = VECTOR ( 'NONE', #9885, 1000.000000000000000 ) ;
#1542 = DIRECTION ( 'NONE',  ( 0.000000000000000000, 0.000000000000000000, 1.000000000000000000 ) ) ;
#1543 = ORIENTED_EDGE ( 'NONE', *, *, #2271, .F. ) ;
#1544 = DIRECTION ( 'NONE',  ( -6.251255769285790096E-16, 1.000000000000000000, 0.000000000000000000 ) ) ;
#1545 = ORIENTED_EDGE ( 'NONE', *, *, #6239, .F. ) ;
#1546 = CARTESIAN_POINT ( 'NONE',  ( 0.04639263023521383172, 2.509071162380247078, 4.341386216287167699 ) ) ;
#1547 = ORIENTED_EDGE ( 'NONE', *, *, #2921, .F. ) ;
#1548 = FACE_OUTER_BOUND ( 'NONE', #7585, .T. ) ;
#1549 = EDGE_CURVE ( 'NONE', #8180, #5208, #6059, .T. ) ;
#1550 = EDGE_LOOP ( 'NONE', ( #5957, #10316, #5408, #9023 ) ) ;
#1551 = SURFACE_STYLE_USAGE ( .BOTH. , #3132 ) ;
#1552 = ORIENTED_EDGE ( 'NONE', *, *, #5360, .F. ) ;
#1553 = VECTOR ( 'NONE', #5091, 1000.000000000000000 ) ;
#1554 = FACE_OUTER_BOUND ( 'NONE', #8896, .T. ) ;
#1555 = EDGE_CURVE ( 'NONE', #3820, #2428, #4217, .T. ) ;
#1556 = EDGE_CURVE ( 'NONE', #4449, #7435, #1081, .T. ) ;
#1557 = ORIENTED_EDGE ( 'NONE', *, *, #7466, .T. ) ;
#1558 = CARTESIAN_POINT ( 'NONE',  ( -0.5000000000000000000, 5.250000000000000000, -2.500000000000000000 ) ) ;
#1559 = ORIENTED_EDGE ( 'NONE', *, *, #174, .T. ) ;
#1560 = PLANE ( 'NONE',  #2358 ) ;
#1561 = FACE_OUTER_BOUND ( 'NONE', #6588, .T. ) ;
#1562 = ADVANCED_FACE ( 'NONE', ( #6884 ), #2594, .F. ) ;
#1563 =( GEOMETRIC_REPRESENTATION_CONTEXT ( 3 ) GLOBAL_UNCERTAINTY_ASSIGNED_CONTEXT ( ( #4231 ) ) GLOBAL_UNIT_ASSIGNED_CONTEXT ( ( #3171, #739, #2142 ) ) REPRESENTATION_CONTEXT ( 'NONE', 'WORKASPACE' ) );
#1564 = DIRECTION ( 'NONE',  ( -1.000000000000000000, -0.000000000000000000, -0.000000000000000000 ) ) ;
#1565 = SURFACE_STYLE_USAGE ( .BOTH. , #10543 ) ;
#1566 = ORIENTED_EDGE ( 'NONE', *, *, #1682, .F. ) ;
#1567 = AXIS2_PLACEMENT_3D ( 'NONE', #1481, #10717, #678 ) ;
#1568 = LINE ( 'NONE', #5688, #5103 ) ;
#1569 = LINE ( 'NONE', #3307, #9564 ) ;
#1570 = VECTOR ( 'NONE', #2571, 1000.000000000000114 ) ;
#1571 = EDGE_CURVE ( 'NONE', #1331, #5503, #5242, .T. ) ;
#1572 = DIRECTION ( 'NONE',  ( 0.7071067811865364705, 0.000000000000000000, -0.7071067811865585639 ) ) ;
#1573 = ORIENTED_EDGE ( 'NONE', *, *, #9208, .F. ) ;
#1574 = LINE ( 'NONE', #8213, #933 ) ;
#1575 = FACE_OUTER_BOUND ( 'NONE', #5719, .T. ) ;
#1576 = CARTESIAN_POINT ( 'NONE',  ( -0.9999999999999997780, 6.349999999999998757, 10.50000000000000000 ) ) ;
#1577 = EDGE_CURVE ( 'NONE', #774, #3022, #3512, .T. ) ;
#1578 = CARTESIAN_POINT ( 'NONE',  ( -9.400000000000000355, 0.5000000000000047740, -2.881207770314593380E-17 ) ) ;
#1579 = VERTEX_POINT ( 'NONE', #7599 ) ;
#1580 = CYLINDRICAL_SURFACE ( 'NONE', #8632, 38.37500000000000000 ) ;
#1581 = CARTESIAN_POINT ( 'NONE',  ( -1.924999999999999600, 5.349999999999999645, 1.399999999999999911 ) ) ;
#1582 = DIRECTION ( 'NONE',  ( 1.000000000000000000, 0.000000000000000000, -0.000000000000000000 ) ) ;
#1583 = VECTOR ( 'NONE', #10279, 1000.000000000000000 ) ;
#1584 = FACE_OUTER_BOUND ( 'NONE', #614, .T. ) ;
#1585 = CARTESIAN_POINT ( 'NONE',  ( -4.000000000000000000, -1.261997984930318228, 2.870756609130831194 ) ) ;
#1586 = CARTESIAN_POINT ( 'NONE',  ( 6.900000000000000355, 6.339999999999999858, 2.100000000000000089 ) ) ;
#1587 = EDGE_LOOP ( 'NONE', ( #8200, #7917, #5823, #10481 ) ) ;
#1588 = ORIENTED_EDGE ( 'NONE', *, *, #310, .T. ) ;
#1589 = CARTESIAN_POINT ( 'NONE',  ( -8.074999999999999289, 3.975000000000000089, 1.399999999999998579 ) ) ;
#1590 = VERTEX_POINT ( 'NONE', #10096 ) ;
#1591 = FACE_OUTER_BOUND ( 'NONE', #917, .T. ) ;
#1592 = VECTOR ( 'NONE', #486, 1000.000000000000000 ) ;
#1593 = VERTEX_POINT ( 'NONE', #6830 ) ;
#1594 = EDGE_CURVE ( 'NONE', #4346, #3881, #2644, .T. ) ;
#1595 = EDGE_CURVE ( 'NONE', #4392, #8751, #2159, .T. ) ;
#1596 = DIRECTION ( 'NONE',  ( 0.000000000000000000, -1.000000000000000000, 3.576749435003730024E-16 ) ) ;
#1597 = VERTEX_POINT ( 'NONE', #5405 ) ;
#1598 = DIRECTION ( 'NONE',  ( 0.000000000000000000, 0.000000000000000000, -1.000000000000000000 ) ) ;
#1599 = VECTOR ( 'NONE', #8635, 1000.000000000000000 ) ;
#1600 = VERTEX_POINT ( 'NONE', #9660 ) ;
#1601 = CARTESIAN_POINT ( 'NONE',  ( -0.9093157835221280516, 2.834345951209598979, 4.290544938614369030 ) ) ;
#1602 = VERTEX_POINT ( 'NONE', #7046 ) ;
#1603 = CARTESIAN_POINT ( 'NONE',  ( -1.074999999999999956, 0.8000000000000000444, -10.89977770036660054 ) ) ;
#1604 = ORIENTED_EDGE ( 'NONE', *, *, #9212, .T. ) ;
#1605 = CARTESIAN_POINT ( 'NONE',  ( 1.175336981540981096, 4.419880304824682860, 4.493899876480023536 ) ) ;
#1606 = ORIENTED_EDGE ( 'NONE', *, *, #1059, .F. ) ;
#1607 = VECTOR ( 'NONE', #2342, 1000.000000000000000 ) ;
#1608 = AXIS2_PLACEMENT_3D ( 'NONE', #2610, #1744, #6849 ) ;
#1609 = PLANE ( 'NONE',  #6119 ) ;
#1610 = ORIENTED_EDGE ( 'NONE', *, *, #2270, .F. ) ;
#1611 = FACE_OUTER_BOUND ( 'NONE', #9008, .T. ) ;
#1612 = AXIS2_PLACEMENT_3D ( 'NONE', #1329, #9642, #1273 ) ;
#1613 = ORIENTED_EDGE ( 'NONE', *, *, #3630, .F. ) ;
#1614 = CARTESIAN_POINT ( 'NONE',  ( 8.000000000000000000, 0.000000000000000000, 15.00000000000000000 ) ) ;
#1615 = DIRECTION ( 'NONE',  ( 0.000000000000000000, 0.000000000000000000, -1.000000000000000000 ) ) ;
#1616 = VECTOR ( 'NONE', #3943, 1000.000000000000000 ) ;
#1617 = CARTESIAN_POINT ( 'NONE',  ( 6.399999999999999467, -0.5000000000000011102, -0.9499999999999996225 ) ) ;
#1618 = DIRECTION ( 'NONE',  ( -1.000000000000000000, -0.000000000000000000, -0.000000000000000000 ) ) ;
#1619 = ORIENTED_EDGE ( 'NONE', *, *, #10569, .T. ) ;
#1620 = ORIENTED_EDGE ( 'NONE', *, *, #4181, .F. ) ;
#1621 = DIRECTION ( 'NONE',  ( 0.000000000000000000, -0.000000000000000000, -1.000000000000000000 ) ) ;
#1622 = CARTESIAN_POINT ( 'NONE',  ( 0.000000000000000000, 6.450000000000000178, 13.00000000000000178 ) ) ;
#1623 = VECTOR ( 'NONE', #5442, 1000.000000000000000 ) ;
#1624 = EDGE_CURVE ( 'NONE', #5834, #397, #8800, .T. ) ;
#1625 = DIRECTION ( 'NONE',  ( -1.000000000000000000, 0.000000000000000000, 1.257045997084639900E-16 ) ) ;
#1626 = ORIENTED_EDGE ( 'NONE', *, *, #10360, .F. ) ;
#1627 = CARTESIAN_POINT ( 'NONE',  ( 9.674497472730669401, 3.000000000000000000, 11.81413169024230037 ) ) ;
#1628 = CARTESIAN_POINT ( 'NONE',  ( 5.650000000000000355, 0.5000000000000000000, 1.399999999999999911 ) ) ;
#1629 = CARTESIAN_POINT ( 'NONE',  ( -8.000000000000000000, 5.349999999999999645, 1.399999999999999911 ) ) ;
#1630 = DIRECTION ( 'NONE',  ( 0.000000000000000000, 0.000000000000000000, -1.000000000000000000 ) ) ;
#1631 = VECTOR ( 'NONE', #5197, 1000.000000000000000 ) ;
#1632 = ORIENTED_EDGE ( 'NONE', *, *, #1635, .F. ) ;
#1633 = VECTOR ( 'NONE', #5156, 1000.000000000000000 ) ;
#1634 = CARTESIAN_POINT ( 'NONE',  ( -0.8023132166270317001, 2.281067274405963463, 4.341237951736658829 ) ) ;
#1635 = EDGE_CURVE ( 'NONE', #3022, #1436, #1184, .T. ) ;
#1636 = CARTESIAN_POINT ( 'NONE',  ( -5.650000000000000355, 0.5000000000000000000, 7.700000000000000178 ) ) ;
#1637 = PRODUCT_DEFINITION ( 'UNKNOWN', '', #891, #5969 ) ;
#1638 = EDGE_CURVE ( 'NONE', #8877, #10685, #7983, .T. ) ;
#1639 = LINE ( 'NONE', #10664, #7340 ) ;
#1640 = VECTOR ( 'NONE', #1356, 1000.000000000000000 ) ;
#1641 = CARTESIAN_POINT ( 'NONE',  ( 7.500000000000000000, -2.200000000000000178, -0.9499999999999999556 ) ) ;
#1642 = CARTESIAN_POINT ( 'NONE',  ( -8.750000000000000000, 6.349999999999999645, 13.00000000000000178 ) ) ;
#1643 = ORIENTED_EDGE ( 'NONE', *, *, #7558, .F. ) ;
#1644 = ORIENTED_EDGE ( 'NONE', *, *, #5058, .F. ) ;
#1645 = DIRECTION ( 'NONE',  ( -1.000000000000000000, 0.000000000000000000, 0.000000000000000000 ) ) ;
#1646 = ORIENTED_EDGE ( 'NONE', *, *, #6967, .T. ) ;
#1647 = PLANE ( 'NONE',  #7287 ) ;
#1648 = EDGE_CURVE ( 'NONE', #10031, #10066, #8585, .T. ) ;
#1649 = ORIENTED_EDGE ( 'NONE', *, *, #7538, .T. ) ;
#1650 = DIRECTION ( 'NONE',  ( 1.000000000000000000, 5.102127870520019996E-16, 0.000000000000000000 ) ) ;
#1651 = ORIENTED_EDGE ( 'NONE', *, *, #7770, .T. ) ;
#1652 = AXIS2_PLACEMENT_3D ( 'NONE', #9019, #4866, #8201 ) ;
#1653 = DIRECTION ( 'NONE',  ( 1.000000000000000000, 0.000000000000000000, 0.000000000000000000 ) ) ;
#1654 = EDGE_LOOP ( 'NONE', ( #5827, #9658, #7985, #6144 ) ) ;
#1655 = CARTESIAN_POINT ( 'NONE',  ( -1.142843137103559892, 3.247922130493178905, 4.324267661105118954 ) ) ;
#1656 = ORIENTED_EDGE ( 'NONE', *, *, #5676, .T. ) ;
#1657 = LINE ( 'NONE', #5835, #10090 ) ;
#1658 = DIRECTION ( 'NONE',  ( 0.000000000000000000, -1.000000000000000000, -0.000000000000000000 ) ) ;
#1659 = EDGE_LOOP ( 'NONE', ( #1487, #10195, #10098, #3349, #1220, #844, #4824, #2394 ) ) ;
#1660 = CARTESIAN_POINT ( 'NONE',  ( 6.450000000000000178, -0.9499999999999999556, -0.3499999999999999778 ) ) ;
#1661 = EDGE_CURVE ( 'NONE', #4533, #6361, #7925, .T. ) ;
#1662 = ADVANCED_FACE ( 'NONE', ( #6280 ), #6987, .T. ) ;
#1663 = ORIENTED_EDGE ( 'NONE', *, *, #10622, .T. ) ;
#1664 = AXIS2_PLACEMENT_3D ( 'NONE', #9534, #1921, #414 ) ;
#1665 = CARTESIAN_POINT ( 'NONE',  ( 5.450000000000000178, 0.000000000000000000, -0.3499999999999999778 ) ) ;
#1666 = ORIENTED_EDGE ( 'NONE', *, *, #9892, .F. ) ;
#1667 = DIRECTION ( 'NONE',  ( 0.000000000000000000, 0.000000000000000000, 1.000000000000000000 ) ) ;
#1668 = AXIS2_PLACEMENT_3D ( 'NONE', #4294, #6143, #2776 ) ;
#1669 = VERTEX_POINT ( 'NONE', #6170 ) ;
#1670 = DIRECTION ( 'NONE',  ( 0.000000000000000000, -1.000000000000000000, -0.000000000000000000 ) ) ;
#1671 = DIRECTION ( 'NONE',  ( 0.000000000000000000, 0.000000000000000000, 1.000000000000000000 ) ) ;
#1672 = LINE ( 'NONE', #765, #7604 ) ;
#1673 = CARTESIAN_POINT ( 'NONE',  ( 5.450000000000000178, 1.714505518806294391E-16, 1.050000000000000044 ) ) ;
#1674 = ADVANCED_FACE ( 'NONE', ( #2804 ), #2915, .T. ) ;
#1675 = ORIENTED_EDGE ( 'NONE', *, *, #1899, .T. ) ;
#1676 = CARTESIAN_POINT ( 'NONE',  ( -8.000000000000000000, 0.5000000000000000000, 0.000000000000000000 ) ) ;
#1677 = DIRECTION ( 'NONE',  ( 0.000000000000000000, -0.1394778421021831416, -0.9902251923489517882 ) ) ;
#1678 = VECTOR ( 'NONE', #6988, 1000.000000000000000 ) ;
#1679 = CARTESIAN_POINT ( 'NONE',  ( 1.074999999999999956, 0.000000000000000000, -10.89977770036660054 ) ) ;
#1680 = ORIENTED_EDGE ( 'NONE', *, *, #9470, .F. ) ;
#1681 = CARTESIAN_POINT ( 'NONE',  ( 1.000000000000000000, 0.8000000000000000444, 7.713101904062729997E-17 ) ) ;
#1682 = EDGE_CURVE ( 'NONE', #327, #7783, #7668, .T. ) ;
#1683 = CARTESIAN_POINT ( 'NONE',  ( -8.000000000000000000, 1.199999999999999734, 1.399999999999999911 ) ) ;
#1684 = FACE_OUTER_BOUND ( 'NONE', #1717, .T. ) ;
#1685 = CARTESIAN_POINT ( 'NONE',  ( -0.9543467135531917833, 4.129614209068620312, 4.460095109621019738 ) ) ;
#1686 = ORIENTED_EDGE ( 'NONE', *, *, #754, .F. ) ;
#1687 = EDGE_CURVE ( 'NONE', #8416, #8123, #8637, .T. ) ;
#1688 = CARTESIAN_POINT ( 'NONE',  ( 9.500000000000000000, 6.349999999999999645, 13.00000000000000178 ) ) ;
#1689 = CARTESIAN_POINT ( 'NONE',  ( 9.674497472730669401, 3.000000000000000000, 12.39604540319700021 ) ) ;
#1690 = LINE ( 'NONE', #4996, #7687 ) ;
#1691 = LINE ( 'NONE', #788, #4483 ) ;
#1692 = CARTESIAN_POINT ( 'NONE',  ( -3.100000000000000533, -1.199999999999999956, -0.9499999999999996225 ) ) ;
#1693 = EDGE_CURVE ( 'NONE', #6802, #9724, #8743, .T. ) ;
#1694 = DIRECTION ( 'NONE',  ( 0.000000000000000000, 0.000000000000000000, 1.000000000000000000 ) ) ;
#1695 = DIRECTION ( 'NONE',  ( -1.000000000000000000, -0.000000000000000000, 0.000000000000000000 ) ) ;
#1696 = ORIENTED_EDGE ( 'NONE', *, *, #3172, .F. ) ;
#1697 = ORIENTED_EDGE ( 'NONE', *, *, #10340, .T. ) ;
#1698 = CARTESIAN_POINT ( 'NONE',  ( 0.000000000000000000, 6.450000000000000178, 10.50000000000000000 ) ) ;
#1699 = ADVANCED_FACE ( 'NONE', ( #2972 ), #10312, .F. ) ;
#1700 = EDGE_LOOP ( 'NONE', ( #953, #6936, #745, #255 ) ) ;
#1701 = LINE ( 'NONE', #6750, #2599 ) ;
#1702 = ORIENTED_EDGE ( 'NONE', *, *, #5508, .F. ) ;
#1703 = VECTOR ( 'NONE', #1934, 1000.000000000000000 ) ;
#1704 = CARTESIAN_POINT ( 'NONE',  ( 10.50000000000000000, 0.000000000000000000, 13.00000000000000178 ) ) ;
#1705 = ORIENTED_EDGE ( 'NONE', *, *, #4589, .F. ) ;
#1706 = EDGE_CURVE ( 'NONE', #5825, #818, #5465, .T. ) ;
#1707 = FACE_OUTER_BOUND ( 'NONE', #8178, .T. ) ;
#1708 = ORIENTED_EDGE ( 'NONE', *, *, #3664, .T. ) ;
#1709 = PRESENTATION_STYLE_ASSIGNMENT (( #9861 ) ) ;
#1710 = VERTEX_POINT ( 'NONE', #1237 ) ;
#1711 = DIRECTION ( 'NONE',  ( 0.000000000000000000, -0.1394778421021804493, -0.9902251923489521213 ) ) ;
#1712 = FILL_AREA_STYLE ('',( #5836 ) ) ;
#1713 = EDGE_CURVE ( 'NONE', #1355, #6758, #4529, .T. ) ;
#1714 = ADVANCED_FACE ( 'NONE', ( #7865 ), #6226, .F. ) ;
#1715 = ORIENTED_EDGE ( 'NONE', *, *, #3518, .F. ) ;
#1716 = PLANE ( 'NONE',  #6046 ) ;
#1717 = EDGE_LOOP ( 'NONE', ( #5604, #7223, #3978, #4900, #8604, #10401 ) ) ;
#1718 = DIRECTION ( 'NONE',  ( -0.000000000000000000, -1.000000000000000000, 0.000000000000000000 ) ) ;
#1719 = MECHANICAL_DESIGN_GEOMETRIC_PRESENTATION_REPRESENTATION (  '', ( #1377 ), #3110 ) ;
#1720 = ORIENTED_EDGE ( 'NONE', *, *, #9641, .F. ) ;
#1721 = CARTESIAN_POINT ( 'NONE',  ( -10.05037900976999943, 3.000000000000000000, 11.81413169024230037 ) ) ;
#1722 = EDGE_LOOP ( 'NONE', ( #4148, #3144, #4155, #4844 ) ) ;
#1723 = CYLINDRICAL_SURFACE ( 'NONE', #984, 0.4000000000000001887 ) ;
#1724 = FACE_OUTER_BOUND ( 'NONE', #622, .T. ) ;
#1725 = CYLINDRICAL_SURFACE ( 'NONE', #8310, 38.37500000000000000 ) ;
#1726 = DIRECTION ( 'NONE',  ( -0.000000000000000000, 1.000000000000000000, -3.576749435003730024E-16 ) ) ;
#1727 = VERTEX_POINT ( 'NONE', #2213 ) ;
#1728 = VECTOR ( 'NONE', #7470, 1000.000000000000000 ) ;
#1729 = CARTESIAN_POINT ( 'NONE',  ( -1.925000000000000044, 0.000000000000000000, 0.000000000000000000 ) ) ;
#1730 = EDGE_CURVE ( 'NONE', #9755, #36, #3729, .T. ) ;
#1731 = EDGE_CURVE ( 'NONE', #4189, #10259, #8202, .T. ) ;
#1732 = VECTOR ( 'NONE', #1071, 1000.000000000000227 ) ;
#1733 = CARTESIAN_POINT ( 'NONE',  ( 8.000000000000000000, -3.975000000000000089, 15.00000000000000000 ) ) ;
#1734 = ORIENTED_EDGE ( 'NONE', *, *, #2975, .F. ) ;
#1735 = CARTESIAN_POINT ( 'NONE',  ( 8.750000000000000000, 6.450000000000001066, 10.50000000000000000 ) ) ;
#1736 = VECTOR ( 'NONE', #1215, 1000.000000000000000 ) ;
#1737 = DIRECTION ( 'NONE',  ( -0.000000000000000000, 1.000000000000000000, -0.000000000000000000 ) ) ;
#1738 = CARTESIAN_POINT ( 'NONE',  ( 4.650000000000001243, 1.652592182892421047, -4.756973892105110124 ) ) ;
#1739 = CARTESIAN_POINT ( 'NONE',  ( -1.000000000000000000, 6.349999999999998757, 13.00000000000000355 ) ) ;
#1740 = ORIENTED_EDGE ( 'NONE', *, *, #6443, .F. ) ;
#1741 = CARTESIAN_POINT ( 'NONE',  ( -0.2525029855505427356, 2.122873169521164005, 4.328323966801918665 ) ) ;
#1742 = PRESENTATION_LAYER_ASSIGNMENT (  '', '', ( #6065 ) ) ;
#1743 = CARTESIAN_POINT ( 'NONE',  ( 8.074999999999999289, -4.775000000000000355, 1.399999999999998579 ) ) ;
#1744 = DIRECTION ( 'NONE',  ( -1.000000000000000000, 0.000000000000000000, 0.000000000000000000 ) ) ;
#1745 = DIRECTION ( 'NONE',  ( 0.000000000000000000, 0.000000000000000000, -1.000000000000000000 ) ) ;
#1746 = DIRECTION ( 'NONE',  ( 0.000000000000000000, 0.000000000000000000, 1.000000000000000000 ) ) ;
#1747 = PLANE ( 'NONE',  #6937 ) ;
#1748 = DIRECTION ( 'NONE',  ( 0.000000000000000000, 0.000000000000000000, 1.000000000000000000 ) ) ;
#1749 = VECTOR ( 'NONE', #2351, 1000.000000000000114 ) ;
#1750 = ORIENTED_EDGE ( 'NONE', *, *, #75, .T. ) ;
#1751 = VERTEX_POINT ( 'NONE', #763 ) ;
#1752 = LINE ( 'NONE', #1538, #1157 ) ;
#1753 = VERTEX_POINT ( 'NONE', #9073 ) ;
#1754 = DIRECTION ( 'NONE',  ( 0.000000000000000000, 0.000000000000000000, -1.000000000000000000 ) ) ;
#1755 = DIRECTION ( 'NONE',  ( -0.000000000000000000, 1.000000000000000000, -0.000000000000000000 ) ) ;
#1756 = ADVANCED_FACE ( 'NONE', ( #9932 ), #5578, .F. ) ;
#1757 = AXIS2_PLACEMENT_3D ( 'NONE', #3848, #498, #7172 ) ;
#1758 = DIRECTION ( 'NONE',  ( 1.000000000000000000, 0.000000000000000000, 0.000000000000000000 ) ) ;
#1759 = ADVANCED_FACE ( 'NONE', ( #10588 ), #4815, .T. ) ;
#1760 = LINE ( 'NONE', #9209, #1876 ) ;
#1761 = DIRECTION ( 'NONE',  ( 0.000000000000000000, -0.000000000000000000, -1.000000000000000000 ) ) ;
#1762 = DIRECTION ( 'NONE',  ( 1.000000000000000000, 0.000000000000000000, -0.000000000000000000 ) ) ;
#1763 = VERTEX_POINT ( 'NONE', #3141 ) ;
#1764 = CARTESIAN_POINT ( 'NONE',  ( -4.650000000000000355, -3.199511259617449976, -4.073532465804420966 ) ) ;
#1765 = ORIENTED_EDGE ( 'NONE', *, *, #6282, .T. ) ;
#1766 = DIRECTION ( 'NONE',  ( -0.000000000000000000, 0.000000000000000000, -1.000000000000000000 ) ) ;
#1767 = CARTESIAN_POINT ( 'NONE',  ( 0.5000000000000000000, 5.250000000000000888, -3.500000000000000000 ) ) ;
#1768 = AXIS2_PLACEMENT_3D ( 'NONE', #4450, #2013, #6084 ) ;
#1769 = ORIENTED_EDGE ( 'NONE', *, *, #5191, .F. ) ;
#1770 = LINE ( 'NONE', #1125, #1375 ) ;
#1771 = ORIENTED_EDGE ( 'NONE', *, *, #662, .F. ) ;
#1772 = EDGE_CURVE ( 'NONE', #5633, #4046, #7432, .T. ) ;
#1773 = VECTOR ( 'NONE', #5348, 1000.000000000000000 ) ;
#1774 = CARTESIAN_POINT ( 'NONE',  ( 6.399999999999999467, -0.5000000000000000000, 10.30000000000000071 ) ) ;
#1775 = ORIENTED_EDGE ( 'NONE', *, *, #3956, .T. ) ;
#1776 = ORIENTED_EDGE ( 'NONE', *, *, #4468, .T. ) ;
#1777 = DIRECTION ( 'NONE',  ( 2.168404344971010347E-16, 0.000000000000000000, -1.000000000000000000 ) ) ;
#1778 = CARTESIAN_POINT ( 'NONE',  ( -1.500000000000000444, -2.258797326885941814, -4.206036415801493789 ) ) ;
#1779 = DIRECTION ( 'NONE',  ( 0.000000000000000000, -1.000000000000000000, 0.000000000000000000 ) ) ;
#1780 = CARTESIAN_POINT ( 'NONE',  ( 4.000000000000000000, -1.095399793800289956, 4.053523157353340345 ) ) ;
#1781 = CARTESIAN_POINT ( 'NONE',  ( 1.000000000000000000, -6.349999999999999645, 10.50000000000000000 ) ) ;
#1782 = CIRCLE ( 'NONE', #3851, 0.4000000000000001887 ) ;
#1783 = EDGE_LOOP ( 'NONE', ( #8063, #6896, #7645, #2685 ) ) ;
#1784 = EDGE_CURVE ( 'NONE', #8501, #1483, #8313, .T. ) ;
#1785 = CARTESIAN_POINT ( 'NONE',  ( 0.000000000000000000, -0.5000000000000000000, -0.9499999999999999556 ) ) ;
#1786 = VECTOR ( 'NONE', #3139, 1000.000000000000000 ) ;
#1787 = CIRCLE ( 'NONE', #8046, 1.000000000000000888 ) ;
#1788 = CARTESIAN_POINT ( 'NONE',  ( 6.049999999999999822, 5.349999999999999645, 1.399999999999999911 ) ) ;
#1789 = ORIENTED_EDGE ( 'NONE', *, *, #2011, .F. ) ;
#1790 = DIRECTION ( 'NONE',  ( 0.000000000000000000, 0.000000000000000000, -1.000000000000000000 ) ) ;
#1791 = LINE ( 'NONE', #4277, #1307 ) ;
#1792 = CARTESIAN_POINT ( 'NONE',  ( 1.500000000000000222, -3.810255724411285794, 4.375480035134341250 ) ) ;
#1793 = CARTESIAN_POINT ( 'NONE',  ( -0.2388283589507237958, 2.521442892675946013, 4.315024315659080401 ) ) ;
#1794 = EDGE_LOOP ( 'NONE', ( #9006, #8772, #5607, #9828 ) ) ;
#1795 = DIRECTION ( 'NONE',  ( -1.000000000000000000, 0.000000000000000000, 0.000000000000000000 ) ) ;
#1796 = ADVANCED_FACE ( 'NONE', ( #1561 ), #4923, .T. ) ;
#1797 = VECTOR ( 'NONE', #4676, 1000.000000000000000 ) ;
#1798 = EDGE_CURVE ( 'NONE', #911, #420, #8968, .T. ) ;
#1799 = AXIS2_PLACEMENT_3D ( 'NONE', #9926, #8306, #866 ) ;
#1800 = LINE ( 'NONE', #5101, #8359 ) ;
#1801 = DIRECTION ( 'NONE',  ( 0.000000000000000000, -1.000000000000000000, -0.000000000000000000 ) ) ;
#1802 = DIRECTION ( 'NONE',  ( 1.000000000000000000, 0.000000000000000000, -0.000000000000000000 ) ) ;
#1803 = AXIS2_PLACEMENT_3D ( 'NONE', #1688, #942, #8275 ) ;
#1804 =( NAMED_UNIT ( * ) PLANE_ANGLE_UNIT ( ) SI_UNIT ( $, .RADIAN. ) );
#1805 = FACE_OUTER_BOUND ( 'NONE', #2189, .T. ) ;
#1806 = VECTOR ( 'NONE', #407, 1000.000000000000000 ) ;
#1807 = ORIENTED_EDGE ( 'NONE', *, *, #10547, .F. ) ;
#1808 = ORIENTED_EDGE ( 'NONE', *, *, #10056, .T. ) ;
#1809 = CARTESIAN_POINT ( 'NONE',  ( -1.500000000000000000, 1.770447840360077851, 2.890861957720190389 ) ) ;
#1810 = ORIENTED_EDGE ( 'NONE', *, *, #2588, .F. ) ;
#1811 = DIRECTION ( 'NONE',  ( 0.000000000000000000, 1.000000000000000000, 0.000000000000000000 ) ) ;
#1812 = VERTEX_POINT ( 'NONE', #4116 ) ;
#1813 = VECTOR ( 'NONE', #5252, 1000.000000000000000 ) ;
#1814 = LINE ( 'NONE', #5059, #3335 ) ;
#1815 = CARTESIAN_POINT ( 'NONE',  ( -4.650000000000000355, 7.529940238806680064, -1.350000000000000089 ) ) ;
#1816 = LINE ( 'NONE', #8457, #2146 ) ;
#1817 = PLANE ( 'NONE',  #2603 ) ;
#1818 = ORIENTED_EDGE ( 'NONE', *, *, #2959, .F. ) ;
#1819 = CARTESIAN_POINT ( 'NONE',  ( -8.000000000000000000, 0.5000000000000000000, 10.30000000000000071 ) ) ;
#1820 = AXIS2_PLACEMENT_3D ( 'NONE', #1514, #7492, #1621 ) ;
#1821 = EDGE_LOOP ( 'NONE', ( #9815, #4792, #1771, #3452 ) ) ;
#1822 = LINE ( 'NONE', #5068, #9310 ) ;
#1823 = ORIENTED_EDGE ( 'NONE', *, *, #1013, .F. ) ;
#1824 = FACE_BOUND ( 'NONE', #7176, .T. ) ;
#1825 = EDGE_CURVE ( 'NONE', #6585, #2264, #10541, .T. ) ;
#1826 = ORIENTED_EDGE ( 'NONE', *, *, #5906, .F. ) ;
#1827 = VECTOR ( 'NONE', #10529, 1000.000000000000000 ) ;
#1828 = PLANE ( 'NONE',  #3185 ) ;
#1829 = ORIENTED_EDGE ( 'NONE', *, *, #7086, .T. ) ;
#1830 = EDGE_CURVE ( 'NONE', #1152, #7802, #10695, .T. ) ;
#1831 = ORIENTED_EDGE ( 'NONE', *, *, #5271, .F. ) ;
#1832 = DIRECTION ( 'NONE',  ( -1.000000000000000000, -0.000000000000000000, -0.000000000000000000 ) ) ;
#1833 = CARTESIAN_POINT ( 'NONE',  ( -8.750000000000000000, -6.450000000000000178, 10.50000000000000000 ) ) ;
#1834 = CARTESIAN_POINT ( 'NONE',  ( -8.000000000000000000, 0.4999999999999997780, 1.399999999999999911 ) ) ;
#1835 = CARTESIAN_POINT ( 'NONE',  ( -1.000000000000000000, 6.450000000000000178, 10.50000000000000000 ) ) ;
#1836 = CYLINDRICAL_SURFACE ( 'NONE', #8813, 1.000000000000000888 ) ;
#1837 = AXIS2_PLACEMENT_3D ( 'NONE', #8145, #9768, #7267 ) ;
#1838 = EDGE_CURVE ( 'NONE', #941, #6629, #3194, .T. ) ;
#1839 = ORIENTED_EDGE ( 'NONE', *, *, #5407, .T. ) ;
#1840 = DIRECTION ( 'NONE',  ( -0.000000000000000000, -1.000000000000000000, 0.000000000000000000 ) ) ;
#1841 = VERTEX_POINT ( 'NONE', #2386 ) ;
#1842 = LINE ( 'NONE', #8323, #3006 ) ;
#1843 = EDGE_CURVE ( 'NONE', #9873, #2882, #3088, .T. ) ;
#1844 = DIRECTION ( 'NONE',  ( 0.000000000000000000, 0.000000000000000000, 1.000000000000000000 ) ) ;
#1845 = CARTESIAN_POINT ( 'NONE',  ( -3.100000000000000533, -1.199999999999999734, 1.899999999999999911 ) ) ;
#1846 = CARTESIAN_POINT ( 'NONE',  ( 3.049999999999999822, 0.000000000000000000, -2.199777700366559952 ) ) ;
#1847 = EDGE_LOOP ( 'NONE', ( #9799, #2545, #814 ) ) ;
#1848 = CARTESIAN_POINT ( 'NONE',  ( -8.000000000000000000, 0.000000000000000000, 0.000000000000000000 ) ) ;
#1849 = VECTOR ( 'NONE', #9414, 1000.000000000000000 ) ;
#1850 = LINE ( 'NONE', #5759, #3308 ) ;
#1851 = DIRECTION ( 'NONE',  ( 0.000000000000000000, 0.000000000000000000, -1.000000000000000000 ) ) ;
#1852 = CARTESIAN_POINT ( 'NONE',  ( -3.100000000000000533, -3.975000000000000089, 1.399999999999999689 ) ) ;
#1853 = CARTESIAN_POINT ( 'NONE',  ( 1.500000000000000000, -1.095399793800289956, 4.053523157353340345 ) ) ;
#1854 = VECTOR ( 'NONE', #6227, 1000.000000000000000 ) ;
#1855 = DIRECTION ( 'NONE',  ( -1.000000000000000000, 0.000000000000000000, -0.000000000000000000 ) ) ;
#1856 = LINE ( 'NONE', #9410, #8749 ) ;
#1857 = EDGE_CURVE ( 'NONE', #5001, #2978, #8915, .T. ) ;
#1858 = ORIENTED_EDGE ( 'NONE', *, *, #3944, .T. ) ;
#1859 = ORIENTED_EDGE ( 'NONE', *, *, #3593, .T. ) ;
#1860 = LINE ( 'NONE', #398, #648 ) ;
#1861 = ORIENTED_EDGE ( 'NONE', *, *, #10141, .F. ) ;
#1862 = LINE ( 'NONE', #135, #3648 ) ;
#1863 = DIRECTION ( 'NONE',  ( 0.000000000000000000, -3.576749435003730024E-16, -1.000000000000000000 ) ) ;
#1864 = PLANE ( 'NONE',  #2496 ) ;
#1865 = EDGE_CURVE ( 'NONE', #7201, #10021, #5630, .T. ) ;
#1866 = ORIENTED_EDGE ( 'NONE', *, *, #7817, .F. ) ;
#1867 = CARTESIAN_POINT ( 'NONE',  ( 1.000000000000000000, 6.349999999999998757, 13.00000000000000355 ) ) ;
#1868 = ORIENTED_EDGE ( 'NONE', *, *, #5545, .F. ) ;
#1869 = LINE ( 'NONE', #4359, #2003 ) ;
#1870 = ORIENTED_EDGE ( 'NONE', *, *, #1522, .T. ) ;
#1871 = CARTESIAN_POINT ( 'NONE',  ( -4.000000000000000000, -1.261997984930318450, 2.870756609130827641 ) ) ;
#1872 = VERTEX_POINT ( 'NONE', #3248 ) ;
#1873 = VECTOR ( 'NONE', #241, 1000.000000000000000 ) ;
#1874 = LINE ( 'NONE', #9435, #1109 ) ;
#1875 = EDGE_LOOP ( 'NONE', ( #9468, #8394, #7535, #160, #8378, #5859, #3826, #5805, #4363, #8460, #5131, #2431, #4848, #2361, #5892, #141, #10361, #2532, #606, #6061, #4212, #4174, #4461, #5605, #5108, #9329, #10722, #6165, #10599, #10152 ) ) ;
#1876 = VECTOR ( 'NONE', #1015, 1000.000000000000000 ) ;
#1877 = ORIENTED_EDGE ( 'NONE', *, *, #5167, .F. ) ;
#1878 = CARTESIAN_POINT ( 'NONE',  ( -1.700000000000000178, 6.349999999999999645, 13.00000000000000178 ) ) ;
#1879 = PLANE ( 'NONE',  #2472 ) ;
#1880 = CARTESIAN_POINT ( 'NONE',  ( -8.050000000000000711, 6.450000000000000178, 13.00000000000000178 ) ) ;
#1881 = CARTESIAN_POINT ( 'NONE',  ( -0.03820525858422868515, 4.494475700832941456, 4.425852105171573569 ) ) ;
#1882 = CARTESIAN_POINT ( 'NONE',  ( 8.750000000000000000, -3.000000000000000000, 5.000000000000000000 ) ) ;
#1883 = ORIENTED_EDGE ( 'NONE', *, *, #9031, .F. ) ;
#1884 = DIRECTION ( 'NONE',  ( -1.000000000000000000, -0.000000000000000000, -0.000000000000000000 ) ) ;
#1885 = VECTOR ( 'NONE', #10061, 1000.000000000000000 ) ;
#1886 = EDGE_CURVE ( 'NONE', #9339, #308, #5798, .T. ) ;
#1887 = ORIENTED_EDGE ( 'NONE', *, *, #6205, .T. ) ;
#1888 = DIRECTION ( 'NONE',  ( 0.000000000000000000, -3.654614064557880066E-17, 1.000000000000000000 ) ) ;
#1889 = CARTESIAN_POINT ( 'NONE',  ( -5.150000000000000355, 8.985357054628929168E-16, 41.22500000000000142 ) ) ;
#1890 = LINE ( 'NONE', #1845, #5439 ) ;
#1891 = CARTESIAN_POINT ( 'NONE',  ( -8.074999999999999289, 0.000000000000000000, 15.00000000000000000 ) ) ;
#1892 = ORIENTED_EDGE ( 'NONE', *, *, #9806, .F. ) ;
#1893 = VECTOR ( 'NONE', #5512, 1000.000000000000000 ) ;
#1894 = CARTESIAN_POINT ( 'NONE',  ( 9.500000000000000000, 6.349999999999999645, 10.50000000000000000 ) ) ;
#1895 = EDGE_CURVE ( 'NONE', #6962, #2899, #9131, .T. ) ;
#1896 = PLANE ( 'NONE',  #1608 ) ;
#1897 = VECTOR ( 'NONE', #3271, 1000.000000000000000 ) ;
#1898 = EDGE_CURVE ( 'NONE', #7430, #9372, #6451, .T. ) ;
#1899 = EDGE_CURVE ( 'NONE', #95, #6685, #6504, .T. ) ;
#1900 = CARTESIAN_POINT ( 'NONE',  ( -7.500000000000000000, 0.000000000000000000, 0.000000000000000000 ) ) ;
#1901 = ORIENTED_EDGE ( 'NONE', *, *, #10726, .T. ) ;
#1902 = FACE_OUTER_BOUND ( 'NONE', #347, .T. ) ;
#1903 = CARTESIAN_POINT ( 'NONE',  ( 0.7250000000000003109, -0.4648070691295289603, -0.4315705929554874420 ) ) ;
#1904 = LINE ( 'NONE', #2668, #8410 ) ;
#1905 = EDGE_LOOP ( 'NONE', ( #9455, #2579, #5315, #5231 ) ) ;
#1906 = EDGE_LOOP ( 'NONE', ( #454, #7879, #5250, #1330 ) ) ;
#1907 = FACE_OUTER_BOUND ( 'NONE', #835, .T. ) ;
#1908 = ORIENTED_EDGE ( 'NONE', *, *, #1296, .F. ) ;
#1909 = LINE ( 'NONE', #6963, #2573 ) ;
#1910 = CARTESIAN_POINT ( 'NONE',  ( -0.8011468949090709835, 4.708437659309159251, 4.443319258176374298 ) ) ;
#1911 = EDGE_CURVE ( 'NONE', #5433, #8311, #9875, .T. ) ;
#1912 = FACE_OUTER_BOUND ( 'NONE', #1783, .T. ) ;
#1913 = VECTOR ( 'NONE', #9967, 1000.000000000000000 ) ;
#1914 = CARTESIAN_POINT ( 'NONE',  ( 10.41980543215949950, 3.000000000000000000, 9.343524243637009619 ) ) ;
#1915 = CARTESIAN_POINT ( 'NONE',  ( 4.000000000000000000, 2.737844099826320043, 2.947789617253379735 ) ) ;
#1916 = CARTESIAN_POINT ( 'NONE',  ( -5.150000000000000355, 6.429304672761169570, 4.385836643711150451 ) ) ;
#1917 = CARTESIAN_POINT ( 'NONE',  ( -3.100000000000000533, -0.5000000000000008882, 1.399999999999999245 ) ) ;
#1918 = ORIENTED_EDGE ( 'NONE', *, *, #3605, .F. ) ;
#1919 = FACE_BOUND ( 'NONE', #9980, .T. ) ;
#1920 = ORIENTED_EDGE ( 'NONE', *, *, #2241, .T. ) ;
#1921 = DIRECTION ( 'NONE',  ( -0.000000000000000000, 1.000000000000000000, -0.000000000000000000 ) ) ;
#1922 = ORIENTED_EDGE ( 'NONE', *, *, #6342, .F. ) ;
#1923 = CARTESIAN_POINT ( 'NONE',  ( -3.049999999999999822, 0.8000000000000000444, -2.199777700366558619 ) ) ;
#1924 = VECTOR ( 'NONE', #2648, 1000.000000000000000 ) ;
#1925 = VERTEX_POINT ( 'NONE', #872 ) ;
#1926 = EDGE_CURVE ( 'NONE', #6962, #2410, #6057, .T. ) ;
#1927 = ADVANCED_FACE ( 'NONE', ( #4369 ), #1879, .F. ) ;
#1928 = FACE_OUTER_BOUND ( 'NONE', #4322, .T. ) ;
#1929 = AXIS2_PLACEMENT_3D ( 'NONE', #3737, #9668, #1409 ) ;
#1930 = ORIENTED_EDGE ( 'NONE', *, *, #6219, .F. ) ;
#1931 = ORIENTED_EDGE ( 'NONE', *, *, #1466, .F. ) ;
#1932 = CARTESIAN_POINT ( 'NONE',  ( 0.5000000000000000000, -6.349999999999999645, -3.500000000000000000 ) ) ;
#1933 = CARTESIAN_POINT ( 'NONE',  ( 3.049999999999999822, 0.8000000000000000444, -0.5000000000000000000 ) ) ;
#1934 = DIRECTION ( 'NONE',  ( -1.000000000000000000, -0.000000000000000000, -0.000000000000000000 ) ) ;
#1935 = CARTESIAN_POINT ( 'NONE',  ( 1.172158355844449940, 3.599307977205119968, 4.352837856571691866 ) ) ;
#1936 = DIRECTION ( 'NONE',  ( 0.000000000000000000, 0.000000000000000000, -1.000000000000000000 ) ) ;
#1937 = ORIENTED_EDGE ( 'NONE', *, *, #1895, .T. ) ;
#1938 = AXIS2_PLACEMENT_3D ( 'NONE', #1780, #5084, #1033 ) ;
#1939 = VERTEX_POINT ( 'NONE', #2642 ) ;
#1940 = CARTESIAN_POINT ( 'NONE',  ( 9.848823097076499167, 3.000000000000003553, 10.48239748035040186 ) ) ;
#1941 =( NAMED_UNIT ( * ) SI_UNIT ( $, .STERADIAN. ) SOLID_ANGLE_UNIT ( ) );
#1942 = FACE_OUTER_BOUND ( 'NONE', #5794, .T. ) ;
#1943 = AXIS2_PLACEMENT_3D ( 'NONE', #6985, #7101, #2155 ) ;
#1944 = LINE ( 'NONE', #6017, #3320 ) ;
#1945 = VERTEX_POINT ( 'NONE', #1778 ) ;
#1946 = CARTESIAN_POINT ( 'NONE',  ( 9.848823097076495614, -3.000000000000000000, 10.48239748035041075 ) ) ;
#1947 = EDGE_CURVE ( 'NONE', #3571, #7369, #51, .T. ) ;
#1948 = CARTESIAN_POINT ( 'NONE',  ( 0.01817659023540755051, 4.488865917109952086, 4.502850783877541119 ) ) ;
#1949 = AXIS2_PLACEMENT_3D ( 'NONE', #10104, #8430, #1790 ) ;
#1950 = AXIS2_PLACEMENT_3D ( 'NONE', #10584, #8600, #4809 ) ;
#1951 = LINE ( 'NONE', #651, #2311 ) ;
#1952 = DIRECTION ( 'NONE',  ( 0.000000000000000000, 0.000000000000000000, -1.000000000000000000 ) ) ;
#1953 = VERTEX_POINT ( 'NONE', #10094 ) ;
#1954 = CARTESIAN_POINT ( 'NONE',  ( -9.507689976714740254, 3.000000000000000000, 9.000000000000001776 ) ) ;
#1955 = DIRECTION ( 'NONE',  ( 1.000000000000000000, 0.000000000000000000, 0.000000000000000000 ) ) ;
#1956 = EDGE_LOOP ( 'NONE', ( #2633, #253, #223, #698 ) ) ;
#1957 = CARTESIAN_POINT ( 'NONE',  ( -0.03820525858422868515, 4.494475700832941456, 4.425852105171573569 ) ) ;
#1958 = EDGE_CURVE ( 'NONE', #8263, #6825, #8474, .T. ) ;
#1959 = AXIS2_PLACEMENT_3D ( 'NONE', #10370, #3623, #2811 ) ;
#1960 = ORIENTED_EDGE ( 'NONE', *, *, #713, .T. ) ;
#1961 = DIRECTION ( 'NONE',  ( -1.000000000000000000, -0.000000000000000000, -0.000000000000000000 ) ) ;
#1962 = CIRCLE ( 'NONE', #9608, 1.399999999999999911 ) ;
#1963 = VERTEX_POINT ( 'NONE', #6670 ) ;
#1964 = DIRECTION ( 'NONE',  ( 1.000000000000000000, 0.000000000000000000, -0.000000000000000000 ) ) ;
#1965 = EDGE_CURVE ( 'NONE', #7553, #5448, #7487, .T. ) ;
#1966 = EDGE_CURVE ( 'NONE', #4188, #4912, #6773, .T. ) ;
#1967 = CARTESIAN_POINT ( 'NONE',  ( -1.239125294628760088, 4.342513279221617672, 4.413502950781852618 ) ) ;
#1968 = LINE ( 'NONE', #1012, #5934 ) ;
#1969 = AXIS2_PLACEMENT_3D ( 'NONE', #5499, #8829, #4673 ) ;
#1970 = CARTESIAN_POINT ( 'NONE',  ( -9.500000000000000000, 3.000000000000003553, 5.000000000000000000 ) ) ;
#1971 = CARTESIAN_POINT ( 'NONE',  ( -6.400000000000000355, -1.199999999999999734, 1.899999999999999911 ) ) ;
#1972 = CARTESIAN_POINT ( 'NONE',  ( 4.000000000000000888, 1.875275783246570072, 3.635089631046799941 ) ) ;
#1973 = DIRECTION ( 'NONE',  ( -1.000000000000000000, 0.000000000000000000, -0.000000000000000000 ) ) ;
#1974 = VERTEX_POINT ( 'NONE', #5027 ) ;
#1975 = ADVANCED_FACE ( 'NONE', ( #1724 ), #2695, .F. ) ;
#1976 = ORIENTED_EDGE ( 'NONE', *, *, #8443, .F. ) ;
#1977 = DIRECTION ( 'NONE',  ( 0.000000000000000000, 0.1824522163763980243, -0.9832147215839172061 ) ) ;
#1978 = VERTEX_POINT ( 'NONE', #2542 ) ;
#1979 = FACE_OUTER_BOUND ( 'NONE', #1253, .T. ) ;
#1980 = VECTOR ( 'NONE', #4828, 1000.000000000000000 ) ;
#1981 = VECTOR ( 'NONE', #1802, 1000.000000000000000 ) ;
#1982 = ORIENTED_EDGE ( 'NONE', *, *, #4076, .F. ) ;
#1983 = LINE ( 'NONE', #7093, #5082 ) ;
#1984 = DIRECTION ( 'NONE',  ( 0.3294216623000923438, 0.000000000000000000, -0.9441829104614443136 ) ) ;
#1985 = ORIENTED_EDGE ( 'NONE', *, *, #325, .F. ) ;
#1986 = EDGE_CURVE ( 'NONE', #7491, #10237, #3563, .T. ) ;
#1987 = EDGE_LOOP ( 'NONE', ( #5484, #1283, #9904, #8024, #1475, #3958, #7367, #9702, #3013 ) ) ;
#1988 = CARTESIAN_POINT ( 'NONE',  ( 6.049999999999999822, -1.199999999999999956, 1.399999999999999689 ) ) ;
#1989 = CARTESIAN_POINT ( 'NONE',  ( -3.350000000000000089, 0.8000000000000000444, -2.199777700366560396 ) ) ;
#1990 = EDGE_CURVE ( 'NONE', #4637, #6313, #4318, .T. ) ;
#1991 = PLANE ( 'NONE',  #2584 ) ;
#1992 = CARTESIAN_POINT ( 'NONE',  ( -0.03875935904638130175, 4.892244484529191695, 4.458278632147600007 ) ) ;
#1993 = CARTESIAN_POINT ( 'NONE',  ( -1.163348571834360801, 4.427866181050166716, 4.494882551039926177 ) ) ;
#1994 = VERTEX_POINT ( 'NONE', #9179 ) ;
#1995 = ORIENTED_EDGE ( 'NONE', *, *, #1000, .T. ) ;
#1996 = CARTESIAN_POINT ( 'NONE',  ( 5.150000000000000355, -7.650000000000000355, -4.382701490660064798E-16 ) ) ;
#1997 = CARTESIAN_POINT ( 'NONE',  ( 1.000000000000000000, -6.450000000000000178, 13.00000000000000178 ) ) ;
#1998 = CARTESIAN_POINT ( 'NONE',  ( -1.314458636268558855, 4.212893514205425127, 4.498738979484248723 ) ) ;
#1999 = LINE ( 'NONE', #2815, #1418 ) ;
#2000 = ORIENTED_EDGE ( 'NONE', *, *, #234, .F. ) ;
#2001 = DIRECTION ( 'NONE',  ( 0.2164396139381039863, 0.000000000000000000, 0.9762960071199330292 ) ) ;
#2002 = CARTESIAN_POINT ( 'NONE',  ( 1.173690479653439978, 3.491553376297156674, 4.344053544034069070 ) ) ;
#2003 = VECTOR ( 'NONE', #5229, 1000.000000000000000 ) ;
#2004 = B_SPLINE_SURFACE_WITH_KNOTS ( 'NONE', 3, 1, ( 
 ( #5413, #9394 ),
 ( #436, #329 ),
 ( #2924, #6122 ),
 ( #1145, #7056 ),
 ( #379, #2980 ),
 ( #493, #3625 ),
 ( #1245, #9451 ),
 ( #2166, #6942 ),
 ( #10261, #6997 ),
 ( #2812, #10318 ),
 ( #7876, #5473 ),
 ( #8643, #1191 ),
 ( #4486, #7818 ),
 ( #2872, #6176 ),
 ( #9505, #2051 ),
 ( #5354, #4535 ),
 ( #8807, #8098 ),
 ( #6450, #2385 ),
 ( #3842, #8967 ),
 ( #3947, #6394 ),
 ( #9666, #1407 ),
 ( #4649, #7318 ),
 ( #10483, #3037 ),
 ( #8856, #7990 ),
 ( #1353, #548 ),
 ( #3247, #5577 ),
 ( #7163, #4814 ) ),
 .UNSPECIFIED., .F., .F., .F.,
 ( 4, 1, 1, 1, 1, 1, 1, 1, 1, 1, 1, 1, 1, 1, 1, 1, 1, 1, 1, 1, 1, 1, 1, 1, 4 ),
 ( 2, 2 ),
 ( 0.000000000000000000, 0.03125375104190380310, 0.06227190334732089771, 0.07797928101258490285, 0.08578909404895659896, 0.09358330914949490598, 0.1249021711756470032, 0.1560327950813840125, 0.1717618042286729874, 0.1873951919141249867, 0.2186796894371310085, 0.2343429023408999945, 0.2421567967929320053, 0.2499791390012560122, 0.2812970431080329958, 0.3123988884063300109, 0.3202715718140100032, 0.3281299744641080207, 0.3437326075046749918, 0.3750409875723549891, 0.4062616068009889947, 0.4375211741942139909, 0.4687492669642139842, 0.4844385608928110099, 0.5000000000000000000 ),
 ( 0.000000000000000000, 1.000000000000000000 ),
 .UNSPECIFIED. ) ;
#2005 = DIRECTION ( 'NONE',  ( -0.000000000000000000, 1.000000000000000000, -3.576749435003730024E-16 ) ) ;
#2006 = CARTESIAN_POINT ( 'NONE',  ( -3.350000000000000089, 0.000000000000000000, -2.199777700366559952 ) ) ;
#2007 = ORIENTED_EDGE ( 'NONE', *, *, #9577, .T. ) ;
#2008 = CARTESIAN_POINT ( 'NONE',  ( -8.074999999999999289, -3.975000000000000089, 31.88557667661039829 ) ) ;
#2009 = DIRECTION ( 'NONE',  ( 1.000000000000000000, 0.000000000000000000, 0.000000000000000000 ) ) ;
#2010 = FACE_OUTER_BOUND ( 'NONE', #9375, .T. ) ;
#2011 = EDGE_CURVE ( 'NONE', #5125, #8738, #5184, .T. ) ;
#2012 = ORIENTED_EDGE ( 'NONE', *, *, #1522, .F. ) ;
#2013 = DIRECTION ( 'NONE',  ( 0.000000000000000000, 1.000000000000000000, 0.000000000000000000 ) ) ;
#2014 = VECTOR ( 'NONE', #2464, 1000.000000000000000 ) ;
#2015 = ORIENTED_EDGE ( 'NONE', *, *, #10078, .T. ) ;
#2016 = LINE ( 'NONE', #1008, #2539 ) ;
#2017 = VERTEX_POINT ( 'NONE', #6722 ) ;
#2018 = DIRECTION ( 'NONE',  ( -2.551063935260009998E-16, -1.000000000000000000, 0.000000000000000000 ) ) ;
#2019 = DIRECTION ( 'NONE',  ( 2.431855340154410242E-16, -1.000000000000000000, -0.000000000000000000 ) ) ;
#2020 = EDGE_CURVE ( 'NONE', #10421, #1751, #7648, .T. ) ;
#2021 = CARTESIAN_POINT ( 'NONE',  ( -0.5749999999999999556, 0.4999999999999995559, 2.500000000000000000 ) ) ;
#2022 = ADVANCED_FACE ( 'NONE', ( #10041 ), #2591, .F. ) ;
#2023 = COLOUR_RGB ( '',1.000000000000000000, 1.000000000000000000, 1.000000000000000000 ) ;
#2024 = DIRECTION ( 'NONE',  ( 0.000000000000000000, -1.000000000000000000, -0.000000000000000000 ) ) ;
#2025 = FACE_OUTER_BOUND ( 'NONE', #10658, .T. ) ;
#2026 = DIRECTION ( 'NONE',  ( 0.000000000000000000, 0.1394778421021800052, 0.9902251923489521213 ) ) ;
#2027 = CARTESIAN_POINT ( 'NONE',  ( 0.7411536833919135647, 2.676440113177856794, 4.325826524937863127 ) ) ;
#2028 = EDGE_CURVE ( 'NONE', #477, #9115, #1079, .T. ) ;
#2029 = ORIENTED_EDGE ( 'NONE', *, *, #7341, .F. ) ;
#2030 = ORIENTED_EDGE ( 'NONE', *, *, #9483, .F. ) ;
#2031 = LINE ( 'NONE', #5387, #8266 ) ;
#2032 = ORIENTED_EDGE ( 'NONE', *, *, #5816, .F. ) ;
#2033 = CARTESIAN_POINT ( 'NONE',  ( -8.000000000000000000, -3.975000000000000089, 1.400000000000001243 ) ) ;
#2034 = ORIENTED_EDGE ( 'NONE', *, *, #8368, .F. ) ;
#2035 = ADVANCED_FACE ( 'NONE', ( #979 ), #7597, .F. ) ;
#2036 = FACE_OUTER_BOUND ( 'NONE', #8571, .T. ) ;
#2037 = DIRECTION ( 'NONE',  ( -1.030244909993949927E-14, 0.000000000000000000, 1.000000000000000000 ) ) ;
#2038 = EDGE_CURVE ( 'NONE', #9879, #2372, #2749, .T. ) ;
#2039 = ORIENTED_EDGE ( 'NONE', *, *, #7544, .T. ) ;
#2040 = ORIENTED_EDGE ( 'NONE', *, *, #5086, .F. ) ;
#2041 = DIRECTION ( 'NONE',  ( -0.000000000000000000, 3.776434533376479869E-16, 1.000000000000000000 ) ) ;
#2042 = DIRECTION ( 'NONE',  ( -0.000000000000000000, -0.000000000000000000, -1.000000000000000000 ) ) ;
#2043 = DIRECTION ( 'NONE',  ( 0.000000000000000000, 8.881784197001252323E-16, 1.000000000000000000 ) ) ;
#2044 = DIRECTION ( 'NONE',  ( 0.000000000000000000, -1.000000000000000000, -0.000000000000000000 ) ) ;
#2045 = CARTESIAN_POINT ( 'NONE',  ( -0.8876242075923308494, 2.327640941683823073, 4.302100566665029824 ) ) ;
#2046 = VERTEX_POINT ( 'NONE', #318 ) ;
#2047 = ADVANCED_FACE ( 'NONE', ( #4584 ), #6224, .F. ) ;
#2048 = VECTOR ( 'NONE', #7075, 1000.000000000000000 ) ;
#2049 = ORIENTED_EDGE ( 'NONE', *, *, #6475, .T. ) ;
#2050 = CARTESIAN_POINT ( 'NONE',  ( -0.5000000000000000000, 6.349999999999999645, -3.500000000000000000 ) ) ;
#2051 = CARTESIAN_POINT ( 'NONE',  ( 1.499712628973262518, 3.609392924945832082, 4.449559775505363746 ) ) ;
#2052 = CARTESIAN_POINT ( 'NONE',  ( -0.8011468949090709835, 4.708437659309163692, 4.443319258176321895 ) ) ;
#2053 = DIRECTION ( 'NONE',  ( -0.000000000000000000, 1.000000000000000000, -3.576749435003730024E-16 ) ) ;
#2054 = VERTEX_POINT ( 'NONE', #10416 ) ;
#2055 = DIRECTION ( 'NONE',  ( -1.000000000000000000, -0.000000000000000000, -0.000000000000000000 ) ) ;
#2056 = VECTOR ( 'NONE', #1032, 1000.000000000000000 ) ;
#2057 = CARTESIAN_POINT ( 'NONE',  ( -8.074999999999999289, -3.975000000000000089, 0.000000000000000000 ) ) ;
#2058 = EDGE_CURVE ( 'NONE', #5453, #1841, #6931, .T. ) ;
#2059 = ADVANCED_FACE ( 'NONE', ( #484 ), #10250, .F. ) ;
#2060 = DIRECTION ( 'NONE',  ( 1.000000000000000000, 0.000000000000000000, -0.000000000000000000 ) ) ;
#2061 = LINE ( 'NONE', #447, #3621 ) ;
#2062 = ORIENTED_EDGE ( 'NONE', *, *, #6229, .T. ) ;
#2063 = CARTESIAN_POINT ( 'NONE',  ( -8.750000000000000000, 6.450000000000001066, 13.00000000000000178 ) ) ;
#2064 = VECTOR ( 'NONE', #6133, 1000.000000000000114 ) ;
#2065 = DIRECTION ( 'NONE',  ( 0.000000000000000000, 0.9902251923489521213, -0.1394778421021800052 ) ) ;
#2066 = ORIENTED_EDGE ( 'NONE', *, *, #9081, .T. ) ;
#2067 = CARTESIAN_POINT ( 'NONE',  ( 1.499709536884419991, 3.617160020231439788, 4.354282542756466867 ) ) ;
#2068 = ORIENTED_EDGE ( 'NONE', *, *, #8113, .F. ) ;
#2069 = CARTESIAN_POINT ( 'NONE',  ( -9.400000000000000355, -31.38557667661039829, -1.598975638782989963E-15 ) ) ;
#2070 = ORIENTED_EDGE ( 'NONE', *, *, #8170, .T. ) ;
#2071 = CARTESIAN_POINT ( 'NONE',  ( -8.000000000000000000, 3.975000000000000089, 1.399999999999999911 ) ) ;
#2072 = CARTESIAN_POINT ( 'NONE',  ( -0.4714618744718649945, 4.849672694414169705, 4.454822180000738818 ) ) ;
#2073 = VECTOR ( 'NONE', #3364, 1000.000000000000000 ) ;
#2074 = DIRECTION ( 'NONE',  ( 0.000000000000000000, 0.000000000000000000, -1.000000000000000000 ) ) ;
#2075 = DIRECTION ( 'NONE',  ( -0.000000000000000000, -1.000000000000000000, -0.000000000000000000 ) ) ;
#2076 = CARTESIAN_POINT ( 'NONE',  ( -8.000000000000000000, 0.000000000000000000, 1.399999999999999911 ) ) ;
#2077 = LINE ( 'NONE', #10347, #6476 ) ;
#2078 = COLOUR_RGB ( '',0.5058823529411764497, 0.5294117647058823595, 0.5490196078431373028 ) ;
#2079 = ORIENTED_EDGE ( 'NONE', *, *, #1784, .T. ) ;
#2080 = AXIS2_PLACEMENT_3D ( 'NONE', #10116, #6081, #10221 ) ;
#2081 = ORIENTED_EDGE ( 'NONE', *, *, #7612, .F. ) ;
#2082 = ORIENTED_EDGE ( 'NONE', *, *, #4008, .F. ) ;
#2083 = FACE_OUTER_BOUND ( 'NONE', #9071, .T. ) ;
#2084 = EDGE_CURVE ( 'NONE', #8131, #9650, #3615, .T. ) ;
#2085 = VERTEX_POINT ( 'NONE', #3777 ) ;
#2086 = DIRECTION ( 'NONE',  ( 0.3294216623000930655, 0.000000000000000000, 0.9441829104614440915 ) ) ;
#2087 = EDGE_CURVE ( 'NONE', #7390, #1158, #2970, .T. ) ;
#2088 = CLOSED_SHELL ( 'NONE', ( #10688, #6835, #5426, #4819, #5154, #488, #4210, #6895, #8301, #2962, #10542, #755, #10689, #8492, #9698, #6199, #7095, #7870, #7264, #10129, #9831, #6603, #1367, #284, #525, #5889, #5216, #3964, #1123, #1500, #2677, #9024, #879, #3752, #2223, #5130, #161, #5142, #7049, #7859, #3757, #10164, #8986, #9939, #3718, #9311, #5351, #7073, #5755, #4979, #6168, #3506, #6214, #3949, #1562, #3893, #2059, #8582, #6153, #10334, #6665, #2402, #4538, #5412, #1927, #2022, #3305, #569, #10397, #7955, #8039, #6624 ) ) ;
#2089 = CARTESIAN_POINT ( 'NONE',  ( 1.000000000000000000, 0.8000000000000000444, 7.713101904062729997E-17 ) ) ;
#2090 = ORIENTED_EDGE ( 'NONE', *, *, #4010, .T. ) ;
#2091 = CARTESIAN_POINT ( 'NONE',  ( -6.450000000000000178, -0.9499999999999999556, -0.3500000000000001443 ) ) ;
#2092 = ORIENTED_EDGE ( 'NONE', *, *, #1231, .T. ) ;
#2093 = EDGE_LOOP ( 'NONE', ( #34, #2323, #4921, #2425 ) ) ;
#2094 = DIRECTION ( 'NONE',  ( -1.000000000000000000, -0.000000000000000000, -0.000000000000000000 ) ) ;
#2095 = DIRECTION ( 'NONE',  ( 0.000000000000000000, 1.000000000000000000, -0.000000000000000000 ) ) ;
#2096 = VECTOR ( 'NONE', #932, 1000.000000000000000 ) ;
#2097 = CARTESIAN_POINT ( 'NONE',  ( 1.000000000000002220, 0.8000000000000000444, -1.618033988749892682 ) ) ;
#2098 = CARTESIAN_POINT ( 'NONE',  ( 1.000000000000000000, 6.450000000000000178, 13.00000000000000178 ) ) ;
#2099 = CARTESIAN_POINT ( 'NONE',  ( -6.400000000000000355, 0.000000000000000000, -0.9499999999999999556 ) ) ;
#2100 = EDGE_CURVE ( 'NONE', #1020, #6438, #6111, .T. ) ;
#2101 = PRODUCT_DEFINITION_SHAPE ( 'NONE', 'NONE',  #10748 ) ;
#2102 = ORIENTED_EDGE ( 'NONE', *, *, #6636, .T. ) ;
#2103 = EDGE_CURVE ( 'NONE', #5728, #2236, #7923, .T. ) ;
#2104 = EDGE_CURVE ( 'NONE', #9764, #424, #7044, .T. ) ;
#2105 = VECTOR ( 'NONE', #2347, 1000.000000000000000 ) ;
#2106 = ORIENTED_EDGE ( 'NONE', *, *, #6610, .F. ) ;
#2107 = PLANE ( 'NONE',  #6819 ) ;
#2108 = CARTESIAN_POINT ( 'NONE',  ( -0.2302512524408665551, 4.888058592579673345, 4.457943608650768219 ) ) ;
#2109 = LINE ( 'NONE', #10374, #6793 ) ;
#2110 = EDGE_CURVE ( 'NONE', #9218, #7829, #3669, .T. ) ;
#2111 = EDGE_LOOP ( 'NONE', ( #5999, #3447, #8610, #2252 ) ) ;
#2112 = B_SPLINE_CURVE_WITH_KNOTS ( 'NONE', 3,
 ( #5569, #3184, #2375, #5126, #915, #810, #5070, #9122, #10032, #3290, #2478, #6602, #2687, #5788, #10086, #1605, #4154, #5994, #8409, #2634, #7424, #4969 ),
 .UNSPECIFIED., .F., .F.,
 ( 4, 2, 2, 2, 2, 2, 2, 2, 2, 2, 4 ),
 ( 0.004901859205789379191, 0.005478949636221440433, 0.005767494851437471488, 0.006056040066653502543, 0.006633130497085562918, 0.007210220927517623293, 0.007787311357949685403, 0.008075856573165715591, 0.008364401788381744043, 0.008941492218813802684, 0.009518582649245861324 ),
 .UNSPECIFIED. ) ;
#2113 = VECTOR ( 'NONE', #6006, 1000.000000000000000 ) ;
#2114 = DIRECTION ( 'NONE',  ( 0.000000000000000000, -3.776434533376479869E-16, -1.000000000000000000 ) ) ;
#2115 = FACE_OUTER_BOUND ( 'NONE', #3183, .T. ) ;
#2116 = VECTOR ( 'NONE', #925, 1000.000000000000000 ) ;
#2117 = ORIENTED_EDGE ( 'NONE', *, *, #8093, .F. ) ;
#2118 = DIRECTION ( 'NONE',  ( 0.000000000000000000, -1.000000000000000000, -0.000000000000000000 ) ) ;
#2119 = DIRECTION ( 'NONE',  ( 0.000000000000000000, 0.000000000000000000, 1.000000000000000000 ) ) ;
#2120 = CARTESIAN_POINT ( 'NONE',  ( -1.047224351578371682, 3.976379337697437233, 4.461038137769318013 ) ) ;
#2121 = PLANE ( 'NONE',  #9275 ) ;
#2122 = VERTEX_POINT ( 'NONE', #4475 ) ;
#2123 = CARTESIAN_POINT ( 'NONE',  ( 1.299842365838320024, 4.250199175489764336, 4.405895014105374763 ) ) ;
#2124 = EDGE_CURVE ( 'NONE', #3883, #1228, #10363, .T. ) ;
#2125 = ORIENTED_EDGE ( 'NONE', *, *, #63, .F. ) ;
#2126 = ADVANCED_FACE ( 'NONE', ( #6167 ), #5296, .F. ) ;
#2127 = ORIENTED_EDGE ( 'NONE', *, *, #5244, .T. ) ;
#2128 = CARTESIAN_POINT ( 'NONE',  ( 1.924999999999999822, 4.775000000000000355, 1.399999999999999245 ) ) ;
#2129 = AXIS2_PLACEMENT_3D ( 'NONE', #8934, #9845, #3109 ) ;
#2130 = CARTESIAN_POINT ( 'NONE',  ( -8.000000000000000000, -0.5000000000000000000, 1.399999999999999911 ) ) ;
#2131 = CARTESIAN_POINT ( 'NONE',  ( -3.049999999999999378, 0.000000000000000000, -8.572527594031458399E-17 ) ) ;
#2132 = CARTESIAN_POINT ( 'NONE',  ( -10.50000000000000000, 7.500000000000000000, 15.00000000000000000 ) ) ;
#2133 = DIRECTION ( 'NONE',  ( 1.000000000000000000, 0.000000000000000000, 0.000000000000000000 ) ) ;
#2134 = VECTOR ( 'NONE', #6866, 1000.000000000000000 ) ;
#2135 = DIRECTION ( 'NONE',  ( -0.000000000000000000, 1.000000000000000000, -0.000000000000000000 ) ) ;
#2136 = CARTESIAN_POINT ( 'NONE',  ( 4.000000000000000000, -2.815888994540022061, -1.350000000000001421 ) ) ;
#2137 = VECTOR ( 'NONE', #7304, 1000.000000000000000 ) ;
#2138 = ORIENTED_EDGE ( 'NONE', *, *, #1466, .T. ) ;
#2139 = ORIENTED_EDGE ( 'NONE', *, *, #2557, .T. ) ;
#2140 = DIRECTION ( 'NONE',  ( -0.000000000000000000, -1.000000000000000000, -0.000000000000000000 ) ) ;
#2141 = ORIENTED_EDGE ( 'NONE', *, *, #10153, .F. ) ;
#2142 =( NAMED_UNIT ( * ) SI_UNIT ( $, .STERADIAN. ) SOLID_ANGLE_UNIT ( ) );
#2143 = ORIENTED_EDGE ( 'NONE', *, *, #8458, .T. ) ;
#2144 = VECTOR ( 'NONE', #8122, 1000.000000000000000 ) ;
#2145 = CARTESIAN_POINT ( 'NONE',  ( -9.500000000000000000, -3.000000000000000000, 5.000000000000000888 ) ) ;
#2146 = VECTOR ( 'NONE', #1016, 1000.000000000000000 ) ;
#2147 = LINE ( 'NONE', #7916, #4734 ) ;
#2148 = ORIENTED_EDGE ( 'NONE', *, *, #5576, .F. ) ;
#2149 = CARTESIAN_POINT ( 'NONE',  ( 2.000000000000000000, 0.000000000000000000, -0.9499999999999999556 ) ) ;
#2150 = ORIENTED_EDGE ( 'NONE', *, *, #8412, .F. ) ;
#2151 = LINE ( 'NONE', #8085, #4578 ) ;
#2152 = AXIS2_PLACEMENT_3D ( 'NONE', #5146, #1042, #3525 ) ;
#2153 = ORIENTED_EDGE ( 'NONE', *, *, #8640, .F. ) ;
#2154 = DIRECTION ( 'NONE',  ( 0.000000000000000000, -0.1394778421021800052, -0.9902251923489521213 ) ) ;
#2155 = DIRECTION ( 'NONE',  ( 0.000000000000000000, 0.000000000000000000, -1.000000000000000000 ) ) ;
#2156 = VECTOR ( 'NONE', #6320, 1000.000000000000000 ) ;
#2157 = EDGE_CURVE ( 'NONE', #7449, #8336, #1782, .T. ) ;
#2158 = DIRECTION ( 'NONE',  ( -1.000000000000000000, 0.000000000000000000, -0.000000000000000000 ) ) ;
#2159 = LINE ( 'NONE', #1992, #5056 ) ;
#2160 = LINE ( 'NONE', #9389, #6182 ) ;
#2161 = ORIENTED_EDGE ( 'NONE', *, *, #2570, .F. ) ;
#2162 = VECTOR ( 'NONE', #7665, 1000.000000000000000 ) ;
#2163 = EDGE_CURVE ( 'NONE', #2017, #2728, #9496, .T. ) ;
#2164 = ORIENTED_EDGE ( 'NONE', *, *, #8948, .F. ) ;
#2165 = CARTESIAN_POINT ( 'NONE',  ( 0.000000000000000000, 0.000000000000000000, -0.9499999999999999556 ) ) ;
#2166 = CARTESIAN_POINT ( 'NONE',  ( 1.097963954609989967, 2.501483179550589853, 4.263344489178349406 ) ) ;
#2167 = CARTESIAN_POINT ( 'NONE',  ( -1.429086258971969947, 3.984029979133643096, 4.384285198611731715 ) ) ;
#2168 = EDGE_CURVE ( 'NONE', #6958, #4582, #5346, .T. ) ;
#2169 = CARTESIAN_POINT ( 'NONE',  ( -2.000000000000000000, 2.200000000000000178, -0.9499999999999999556 ) ) ;
#2170 = VECTOR ( 'NONE', #3774, 1000.000000000000000 ) ;
#2171 = ORIENTED_EDGE ( 'NONE', *, *, #8345, .F. ) ;
#2172 = UNCERTAINTY_MEASURE_WITH_UNIT (LENGTH_MEASURE( 1.000000000000000082E-05 ), #455, 'distance_accuracy_value', 'NONE');
#2173 = CARTESIAN_POINT ( 'NONE',  ( 10.05037900976999943, 3.000000000000000000, 11.81413169024230037 ) ) ;
#2174 = CARTESIAN_POINT ( 'NONE',  ( 1.021752218052980110, 2.962478241478777363, 4.300927740941048683 ) ) ;
#2175 = EDGE_CURVE ( 'NONE', #8964, #7261, #9249, .T. ) ;
#2176 = VECTOR ( 'NONE', #3457, 1000.000000000000000 ) ;
#2177 = CARTESIAN_POINT ( 'NONE',  ( -5.599999999999999645, -3.000000000000000000, 9.000000000000001776 ) ) ;
#2178 = ORIENTED_EDGE ( 'NONE', *, *, #2783, .F. ) ;
#2179 = CARTESIAN_POINT ( 'NONE',  ( 0.7249999999999993117, -2.215285445989069402, 2.913994591726135841 ) ) ;
#2180 = DIRECTION ( 'NONE',  ( 0.000000000000000000, 0.000000000000000000, 1.000000000000000000 ) ) ;
#2181 = CARTESIAN_POINT ( 'NONE',  ( 10.58818515033610552, -3.000000000000000000, 9.343524243637009619 ) ) ;
#2182 = CARTESIAN_POINT ( 'NONE',  ( 1.000000000000000000, 6.450000000000000178, 10.50000000000000000 ) ) ;
#2183 = ADVANCED_FACE ( 'NONE', ( #3543 ), #7578, .T. ) ;
#2185 = ORIENTED_EDGE ( 'NONE', *, *, #5762, .T. ) ;
#2184 = EDGE_CURVE ( 'NONE', #9811, #2470, #5878, .T. ) ;
#2186 = CARTESIAN_POINT ( 'NONE',  ( 1.406440581764970110, 4.036691036219973050, 4.388486157600434368 ) ) ;
#2187 = EDGE_LOOP ( 'NONE', ( #9508, #8546, #10136, #7384 ) ) ;
#2188 = PLANE ( 'NONE',  #8455 ) ;
#2189 = EDGE_LOOP ( 'NONE', ( #5516, #8757, #8004, #8622, #7869 ) ) ;
#2190 = CARTESIAN_POINT ( 'NONE',  ( -8.750000000000000000, 2.999999999999999112, 5.000000000000000000 ) ) ;
#2191 = VECTOR ( 'NONE', #3080, 1000.000000000000000 ) ;
#2192 = PLANE ( 'NONE',  #3137 ) ;
#2193 = LINE ( 'NONE', #10287, #2814 ) ;
#2194 = ADVANCED_FACE ( 'NONE', ( #8397 ), #10074, .T. ) ;
#2195 = ADVANCED_FACE ( 'NONE', ( #5276 ), #1062, .F. ) ;
#2196 = PLANE ( 'NONE',  #1969 ) ;
#2197 = VECTOR ( 'NONE', #10400, 1000.000000000000114 ) ;
#2198 = FACE_OUTER_BOUND ( 'NONE', #806, .T. ) ;
#2199 = DIRECTION ( 'NONE',  ( 0.000000000000000000, 0.000000000000000000, 1.000000000000000000 ) ) ;
#2200 = ORIENTED_EDGE ( 'NONE', *, *, #5400, .T. ) ;
#2201 = ORIENTED_EDGE ( 'NONE', *, *, #3829, .F. ) ;
#2202 = LINE ( 'NONE', #523, #8974 ) ;
#2203 = ORIENTED_EDGE ( 'NONE', *, *, #1549, .F. ) ;
#2204 = EDGE_LOOP ( 'NONE', ( #5143, #5521, #3691, #4401, #1995 ) ) ;
#2205 = LINE ( 'NONE', #5190, #204 ) ;
#2206 = DIRECTION ( 'NONE',  ( 0.000000000000000000, 1.000000000000000000, -0.000000000000000000 ) ) ;
#2207 = ORIENTED_EDGE ( 'NONE', *, *, #250, .F. ) ;
#2208 = DIRECTION ( 'NONE',  ( 0.000000000000000000, 0.9941301041872923072, -0.1081912008832670580 ) ) ;
#2209 = ORIENTED_EDGE ( 'NONE', *, *, #5817, .F. ) ;
#2210 = DIRECTION ( 'NONE',  ( 0.000000000000000000, -1.000000000000000000, -0.000000000000000000 ) ) ;
#2211 = ORIENTED_EDGE ( 'NONE', *, *, #2168, .T. ) ;
#2212 = DIRECTION ( 'NONE',  ( 0.000000000000000000, 0.1394778421021800052, 0.9902251923489521213 ) ) ;
#2213 = CARTESIAN_POINT ( 'NONE',  ( 9.500000000000000000, -3.000000000000000000, 13.00000000000000178 ) ) ;
#2214 =( LENGTH_UNIT ( ) NAMED_UNIT ( * ) SI_UNIT ( .MILLI., .METRE. ) );
#2215 = VERTEX_POINT ( 'NONE', #7680 ) ;
#2216 = ADVANCED_FACE ( 'NONE', ( #3595 ), #9207, .T. ) ;
#2217 = VERTEX_POINT ( 'NONE', #962 ) ;
#2218 = LINE ( 'NONE', #10691, #8745 ) ;
#2219 = CARTESIAN_POINT ( 'NONE',  ( -2.375000000000000000, 0.8000000000000000444, -9.599777700366560751 ) ) ;
#2220 =( NAMED_UNIT ( * ) PLANE_ANGLE_UNIT ( ) SI_UNIT ( $, .RADIAN. ) );
#2221 = CARTESIAN_POINT ( 'NONE',  ( 1.699999999999999956, 6.349999999999999645, 13.00000000000000178 ) ) ;
#2222 = VERTEX_POINT ( 'NONE', #5164 ) ;
#2223 = ADVANCED_FACE ( 'NONE', ( #4405 ), #7521, .F. ) ;
#2224 = LINE ( 'NONE', #1250, #8946 ) ;
#2225 = EDGE_CURVE ( 'NONE', #5308, #8273, #8614, .T. ) ;
#2226 = CARTESIAN_POINT ( 'NONE',  ( 0.1217687198034152485, 2.509449470480193067, 4.341483413905111277 ) ) ;
#2227 = VECTOR ( 'NONE', #5185, 1000.000000000000000 ) ;
#2228 = EDGE_CURVE ( 'NONE', #911, #555, #3439, .T. ) ;
#2229 = DIRECTION ( 'NONE',  ( 1.000000000000000000, 5.102127870520019996E-16, 0.000000000000000000 ) ) ;
#2230 = ORIENTED_EDGE ( 'NONE', *, *, #6077, .T. ) ;
#2231 = DIRECTION ( 'NONE',  ( 0.000000000000000000, 0.1394778421021800052, 0.9902251923489521213 ) ) ;
#2232 = CARTESIAN_POINT ( 'NONE',  ( 0.1022996997109820033, -2.067951531382570128E-22, 12.33471595635560014 ) ) ;
#2233 = DIRECTION ( 'NONE',  ( -0.000000000000000000, 1.000000000000000000, 0.000000000000000000 ) ) ;
#2234 = CYLINDRICAL_SURFACE ( 'NONE', #2337, 1.399999999999999911 ) ;
#2235 = CARTESIAN_POINT ( 'NONE',  ( 0.04639013526397560427, 2.515338343023850953, 4.264508103311463572 ) ) ;
#2236 = VERTEX_POINT ( 'NONE', #1162 ) ;
#2237 = COLOUR_RGB ( '',0.5058823529411764497, 0.5294117647058823595, 0.5490196078431373028 ) ;
#2238 = PLANE ( 'NONE',  #2376 ) ;
#2239 = ORIENTED_EDGE ( 'NONE', *, *, #1395, .T. ) ;
#2240 = LINE ( 'NONE', #3756, #5862 ) ;
#2241 = EDGE_CURVE ( 'NONE', #10693, #6567, #6754, .T. ) ;
#2242 = DIRECTION ( 'NONE',  ( -1.000000000000000000, -0.000000000000000000, 0.000000000000000000 ) ) ;
#2243 = PRODUCT_RELATED_PRODUCT_CATEGORY ( 'part', '', ( #5570 ) ) ;
#2244 = EDGE_CURVE ( 'NONE', #4439, #6460, #1814, .T. ) ;
#2245 = DIRECTION ( 'NONE',  ( -0.000000000000000000, -0.000000000000000000, 1.000000000000000000 ) ) ;
#2246 = AXIS2_PLACEMENT_3D ( 'NONE', #4997, #5763, #7241 ) ;
#2247 = CARTESIAN_POINT ( 'NONE',  ( 1.700000000000000178, 6.349999999999999645, 10.50000000000000000 ) ) ;
#2248 = CARTESIAN_POINT ( 'NONE',  ( 8.970441590861199188, 0.000000000000000000, 13.00000000000000178 ) ) ;
#2249 = DIRECTION ( 'NONE',  ( 0.9441829104614446466, 0.000000000000000000, -0.3294216623000918442 ) ) ;
#2250 = CARTESIAN_POINT ( 'NONE',  ( 7.500000000000000000, -0.5000000000000000000, 10.30000000000000071 ) ) ;
#2251 = ORIENTED_EDGE ( 'NONE', *, *, #3180, .T. ) ;
#2252 = ORIENTED_EDGE ( 'NONE', *, *, #2103, .F. ) ;
#2253 = DIRECTION ( 'NONE',  ( 0.000000000000000000, -0.000000000000000000, 1.000000000000000000 ) ) ;
#2254 = AXIS2_PLACEMENT_3D ( 'NONE', #9219, #6817, #9170 ) ;
#2255 = VERTEX_POINT ( 'NONE', #6036 ) ;
#2256 = CARTESIAN_POINT ( 'NONE',  ( -5.150000000000000355, 0.000000000000000000, 0.000000000000000000 ) ) ;
#2257 = EDGE_CURVE ( 'NONE', #1225, #8462, #2623, .T. ) ;
#2258 = VECTOR ( 'NONE', #690, 1000.000000000000000 ) ;
#2259 = ORIENTED_EDGE ( 'NONE', *, *, #6876, .F. ) ;
#2260 = DIRECTION ( 'NONE',  ( -1.000000000000000000, -0.000000000000000000, -0.000000000000000000 ) ) ;
#2261 = EDGE_LOOP ( 'NONE', ( #9982, #5666, #5036, #3435 ) ) ;
#2262 =( GEOMETRIC_REPRESENTATION_CONTEXT ( 3 ) GLOBAL_UNCERTAINTY_ASSIGNED_CONTEXT ( ( #7937 ) ) GLOBAL_UNIT_ASSIGNED_CONTEXT ( ( #7193, #10396, #3925 ) ) REPRESENTATION_CONTEXT ( 'NONE', 'WORKASPACE' ) );
#2263 = FACE_OUTER_BOUND ( 'NONE', #2446, .T. ) ;
#2264 = VERTEX_POINT ( 'NONE', #6913 ) ;
#2265 = DIRECTION ( 'NONE',  ( -1.000000000000000000, -0.000000000000000000, 0.000000000000000000 ) ) ;
#2266 = ORIENTED_EDGE ( 'NONE', *, *, #6751, .T. ) ;
#2267 = DIRECTION ( 'NONE',  ( -9.944274703051762951E-16, -0.9902251923489522323, 0.1394778421021800330 ) ) ;
#2268 = ORIENTED_EDGE ( 'NONE', *, *, #3219, .T. ) ;
#2269 = DIRECTION ( 'NONE',  ( 0.000000000000000000, -1.000000000000000000, -0.000000000000000000 ) ) ;
#2270 = EDGE_CURVE ( 'NONE', #7309, #6977, #10457, .T. ) ;
#2271 = EDGE_CURVE ( 'NONE', #7352, #6488, #3490, .T. ) ;
#2272 = ORIENTED_EDGE ( 'NONE', *, *, #3676, .T. ) ;
#2273 = CARTESIAN_POINT ( 'NONE',  ( -8.000000000000000000, 0.4999999999999995559, 1.399999999999999911 ) ) ;
#2274 = ORIENTED_EDGE ( 'NONE', *, *, #2354, .F. ) ;
#2275 = CARTESIAN_POINT ( 'NONE',  ( -8.000000000000000000, -5.349999999999999645, 1.399999999999999911 ) ) ;
#2276 = LINE ( 'NONE', #3899, #6159 ) ;
#2277 = DIRECTION ( 'NONE',  ( -0.000000000000000000, -1.000000000000000000, -0.000000000000000000 ) ) ;
#2278 = CARTESIAN_POINT ( 'NONE',  ( -8.000000000000000000, -3.975000000000000089, 1.400000000000000133 ) ) ;
#2279 = PLANE ( 'NONE',  #1252 ) ;
#2280 = ORIENTED_EDGE ( 'NONE', *, *, #7302, .T. ) ;
#2281 = CARTESIAN_POINT ( 'NONE',  ( -9.500000000000000000, 3.000000000000001776, 5.000000000000000888 ) ) ;
#2282 = VECTOR ( 'NONE', #6781, 1000.000000000000000 ) ;
#2283 = DIRECTION ( 'NONE',  ( -1.000000000000000000, 0.000000000000000000, 1.630765106641810118E-16 ) ) ;
#2284 = FACE_OUTER_BOUND ( 'NONE', #2418, .T. ) ;
#2285 = ORIENTED_EDGE ( 'NONE', *, *, #5860, .T. ) ;
#2286 = LINE ( 'NONE', #9781, #4395 ) ;
#2287 = PLANE ( 'NONE',  #7725 ) ;
#2288 = CARTESIAN_POINT ( 'NONE',  ( -6.400000000000000355, 0.5000000000000000000, -0.9499999999999998446 ) ) ;
#2289 = AXIS2_PLACEMENT_3D ( 'NONE', #7820, #382, #3682 ) ;
#2290 = CARTESIAN_POINT ( 'NONE',  ( -8.000000000000000000, -5.350000000000000533, 1.400000000000000799 ) ) ;
#2291 = EDGE_LOOP ( 'NONE', ( #6428, #7662, #936, #4958 ) ) ;
#2292 = CARTESIAN_POINT ( 'NONE',  ( -7.485714285714290206, 0.000000000000000000, -3.500000000000000000 ) ) ;
#2293 = EDGE_CURVE ( 'NONE', #9802, #4107, #1968, .T. ) ;
#2294 = DIRECTION ( 'NONE',  ( -0.9441829104614446466, 0.000000000000000000, -0.3294216623000918442 ) ) ;
#2295 = CARTESIAN_POINT ( 'NONE',  ( 3.100000000000000533, -1.199999999999999734, 1.899999999999999689 ) ) ;
#2296 = VECTOR ( 'NONE', #9022, 1000.000000000000000 ) ;
#2297 = LINE ( 'NONE', #9040, #6470 ) ;
#2298 = CARTESIAN_POINT ( 'NONE',  ( -8.000000000000000000, -4.775000000000000355, 31.88557667661039829 ) ) ;
#2299 = DIRECTION ( 'NONE',  ( 0.000000000000000000, 0.000000000000000000, -1.000000000000000000 ) ) ;
#2300 = EDGE_CURVE ( 'NONE', #6540, #9118, #7629, .T. ) ;
#2301 = DIRECTION ( 'NONE',  ( 1.000000000000000000, 0.000000000000000000, 0.000000000000000000 ) ) ;
#2302 = CARTESIAN_POINT ( 'NONE',  ( 4.650000000000000355, 1.652592182892419936, -4.756973892105110124 ) ) ;
#2303 = EDGE_LOOP ( 'NONE', ( #7594, #7371, #3097, #2434, #6764, #5844, #8007, #6479, #1170, #8569, #989, #1180, #6726, #4689, #2577, #2382, #2049, #6102, #6152, #8902 ) ) ;
#2304 = ORIENTED_EDGE ( 'NONE', *, *, #6338, .F. ) ;
#2305 = DIRECTION ( 'NONE',  ( -0.000000000000000000, -1.000000000000000000, -0.000000000000000000 ) ) ;
#2306 = ADVANCED_FACE ( 'NONE', ( #1912 ), #8559, .F. ) ;
#2307 = ORIENTED_EDGE ( 'NONE', *, *, #4252, .T. ) ;
#2308 = CARTESIAN_POINT ( 'NONE',  ( -1.925000000000000044, 0.000000000000000000, 0.000000000000000000 ) ) ;
#2309 = ORIENTED_EDGE ( 'NONE', *, *, #5202, .T. ) ;
#2310 = VECTOR ( 'NONE', #9408, 1000.000000000000000 ) ;
#2311 = VECTOR ( 'NONE', #5626, 1000.000000000000000 ) ;
#2312 = FACE_OUTER_BOUND ( 'NONE', #7460, .T. ) ;
#2313 = ORIENTED_EDGE ( 'NONE', *, *, #7950, .T. ) ;
#2314 = EDGE_CURVE ( 'NONE', #315, #6958, #2193, .T. ) ;
#2315 = DIRECTION ( 'NONE',  ( -0.000000000000000000, 1.000000000000000000, 0.000000000000000000 ) ) ;
#2316 = ORIENTED_EDGE ( 'NONE', *, *, #10393, .T. ) ;
#2317 = CARTESIAN_POINT ( 'NONE',  ( 8.000000000000000000, 0.000000000000000000, 0.000000000000000000 ) ) ;
#2318 = ORIENTED_EDGE ( 'NONE', *, *, #3424, .T. ) ;
#2319 = CARTESIAN_POINT ( 'NONE',  ( -6.450000000000000178, -0.9499999999999999556, -0.3500000000000000333 ) ) ;
#2320 = ORIENTED_EDGE ( 'NONE', *, *, #10379, .T. ) ;
#2321 = AXIS2_PLACEMENT_3D ( 'NONE', #3245, #603, #7317 ) ;
#2322 = VECTOR ( 'NONE', #8702, 1000.000000000000000 ) ;
#2323 = ORIENTED_EDGE ( 'NONE', *, *, #6008, .T. ) ;
#2324 = DIRECTION ( 'NONE',  ( -1.000000000000000000, -0.000000000000000000, -0.000000000000000000 ) ) ;
#2325 = EDGE_CURVE ( 'NONE', #5924, #10237, #7841, .T. ) ;
#2326 = VECTOR ( 'NONE', #8388, 1000.000000000000000 ) ;
#2327 = ADVANCED_FACE ( 'NONE', ( #10509 ), #5548, .T. ) ;
#2328 = AXIS2_PLACEMENT_3D ( 'NONE', #10077, #247, #1064 ) ;
#2329 = ORIENTED_EDGE ( 'NONE', *, *, #2378, .T. ) ;
#2330 = FACE_OUTER_BOUND ( 'NONE', #5461, .T. ) ;
#2331 = FACE_OUTER_BOUND ( 'NONE', #8597, .T. ) ;
#2332 = CARTESIAN_POINT ( 'NONE',  ( -7.500000000000000000, 0.5000000000000000000, -0.9499999999999999556 ) ) ;
#2333 = PLANE ( 'NONE',  #3440 ) ;
#2334 = CARTESIAN_POINT ( 'NONE',  ( -8.000000000000000000, 5.349999999999999645, 15.00000000000000000 ) ) ;
#2335 = ORIENTED_EDGE ( 'NONE', *, *, #3000, .F. ) ;
#2336 = LINE ( 'NONE', #6561, #8596 ) ;
#2337 = AXIS2_PLACEMENT_3D ( 'NONE', #5538, #5644, #3962 ) ;
#2338 = CARTESIAN_POINT ( 'NONE',  ( -4.650000000000002132, -3.199511259617446868, -4.073532465804422742 ) ) ;
#2339 = ADVANCED_FACE ( 'NONE', ( #9580 ), #3704, .F. ) ;
#2340 = CARTESIAN_POINT ( 'NONE',  ( 1.000000000000000000, 0.8000000000000000444, 7.713101904062729997E-17 ) ) ;
#2341 = EDGE_LOOP ( 'NONE', ( #9171, #2908, #2585, #10018, #900, #10524, #3404, #10295 ) ) ;
#2342 = DIRECTION ( 'NONE',  ( -1.000000000000000000, -1.762930361765040079E-17, -0.000000000000000000 ) ) ;
#2343 = VECTOR ( 'NONE', #7611, 1000.000000000000000 ) ;
#2344 = CONTEXT_DEPENDENT_SHAPE_REPRESENTATION ( #8593, #5655 ) ;
#2345 = DIRECTION ( 'NONE',  ( 1.000000000000000000, 0.000000000000000000, -0.000000000000000000 ) ) ;
#2346 = DIRECTION ( 'NONE',  ( -0.000000000000000000, -0.3586157030623760567, -0.9334852851100962079 ) ) ;
#2347 = DIRECTION ( 'NONE',  ( -0.000000000000000000, 1.000000000000000000, -0.000000000000000000 ) ) ;
#2348 = ORIENTED_EDGE ( 'NONE', *, *, #10101, .T. ) ;
#2349 = CARTESIAN_POINT ( 'NONE',  ( 1.925000000000000044, 4.775000000000000355, 31.88557667661039829 ) ) ;
#2350 = DIRECTION ( 'NONE',  ( 0.000000000000000000, -1.000000000000000000, -0.000000000000000000 ) ) ;
#2351 = DIRECTION ( 'NONE',  ( -0.3294216623000923438, 0.000000000000000000, -0.9441829104614443136 ) ) ;
#2352 = AXIS2_PLACEMENT_3D ( 'NONE', #10134, #9373, #5172 ) ;
#2353 = CARTESIAN_POINT ( 'NONE',  ( -5.650000000000000355, -0.5000000000000000000, 10.30000000000000071 ) ) ;
#2354 = EDGE_CURVE ( 'NONE', #3166, #7577, #8565, .T. ) ;
#2355 = LINE ( 'NONE', #1530, #3972 ) ;
#2356 = CARTESIAN_POINT ( 'NONE',  ( 0.000000000000000000, -6.349999999999999645, 13.00000000000000178 ) ) ;
#2357 = VERTEX_POINT ( 'NONE', #5378 ) ;
#2358 = AXIS2_PLACEMENT_3D ( 'NONE', #9713, #10587, #704 ) ;
#2359 = VERTEX_POINT ( 'NONE', #8010 ) ;
#2360 = PLANE ( 'NONE',  #6173 ) ;
#2361 = ORIENTED_EDGE ( 'NONE', *, *, #7441, .T. ) ;
#2362 = LINE ( 'NONE', #10621, #10420 ) ;
#2363 = ORIENTED_EDGE ( 'NONE', *, *, #6951, .T. ) ;
#2364 = ADVANCED_FACE ( 'NONE', ( #568 ), #3647, .F. ) ;
#2365 = VECTOR ( 'NONE', #5174, 1000.000000000000000 ) ;
#2366 = EDGE_CURVE ( 'NONE', #10021, #2653, #9686, .T. ) ;
#2367 = CARTESIAN_POINT ( 'NONE',  ( -2.000000000000000000, 0.000000000000000000, 0.000000000000000000 ) ) ;
#2368 = ORIENTED_EDGE ( 'NONE', *, *, #7466, .F. ) ;
#2369 = FACE_BOUND ( 'NONE', #7099, .T. ) ;
#2370 = ORIENTED_EDGE ( 'NONE', *, *, #5443, .T. ) ;
#2371 = DIRECTION ( 'NONE',  ( 0.000000000000000000, 0.000000000000000000, 1.000000000000000000 ) ) ;
#2372 = VERTEX_POINT ( 'NONE', #4671 ) ;
#2373 = CARTESIAN_POINT ( 'NONE',  ( 10.58818515033610552, -3.000000000000000000, 9.343524243637009619 ) ) ;
#2374 = EDGE_LOOP ( 'NONE', ( #1734, #7248, #5247, #4241 ) ) ;
#2375 = CARTESIAN_POINT ( 'NONE',  ( 0.4213622681056542474, 2.147566352453869509, 4.291337561092804620 ) ) ;
#2376 = AXIS2_PLACEMENT_3D ( 'NONE', #2069, #5542, #6193 ) ;
#2377 = EDGE_LOOP ( 'NONE', ( #8954, #6248, #3666, #5373 ) ) ;
#2378 = EDGE_CURVE ( 'NONE', #9571, #6356, #514, .T. ) ;
#2379 = EDGE_CURVE ( 'NONE', #6611, #7138, #8719, .T. ) ;
#2380 = DIRECTION ( 'NONE',  ( 1.000000000000000000, 0.000000000000000000, -0.000000000000000000 ) ) ;
#2381 = VECTOR ( 'NONE', #2269, 1000.000000000000000 ) ;
#2382 = ORIENTED_EDGE ( 'NONE', *, *, #2293, .T. ) ;
#2383 = FACE_OUTER_BOUND ( 'NONE', #5173, .T. ) ;
#2384 = VERTEX_POINT ( 'NONE', #9474 ) ;
#2385 = CARTESIAN_POINT ( 'NONE',  ( 1.345023123579162538, 4.158056844850730904, 4.494292427120074152 ) ) ;
#2386 = CARTESIAN_POINT ( 'NONE',  ( -7.500000000000000000, -0.5000000000000011102, -0.9499999999999998446 ) ) ;
#2387 = DIRECTION ( 'NONE',  ( 0.000000000000000000, -0.000000000000000000, 1.000000000000000000 ) ) ;
#2388 = FILL_AREA_STYLE_COLOUR ( '', #4708 ) ;
#2389 = ORIENTED_EDGE ( 'NONE', *, *, #4683, .F. ) ;
#2390 = DIRECTION ( 'NONE',  ( -0.000000000000000000, 1.000000000000000000, -3.576749435003730024E-16 ) ) ;
#2391 = EDGE_CURVE ( 'NONE', #7374, #3332, #6148, .T. ) ;
#2392 = CARTESIAN_POINT ( 'NONE',  ( 1.173692976842867219, 3.485280623729092753, 4.421000006569570928 ) ) ;
#2393 = CARTESIAN_POINT ( 'NONE',  ( -2.000000000000000000, 0.000000000000000000, 0.000000000000000000 ) ) ;
#2394 = ORIENTED_EDGE ( 'NONE', *, *, #3544, .F. ) ;
#2395 = DIRECTION ( 'NONE',  ( 0.000000000000000000, 0.000000000000000000, 1.000000000000000000 ) ) ;
#2396 = CARTESIAN_POINT ( 'NONE',  ( 2.000000000000000000, 2.200000000000000178, -0.9499999999999999556 ) ) ;
#2397 = DIRECTION ( 'NONE',  ( -0.000000000000000000, 1.000000000000000000, 0.000000000000000000 ) ) ;
#2398 = EDGE_LOOP ( 'NONE', ( #1666, #6009, #3610, #9269 ) ) ;
#2399 = DIRECTION ( 'NONE',  ( 1.000000000000000000, 0.000000000000000000, 0.000000000000000000 ) ) ;
#2400 = CARTESIAN_POINT ( 'NONE',  ( -8.970441590861199188, 3.000000000000000444, 5.000000000000000000 ) ) ;
#2401 = ADVANCED_FACE ( 'NONE', ( #4559 ), #4455, .F. ) ;
#2402 = ADVANCED_FACE ( 'NONE', ( #7785 ), #351, .T. ) ;
#2403 = CARTESIAN_POINT ( 'NONE',  ( -1.925000000000000044, 3.975000000000000089, 31.88557667661039829 ) ) ;
#2404 = DIRECTION ( 'NONE',  ( 0.000000000000000000, 1.000000000000000000, -0.000000000000000000 ) ) ;
#2405 = PLANE ( 'NONE',  #9870 ) ;
#2406 = LINE ( 'NONE', #1585, #8239 ) ;
#2407 = VECTOR ( 'NONE', #4639, 1000.000000000000000 ) ;
#2408 = DIRECTION ( 'NONE',  ( -1.000000000000000000, -0.000000000000000000, -0.000000000000000000 ) ) ;
#2409 = DIRECTION ( 'NONE',  ( -0.000000000000000000, 1.000000000000000000, -0.000000000000000000 ) ) ;
#2410 = VERTEX_POINT ( 'NONE', #7901 ) ;
#2411 = ORIENTED_EDGE ( 'NONE', *, *, #598, .F. ) ;
#2412 = LINE ( 'NONE', #5714, #6001 ) ;
#2413 = EDGE_LOOP ( 'NONE', ( #5660, #1740, #7084, #5613, #6640 ) ) ;
#2414 = DIRECTION ( 'NONE',  ( 0.000000000000000000, 0.000000000000000000, 1.000000000000000000 ) ) ;
#2415 = ORIENTED_EDGE ( 'NONE', *, *, #5205, .T. ) ;
#2416 = CIRCLE ( 'NONE', #8328, 1.000000000000000000 ) ;
#2417 = DIRECTION ( 'NONE',  ( -0.000000000000000000, 0.000000000000000000, 1.000000000000000000 ) ) ;
#2418 = EDGE_LOOP ( 'NONE', ( #2773, #9159, #7122, #5331, #3027, #529 ) ) ;
#2419 = CARTESIAN_POINT ( 'NONE',  ( -8.074999999999999289, -3.975000000000000089, 31.88557667661039829 ) ) ;
#2420 = VERTEX_POINT ( 'NONE', #462 ) ;
#2421 = CARTESIAN_POINT ( 'NONE',  ( -0.5938517970903767207, 2.604171980115637108, 4.349159708278617309 ) ) ;
#2422 = VECTOR ( 'NONE', #6678, 1000.000000000000000 ) ;
#2423 = ORIENTED_EDGE ( 'NONE', *, *, #597, .T. ) ;
#2424 = CARTESIAN_POINT ( 'NONE',  ( 9.500000000000000000, 6.349999999999999645, 10.50000000000000000 ) ) ;
#2425 = ORIENTED_EDGE ( 'NONE', *, *, #4133, .T. ) ;
#2426 =( LENGTH_UNIT ( ) NAMED_UNIT ( * ) SI_UNIT ( .MILLI., .METRE. ) );
#2427 = EDGE_CURVE ( 'NONE', #620, #82, #10392, .T. ) ;
#2428 = VERTEX_POINT ( 'NONE', #2131 ) ;
#2429 = VECTOR ( 'NONE', #10064, 1000.000000000000000 ) ;
#2430 = DIRECTION ( 'NONE',  ( -1.253010536419839989E-17, -1.000000000000000000, -0.000000000000000000 ) ) ;
#2431 = ORIENTED_EDGE ( 'NONE', *, *, #7478, .F. ) ;
#2432 = LINE ( 'NONE', #4001, #6993 ) ;
#2433 = EDGE_CURVE ( 'NONE', #6685, #7059, #5438, .T. ) ;
#2434 = ORIENTED_EDGE ( 'NONE', *, *, #5385, .F. ) ;
#2435 = FACE_OUTER_BOUND ( 'NONE', #8254, .T. ) ;
#2436 = DIRECTION ( 'NONE',  ( 0.000000000000000000, -1.000000000000000000, -0.000000000000000000 ) ) ;
#2437 = STYLED_ITEM ( 'NONE', ( #8395 ), #8601 ) ;
#2438 = DIRECTION ( 'NONE',  ( 0.000000000000000000, 0.000000000000000000, -1.000000000000000000 ) ) ;
#2439 = DIRECTION ( 'NONE',  ( 1.000000000000000000, 0.000000000000000000, 0.000000000000000000 ) ) ;
#2440 = ORIENTED_EDGE ( 'NONE', *, *, #10272, .F. ) ;
#2441 = ORIENTED_EDGE ( 'NONE', *, *, #855, .T. ) ;
#2442 = FACE_OUTER_BOUND ( 'NONE', #2606, .T. ) ;
#2443 = CARTESIAN_POINT ( 'NONE',  ( 4.650000000000000355, -3.199511259617449976, -4.073532465804420966 ) ) ;
#2444 = AXIS2_PLACEMENT_3D ( 'NONE', #7839, #3702, #10341 ) ;
#2445 = DIRECTION ( 'NONE',  ( 7.734435880151368664E-16, -0.9902251923489522323, 0.1394778421021800330 ) ) ;
#2446 = EDGE_LOOP ( 'NONE', ( #10274, #431, #5052, #4114 ) ) ;
#2447 = CARTESIAN_POINT ( 'NONE',  ( 5.150000000000000355, -6.429304672761169570, 4.385836643711150451 ) ) ;
#2448 = EDGE_CURVE ( 'NONE', #10618, #9155, #729, .T. ) ;
#2449 = FACE_OUTER_BOUND ( 'NONE', #1654, .T. ) ;
#2450 = DIRECTION ( 'NONE',  ( 1.000000000000000000, 0.000000000000000000, -1.257045997084639900E-16 ) ) ;
#2451 = ORIENTED_EDGE ( 'NONE', *, *, #10299, .F. ) ;
#2452 = PRESENTATION_LAYER_ASSIGNMENT (  '', '', ( #8700 ) ) ;
#2453 = CARTESIAN_POINT ( 'NONE',  ( -6.400000000000000355, -0.5000000000000011102, -0.9499999999999996225 ) ) ;
#2454 = DIRECTION ( 'NONE',  ( -0.000000000000000000, -1.000000000000000000, 0.000000000000000000 ) ) ;
#2455 = PLANE ( 'NONE',  #9595 ) ;
#2456 = CIRCLE ( 'NONE', #384, 38.37500000000000000 ) ;
#2457 = PLANE ( 'NONE',  #5530 ) ;
#2458 = CARTESIAN_POINT ( 'NONE',  ( 4.000000000000000000, 2.132480364127279593, -1.349999999999999867 ) ) ;
#2459 = EDGE_CURVE ( 'NONE', #4518, #5433, #2509, .T. ) ;
#2460 = LINE ( 'NONE', #5050, #6128 ) ;
#2461 = EDGE_CURVE ( 'NONE', #6192, #6622, #627, .T. ) ;
#2462 = VERTEX_POINT ( 'NONE', #2353 ) ;
#2463 = ORIENTED_EDGE ( 'NONE', *, *, #4111, .T. ) ;
#2464 = DIRECTION ( 'NONE',  ( 0.7071067811865470176, 0.000000000000000000, -0.7071067811865480168 ) ) ;
#2465 = ORIENTED_EDGE ( 'NONE', *, *, #6737, .F. ) ;
#2466 = FACE_OUTER_BOUND ( 'NONE', #10639, .T. ) ;
#2467 = VECTOR ( 'NONE', #927, 1000.000000000000000 ) ;
#2468 = ORIENTED_EDGE ( 'NONE', *, *, #5603, .T. ) ;
#2469 = FACE_OUTER_BOUND ( 'NONE', #8488, .T. ) ;
#2470 = VERTEX_POINT ( 'NONE', #7290 ) ;
#2471 = DIRECTION ( 'NONE',  ( 0.000000000000000000, 0.000000000000000000, -1.000000000000000000 ) ) ;
#2472 = AXIS2_PLACEMENT_3D ( 'NONE', #3510, #4214, #9385 ) ;
#2473 = ORIENTED_EDGE ( 'NONE', *, *, #6511, .T. ) ;
#2474 = ORIENTED_EDGE ( 'NONE', *, *, #4644, .T. ) ;
#2475 = LINE ( 'NONE', #5785, #8708 ) ;
#2476 = DIRECTION ( 'NONE',  ( -1.000000000000000000, -0.000000000000000000, -0.000000000000000000 ) ) ;
#2477 = VERTEX_POINT ( 'NONE', #6420 ) ;
#2478 = CARTESIAN_POINT ( 'NONE',  ( 1.504504394932679734, 3.350522358625213304, 4.380547227691198309 ) ) ;
#2479 = ORIENTED_EDGE ( 'NONE', *, *, #8494, .F. ) ;
#2480 = VECTOR ( 'NONE', #5316, 1000.000000000000000 ) ;
#2481 = VECTOR ( 'NONE', #8440, 1000.000000000000000 ) ;
#2482 = CARTESIAN_POINT ( 'NONE',  ( 6.049999999999999822, -3.975000000000000089, 1.399999999999999689 ) ) ;
#2483 = EDGE_CURVE ( 'NONE', #7385, #9225, #5415, .T. ) ;
#2484 = ORIENTED_EDGE ( 'NONE', *, *, #7107, .F. ) ;
#2485 = CARTESIAN_POINT ( 'NONE',  ( -1.000000000000000000, -6.450000000000000178, 0.000000000000000000 ) ) ;
#2486 = VECTOR ( 'NONE', #7484, 1000.000000000000000 ) ;
#2487 = VERTEX_POINT ( 'NONE', #9955 ) ;
#2488 = CARTESIAN_POINT ( 'NONE',  ( 1.925000000000000044, 0.000000000000000000, 0.000000000000000000 ) ) ;
#2489 = DIRECTION ( 'NONE',  ( -0.000000000000000000, -1.000000000000000000, 0.000000000000000000 ) ) ;
#2490 = VECTOR ( 'NONE', #10523, 1000.000000000000000 ) ;
#2491 = ORIENTED_EDGE ( 'NONE', *, *, #7663, .T. ) ;
#2492 = DIRECTION ( 'NONE',  ( 1.000000000000000000, 1.762930361765040079E-17, 0.000000000000000000 ) ) ;
#2493 = DIRECTION ( 'NONE',  ( 1.000000000000000000, 0.000000000000000000, -0.000000000000000000 ) ) ;
#2494 = EDGE_CURVE ( 'NONE', #9272, #131, #6990, .T. ) ;
#2495 = PRESENTATION_LAYER_ASSIGNMENT (  '', '', ( #4552 ) ) ;
#2496 = AXIS2_PLACEMENT_3D ( 'NONE', #6039, #3492, #6093 ) ;
#2497 = EDGE_CURVE ( 'NONE', #10633, #6977, #1787, .T. ) ;
#2498 = DIRECTION ( 'NONE',  ( -1.000000000000000000, -0.000000000000000000, 0.000000000000000000 ) ) ;
#2499 = ORIENTED_EDGE ( 'NONE', *, *, #9541, .F. ) ;
#2500 = LINE ( 'NONE', #8, #5594 ) ;
#2501 = LINE ( 'NONE', #64, #7564 ) ;
#2502 = CARTESIAN_POINT ( 'NONE',  ( -6.049999999999999822, -1.199999999999999956, 31.88557667661039829 ) ) ;
#2503 = VECTOR ( 'NONE', #4878, 1000.000000000000000 ) ;
#2504 = ORIENTED_EDGE ( 'NONE', *, *, #472, .T. ) ;
#2505 = AXIS2_PLACEMENT_3D ( 'NONE', #7391, #10653, #9944 ) ;
#2506 = DIRECTION ( 'NONE',  ( -0.3243243243243244534, -3.631299142295940756E-17, 0.9459459459459459429 ) ) ;
#2507 = FACE_OUTER_BOUND ( 'NONE', #8027, .T. ) ;
#2508 = ADVANCED_FACE ( 'NONE', ( #6579 ), #4887, .T. ) ;
#2509 = LINE ( 'NONE', #5761, #228 ) ;
#2510 = AXIS2_PLACEMENT_3D ( 'NONE', #663, #607, #7938 ) ;
#2511 = EDGE_CURVE ( 'NONE', #7892, #1751, #9735, .T. ) ;
#2512 = CARTESIAN_POINT ( 'NONE',  ( 8.572527594031481818E-17, 0.000000000000000000, -8.424777700366560040 ) ) ;
#2513 = SURFACE_STYLE_FILL_AREA ( #571 ) ;
#2514 = LINE ( 'NONE', #4028, #7643 ) ;
#2515 =( NAMED_UNIT ( * ) SI_UNIT ( $, .STERADIAN. ) SOLID_ANGLE_UNIT ( ) );
#2516 = ORIENTED_EDGE ( 'NONE', *, *, #4008, .T. ) ;
#2517 = EDGE_LOOP ( 'NONE', ( #10016, #3697, #2280, #2954 ) ) ;
#2518 = DIRECTION ( 'NONE',  ( 0.000000000000000000, 1.000000000000000000, 0.000000000000000000 ) ) ;
#2519 = ORIENTED_EDGE ( 'NONE', *, *, #9784, .F. ) ;
#2520 = CARTESIAN_POINT ( 'NONE',  ( 9.913744736894727794, 3.000000000000000000, 11.81413169024230037 ) ) ;
#2521 = VECTOR ( 'NONE', #1520, 1000.000000000000000 ) ;
#2522 = LINE ( 'NONE', #8453, #4504 ) ;
#2523 = EDGE_CURVE ( 'NONE', #311, #6874, #5651, .T. ) ;
#2524 = DIRECTION ( 'NONE',  ( 1.000000000000000000, 0.000000000000000000, -0.000000000000000000 ) ) ;
#2525 = ORIENTED_EDGE ( 'NONE', *, *, #1857, .F. ) ;
#2526 = AXIS2_PLACEMENT_3D ( 'NONE', #10147, #2541, #6772 ) ;
#2527 = ORIENTED_EDGE ( 'NONE', *, *, #6229, .F. ) ;
#2528 = CARTESIAN_POINT ( 'NONE',  ( -0.3883328573200747758, 2.545367668557076968, 4.344359252170637120 ) ) ;
#2529 = ORIENTED_EDGE ( 'NONE', *, *, #2724, .F. ) ;
#2530 = DIRECTION ( 'NONE',  ( -1.000000000000000000, -1.762930361765040079E-17, -0.000000000000000000 ) ) ;
#2531 = LINE ( 'NONE', #3446, #8790 ) ;
#2532 = ORIENTED_EDGE ( 'NONE', *, *, #5740, .T. ) ;
#2533 = CARTESIAN_POINT ( 'NONE',  ( 2.000000000000000000, -0.5000000000000011102, -0.9499999999999998446 ) ) ;
#2534 = ORIENTED_EDGE ( 'NONE', *, *, #9502, .T. ) ;
#2535 =( GEOMETRIC_REPRESENTATION_CONTEXT ( 3 ) GLOBAL_UNCERTAINTY_ASSIGNED_CONTEXT ( ( #4653 ) ) GLOBAL_UNIT_ASSIGNED_CONTEXT ( ( #4415, #8624, #8570 ) ) REPRESENTATION_CONTEXT ( 'NONE', 'WORKASPACE' ) );
#2536 = EDGE_CURVE ( 'NONE', #9118, #1753, #8119, .T. ) ;
#2537 = ORIENTED_EDGE ( 'NONE', *, *, #9464, .T. ) ;
#2538 = LINE ( 'NONE', #1216, #236 ) ;
#2539 = VECTOR ( 'NONE', #1961, 1000.000000000000000 ) ;
#2540 = EDGE_LOOP ( 'NONE', ( #8156, #2411, #1111, #3711 ) ) ;
#2541 = DIRECTION ( 'NONE',  ( 1.000000000000000000, 0.000000000000000000, 0.000000000000000000 ) ) ;
#2542 = CARTESIAN_POINT ( 'NONE',  ( 2.000000000000000444, -0.5000000000000009992, 0.000000000000000000 ) ) ;
#2543 = CARTESIAN_POINT ( 'NONE',  ( 0.000000000000000000, -7.500000000000000000, 13.00000000000000178 ) ) ;
#2544 = CARTESIAN_POINT ( 'NONE',  ( 1.173690479653439978, 3.491553376297148681, 4.344053544034167658 ) ) ;
#2545 = ORIENTED_EDGE ( 'NONE', *, *, #10569, .F. ) ;
#2546 = DIRECTION ( 'NONE',  ( 0.000000000000000000, 1.000000000000000000, -0.000000000000000000 ) ) ;
#2547 = VECTOR ( 'NONE', #6657, 1000.000000000000000 ) ;
#2548 = LINE ( 'NONE', #1178, #528 ) ;
#2549 = ORIENTED_EDGE ( 'NONE', *, *, #6238, .F. ) ;
#2550 = CARTESIAN_POINT ( 'NONE',  ( -5.150000000000000355, 6.429304672761169570, 4.785836643711149918 ) ) ;
#2551 = DIRECTION ( 'NONE',  ( 1.253010536419839989E-17, 1.000000000000000000, 0.000000000000000000 ) ) ;
#2552 = FACE_OUTER_BOUND ( 'NONE', #7518, .T. ) ;
#2553 = LINE ( 'NONE', #1891, #559 ) ;
#2554 = EDGE_CURVE ( 'NONE', #8501, #5182, #3921, .T. ) ;
#2555 = VERTEX_POINT ( 'NONE', #674 ) ;
#2556 = CARTESIAN_POINT ( 'NONE',  ( -0.9805414107000246515, 2.398751532204273840, 4.350837474255919268 ) ) ;
#2557 = EDGE_CURVE ( 'NONE', #10408, #3066, #3213, .T. ) ;
#2558 = CARTESIAN_POINT ( 'NONE',  ( -0.7249999999999999778, -2.215285445989088497, 2.913994591726143391 ) ) ;
#2559 = CARTESIAN_POINT ( 'NONE',  ( -5.150000000000000355, -6.429304672761169570, 4.785836643711149918 ) ) ;
#2560 = DIRECTION ( 'NONE',  ( -0.000000000000000000, 1.000000000000000000, 0.000000000000000000 ) ) ;
#2561 = CARTESIAN_POINT ( 'NONE',  ( -5.650000000000000355, 0.5000000000000000000, 10.30000000000000071 ) ) ;
#2562 = DIRECTION ( 'NONE',  ( 0.000000000000000000, 0.000000000000000000, -1.000000000000000000 ) ) ;
#2563 = CARTESIAN_POINT ( 'NONE',  ( 0.5750000000000013989, -0.4999999999999995559, 2.500000000000000000 ) ) ;
#2564 = EDGE_CURVE ( 'NONE', #8841, #7624, #2297, .T. ) ;
#2565 = ORIENTED_EDGE ( 'NONE', *, *, #3214, .T. ) ;
#2566 = LINE ( 'NONE', #4452, #3570 ) ;
#2567 = ORIENTED_EDGE ( 'NONE', *, *, #7981, .F. ) ;
#2568 = CARTESIAN_POINT ( 'NONE',  ( -9.500000000000000000, 6.349999999999999645, 0.000000000000000000 ) ) ;
#2569 = EDGE_CURVE ( 'NONE', #4626, #1316, #1639, .T. ) ;
#2570 = EDGE_CURVE ( 'NONE', #1340, #374, #18, .T. ) ;
#2571 = DIRECTION ( 'NONE',  ( 0.3294216623000917887, 0.000000000000000000, 0.9441829104614445356 ) ) ;
#2572 = CARTESIAN_POINT ( 'NONE',  ( 0.5000000000000000000, 0.5000000000000000000, -3.500000000000000000 ) ) ;
#2573 = VECTOR ( 'NONE', #2018, 1000.000000000000000 ) ;
#2574 = LINE ( 'NONE', #9421, #164 ) ;
#2575 = DIRECTION ( 'NONE',  ( 1.000000000000000000, 0.000000000000000000, -0.000000000000000000 ) ) ;
#2576 = FACE_BOUND ( 'NONE', #1905, .T. ) ;
#2577 = ORIENTED_EDGE ( 'NONE', *, *, #10478, .T. ) ;
#2578 = CARTESIAN_POINT ( 'NONE',  ( -0.8465434547140670007, 2.769875162168998983, 4.285287178236768746 ) ) ;
#2579 = ORIENTED_EDGE ( 'NONE', *, *, #7351, .T. ) ;
#2580 = CARTESIAN_POINT ( 'NONE',  ( -1.925000000000000044, -3.975000000000000089, 15.00000000000000000 ) ) ;
#2581 = DIRECTION ( 'NONE',  ( 1.000000000000000000, 0.000000000000000000, 0.000000000000000000 ) ) ;
#2582 = ORIENTED_EDGE ( 'NONE', *, *, #6806, .F. ) ;
#2583 = PLANE ( 'NONE',  #6220 ) ;
#2584 = AXIS2_PLACEMENT_3D ( 'NONE', #428, #538, #8684 ) ;
#2585 = ORIENTED_EDGE ( 'NONE', *, *, #4370, .F. ) ;
#2586 = DIRECTION ( 'NONE',  ( 0.000000000000000000, 1.000000000000000000, -0.000000000000000000 ) ) ;
#2587 = ORIENTED_EDGE ( 'NONE', *, *, #4690, .F. ) ;
#2588 = EDGE_CURVE ( 'NONE', #3591, #10633, #8916, .T. ) ;
#2589 = VERTEX_POINT ( 'NONE', #6472 ) ;
#2590 = CARTESIAN_POINT ( 'NONE',  ( 8.970441590861199188, 2.999999999999999556, 5.000000000000000000 ) ) ;
#2591 = CYLINDRICAL_SURFACE ( 'NONE', #8555, 36.99598795820000419 ) ;
#2592 = EDGE_CURVE ( 'NONE', #8787, #7261, #8988, .T. ) ;
#2593 = FACE_OUTER_BOUND ( 'NONE', #6340, .T. ) ;
#2594 = PLANE ( 'NONE',  #1938 ) ;
#2595 = LINE ( 'NONE', #1882, #4109 ) ;
#2596 = ORIENTED_EDGE ( 'NONE', *, *, #148, .F. ) ;
#2597 = AXIS2_PLACEMENT_3D ( 'NONE', #8630, #2037, #6981 ) ;
#2598 = DIRECTION ( 'NONE',  ( 0.000000000000000000, 0.000000000000000000, 1.000000000000000000 ) ) ;
#2599 = VECTOR ( 'NONE', #4899, 1000.000000000000000 ) ;
#2600 = DIRECTION ( 'NONE',  ( 0.000000000000000000, -0.000000000000000000, -1.000000000000000000 ) ) ;
#2601 = ORIENTED_EDGE ( 'NONE', *, *, #10379, .F. ) ;
#2602 = CARTESIAN_POINT ( 'NONE',  ( -4.650000000000000355, 0.000000000000000000, 0.000000000000000000 ) ) ;
#2603 = AXIS2_PLACEMENT_3D ( 'NONE', #6040, #3652, #7741 ) ;
#2604 = FACE_BOUND ( 'NONE', #10109, .T. ) ;
#2605 = LINE ( 'NONE', #3473, #8369 ) ;
#2606 = EDGE_LOOP ( 'NONE', ( #10045, #4310, #2800, #4153, #5908, #9107 ) ) ;
#2607 = PRODUCT_DEFINITION_CONTEXT ( 'detailed design', #5513, 'design' ) ;
#2608 = CARTESIAN_POINT ( 'NONE',  ( 0.03866102393695276807, 2.111922911077984022, 4.327421841464778929 ) ) ;
#2609 = FACE_OUTER_BOUND ( 'NONE', #8360, .T. ) ;
#2610 = CARTESIAN_POINT ( 'NONE',  ( 2.375000000000000000, 0.8000000000000000444, -4.899777700366559685 ) ) ;
#2611 = DIRECTION ( 'NONE',  ( -1.000000000000000000, 0.000000000000000000, 0.000000000000000000 ) ) ;
#2612 = DIRECTION ( 'NONE',  ( 0.000000000000000000, -0.9902251923489521213, 0.1394778421021800052 ) ) ;
#2613 = CARTESIAN_POINT ( 'NONE',  ( -0.7249999999999999778, -0.4648070691295291268, -0.4315705929554872755 ) ) ;
#2614 = PLANE ( 'NONE',  #9101 ) ;
#2615 = ADVANCED_FACE ( 'NONE', ( #3267 ), #2455, .F. ) ;
#2616 = VECTOR ( 'NONE', #2493, 1000.000000000000000 ) ;
#2617 = ORIENTED_EDGE ( 'NONE', *, *, #9096, .T. ) ;
#2618 = CARTESIAN_POINT ( 'NONE',  ( 5.450000000000000178, 0.000000000000000000, -1.750000000000000000 ) ) ;
#2619 = ORIENTED_EDGE ( 'NONE', *, *, #4273, .F. ) ;
#2620 = DIRECTION ( 'NONE',  ( 0.000000000000000000, -1.000000000000000000, -0.000000000000000000 ) ) ;
#2621 = EDGE_LOOP ( 'NONE', ( #5774, #4199, #80, #473 ) ) ;
#2622 = VECTOR ( 'NONE', #10053, 1000.000000000000000 ) ;
#2623 = LINE ( 'NONE', #5930, #6284 ) ;
#2624 = EDGE_CURVE ( 'NONE', #1945, #7271, #10059, .T. ) ;
#2625 = FACE_OUTER_BOUND ( 'NONE', #3484, .T. ) ;
#2626 = LINE ( 'NONE', #4457, #4221 ) ;
#2627 = PLANE ( 'NONE',  #710 ) ;
#2628 = EDGE_CURVE ( 'NONE', #7638, #6221, #3345, .T. ) ;
#2629 = EDGE_LOOP ( 'NONE', ( #10677, #536, #6426, #10354, #4515, #5305, #8293, #3613, #6054, #4524, #1194, #1858, #377, #1839, #8047, #966, #8692, #2519, #9221, #4202, #6142, #2139, #3554, #633, #10067, #2039, #2942, #7236, #3079, #5301, #4194, #3051, #6749, #6125, #4307, #4694, #3783, #3892 ) ) ;
#2630 = CARTESIAN_POINT ( 'NONE',  ( -0.3610023943709066985, 4.461266805758230980, 4.500544378655721545 ) ) ;
#2631 = EDGE_LOOP ( 'NONE', ( #2747, #1807, #3576, #4280 ) ) ;
#2632 = SURFACE_SIDE_STYLE ('',( #9168 ) ) ;
#2633 = ORIENTED_EDGE ( 'NONE', *, *, #3437, .F. ) ;
#2634 = CARTESIAN_POINT ( 'NONE',  ( 0.3476635879912445826, 4.866497509606231731, 4.550440926574957246 ) ) ;
#2635 = ORIENTED_EDGE ( 'NONE', *, *, #3084, .F. ) ;
#2636 = EDGE_CURVE ( 'NONE', #6645, #8900, #4233, .T. ) ;
#2637 = AXIS2_PLACEMENT_3D ( 'NONE', #5403, #1288, #299 ) ;
#2638 = CARTESIAN_POINT ( 'NONE',  ( 0.000000000000000000, 6.795823926507079847E-16, 1.899999999999999911 ) ) ;
#2639 = ORIENTED_EDGE ( 'NONE', *, *, #855, .F. ) ;
#2640 = ORIENTED_EDGE ( 'NONE', *, *, #3810, .F. ) ;
#2641 = DIRECTION ( 'NONE',  ( -1.000000000000000000, -0.000000000000000000, -0.000000000000000000 ) ) ;
#2642 = CARTESIAN_POINT ( 'NONE',  ( -9.848823097076500943, 3.000000000000000000, 7.517602519649587478 ) ) ;
#2643 = CARTESIAN_POINT ( 'NONE',  ( 9.500000000000000000, -6.349999999999999645, 5.000000000000000888 ) ) ;
#2644 = LINE ( 'NONE', #10252, #10270 ) ;
#2645 = FACE_OUTER_BOUND ( 'NONE', #881, .T. ) ;
#2646 = VECTOR ( 'NONE', #5134, 1000.000000000000000 ) ;
#2647 = EDGE_LOOP ( 'NONE', ( #5502, #422, #8689, #4553 ) ) ;
#2648 = DIRECTION ( 'NONE',  ( 0.000000000000000000, -1.000000000000000000, -0.000000000000000000 ) ) ;
#2649 = ADVANCED_FACE ( 'NONE', ( #8384 ), #1896, .F. ) ;
#2650 = EDGE_CURVE ( 'NONE', #7525, #1872, #72, .T. ) ;
#2651 = AXIS2_PLACEMENT_3D ( 'NONE', #10292, #6609, #2847 ) ;
#2652 = AXIS2_PLACEMENT_3D ( 'NONE', #9353, #6447, #3634 ) ;
#2653 = VERTEX_POINT ( 'NONE', #9192 ) ;
#2654 = CARTESIAN_POINT ( 'NONE',  ( -6.450000000000000178, 0.000000000000000000, -0.3499999999999999778 ) ) ;
#2655 = FACE_OUTER_BOUND ( 'NONE', #7696, .T. ) ;
#2656 = DIRECTION ( 'NONE',  ( -1.000000000000000000, -0.000000000000000000, -0.000000000000000000 ) ) ;
#2657 = DIRECTION ( 'NONE',  ( 2.431855340154410242E-16, -1.000000000000000000, -0.000000000000000000 ) ) ;
#2658 = EDGE_LOOP ( 'NONE', ( #2171, #10555, #10282, #7965 ) ) ;
#2659 = CARTESIAN_POINT ( 'NONE',  ( -1.500000000000000000, -3.804846164371794792, 4.425186540299632654 ) ) ;
#2660 = VECTOR ( 'NONE', #7137, 1000.000000000000000 ) ;
#2661 = VECTOR ( 'NONE', #2586, 1000.000000000000000 ) ;
#2662 = CARTESIAN_POINT ( 'NONE',  ( 10.05037900976999943, 3.000000000000000000, 10.50735166954630095 ) ) ;
#2663 = EDGE_CURVE ( 'NONE', #1872, #5453, #1690, .T. ) ;
#2664 = DIRECTION ( 'NONE',  ( -1.000000000000000000, 0.000000000000000000, -0.000000000000000000 ) ) ;
#2665 = CARTESIAN_POINT ( 'NONE',  ( 3.450000000000000178, -1.199999999999999956, 1.899999999999999911 ) ) ;
#2666 = CARTESIAN_POINT ( 'NONE',  ( 10.05037900976999943, -3.000000000000000000, 10.50735166954630095 ) ) ;
#2667 = VECTOR ( 'NONE', #2346, 1000.000000000000114 ) ;
#2668 = CARTESIAN_POINT ( 'NONE',  ( -6.400000000000000355, -0.5000000000000000000, 10.30000000000000071 ) ) ;
#2669 = VECTOR ( 'NONE', #8561, 1000.000000000000000 ) ;
#2670 = VERTEX_POINT ( 'NONE', #2559 ) ;
#2671 = ORIENTED_EDGE ( 'NONE', *, *, #7243, .F. ) ;
#2672 = FACE_OUTER_BOUND ( 'NONE', #4151, .T. ) ;
#2673 = ORIENTED_EDGE ( 'NONE', *, *, #2494, .F. ) ;
#2674 = DIRECTION ( 'NONE',  ( 0.000000000000000000, 0.000000000000000000, -1.000000000000000000 ) ) ;
#2675 = PLANE ( 'NONE',  #8527 ) ;
#2676 = AXIS2_PLACEMENT_3D ( 'NONE', #10212, #3684, #2763 ) ;
#2677 = ADVANCED_FACE ( 'NONE', ( #10215, #5045 ), #8331, .F. ) ;
#2678 = CARTESIAN_POINT ( 'NONE',  ( 0.000000000000000000, 6.795823926507079847E-16, 1.899999999999999911 ) ) ;
#2679 = DIRECTION ( 'NONE',  ( 0.000000000000000000, -0.000000000000000000, -1.000000000000000000 ) ) ;
#2680 = CARTESIAN_POINT ( 'NONE',  ( -8.750000000000000000, -7.500000000000000000, 10.50000000000000000 ) ) ;
#2681 = CARTESIAN_POINT ( 'NONE',  ( -1.699999999999999956, -6.450000000000000178, 13.00000000000000178 ) ) ;
#2682 = EDGE_LOOP ( 'NONE', ( #1644, #1619, #6605, #6431 ) ) ;
#2683 = PLANE ( 'NONE',  #9809 ) ;
#2684 = AXIS2_PLACEMENT_3D ( 'NONE', #6358, #6515, #7282 ) ;
#2685 = ORIENTED_EDGE ( 'NONE', *, *, #3219, .F. ) ;
#2686 = ORIENTED_EDGE ( 'NONE', *, *, #4560, .F. ) ;
#2687 = CARTESIAN_POINT ( 'NONE',  ( 1.453394918482828979, 3.920909136078500445, 4.436948121338359918 ) ) ;
#2688 = EDGE_LOOP ( 'NONE', ( #8994, #10082, #6818, #1443 ) ) ;
#2689 = EDGE_CURVE ( 'NONE', #1128, #7679, #6690, .T. ) ;
#2690 = AXIS2_PLACEMENT_3D ( 'NONE', #4176, #5094, #9143 ) ;
#2691 = DIRECTION ( 'NONE',  ( 0.000000000000000000, 0.000000000000000000, -1.000000000000000000 ) ) ;
#2692 = ORIENTED_EDGE ( 'NONE', *, *, #9446, .F. ) ;
#2693 = ORIENTED_EDGE ( 'NONE', *, *, #9208, .T. ) ;
#2694 = LINE ( 'NONE', #10308, #276 ) ;
#2695 = PLANE ( 'NONE',  #6632 ) ;
#2696 = PLANE ( 'NONE',  #6908 ) ;
#2697 = CARTESIAN_POINT ( 'NONE',  ( -6.400000000000000355, -0.5000000000000000000, 1.399999999999999911 ) ) ;
#2698 = DIRECTION ( 'NONE',  ( -0.000000000000000000, -0.9902251923489521213, 0.1394778421021800052 ) ) ;
#2699 = ADVANCED_FACE ( 'NONE', ( #3532 ), #999, .F. ) ;
#2700 = VECTOR ( 'NONE', #3340, 1000.000000000000000 ) ;
#2701 = ORIENTED_EDGE ( 'NONE', *, *, #2840, .F. ) ;
#2702 = EDGE_CURVE ( 'NONE', #3015, #2384, #175, .T. ) ;
#2703 = EDGE_CURVE ( 'NONE', #2410, #7094, #5974, .T. ) ;
#2704 = DIRECTION ( 'NONE',  ( -1.000000000000000000, -0.000000000000000000, -0.000000000000000000 ) ) ;
#2705 = VECTOR ( 'NONE', #2094, 1000.000000000000000 ) ;
#2706 = VERTEX_POINT ( 'NONE', #6023 ) ;
#2707 = PLANE ( 'NONE',  #9093 ) ;
#2708 = DIRECTION ( 'NONE',  ( 0.000000000000000000, -1.000000000000000000, -0.000000000000000000 ) ) ;
#2709 = CARTESIAN_POINT ( 'NONE',  ( -8.074999999999999289, 3.975000000000000089, 15.00000000000000000 ) ) ;
#2710 = CARTESIAN_POINT ( 'NONE',  ( 0.000000000000000000, 5.250000000000000000, -2.500000000000000000 ) ) ;
#2711 = ORIENTED_EDGE ( 'NONE', *, *, #7108, .F. ) ;
#2712 = UNCERTAINTY_MEASURE_WITH_UNIT (LENGTH_MEASURE( 1.000000000000000082E-05 ), #4444, 'distance_accuracy_value', 'NONE');
#2713 = CARTESIAN_POINT ( 'NONE',  ( 0.000000000000000000, 0.8000000000000000444, -10.89977770036660054 ) ) ;
#2714 = VECTOR ( 'NONE', #8943, 1000.000000000000000 ) ;
#2715 = PLANE ( 'NONE',  #10607 ) ;
#2716 = DIRECTION ( 'NONE',  ( -0.000000000000000000, -1.000000000000000000, -0.000000000000000000 ) ) ;
#2717 = DIRECTION ( 'NONE',  ( -1.000000000000000000, 0.000000000000000000, 0.000000000000000000 ) ) ;
#2718 = ORIENTED_EDGE ( 'NONE', *, *, #8424, .T. ) ;
#2719 = PLANE ( 'NONE',  #7684 ) ;
#2720 = AXIS2_PLACEMENT_3D ( 'NONE', #6365, #8874, #4720 ) ;
#2721 =( LENGTH_UNIT ( ) NAMED_UNIT ( * ) SI_UNIT ( .MILLI., .METRE. ) );
#2722 = CARTESIAN_POINT ( 'NONE',  ( -8.431660231660229599, 0.4999999999999986122, -2.824324324324326785 ) ) ;
#2723 = ORIENTED_EDGE ( 'NONE', *, *, #210, .F. ) ;
#2724 = EDGE_CURVE ( 'NONE', #1994, #7031, #583, .T. ) ;
#2725 = ORIENTED_EDGE ( 'NONE', *, *, #1926, .F. ) ;
#2726 = DIRECTION ( 'NONE',  ( 0.000000000000000000, 0.000000000000000000, 1.000000000000000000 ) ) ;
#2727 = ADVANCED_FACE ( 'NONE', ( #9763 ), #5260, .F. ) ;
#2728 = VERTEX_POINT ( 'NONE', #6950 ) ;
#2729 = DIRECTION ( 'NONE',  ( -0.000000000000000000, -0.000000000000000000, -1.000000000000000000 ) ) ;
#2730 = LINE ( 'NONE', #3438, #1570 ) ;
#2731 = DIRECTION ( 'NONE',  ( 0.000000000000000000, -0.000000000000000000, 1.000000000000000000 ) ) ;
#2732 = DIRECTION ( 'NONE',  ( 1.000000000000000000, 0.000000000000000000, -0.000000000000000000 ) ) ;
#2733 = CARTESIAN_POINT ( 'NONE',  ( -10.32091455230719923, -3.000000000000000000, 10.64710831150049941 ) ) ;
#2734 = FACE_OUTER_BOUND ( 'NONE', #7979, .T. ) ;
#2735 = CARTESIAN_POINT ( 'NONE',  ( 1.500000000000000000, -3.799436604322960598, 4.474893045553059778 ) ) ;
#2736 = ORIENTED_EDGE ( 'NONE', *, *, #608, .T. ) ;
#2737 = CARTESIAN_POINT ( 'NONE',  ( -0.6949378966760819676, 4.337185579008739467, 4.413050970494958314 ) ) ;
#2738 = ORIENTED_EDGE ( 'NONE', *, *, #8687, .F. ) ;
#2739 = EDGE_CURVE ( 'NONE', #8176, #3550, #3136, .T. ) ;
#2740 = ORIENTED_EDGE ( 'NONE', *, *, #5686, .F. ) ;
#2741 = DIRECTION ( 'NONE',  ( 0.000000000000000000, -1.000000000000000000, 0.000000000000000000 ) ) ;
#2742 = ORIENTED_EDGE ( 'NONE', *, *, #6089, .T. ) ;
#2743 = AXIS2_PLACEMENT_3D ( 'NONE', #3701, #7018, #6195 ) ;
#2744 = FACE_OUTER_BOUND ( 'NONE', #3724, .T. ) ;
#2745 = ORIENTED_EDGE ( 'NONE', *, *, #6077, .F. ) ;
#2746 = AXIS2_PLACEMENT_3D ( 'NONE', #5404, #7982, #2158 ) ;
#2747 = ORIENTED_EDGE ( 'NONE', *, *, #9685, .F. ) ;
#2748 = CARTESIAN_POINT ( 'NONE',  ( -0.5749999999999999556, -5.349999999999999645, 2.500000000000000000 ) ) ;
#2749 = LINE ( 'NONE', #1933, #8907 ) ;
#2750 = EDGE_CURVE ( 'NONE', #995, #448, #10269, .T. ) ;
#2751 = DIRECTION ( 'NONE',  ( 0.000000000000000000, 0.9902251923489521213, -0.1394778421021800052 ) ) ;
#2752 = CARTESIAN_POINT ( 'NONE',  ( 0.08975871097725669767, 4.493873718435366982, 4.425798878073574194 ) ) ;
#2753 = ORIENTED_EDGE ( 'NONE', *, *, #4406, .T. ) ;
#2754 = AXIS2_PLACEMENT_3D ( 'NONE', #554, #9674, #7175 ) ;
#2755 = EDGE_CURVE ( 'NONE', #7094, #2428, #1951, .T. ) ;
#2756 = ORIENTED_EDGE ( 'NONE', *, *, #3449, .T. ) ;
#2757 = CARTESIAN_POINT ( 'NONE',  ( 5.450000000000000178, -0.9499999999999999556, -0.3499999999999999778 ) ) ;
#2758 = CARTESIAN_POINT ( 'NONE',  ( 0.000000000000000000, 6.339999999999999858, 0.000000000000000000 ) ) ;
#2759 = ADVANCED_FACE ( 'NONE', ( #5573 ), #8963, .F. ) ;
#2760 = DIRECTION ( 'NONE',  ( 0.000000000000000000, 0.000000000000000000, 1.000000000000000000 ) ) ;
#2761 = ORIENTED_EDGE ( 'NONE', *, *, #6430, .T. ) ;
#2762 = STYLED_ITEM ( 'NONE', ( #8083 ), #10129 ) ;
#2763 = DIRECTION ( 'NONE',  ( 1.000000000000000000, 0.000000000000000000, -0.000000000000000000 ) ) ;
#2764 = CARTESIAN_POINT ( 'NONE',  ( 0.01817409304598030170, 4.495138669678016008, 4.425904321342039260 ) ) ;
#2765 =( NAMED_UNIT ( * ) PLANE_ANGLE_UNIT ( ) SI_UNIT ( $, .RADIAN. ) );
#2766 = EDGE_CURVE ( 'NONE', #522, #4738, #7315, .T. ) ;
#2767 = CIRCLE ( 'NONE', #4157, 0.4000000000000001887 ) ;
#2768 = CARTESIAN_POINT ( 'NONE',  ( 10.50000000000000000, -7.500000000000000000, 15.00000000000000000 ) ) ;
#2769 = ORIENTED_EDGE ( 'NONE', *, *, #1556, .T. ) ;
#2770 = DIRECTION ( 'NONE',  ( -1.664968612062080058E-17, 0.1394778421021800330, 0.9902251923489522323 ) ) ;
#2771 = DIRECTION ( 'NONE',  ( -0.000000000000000000, 0.000000000000000000, 1.000000000000000000 ) ) ;
#2772 = FACE_BOUND ( 'NONE', #1847, .T. ) ;
#2773 = ORIENTED_EDGE ( 'NONE', *, *, #4274, .F. ) ;
#2774 = LINE ( 'NONE', #6140, #9747 ) ;
#2775 = ORIENTED_EDGE ( 'NONE', *, *, #7212, .F. ) ;
#2776 = DIRECTION ( 'NONE',  ( 1.734723475976806700E-15, 0.000000000000000000, -1.000000000000000000 ) ) ;
#2777 = AXIS2_PLACEMENT_3D ( 'NONE', #6264, #3118, #4845 ) ;
#2778 = ORIENTED_EDGE ( 'NONE', *, *, #4872, .F. ) ;
#2779 = LINE ( 'NONE', #9316, #1025 ) ;
#2780 = LINE ( 'NONE', #6088, #9903 ) ;
#2781 = DIRECTION ( 'NONE',  ( 0.000000000000000000, 0.000000000000000000, -1.000000000000000000 ) ) ;
#2782 = EDGE_CURVE ( 'NONE', #3069, #8311, #599, .T. ) ;
#2783 = EDGE_CURVE ( 'NONE', #635, #3990, #10638, .T. ) ;
#2784 = AXIS2_PLACEMENT_3D ( 'NONE', #8277, #5152, #7614 ) ;
#2785 = LINE ( 'NONE', #6038, #5166 ) ;
#2786 = LINE ( 'NONE', #1971, #8760 ) ;
#2787 = DIRECTION ( 'NONE',  ( 0.000000000000000000, 1.000000000000000000, -0.000000000000000000 ) ) ;
#2788 = CARTESIAN_POINT ( 'NONE',  ( 6.049999999999999822, 1.199999999999999956, 1.899999999999999911 ) ) ;
#2789 = ORIENTED_EDGE ( 'NONE', *, *, #2271, .T. ) ;
#2790 = EDGE_LOOP ( 'NONE', ( #1311, #10278, #6381, #5757, #2032, #5467, #7515, #9910, #825 ) ) ;
#2791 = LINE ( 'NONE', #1069, #10167 ) ;
#2792 = ORIENTED_EDGE ( 'NONE', *, *, #5479, .F. ) ;
#2793 = DIRECTION ( 'NONE',  ( -1.000000000000000000, 0.000000000000000000, -0.000000000000000000 ) ) ;
#2794 = VECTOR ( 'NONE', #110, 1000.000000000000000 ) ;
#2795 = ORIENTED_EDGE ( 'NONE', *, *, #8141, .T. ) ;
#2796 = CARTESIAN_POINT ( 'NONE',  ( -1.000000000000000000, 6.450000000000000178, 13.00000000000000178 ) ) ;
#2797 = CARTESIAN_POINT ( 'NONE',  ( -4.000000000000000000, 2.132480364127279593, -1.349999999999999867 ) ) ;
#2798 = VECTOR ( 'NONE', #6329, 1000.000000000000000 ) ;
#2799 = ORIENTED_EDGE ( 'NONE', *, *, #5279, .F. ) ;
#2800 = ORIENTED_EDGE ( 'NONE', *, *, #10703, .F. ) ;
#2801 = CARTESIAN_POINT ( 'NONE',  ( 0.000000000000000000, -1.199999999999999956, -0.9499999999999999556 ) ) ;
#2802 = CARTESIAN_POINT ( 'NONE',  ( 10.50000000000000000, 7.500000000000000000, 15.00000000000000000 ) ) ;
#2803 = CYLINDRICAL_SURFACE ( 'NONE', #8665, 1.000000000000000888 ) ;
#2804 = FACE_OUTER_BOUND ( 'NONE', #6857, .T. ) ;
#2805 = CARTESIAN_POINT ( 'NONE',  ( -0.7838282818014459252, 4.722750081809389933, 4.531636902678661372 ) ) ;
#2806 = ORIENTED_EDGE ( 'NONE', *, *, #7023, .F. ) ;
#2807 = EDGE_CURVE ( 'NONE', #1420, #6745, #5313, .T. ) ;
#2808 = VECTOR ( 'NONE', #2044, 1000.000000000000000 ) ;
#2809 = EDGE_CURVE ( 'NONE', #3800, #6982, #7262, .T. ) ;
#2810 = ORIENTED_EDGE ( 'NONE', *, *, #6146, .F. ) ;
#2811 = DIRECTION ( 'NONE',  ( 0.000000000000000000, 0.000000000000000000, 1.000000000000000000 ) ) ;
#2812 = CARTESIAN_POINT ( 'NONE',  ( 1.349582517709239982, 2.851271407022120119, 4.291851409323290234 ) ) ;
#2813 = CARTESIAN_POINT ( 'NONE',  ( -0.4714618744718649945, 4.849672694414173257, 4.454822180000701515 ) ) ;
#2814 = VECTOR ( 'NONE', #7024, 1000.000000000000000 ) ;
#2815 = CARTESIAN_POINT ( 'NONE',  ( -3.100000000000000533, -0.5000000000000000000, 10.30000000000000071 ) ) ;
#2816 = EDGE_LOOP ( 'NONE', ( #7575, #4489, #2635, #9244, #3303 ) ) ;
#2817 = UNCERTAINTY_MEASURE_WITH_UNIT (LENGTH_MEASURE( 1.000000000000000082E-05 ), #6068, 'distance_accuracy_value', 'NONE');
#2818 = CARTESIAN_POINT ( 'NONE',  ( -2.375000000000000000, 0.000000000000000000, -4.899777700366559685 ) ) ;
#2819 = ADVANCED_FACE ( 'NONE', ( #700 ), #3998, .F. ) ;
#2820 = CARTESIAN_POINT ( 'NONE',  ( 0.2155100145344162332, 4.480413623829212710, 4.502155340298201303 ) ) ;
#2821 = VECTOR ( 'NONE', #2118, 1000.000000000000000 ) ;
#2822 = AXIS2_PLACEMENT_3D ( 'NONE', #1426, #4025, #7453 ) ;
#2823 = EDGE_CURVE ( 'NONE', #9397, #7213, #2880, .T. ) ;
#2824 = DIRECTION ( 'NONE',  ( 0.000000000000000000, -0.000000000000000000, 1.000000000000000000 ) ) ;
#2825 = DIRECTION ( 'NONE',  ( 0.000000000000000000, -0.1394778421021800052, -0.9902251923489521213 ) ) ;
#2826 = ORIENTED_EDGE ( 'NONE', *, *, #8344, .T. ) ;
#2827 = DIRECTION ( 'NONE',  ( -0.000000000000000000, 0.9902251923489521213, -0.1394778421021800052 ) ) ;
#2828 = DIRECTION ( 'NONE',  ( 1.000000000000000000, 0.000000000000000000, 0.000000000000000000 ) ) ;
#2829 = DIRECTION ( 'NONE',  ( 1.000000000000000000, 0.000000000000000000, 0.000000000000000000 ) ) ;
#2830 = ORIENTED_EDGE ( 'NONE', *, *, #6354, .F. ) ;
#2831 = CARTESIAN_POINT ( 'NONE',  ( -0.7250000000000000888, -3.199511259617442871, -4.073532465804426295 ) ) ;
#2832 = AXIS2_PLACEMENT_3D ( 'NONE', #2165, #5471, #3035 ) ;
#2833 = ORIENTED_EDGE ( 'NONE', *, *, #2103, .T. ) ;
#2834 = CARTESIAN_POINT ( 'NONE',  ( -8.074999999999999289, -4.775000000000000355, 0.000000000000000000 ) ) ;
#2835 = VECTOR ( 'NONE', #4208, 1000.000000000000000 ) ;
#2836 = ORIENTED_EDGE ( 'NONE', *, *, #8615, .F. ) ;
#2837 = CARTESIAN_POINT ( 'NONE',  ( -1.700000000000000178, 6.349999999999999645, 10.50000000000000000 ) ) ;
#2838 = ADVANCED_FACE ( 'NONE', ( #6076 ), #9404, .T. ) ;
#2839 = LINE ( 'NONE', #9473, #4687 ) ;
#2840 = EDGE_CURVE ( 'NONE', #6844, #10071, #6132, .T. ) ;
#2841 = CARTESIAN_POINT ( 'NONE',  ( 1.925000000000000044, -3.975000000000000089, 15.00000000000000000 ) ) ;
#2842 =( GEOMETRIC_REPRESENTATION_CONTEXT ( 3 ) GLOBAL_UNCERTAINTY_ASSIGNED_CONTEXT ( ( #6180 ) ) GLOBAL_UNIT_ASSIGNED_CONTEXT ( ( #8284, #6696, #2515 ) ) REPRESENTATION_CONTEXT ( 'NONE', 'WORKASPACE' ) );
#2843 = VECTOR ( 'NONE', #74, 1000.000000000000000 ) ;
#2844 = DIRECTION ( 'NONE',  ( 1.000000000000000000, 0.000000000000000000, 0.000000000000000000 ) ) ;
#2845 = DIRECTION ( 'NONE',  ( 1.000000000000000000, 0.000000000000000000, -0.000000000000000000 ) ) ;
#2846 = DIRECTION ( 'NONE',  ( 0.000000000000000000, 0.9902251923489522323, -0.1394778421021800330 ) ) ;
#2847 = DIRECTION ( 'NONE',  ( 0.7071067811865470176, 0.000000000000000000, -0.7071067811865480168 ) ) ;
#2848 = ORIENTED_EDGE ( 'NONE', *, *, #9068, .F. ) ;
#2849 = ORIENTED_EDGE ( 'NONE', *, *, #2921, .T. ) ;
#2850 = ORIENTED_EDGE ( 'NONE', *, *, #3824, .F. ) ;
#2851 = DIRECTION ( 'NONE',  ( -1.000000000000000000, -0.000000000000000000, -0.000000000000000000 ) ) ;
#2852 = VECTOR ( 'NONE', #4832, 1000.000000000000000 ) ;
#2853 = ORIENTED_EDGE ( 'NONE', *, *, #6413, .F. ) ;
#2854 = PLANE ( 'NONE',  #10475 ) ;
#2855 = VERTEX_POINT ( 'NONE', #9710 ) ;
#2856 = VECTOR ( 'NONE', #5256, 1000.000000000000000 ) ;
#2857 = DIRECTION ( 'NONE',  ( 1.000000000000000000, 0.000000000000000000, 0.000000000000000000 ) ) ;
#2858 = ORIENTED_EDGE ( 'NONE', *, *, #3255, .F. ) ;
#2859 = VERTEX_POINT ( 'NONE', #7827 ) ;
#2860 = DIRECTION ( 'NONE',  ( -1.000000000000000000, 0.000000000000000000, 0.000000000000000000 ) ) ;
#2861 = DIRECTION ( 'NONE',  ( 0.000000000000000000, 0.000000000000000000, 1.000000000000000000 ) ) ;
#2862 = FACE_OUTER_BOUND ( 'NONE', #6812, .T. ) ;
#2863 = DIRECTION ( 'NONE',  ( 0.000000000000000000, 0.000000000000000000, 1.000000000000000000 ) ) ;
#2864 = LINE ( 'NONE', #268, #1678 ) ;
#2865 = EDGE_CURVE ( 'NONE', #1963, #4869, #6183, .T. ) ;
#2866 = EDGE_CURVE ( 'NONE', #6554, #4915, #7215, .T. ) ;
#2867 = ORIENTED_EDGE ( 'NONE', *, *, #2366, .F. ) ;
#2868 = AXIS2_PLACEMENT_3D ( 'NONE', #7634, #1257, #5227 ) ;
#2869 = ORIENTED_EDGE ( 'NONE', *, *, #4123, .T. ) ;
#2870 = FACE_OUTER_BOUND ( 'NONE', #7754, .T. ) ;
#2871 = AXIS2_PLACEMENT_3D ( 'NONE', #1088, #10425, #8753 ) ;
#2872 = CARTESIAN_POINT ( 'NONE',  ( 1.500257396573350110, 3.473851937016720015, 4.342599906732568904 ) ) ;
#2873 = CARTESIAN_POINT ( 'NONE',  ( -1.502322897210280006, 3.413572216763403055, 4.337783288189661413 ) ) ;
#2874 = DIRECTION ( 'NONE',  ( -0.000000000000000000, 0.000000000000000000, 1.000000000000000000 ) ) ;
#2875 = EDGE_LOOP ( 'NONE', ( #5968, #4799, #10652, #4667 ) ) ;
#2876 = DIRECTION ( 'NONE',  ( 0.2164396139381028483, 0.000000000000000000, -0.9762960071199333623 ) ) ;
#2877 = CARTESIAN_POINT ( 'NONE',  ( 1.150952156791470005, 3.760868507983707421, 4.366009120809609456 ) ) ;
#2878 = CIRCLE ( 'NONE', #1664, 0.7000000000000000666 ) ;
#2879 = PRODUCT_DEFINITION_SHAPE ( 'NONE', 'NONE',  #4158 ) ;
#2880 = LINE ( 'NONE', #8651, #10302 ) ;
#2881 = FILL_AREA_STYLE_COLOUR ( '', #6400 ) ;
#2882 = VERTEX_POINT ( 'NONE', #3083 ) ;
#2883 = DIRECTION ( 'NONE',  ( 0.000000000000000000, -0.000000000000000000, -1.000000000000000000 ) ) ;
#2884 = PLANE ( 'NONE',  #3885 ) ;
#2885 = ORIENTED_EDGE ( 'NONE', *, *, #9833, .F. ) ;
#2886 = CARTESIAN_POINT ( 'NONE',  ( 1.496490303280000100, 3.378366948964218075, 4.334815997282744249 ) ) ;
#2887 = VERTEX_POINT ( 'NONE', #6390 ) ;
#2888 = DIRECTION ( 'NONE',  ( 0.000000000000000000, 0.000000000000000000, -1.000000000000000000 ) ) ;
#2889 = EDGE_CURVE ( 'NONE', #3677, #4931, #4760, .T. ) ;
#2890 = ORIENTED_EDGE ( 'NONE', *, *, #9031, .T. ) ;
#2891 = FACE_OUTER_BOUND ( 'NONE', #1956, .T. ) ;
#2892 = CARTESIAN_POINT ( 'NONE',  ( -9.674497472730669401, 3.000000000000000000, 11.81413169024230037 ) ) ;
#2893 =( GEOMETRIC_REPRESENTATION_CONTEXT ( 3 ) GLOBAL_UNCERTAINTY_ASSIGNED_CONTEXT ( ( #224 ) ) GLOBAL_UNIT_ASSIGNED_CONTEXT ( ( #2214, #8905, #8089 ) ) REPRESENTATION_CONTEXT ( 'NONE', 'WORKASPACE' ) );
#2894 = FACE_OUTER_BOUND ( 'NONE', #2204, .T. ) ;
#2895 = CARTESIAN_POINT ( 'NONE',  ( -0.7249999999999999778, 0.2499999999999980571, 2.850814340887959819 ) ) ;
#2896 = EDGE_CURVE ( 'NONE', #9372, #3252, #6498, .T. ) ;
#2897 = DIRECTION ( 'NONE',  ( -0.000000000000000000, -1.000000000000000000, 0.000000000000000000 ) ) ;
#2898 = SURFACE_SIDE_STYLE ('',( #7082 ) ) ;
#2899 = VERTEX_POINT ( 'NONE', #10036 ) ;
#2900 = ORIENTED_EDGE ( 'NONE', *, *, #10570, .F. ) ;
#2901 = CARTESIAN_POINT ( 'NONE',  ( 3.450000000000000178, 1.199999999999999956, 31.88557667661039829 ) ) ;
#2902 = EDGE_CURVE ( 'NONE', #95, #5728, #3242, .T. ) ;
#2903 = ORIENTED_EDGE ( 'NONE', *, *, #445, .F. ) ;
#2904 = CARTESIAN_POINT ( 'NONE',  ( -2.000000000000000000, -0.5000000000000019984, 0.000000000000000000 ) ) ;
#2905 = ORIENTED_EDGE ( 'NONE', *, *, #10553, .T. ) ;
#2906 = PLANE ( 'NONE',  #9061 ) ;
#2907 = DIRECTION ( 'NONE',  ( -1.000000000000000000, -0.000000000000000000, -0.000000000000000000 ) ) ;
#2908 = ORIENTED_EDGE ( 'NONE', *, *, #9618, .F. ) ;
#2909 = EDGE_CURVE ( 'NONE', #8911, #7362, #5894, .T. ) ;
#2910 = ORIENTED_EDGE ( 'NONE', *, *, #8824, .F. ) ;
#2911 = ORIENTED_EDGE ( 'NONE', *, *, #4442, .F. ) ;
#2912 = CARTESIAN_POINT ( 'NONE',  ( -1.000000000000000000, 0.8000000000000000444, -1.618033988749892238 ) ) ;
#2913 = CARTESIAN_POINT ( 'NONE',  ( 7.500000000000000000, 2.200000000000000178, -0.9499999999999999556 ) ) ;
#2914 = LINE ( 'NONE', #9443, #2407 ) ;
#2915 = PLANE ( 'NONE',  #7324 ) ;
#2916 = LINE ( 'NONE', #7809, #1343 ) ;
#2917 = CIRCLE ( 'NONE', #4293, 38.37500000000000000 ) ;
#2918 = ORIENTED_EDGE ( 'NONE', *, *, #993, .T. ) ;
#2919 = ADVANCED_FACE ( 'NONE', ( #1554 ), #4860, .F. ) ;
#2920 = VECTOR ( 'NONE', #2844, 1000.000000000000000 ) ;
#2921 = EDGE_CURVE ( 'NONE', #4193, #8252, #8197, .T. ) ;
#2922 = ORIENTED_EDGE ( 'NONE', *, *, #7964, .T. ) ;
#2923 = CARTESIAN_POINT ( 'NONE',  ( 1.500000000000000000, 8.985357054628929168E-16, 41.22500000000000142 ) ) ;
#2924 = CARTESIAN_POINT ( 'NONE',  ( 0.3254419613782509879, 2.135130056080039918, 4.233504087337198740 ) ) ;
#2925 = CARTESIAN_POINT ( 'NONE',  ( -1.086890036237790014, 2.499852068467453226, 4.263282425741062198 ) ) ;
#2926 = LINE ( 'NONE', #10263, #9398 ) ;
#2927 = ORIENTED_EDGE ( 'NONE', *, *, #4237, .F. ) ;
#2928 = UNCERTAINTY_MEASURE_WITH_UNIT (LENGTH_MEASURE( 1.000000000000000082E-05 ), #4924, 'distance_accuracy_value', 'NONE');
#2929 = CARTESIAN_POINT ( 'NONE',  ( -9.507689976714740254, -3.000000000000000000, 9.000000000000001776 ) ) ;
#2930 = AXIS2_PLACEMENT_3D ( 'NONE', #4836, #8171, #3922 ) ;
#2931 = CARTESIAN_POINT ( 'NONE',  ( 1.074365843172530255, 3.964287300314906837, 4.382594509669199390 ) ) ;
#2932 = CARTESIAN_POINT ( 'NONE',  ( -9.848823097076499167, -3.000000000000000000, 10.48239748035040186 ) ) ;
#2933 = ORIENTED_EDGE ( 'NONE', *, *, #9729, .T. ) ;
#2934 = CARTESIAN_POINT ( 'NONE',  ( 0.000000000000000000, 0.000000000000000000, 15.00000000000000000 ) ) ;
#2935 = AXIS2_PLACEMENT_3D ( 'NONE', #8735, #4579, #5458 ) ;
#2936 = DIRECTION ( 'NONE',  ( 1.000000000000000000, 0.000000000000000000, 0.000000000000000000 ) ) ;
#2937 = CARTESIAN_POINT ( 'NONE',  ( -9.674497472730669401, -3.000000000000000000, 11.81413169024230037 ) ) ;
#2938 = CARTESIAN_POINT ( 'NONE',  ( -1.499999999999999556, 8.985357054628929168E-16, 41.22500000000000142 ) ) ;
#2939 = ORIENTED_EDGE ( 'NONE', *, *, #8186, .T. ) ;
#2940 = CARTESIAN_POINT ( 'NONE',  ( -1.142843137103559892, 3.247922130493167359, 4.324267661105263727 ) ) ;
#2941 = ORIENTED_EDGE ( 'NONE', *, *, #4133, .F. ) ;
#2942 = ORIENTED_EDGE ( 'NONE', *, *, #4956, .T. ) ;
#2943 = CARTESIAN_POINT ( 'NONE',  ( 4.000000000000000000, -5.749999999999998224, 3.283227176369311273 ) ) ;
#2944 = CARTESIAN_POINT ( 'NONE',  ( -1.155263205811789984, 2.566844651538062294, 4.268745947057320578 ) ) ;
#2945 = VECTOR ( 'NONE', #2315, 1000.000000000000000 ) ;
#2946 = CARTESIAN_POINT ( 'NONE',  ( 8.050000000000000711, -6.450000000000000178, 13.00000000000000178 ) ) ;
#2947 = EDGE_CURVE ( 'NONE', #1669, #4063, #4972, .T. ) ;
#2948 =( LENGTH_UNIT ( ) NAMED_UNIT ( * ) SI_UNIT ( .MILLI., .METRE. ) );
#2949 = LINE ( 'NONE', #9582, #6312 ) ;
#2950 = DIRECTION ( 'NONE',  ( 0.000000000000000000, 0.000000000000000000, 1.000000000000000000 ) ) ;
#2951 = CARTESIAN_POINT ( 'NONE',  ( -4.000000000000000000, 0.000000000000000000, -1.350000000000000089 ) ) ;
#2952 = ORIENTED_EDGE ( 'NONE', *, *, #7145, .F. ) ;
#2953 = VECTOR ( 'NONE', #8283, 1000.000000000000000 ) ;
#2954 = ORIENTED_EDGE ( 'NONE', *, *, #10286, .F. ) ;
#2955 = DIRECTION ( 'NONE',  ( 0.000000000000000000, -0.1394778421021831416, -0.9902251923489517882 ) ) ;
#2956 = ORIENTED_EDGE ( 'NONE', *, *, #1141, .F. ) ;
#2957 = LINE ( 'NONE', #4464, #184 ) ;
#2958 = VERTEX_POINT ( 'NONE', #3346 ) ;
#2959 = EDGE_CURVE ( 'NONE', #6940, #4540, #4053, .T. ) ;
#2960 = LINE ( 'NONE', #4574, #2798 ) ;
#2961 = PRODUCT_DEFINITION_FORMATION_WITH_SPECIFIED_SOURCE ( 'ANY', '', #3837, .NOT_KNOWN. ) ;
#2962 = ADVANCED_FACE ( 'NONE', ( #10742, #5022 ), #6606, .F. ) ;
#2963 = LINE ( 'NONE', #9751, #4051 ) ;
#2964 = VERTEX_POINT ( 'NONE', #4159 ) ;
#2965 = CARTESIAN_POINT ( 'NONE',  ( -4.650000000000000355, 0.000000000000000000, -1.350000000000000089 ) ) ;
#2966 = VERTEX_POINT ( 'NONE', #7481 ) ;
#2967 = DIRECTION ( 'NONE',  ( 0.000000000000000000, 0.000000000000000000, 1.000000000000000000 ) ) ;
#2968 = ORIENTED_EDGE ( 'NONE', *, *, #1843, .F. ) ;
#2969 = DIRECTION ( 'NONE',  ( -0.000000000000000000, -0.000000000000000000, 1.000000000000000000 ) ) ;
#2970 = LINE ( 'NONE', #1182, #3681 ) ;
#2971 = CARTESIAN_POINT ( 'NONE',  ( -3.100000000000000533, 1.199999999999999956, 31.88557667661039829 ) ) ;
#2972 = FACE_OUTER_BOUND ( 'NONE', #7443, .T. ) ;
#2973 = CARTESIAN_POINT ( 'NONE',  ( -8.750000000000000000, 6.349999999999999645, 5.000000000000000888 ) ) ;
#2974 = ORIENTED_EDGE ( 'NONE', *, *, #4618, .F. ) ;
#2975 = EDGE_CURVE ( 'NONE', #10581, #9757, #3870, .T. ) ;
#2976 = VECTOR ( 'NONE', #2530, 1000.000000000000000 ) ;
#2977 = EDGE_CURVE ( 'NONE', #6031, #7396, #5732, .T. ) ;
#2978 = VERTEX_POINT ( 'NONE', #2482 ) ;
#2979 = DIRECTION ( 'NONE',  ( 0.000000000000000000, 1.000000000000000000, 0.000000000000000000 ) ) ;
#2980 = CARTESIAN_POINT ( 'NONE',  ( 0.7120496793977415528, 2.252802012707072254, 4.338994690319763592 ) ) ;
#2981 = CARTESIAN_POINT ( 'NONE',  ( -1.360523367524679950, 4.136690090632913375, 4.396727978440353013 ) ) ;
#2982 = DIRECTION ( 'NONE',  ( 0.000000000000000000, 0.000000000000000000, -1.000000000000000000 ) ) ;
#2983 = ORIENTED_EDGE ( 'NONE', *, *, #8281, .F. ) ;
#2984 = VECTOR ( 'NONE', #6113, 1000.000000000000000 ) ;
#2985 = FACE_OUTER_BOUND ( 'NONE', #8464, .T. ) ;
#2986 = ADVANCED_FACE ( 'NONE', ( #9067 ), #1609, .F. ) ;
#2987 = CARTESIAN_POINT ( 'NONE',  ( 0.6779147973192100052, 2.646787991664676820, 4.275203514864388765 ) ) ;
#2988 = VECTOR ( 'NONE', #426, 1000.000000000000000 ) ;
#2989 = ORIENTED_EDGE ( 'NONE', *, *, #3024, .T. ) ;
#2990 = CARTESIAN_POINT ( 'NONE',  ( 9.848823097076499167, -3.000000000000000000, 7.517602519649591031 ) ) ;
#2991 = PRODUCT_CONTEXT ( 'NONE', #10527, 'mechanical' ) ;
#2992 = CARTESIAN_POINT ( 'NONE',  ( -0.5636499206884667545, 4.390270344394497037, 4.494763252773847917 ) ) ;
#2993 = CARTESIAN_POINT ( 'NONE',  ( 9.507689976714736702, 3.000000000000000000, 12.97795911615160414 ) ) ;
#2994 = ORIENTED_EDGE ( 'NONE', *, *, #798, .T. ) ;
#2995 = CARTESIAN_POINT ( 'NONE',  ( 8.000000000000000000, 3.975000000000000089, 1.399999999999999689 ) ) ;
#2996 = ORIENTED_EDGE ( 'NONE', *, *, #7170, .T. ) ;
#2997 = FACE_OUTER_BOUND ( 'NONE', #2291, .T. ) ;
#2998 = ORIENTED_EDGE ( 'NONE', *, *, #1427, .F. ) ;
#2999 = CARTESIAN_POINT ( 'NONE',  ( -9.500000000000000000, -3.000000000000000000, 5.000000000000000000 ) ) ;
#3000 = EDGE_CURVE ( 'NONE', #5543, #6513, #595, .T. ) ;
#3001 = VECTOR ( 'NONE', #775, 1000.000000000000000 ) ;
#3002 = VECTOR ( 'NONE', #2245, 1000.000000000000000 ) ;
#3003 = PLANE ( 'NONE',  #8006 ) ;
#3004 = CARTESIAN_POINT ( 'NONE',  ( -10.05037900976999943, -3.000000000000000000, 10.50735166954630095 ) ) ;
#3005 = CARTESIAN_POINT ( 'NONE',  ( -8.000000000000000000, -3.975000000000000089, 1.400000000000001243 ) ) ;
#3006 = VECTOR ( 'NONE', #116, 1000.000000000000000 ) ;
#3007 = SURFACE_SIDE_STYLE ('',( #7244 ) ) ;
#3008 = CARTESIAN_POINT ( 'NONE',  ( -8.000000000000000000, 5.349999999999999645, 1.399999999999999911 ) ) ;
#3009 = AXIS2_PLACEMENT_3D ( 'NONE', #5843, #4108, #9223 ) ;
#3010 = ORIENTED_EDGE ( 'NONE', *, *, #10360, .T. ) ;
#3011 = ORIENTED_EDGE ( 'NONE', *, *, #2977, .F. ) ;
#3012 = CARTESIAN_POINT ( 'NONE',  ( -8.000000000000000000, -0.5000000000000000000, 1.399999999999999911 ) ) ;
#3013 = ORIENTED_EDGE ( 'NONE', *, *, #3824, .T. ) ;
#3014 = CARTESIAN_POINT ( 'NONE',  ( 3.100000000000000533, 3.975000000000000089, 1.899999999999999023 ) ) ;
#3015 = VERTEX_POINT ( 'NONE', #45 ) ;
#3016 = VECTOR ( 'NONE', #6138, 1000.000000000000000 ) ;
#3017 = FACE_OUTER_BOUND ( 'NONE', #9533, .T. ) ;
#3018 = VECTOR ( 'NONE', #6808, 1000.000000000000000 ) ;
#3019 = CARTESIAN_POINT ( 'NONE',  ( -8.750000000000000000, 6.450000000000001066, 10.50000000000000000 ) ) ;
#3020 = ORIENTED_EDGE ( 'NONE', *, *, #6746, .T. ) ;
#3021 = PLANE ( 'NONE',  #4490 ) ;
#3022 = VERTEX_POINT ( 'NONE', #920 ) ;
#3023 = PLANE ( 'NONE',  #10154 ) ;
#3024 = EDGE_CURVE ( 'NONE', #5552, #1228, #6662, .T. ) ;
#3025 = EDGE_CURVE ( 'NONE', #9514, #2359, #9172, .T. ) ;
#3026 = VECTOR ( 'NONE', #8110, 1000.000000000000000 ) ;
#3027 = ORIENTED_EDGE ( 'NONE', *, *, #2228, .F. ) ;
#3028 = DIRECTION ( 'NONE',  ( 0.000000000000000000, 1.000000000000000000, 0.000000000000000000 ) ) ;
#3029 = VECTOR ( 'NONE', #2231, 1000.000000000000114 ) ;
#3030 = DIRECTION ( 'NONE',  ( 0.000000000000000000, 0.000000000000000000, 1.000000000000000000 ) ) ;
#3031 = PLANE ( 'NONE',  #8282 ) ;
#3032 = ADVANCED_FACE ( 'NONE', ( #1928 ), #1828, .T. ) ;
#3033 = ORIENTED_EDGE ( 'NONE', *, *, #6944, .F. ) ;
#3034 = ORIENTED_EDGE ( 'NONE', *, *, #2459, .F. ) ;
#3035 = DIRECTION ( 'NONE',  ( 1.000000000000000000, 0.000000000000000000, -0.000000000000000000 ) ) ;
#3036 = ADVANCED_FACE ( 'NONE', ( #2036 ), #3608, .F. ) ;
#3037 = CARTESIAN_POINT ( 'NONE',  ( 0.5312062967325654750, 4.820582835586471937, 4.548328619656594185 ) ) ;
#3038 = PLANE ( 'NONE',  #6619 ) ;
#3039 = VECTOR ( 'NONE', #8109, 1000.000000000000000 ) ;
#3040 = VERTEX_POINT ( 'NONE', #3662 ) ;
#3041 = EDGE_CURVE ( 'NONE', #8131, #7352, #8629, .T. ) ;
#3042 = EDGE_CURVE ( 'NONE', #6261, #10298, #1962, .T. ) ;
#3043 = DIRECTION ( 'NONE',  ( 0.000000000000000000, 3.576749435003730024E-16, 1.000000000000000000 ) ) ;
#3044 = CARTESIAN_POINT ( 'NONE',  ( -2.000000000000000000, 0.5000000000000000000, 0.000000000000000000 ) ) ;
#3045 = PRESENTATION_LAYER_ASSIGNMENT (  '', '', ( #7383 ) ) ;
#3046 = FACE_OUTER_BOUND ( 'NONE', #5939, .T. ) ;
#3047 = ORIENTED_EDGE ( 'NONE', *, *, #2087, .T. ) ;
#3048 = DIRECTION ( 'NONE',  ( 0.000000000000000000, 0.000000000000000000, 1.000000000000000000 ) ) ;
#3049 = DIRECTION ( 'NONE',  ( 0.000000000000000000, 0.000000000000000000, -1.000000000000000000 ) ) ;
#3050 = FACE_OUTER_BOUND ( 'NONE', #4604, .T. ) ;
#3051 = ORIENTED_EDGE ( 'NONE', *, *, #7186, .F. ) ;
#3052 = CARTESIAN_POINT ( 'NONE',  ( -0.9746006676704019878, 2.908783600151314985, 4.296615288919045206 ) ) ;
#3053 = EDGE_LOOP ( 'NONE', ( #7064, #2309, #2440, #8655 ) ) ;
#3054 = FACE_OUTER_BOUND ( 'NONE', #3277, .T. ) ;
#3055 = ORIENTED_EDGE ( 'NONE', *, *, #10740, .F. ) ;
#3056 = CARTESIAN_POINT ( 'NONE',  ( -10.32091455230719923, -3.000000000000000000, 10.64710831150049941 ) ) ;
#3057 = VECTOR ( 'NONE', #8407, 1000.000000000000000 ) ;
#3058 = DIRECTION ( 'NONE',  ( -1.030244909993949927E-14, 0.000000000000000000, -1.000000000000000000 ) ) ;
#3059 = DIRECTION ( 'NONE',  ( 0.000000000000000000, 0.000000000000000000, -1.000000000000000000 ) ) ;
#3060 = LINE ( 'NONE', #4621, #4134 ) ;
#3061 = LINE ( 'NONE', #2895, #7882 ) ;
#3062 = EDGE_CURVE ( 'NONE', #7074, #560, #5291, .T. ) ;
#3063 = CARTESIAN_POINT ( 'NONE',  ( 10.41980543215949950, 3.000000000000000000, 9.343524243637009619 ) ) ;
#3064 = FACE_OUTER_BOUND ( 'NONE', #2093, .T. ) ;
#3065 = ADVANCED_FACE ( 'NONE', ( #6925 ), #3505, .F. ) ;
#3066 = VERTEX_POINT ( 'NONE', #1026 ) ;
#3067 = ORIENTED_EDGE ( 'NONE', *, *, #8826, .T. ) ;
#3068 = DIRECTION ( 'NONE',  ( -1.000000000000000000, -0.000000000000000000, -0.000000000000000000 ) ) ;
#3069 = VERTEX_POINT ( 'NONE', #10303 ) ;
#3070 = SURFACE_STYLE_FILL_AREA ( #7300 ) ;
#3071 = ORIENTED_EDGE ( 'NONE', *, *, #7171, .F. ) ;
#3072 = STYLED_ITEM ( 'NONE', ( #10580 ), #8182 ) ;
#3073 = DIRECTION ( 'NONE',  ( -1.630765106641810118E-16, 0.000000000000000000, -1.000000000000000000 ) ) ;
#3074 = ORIENTED_EDGE ( 'NONE', *, *, #2523, .F. ) ;
#3075 = LINE ( 'NONE', #2965, #8678 ) ;
#3076 = ORIENTED_EDGE ( 'NONE', *, *, #7914, .F. ) ;
#3077 = DIRECTION ( 'NONE',  ( -0.000000000000000000, 1.000000000000000000, -0.000000000000000000 ) ) ;
#3078 = AXIS2_PLACEMENT_3D ( 'NONE', #4105, #4203, #4308 ) ;
#3079 = ORIENTED_EDGE ( 'NONE', *, *, #4370, .T. ) ;
#3080 = DIRECTION ( 'NONE',  ( 1.000000000000000000, 0.000000000000000000, -0.000000000000000000 ) ) ;
#3081 = EDGE_LOOP ( 'NONE', ( #7774, #1314, #6305, #3767 ) ) ;
#3082 = ORIENTED_EDGE ( 'NONE', *, *, #6482, .F. ) ;
#3083 = CARTESIAN_POINT ( 'NONE',  ( 8.750000000000000000, 6.349999999999999645, 10.50000000000000000 ) ) ;
#3084 = EDGE_CURVE ( 'NONE', #7836, #774, #313, .T. ) ;
#3085 = ORIENTED_EDGE ( 'NONE', *, *, #9111, .T. ) ;
#3086 = DIRECTION ( 'NONE',  ( 0.000000000000000000, 0.3586157030623740027, -0.9334852851100970961 ) ) ;
#3087 = LINE ( 'NONE', #4705, #3393 ) ;
#3088 = LINE ( 'NONE', #6395, #4196 ) ;
#3089 = CARTESIAN_POINT ( 'NONE',  ( 1.000000000000000000, 0.000000000000000000, 7.713101904062729997E-17 ) ) ;
#3090 = EDGE_LOOP ( 'NONE', ( #4086, #4255, #4971, #6161, #9962, #1523, #1870, #101 ) ) ;
#3091 = DIRECTION ( 'NONE',  ( 1.000000000000000000, 0.000000000000000000, -0.000000000000000000 ) ) ;
#3092 = CARTESIAN_POINT ( 'NONE',  ( 0.4788862400736033087, 2.560652717616442864, 4.345645964064241085 ) ) ;
#3093 = EDGE_CURVE ( 'NONE', #7929, #9755, #4313, .T. ) ;
#3094 = VECTOR ( 'NONE', #2387, 1000.000000000000000 ) ;
#3095 = ADVANCED_FACE ( 'NONE', ( #10144 ), #9488, .F. ) ;
#3096 = CARTESIAN_POINT ( 'NONE',  ( 0.5749999999999990674, 5.349999999999999645, 15.00000000000000000 ) ) ;
#3097 = ORIENTED_EDGE ( 'NONE', *, *, #6020, .T. ) ;
#3098 = PLANE ( 'NONE',  #1440 ) ;
#3099 = ITEM_DEFINED_TRANSFORMATION ( 'NONE', 'NONE', #715,  #8177 ) ;
#3100 = LINE ( 'NONE', #5537, #7372 ) ;
#3101 = CARTESIAN_POINT ( 'NONE',  ( -1.924999999999999600, 3.975000000000000089, 1.399999999999999245 ) ) ;
#3102 = DIRECTION ( 'NONE',  ( 1.000000000000000000, 0.000000000000000000, 8.673617379884040402E-17 ) ) ;
#3103 = ORIENTED_EDGE ( 'NONE', *, *, #4347, .T. ) ;
#3104 = VECTOR ( 'NONE', #6807, 1000.000000000000000 ) ;
#3105 =( NAMED_UNIT ( * ) SI_UNIT ( $, .STERADIAN. ) SOLID_ANGLE_UNIT ( ) );
#3106 = CARTESIAN_POINT ( 'NONE',  ( 4.000000000000001776, -0.6248573008720179622, -4.436184497988939768 ) ) ;
#3107 = CARTESIAN_POINT ( 'NONE',  ( 4.000000000000000000, 5.750000000000000000, 3.283227176369309941 ) ) ;
#3108 = EDGE_CURVE ( 'NONE', #1225, #7836, #1177, .T. ) ;
#3109 = DIRECTION ( 'NONE',  ( 0.000000000000000000, 0.000000000000000000, 1.000000000000000000 ) ) ;
#3110 =( GEOMETRIC_REPRESENTATION_CONTEXT ( 3 ) GLOBAL_UNCERTAINTY_ASSIGNED_CONTEXT ( ( #2712 ) ) GLOBAL_UNIT_ASSIGNED_CONTEXT ( ( #4444, #3636, #1360 ) ) REPRESENTATION_CONTEXT ( 'NONE', 'WORKASPACE' ) );
#3111 = DIRECTION ( 'NONE',  ( 1.000000000000000000, 0.000000000000000000, -0.000000000000000000 ) ) ;
#3112 = CARTESIAN_POINT ( 'NONE',  ( -1.000000000000000000, -6.450000000000000178, 10.50000000000000000 ) ) ;
#3113 = CARTESIAN_POINT ( 'NONE',  ( -2.000000000000000000, 0.5000000000000000000, -0.9500000000000000666 ) ) ;
#3114 = ORIENTED_EDGE ( 'NONE', *, *, #343, .F. ) ;
#3115 = ORIENTED_EDGE ( 'NONE', *, *, #2241, .F. ) ;
#3116 = LINE ( 'NONE', #8125, #5480 ) ;
#3117 = ORIENTED_EDGE ( 'NONE', *, *, #1966, .F. ) ;
#3118 = DIRECTION ( 'NONE',  ( -1.000000000000000000, -0.000000000000000000, -0.000000000000000000 ) ) ;
#3119 = VECTOR ( 'NONE', #9370, 1000.000000000000114 ) ;
#3120 = ORIENTED_EDGE ( 'NONE', *, *, #6500, .T. ) ;
#3121 = ADVANCED_FACE ( 'NONE', ( #151 ), #2854, .T. ) ;
#3122 = ADVANCED_FACE ( 'NONE', ( #2744 ), #5998, .F. ) ;
#3123 = CARTESIAN_POINT ( 'NONE',  ( -8.074999999999999289, 3.975000000000000089, 31.88557667661039829 ) ) ;
#3124 = ORIENTED_EDGE ( 'NONE', *, *, #4591, .F. ) ;
#3125 = VECTOR ( 'NONE', #5170, 1000.000000000000000 ) ;
#3126 = LINE ( 'NONE', #641, #1893 ) ;
#3127 = EDGE_LOOP ( 'NONE', ( #6920, #5787, #5842, #3177 ) ) ;
#3128 = DIRECTION ( 'NONE',  ( 0.000000000000000000, 0.000000000000000000, -1.000000000000000000 ) ) ;
#3129 = ORIENTED_EDGE ( 'NONE', *, *, #4076, .T. ) ;
#3130 = LINE ( 'NONE', #8034, #10692 ) ;
#3131 = ORIENTED_EDGE ( 'NONE', *, *, #3451, .F. ) ;
#3132 = SURFACE_SIDE_STYLE ('',( #6545 ) ) ;
#3133 = VECTOR ( 'NONE', #6147, 1000.000000000000000 ) ;
#3134 = ORIENTED_EDGE ( 'NONE', *, *, #10553, .F. ) ;
#3135 = PRODUCT_DEFINITION_FORMATION_WITH_SPECIFIED_SOURCE ( 'ANY', '', #5570, .NOT_KNOWN. ) ;
#3136 = LINE ( 'NONE', #4700, #10293 ) ;
#3137 = AXIS2_PLACEMENT_3D ( 'NONE', #2403, #3969, #3211 ) ;
#3138 = ORIENTED_EDGE ( 'NONE', *, *, #2702, .T. ) ;
#3139 = DIRECTION ( 'NONE',  ( 0.000000000000000000, 0.000000000000000000, 1.000000000000000000 ) ) ;
#3140 = LINE ( 'NONE', #9874, #7915 ) ;
#3141 = CARTESIAN_POINT ( 'NONE',  ( 3.449999999999999734, 1.199999999999999734, 1.399999999999999689 ) ) ;
#3142 = SURFACE_STYLE_FILL_AREA ( #7270 ) ;
#3143 = EDGE_CURVE ( 'NONE', #240, #4869, #1874, .T. ) ;
#3144 = ORIENTED_EDGE ( 'NONE', *, *, #743, .F. ) ;
#3145 = CARTESIAN_POINT ( 'NONE',  ( -9.500000000000000000, -6.349999999999999645, 13.00000000000000178 ) ) ;
#3146 = ADVANCED_FACE ( 'NONE', ( #8522 ), #1074, .T. ) ;
#3147 = DIRECTION ( 'NONE',  ( 0.000000000000000000, 0.000000000000000000, 1.000000000000000000 ) ) ;
#3148 = PLANE ( 'NONE',  #9544 ) ;
#3149 = ORIENTED_EDGE ( 'NONE', *, *, #10205, .F. ) ;
#3150 = LINE ( 'NONE', #4126, #1607 ) ;
#3151 = DIRECTION ( 'NONE',  ( 0.000000000000000000, 1.000000000000000000, -0.000000000000000000 ) ) ;
#3152 = CARTESIAN_POINT ( 'NONE',  ( 0.5749999999999990674, -0.5000000000000000000, 1.399999999999999911 ) ) ;
#3153 = VECTOR ( 'NONE', #940, 1000.000000000000000 ) ;
#3154 = CARTESIAN_POINT ( 'NONE',  ( -1.925000000000000044, -3.975000000000000089, 0.000000000000000000 ) ) ;
#3155 = EDGE_CURVE ( 'NONE', #2410, #3820, #1983, .T. ) ;
#3156 = ORIENTED_EDGE ( 'NONE', *, *, #7969, .F. ) ;
#3157 = PLANE ( 'NONE',  #300 ) ;
#3158 = LINE ( 'NONE', #9635, #9176 ) ;
#3159 = EDGE_CURVE ( 'NONE', #6404, #4162, #419, .T. ) ;
#3160 = DIRECTION ( 'NONE',  ( -1.000000000000000000, -1.762930361765040079E-17, -0.000000000000000000 ) ) ;
#3161 = AXIS2_PLACEMENT_3D ( 'NONE', #10643, #2277, #5683 ) ;
#3162 = CARTESIAN_POINT ( 'NONE',  ( -1.999999999999999112, 2.200000000000000178, -0.9499999999999999556 ) ) ;
#3163 = CARTESIAN_POINT ( 'NONE',  ( 5.450000000000000178, 1.714505518806294391E-16, 1.050000000000000044 ) ) ;
#3164 = DIRECTION ( 'NONE',  ( 1.000000000000000000, 0.000000000000000000, -0.000000000000000000 ) ) ;
#3165 = FILL_AREA_STYLE_COLOUR ( '', #7533 ) ;
#3166 = VERTEX_POINT ( 'NONE', #10407 ) ;
#3167 = EDGE_CURVE ( 'NONE', #10412, #9813, #639, .T. ) ;
#3168 = ORIENTED_EDGE ( 'NONE', *, *, #7603, .F. ) ;
#3169 = CARTESIAN_POINT ( 'NONE',  ( 3.049999999999999822, 0.8000000000000000444, -2.199777700366559952 ) ) ;
#3170 = ORIENTED_EDGE ( 'NONE', *, *, #3143, .T. ) ;
#3171 =( LENGTH_UNIT ( ) NAMED_UNIT ( * ) SI_UNIT ( .MILLI., .METRE. ) );
#3172 = EDGE_CURVE ( 'NONE', #6622, #10388, #7202, .T. ) ;
#3173 = ORIENTED_EDGE ( 'NONE', *, *, #8608, .T. ) ;
#3174 = VECTOR ( 'NONE', #654, 1000.000000000000000 ) ;
#3175 = VECTOR ( 'NONE', #6899, 1000.000000000000000 ) ;
#3176 = DIRECTION ( 'NONE',  ( 0.000000000000000000, 0.1394778421021803105, 0.9902251923489521213 ) ) ;
#3177 = ORIENTED_EDGE ( 'NONE', *, *, #5220, .F. ) ;
#3178 = EDGE_LOOP ( 'NONE', ( #2268, #9759, #9871, #6703, #237, #5837, #723, #6617, #4242 ) ) ;
#3179 = LINE ( 'NONE', #4802, #1827 ) ;
#3180 = EDGE_CURVE ( 'NONE', #9599, #8126, #10571, .T. ) ;
#3181 = ORIENTED_EDGE ( 'NONE', *, *, #6053, .T. ) ;
#3182 = LINE ( 'NONE', #6495, #3057 ) ;
#3183 = EDGE_LOOP ( 'NONE', ( #9574, #2996, #1344, #1410 ) ) ;
#3184 = CARTESIAN_POINT ( 'NONE',  ( 0.2307246725718698210, 2.116701210962704582, 4.289614475457631748 ) ) ;
#3185 = AXIS2_PLACEMENT_3D ( 'NONE', #9381, #203, #10088 ) ;
#3186 = VERTEX_POINT ( 'NONE', #7856 ) ;
#3187 = DIRECTION ( 'NONE',  ( 0.000000000000000000, 1.000000000000000000, 0.000000000000000000 ) ) ;
#3188 =( GEOMETRIC_REPRESENTATION_CONTEXT ( 3 ) GLOBAL_UNCERTAINTY_ASSIGNED_CONTEXT ( ( #8811 ) ) GLOBAL_UNIT_ASSIGNED_CONTEXT ( ( #1192, #2220, #10262 ) ) REPRESENTATION_CONTEXT ( 'NONE', 'WORKASPACE' ) );
#3189 = VECTOR ( 'NONE', #353, 1000.000000000000000 ) ;
#3190 = ORIENTED_EDGE ( 'NONE', *, *, #10084, .T. ) ;
#3191 = PLANE ( 'NONE',  #9767 ) ;
#3192 = EDGE_CURVE ( 'NONE', #2487, #9724, #3825, .T. ) ;
#3193 = CARTESIAN_POINT ( 'NONE',  ( -4.650000000000001243, -2.815888994540022061, -1.349999999999999867 ) ) ;
#3194 = LINE ( 'NONE', #1509, #10284 ) ;
#3195 = EDGE_CURVE ( 'NONE', #3399, #10412, #3720, .T. ) ;
#3196 = DIRECTION ( 'NONE',  ( -0.000000000000000000, 1.000000000000000000, 0.000000000000000000 ) ) ;
#3197 = EDGE_LOOP ( 'NONE', ( #8243, #5254, #697, #4399, #1960 ) ) ;
#3198 = CARTESIAN_POINT ( 'NONE',  ( -1.925000000000000044, -3.975000000000000089, 31.88557667661039829 ) ) ;
#3199 = AXIS2_PLACEMENT_3D ( 'NONE', #3198, #6508, #2492 ) ;
#3200 = CARTESIAN_POINT ( 'NONE',  ( 1.171471284510967159, 3.413484307666912798, 4.415147171193771314 ) ) ;
#3201 = DIRECTION ( 'NONE',  ( 0.000000000000000000, -1.000000000000000000, -0.000000000000000000 ) ) ;
#3202 = VERTEX_POINT ( 'NONE', #9699 ) ;
#3203 = FACE_OUTER_BOUND ( 'NONE', #8143, .T. ) ;
#3204 = VECTOR ( 'NONE', #5634, 1000.000000000000000 ) ;
#3205 = LINE ( 'NONE', #8870, #5283 ) ;
#3206 = LINE ( 'NONE', #3152, #2503 ) ;
#3207 = LINE ( 'NONE', #8326, #6265 ) ;
#3208 = ORIENTED_EDGE ( 'NONE', *, *, #2483, .F. ) ;
#3209 = LINE ( 'NONE', #6519, #4798 ) ;
#3210 = CARTESIAN_POINT ( 'NONE',  ( 1.224646799147351975E-16, -5.349999999999999645, 13.00000000000000178 ) ) ;
#3211 = DIRECTION ( 'NONE',  ( 0.000000000000000000, 0.000000000000000000, 1.000000000000000000 ) ) ;
#3212 = VECTOR ( 'NONE', #748, 1000.000000000000000 ) ;
#3213 = LINE ( 'NONE', #10559, #5074 ) ;
#3214 = EDGE_CURVE ( 'NONE', #7369, #6645, #2963, .T. ) ;
#3215 = CARTESIAN_POINT ( 'NONE',  ( -6.400000000000000355, -3.975000000000000089, 1.899999999999999911 ) ) ;
#3216 = LINE ( 'NONE', #6527, #3514 ) ;
#3217 = CARTESIAN_POINT ( 'NONE',  ( 5.599999999999999645, -3.000000000000000000, 9.000000000000001776 ) ) ;
#3218 = CARTESIAN_POINT ( 'NONE',  ( 10.32091455230722232, 3.000000000000002665, 7.352891688499536116 ) ) ;
#3219 = EDGE_CURVE ( 'NONE', #2887, #8416, #3932, .T. ) ;
#3220 = ORIENTED_EDGE ( 'NONE', *, *, #6379, .F. ) ;
#3221 = VECTOR ( 'NONE', #978, 1000.000000000000000 ) ;
#3222 = ORIENTED_EDGE ( 'NONE', *, *, #8578, .T. ) ;
#3223 = CARTESIAN_POINT ( 'NONE',  ( -8.000000000000000000, 3.975000000000000089, 1.399999999999999911 ) ) ;
#3224 = EDGE_LOOP ( 'NONE', ( #7857, #6376, #6973, #1121 ) ) ;
#3225 = DIRECTION ( 'NONE',  ( 0.000000000000000000, 0.000000000000000000, 1.000000000000000000 ) ) ;
#3226 = ORIENTED_EDGE ( 'NONE', *, *, #7752, .F. ) ;
#3227 = ADVANCED_FACE ( 'NONE', ( #6269 ), #10465, .T. ) ;
#3228 = VECTOR ( 'NONE', #6439, 1000.000000000000000 ) ;
#3229 = CARTESIAN_POINT ( 'NONE',  ( -2.000000000000000000, -2.200000000000000178, -0.9499999999999999556 ) ) ;
#3230 = ORIENTED_EDGE ( 'NONE', *, *, #597, .F. ) ;
#3231 = PLANE ( 'NONE',  #5885 ) ;
#3232 = ADVANCED_FACE ( 'NONE', ( #2312 ), #476, .F. ) ;
#3233 = ORIENTED_EDGE ( 'NONE', *, *, #4406, .F. ) ;
#3234 =( NAMED_UNIT ( * ) SI_UNIT ( $, .STERADIAN. ) SOLID_ANGLE_UNIT ( ) );
#3235 = ORIENTED_EDGE ( 'NONE', *, *, #113, .T. ) ;
#3236 = CARTESIAN_POINT ( 'NONE',  ( -1.000000000000000000, 0.8000000000000000444, 7.713101904062729997E-17 ) ) ;
#3237 = ORIENTED_EDGE ( 'NONE', *, *, #584, .T. ) ;
#3238 = CARTESIAN_POINT ( 'NONE',  ( -0.1533942993464864346, 2.113324657049928224, 4.289421126011189855 ) ) ;
#3239 = AXIS2_PLACEMENT_3D ( 'NONE', #8713, #1317, #2888 ) ;
#3240 = VERTEX_POINT ( 'NONE', #5394 ) ;
#3241 = EDGE_CURVE ( 'NONE', #1044, #10398, #5612, .T. ) ;
#3242 = LINE ( 'NONE', #5677, #2661 ) ;
#3243 = PRESENTATION_LAYER_ASSIGNMENT (  '', '', ( #3072 ) ) ;
#3244 = ORIENTED_EDGE ( 'NONE', *, *, #10406, .T. ) ;
#3245 = CARTESIAN_POINT ( 'NONE',  ( -5.150000000000000355, 0.000000000000000000, -0.3499999999999999778 ) ) ;
#3246 = ORIENTED_EDGE ( 'NONE', *, *, #5754, .T. ) ;
#3247 = CARTESIAN_POINT ( 'NONE',  ( 0.008970443133313011491, 4.893281629452492787, 4.458361632235106065 ) ) ;
#3248 = CARTESIAN_POINT ( 'NONE',  ( -6.400000000000000355, -1.199999999999999956, -0.9499999999999995115 ) ) ;
#3249 = DIRECTION ( 'NONE',  ( 0.000000000000000000, 3.463895836830487775E-14, -1.000000000000000000 ) ) ;
#3250 = DIRECTION ( 'NONE',  ( 0.000000000000000000, 0.000000000000000000, -1.000000000000000000 ) ) ;
#3251 = ORIENTED_EDGE ( 'NONE', *, *, #2225, .F. ) ;
#3252 = VERTEX_POINT ( 'NONE', #10357 ) ;
#3253 = LINE ( 'NONE', #3304, #9280 ) ;
#3254 = CARTESIAN_POINT ( 'NONE',  ( 8.000000000000000000, 4.775000000000000355, 1.399999999999999689 ) ) ;
#3255 = EDGE_CURVE ( 'NONE', #7374, #5450, #8950, .T. ) ;
#3256 = EDGE_CURVE ( 'NONE', #6083, #6745, #6380, .T. ) ;
#3257 = DIRECTION ( 'NONE',  ( 0.000000000000000000, -1.000000000000000000, -0.000000000000000000 ) ) ;
#3258 = ORIENTED_EDGE ( 'NONE', *, *, #10063, .F. ) ;
#3259 = LINE ( 'NONE', #6568, #3888 ) ;
#3260 = DIRECTION ( 'NONE',  ( 0.2164396139381039863, 0.000000000000000000, 0.9762960071199330292 ) ) ;
#3261 = CARTESIAN_POINT ( 'NONE',  ( 0.000000000000000000, -6.450000000000000178, 13.00000000000000178 ) ) ;
#3262 = CARTESIAN_POINT ( 'NONE',  ( -1.149177501255006062, 3.741969619761217114, 4.418494948052511084 ) ) ;
#3263 = ORIENTED_EDGE ( 'NONE', *, *, #310, .F. ) ;
#3264 = LINE ( 'NONE', #8329, #7889 ) ;
#3265 = CIRCLE ( 'NONE', #3782, 1.000000000000000000 ) ;
#3266 = CARTESIAN_POINT ( 'NONE',  ( -2.000000000000000000, 2.200000000000000178, 0.000000000000000000 ) ) ;
#3267 = FACE_OUTER_BOUND ( 'NONE', #4973, .T. ) ;
#3268 = FACE_OUTER_BOUND ( 'NONE', #4680, .T. ) ;
#3269 = DIRECTION ( 'NONE',  ( 1.000000000000000000, -0.000000000000000000, -0.000000000000000000 ) ) ;
#3270 = AXIS2_PLACEMENT_3D ( 'NONE', #963, #5168, #4456 ) ;
#3271 = DIRECTION ( 'NONE',  ( 1.000000000000000000, 0.000000000000000000, -0.000000000000000000 ) ) ;
#3272 = CARTESIAN_POINT ( 'NONE',  ( -8.000000000000000000, -0.5000000000000000000, 1.399999999999999911 ) ) ;
#3273 = EDGE_LOOP ( 'NONE', ( #7364, #9182, #1398, #7622 ) ) ;
#3274 = VERTEX_POINT ( 'NONE', #1282 ) ;
#3275 = DIRECTION ( 'NONE',  ( 0.000000000000000000, 1.000000000000000000, 0.000000000000000000 ) ) ;
#3276 = EDGE_LOOP ( 'NONE', ( #921, #8124, #10572 ) ) ;
#3277 = EDGE_LOOP ( 'NONE', ( #10103, #180, #4316, #2701 ) ) ;
#3278 = AXIS2_PLACEMENT_3D ( 'NONE', #6079, #5865, #1745 ) ;
#3279 = EDGE_CURVE ( 'NONE', #5811, #5077, #4576, .T. ) ;
#3280 = DIRECTION ( 'NONE',  ( 1.000000000000000000, 0.000000000000000000, 0.000000000000000000 ) ) ;
#3281 = EDGE_LOOP ( 'NONE', ( #143, #8091, #7330, #8082 ) ) ;
#3282 = LINE ( 'NONE', #8402, #7800 ) ;
#3283 = ORIENTED_EDGE ( 'NONE', *, *, #4683, .T. ) ;
#3284 = CARTESIAN_POINT ( 'NONE',  ( -1.065966357875629988, 3.044274416678259154, 4.307663600910618840 ) ) ;
#3285 = VECTOR ( 'NONE', #3257, 1000.000000000000000 ) ;
#3286 = ORIENTED_EDGE ( 'NONE', *, *, #677, .F. ) ;
#3287 = CARTESIAN_POINT ( 'NONE',  ( 10.41980543215949950, -3.000000000000000000, 9.343524243637009619 ) ) ;
#3288 = DIRECTION ( 'NONE',  ( -0.000000000000000000, -0.000000000000000000, -1.000000000000000000 ) ) ;
#3289 = VERTEX_POINT ( 'NONE', #3019 ) ;
#3290 = CARTESIAN_POINT ( 'NONE',  ( 1.475434667290724811, 3.156751060895315764, 4.363510474226782065 ) ) ;
#3291 = EDGE_CURVE ( 'NONE', #2470, #9397, #2147, .T. ) ;
#3292 = ORIENTED_EDGE ( 'NONE', *, *, #1048, .F. ) ;
#3293 = EDGE_CURVE ( 'NONE', #8843, #5846, #6330, .T. ) ;
#3294 = CIRCLE ( 'NONE', #6062, 0.9500000000000000666 ) ;
#3295 = DIRECTION ( 'NONE',  ( 0.000000000000000000, 0.000000000000000000, 1.000000000000000000 ) ) ;
#3296 = ORIENTED_EDGE ( 'NONE', *, *, #8697, .F. ) ;
#3297 = LINE ( 'NONE', #1405, #3351 ) ;
#3298 = EDGE_LOOP ( 'NONE', ( #5370, #4664 ) ) ;
#3299 = PLANE ( 'NONE',  #5638 ) ;
#3300 = CARTESIAN_POINT ( 'NONE',  ( -1.925000000000000044, -4.775000000000000355, 31.88557667661039829 ) ) ;
#3301 = DIRECTION ( 'NONE',  ( -0.000000000000000000, 1.000000000000000000, 0.000000000000000000 ) ) ;
#3302 = ADVANCED_FACE ( 'NONE', ( #7973 ), #1389, .T. ) ;
#3303 = ORIENTED_EDGE ( 'NONE', *, *, #524, .F. ) ;
#3304 = CARTESIAN_POINT ( 'NONE',  ( 9.507689976714740254, 3.000000000000000000, 9.000000000000001776 ) ) ;
#3305 = ADVANCED_FACE ( 'NONE', ( #2469 ), #7468, .T. ) ;
#3306 = EDGE_CURVE ( 'NONE', #9654, #4063, #8187, .T. ) ;
#3307 = CARTESIAN_POINT ( 'NONE',  ( 2.375000000000000000, 0.8000000000000000444, -9.599777700366560751 ) ) ;
#3308 = VECTOR ( 'NONE', #5814, 1000.000000000000000 ) ;
#3309 = LINE ( 'NONE', #2393, #3285 ) ;
#3310 = ORIENTED_EDGE ( 'NONE', *, *, #7480, .T. ) ;
#3311 = DIRECTION ( 'NONE',  ( 0.7071067811865364705, 0.000000000000000000, 0.7071067811865585639 ) ) ;
#3312 = DIRECTION ( 'NONE',  ( 1.000000000000000000, 0.000000000000000000, -0.000000000000000000 ) ) ;
#3313 = CARTESIAN_POINT ( 'NONE',  ( -8.000000000000000000, 0.000000000000000000, 15.00000000000000000 ) ) ;
#3314 = CARTESIAN_POINT ( 'NONE',  ( -1.000000000000000000, -6.450000000000000178, 13.00000000000000178 ) ) ;
#3315 = ORIENTED_EDGE ( 'NONE', *, *, #5958, .T. ) ;
#3316 = VECTOR ( 'NONE', #9938, 1000.000000000000000 ) ;
#3317 = CARTESIAN_POINT ( 'NONE',  ( -0.2525060740899139899, 2.130631348801163227, 4.233156104713521550 ) ) ;
#3318 = CARTESIAN_POINT ( 'NONE',  ( 9.400000000000000355, 0.5000000000000004441, -2.500000000000000000 ) ) ;
#3319 = CARTESIAN_POINT ( 'NONE',  ( 0.000000000000000000, -6.349999999999999645, 12.00000000000000000 ) ) ;
#3320 = VECTOR ( 'NONE', #8595, 1000.000000000000000 ) ;
#3321 = LINE ( 'NONE', #2298, #5700 ) ;
#3322 = DIRECTION ( 'NONE',  ( -1.000000000000000000, 0.000000000000000000, 0.000000000000000000 ) ) ;
#3323 = CARTESIAN_POINT ( 'NONE',  ( 0.000000000000000000, 6.349999999999999645, 13.00000000000000178 ) ) ;
#3324 = CARTESIAN_POINT ( 'NONE',  ( -9.500000000000000000, -6.349999999999999645, 10.50000000000000000 ) ) ;
#3325 = ORIENTED_EDGE ( 'NONE', *, *, #1571, .F. ) ;
#3326 = EDGE_CURVE ( 'NONE', #8929, #5581, #10625, .T. ) ;
#3327 = ORIENTED_EDGE ( 'NONE', *, *, #2244, .F. ) ;
#3328 = CARTESIAN_POINT ( 'NONE',  ( -9.674497472730669401, 3.000000000000000000, 12.39604540319700021 ) ) ;
#3329 = VERTEX_POINT ( 'NONE', #5665 ) ;
#3330 = DIRECTION ( 'NONE',  ( 0.000000000000000000, -3.776434533376479869E-16, -1.000000000000000000 ) ) ;
#3331 = PLANE ( 'NONE',  #7183 ) ;
#3332 = VERTEX_POINT ( 'NONE', #5880 ) ;
#3334 = B_SPLINE_CURVE_WITH_KNOTS ( 'NONE', 3,
 ( #1957, #7529, #6711, #5268, #93, #292, #3588, #6906, #10224, #7835, #8872, #2940, #8710, #3052, #1260, #4551, #6362, #8059, #6409, #619, #8656, #3801, #2235 ),
 .UNSPECIFIED., .F., .F.,
 ( 4, 1, 1, 1, 1, 1, 1, 1, 1, 1, 1, 1, 1, 1, 1, 1, 1, 1, 1, 1, 4 ),
 ( 0.5000000000000007772, 0.5619161534363990018, 0.5774961592941669775, 0.5931597294607069415, 0.6244311923686609589, 0.6557546463746870558, 0.6713253545235520203, 0.6869794804987199299, 0.7181838171464800524, 0.7494692654846549784, 0.7807045687460719696, 0.8120159328786740183, 0.8433610681189760427, 0.8511721875746559585, 0.8550737661787279897, 0.8589759518384290082, 0.8746827694056480418, 0.9060317334170470138, 0.9374674397028220918, 0.9670902613515405255, 1.000000000000000000 ),
 .UNSPECIFIED. ) ;
#3333 = FACE_OUTER_BOUND ( 'NONE', #4445, .T. ) ;
#3335 = VECTOR ( 'NONE', #10126, 1000.000000000000000 ) ;
#3336 = ORIENTED_EDGE ( 'NONE', *, *, #8675, .F. ) ;
#3337 = FILL_AREA_STYLE_COLOUR ( '', #5807 ) ;
#3338 = EDGE_LOOP ( 'NONE', ( #3085, #5424, #9392, #5384, #1545, #8060, #3251, #3076, #5646, #2209, #3138, #2062, #2363, #8033, #7255, #10028, #1663, #4480, #3927 ) ) ;
#3339 = CARTESIAN_POINT ( 'NONE',  ( -4.000000000000000888, -2.815888994540022061, -1.349999999999999867 ) ) ;
#3340 = DIRECTION ( 'NONE',  ( -8.673617379884040402E-17, -0.000000000000000000, 1.000000000000000000 ) ) ;
#3341 = ORIENTED_EDGE ( 'NONE', *, *, #4240, .T. ) ;
#3342 = DIRECTION ( 'NONE',  ( 0.000000000000000000, 0.000000000000000000, -1.000000000000000000 ) ) ;
#3343 = EDGE_LOOP ( 'NONE', ( #1686, #5913, #8467, #10080, #3495, #9055, #3620, #909, #2370, #8552, #903, #3381, #955, #3980 ) ) ;
#3344 = AXIS2_PLACEMENT_3D ( 'NONE', #8108, #6514, #9030 ) ;
#3345 = CIRCLE ( 'NONE', #9941, 38.37500000000000000 ) ;
#3346 = CARTESIAN_POINT ( 'NONE',  ( 8.000000000000000000, -4.775000000000001243, 1.399999999999999911 ) ) ;
#3347 = EDGE_CURVE ( 'NONE', #6567, #3983, #744, .T. ) ;
#3348 = EDGE_CURVE ( 'NONE', #3240, #9049, #9113, .T. ) ;
#3349 = ORIENTED_EDGE ( 'NONE', *, *, #4024, .T. ) ;
#3350 = DIRECTION ( 'NONE',  ( 0.3294216623000940092, 0.000000000000000000, -0.9441829104614438695 ) ) ;
#3351 = VECTOR ( 'NONE', #6449, 1000.000000000000000 ) ;
#3352 = ORIENTED_EDGE ( 'NONE', *, *, #931, .F. ) ;
#3353 = CARTESIAN_POINT ( 'NONE',  ( 0.04639013526397560427, 2.515338343023850953, 4.264508103311463572 ) ) ;
#3354 = CARTESIAN_POINT ( 'NONE',  ( 4.000000000000000000, 0.2499999999999979461, 2.850814340887970921 ) ) ;
#3355 = AXIS2_PLACEMENT_3D ( 'NONE', #3123, #5510, #8081 ) ;
#3356 = EDGE_CURVE ( 'NONE', #2728, #3677, #6649, .T. ) ;
#3357 = DIRECTION ( 'NONE',  ( 0.000000000000000000, 1.000000000000000000, -0.000000000000000000 ) ) ;
#3358 = CARTESIAN_POINT ( 'NONE',  ( 0.8915319834920369946, 2.813667365348412996, 4.288800755631407391 ) ) ;
#3359 = VERTEX_POINT ( 'NONE', #9210 ) ;
#3360 = DIRECTION ( 'NONE',  ( 0.000000000000000000, 0.000000000000000000, 1.000000000000000000 ) ) ;
#3361 = LINE ( 'NONE', #1785, #3316 ) ;
#3362 = VECTOR ( 'NONE', #394, 1000.000000000000000 ) ;
#3363 = ADVANCED_FACE ( 'NONE', ( #10024 ), #7361, .T. ) ;
#3364 = DIRECTION ( 'NONE',  ( -5.102127870520019996E-16, 1.000000000000000000, 0.000000000000000000 ) ) ;
#3365 = ORIENTED_EDGE ( 'NONE', *, *, #7326, .F. ) ;
#3366 = FACE_OUTER_BOUND ( 'NONE', #5099, .T. ) ;
#3367 = DIRECTION ( 'NONE',  ( -0.000000000000000000, -1.000000000000000000, 0.000000000000000000 ) ) ;
#3368 = CARTESIAN_POINT ( 'NONE',  ( -6.400000000000000355, 1.199999999999999734, 1.899999999999999245 ) ) ;
#3369 = EDGE_CURVE ( 'NONE', #374, #522, #6487, .T. ) ;
#3370 = DIRECTION ( 'NONE',  ( 0.000000000000000000, -1.000000000000000000, -0.000000000000000000 ) ) ;
#3371 = VECTOR ( 'NONE', #2656, 1000.000000000000000 ) ;
#3372 = ORIENTED_EDGE ( 'NONE', *, *, #3631, .T. ) ;
#3373 = DIRECTION ( 'NONE',  ( -0.000000000000000000, -0.000000000000000000, 1.000000000000000000 ) ) ;
#3374 = PLANE ( 'NONE',  #2784 ) ;
#3375 = EDGE_CURVE ( 'NONE', #6252, #560, #4039, .T. ) ;
#3376 = VECTOR ( 'NONE', #2390, 1000.000000000000000 ) ;
#3377 = DIRECTION ( 'NONE',  ( -1.000000000000000000, -0.000000000000000000, -0.000000000000000000 ) ) ;
#3378 = CARTESIAN_POINT ( 'NONE',  ( -31.38557667661039829, 6.250000000000000000, -2.500000000000000000 ) ) ;
#3379 = FACE_OUTER_BOUND ( 'NONE', #6044, .T. ) ;
#3380 = DIRECTION ( 'NONE',  ( -1.000000000000000000, -0.000000000000000000, -0.000000000000000000 ) ) ;
#3381 = ORIENTED_EDGE ( 'NONE', *, *, #7640, .T. ) ;
#3382 = ORIENTED_EDGE ( 'NONE', *, *, #6282, .F. ) ;
#3383 = CARTESIAN_POINT ( 'NONE',  ( 0.7249999999999999778, 8.985357054628929168E-16, 41.22500000000000142 ) ) ;
#3384 = ORIENTED_EDGE ( 'NONE', *, *, #10609, .F. ) ;
#3385 = DIRECTION ( 'NONE',  ( -0.000000000000000000, 1.000000000000000000, -0.000000000000000000 ) ) ;
#3386 = AXIS2_PLACEMENT_3D ( 'NONE', #7527, #8404, #4149 ) ;
#3387 = EDGE_LOOP ( 'NONE', ( #5829, #5234, #6747, #5041 ) ) ;
#3388 = DIRECTION ( 'NONE',  ( 1.000000000000000000, 0.000000000000000000, -0.000000000000000000 ) ) ;
#3389 = EDGE_CURVE ( 'NONE', #5001, #6460, #31, .T. ) ;
#3390 = EDGE_CURVE ( 'NONE', #7892, #8131, #3987, .T. ) ;
#3391 = DIRECTION ( 'NONE',  ( 0.000000000000000000, -0.1394778421021805048, -0.9902251923489521213 ) ) ;
#3392 = ORIENTED_EDGE ( 'NONE', *, *, #3971, .T. ) ;
#3393 = VECTOR ( 'NONE', #656, 1000.000000000000000 ) ;
#3394 = DIRECTION ( 'NONE',  ( 0.000000000000000000, 0.000000000000000000, 1.000000000000000000 ) ) ;
#3395 = ORIENTED_EDGE ( 'NONE', *, *, #2750, .T. ) ;
#3396 = CARTESIAN_POINT ( 'NONE',  ( -0.9745981726991637117, 2.902516419507707113, 4.373493401894797294 ) ) ;
#3397 = ORIENTED_EDGE ( 'NONE', *, *, #785, .F. ) ;
#3398 = LINE ( 'NONE', #7474, #10623 ) ;
#3399 = VERTEX_POINT ( 'NONE', #3229 ) ;
#3400 = PLANE ( 'NONE',  #162 ) ;
#3401 = ORIENTED_EDGE ( 'NONE', *, *, #4123, .F. ) ;
#3402 = VECTOR ( 'NONE', #4045, 1000.000000000000000 ) ;
#3403 = CARTESIAN_POINT ( 'NONE',  ( -8.000000000000000000, -0.5000000000000009992, 7.700000000000000178 ) ) ;
#3404 = ORIENTED_EDGE ( 'NONE', *, *, #2058, .F. ) ;
#3405 = VECTOR ( 'NONE', #10671, 1000.000000000000000 ) ;
#3406 = ORIENTED_EDGE ( 'NONE', *, *, #9198, .T. ) ;
#3407 = FACE_OUTER_BOUND ( 'NONE', #9750, .T. ) ;
#3408 = CARTESIAN_POINT ( 'NONE',  ( 3.350000000000000089, 0.8000000000000000444, -3.399777700366560129 ) ) ;
#3409 = LINE ( 'NONE', #8528, #2227 ) ;
#3410 = CARTESIAN_POINT ( 'NONE',  ( 1.150952156791470005, 3.760868507983700759, 4.366009120809686728 ) ) ;
#3411 = DIRECTION ( 'NONE',  ( 1.000000000000000000, 0.000000000000000000, -0.000000000000000000 ) ) ;
#3412 = ORIENTED_EDGE ( 'NONE', *, *, #1731, .T. ) ;
#3413 = LINE ( 'NONE', #877, #2096 ) ;
#3414 = VECTOR ( 'NONE', #9445, 1000.000000000000114 ) ;
#3415 = ADVANCED_FACE ( 'NONE', ( #6538 ), #3331, .T. ) ;
#3416 = CARTESIAN_POINT ( 'NONE',  ( -8.000000000000000000, 4.775000000000000355, 31.88557667661039829 ) ) ;
#3417 = EDGE_LOOP ( 'NONE', ( #2007, #5342, #9184, #214 ) ) ;
#3418 = DIRECTION ( 'NONE',  ( -1.000000000000000000, 0.000000000000000000, 0.000000000000000000 ) ) ;
#3419 = LINE ( 'NONE', #10105, #108 ) ;
#3420 = DIRECTION ( 'NONE',  ( 0.000000000000000000, 0.000000000000000000, -1.000000000000000000 ) ) ;
#3421 = FACE_OUTER_BOUND ( 'NONE', #4365, .T. ) ;
#3422 = VERTEX_POINT ( 'NONE', #5008 ) ;
#3423 = DIRECTION ( 'NONE',  ( -1.000000000000000000, 0.000000000000000000, 2.602085213965209853E-15 ) ) ;
#3424 = EDGE_CURVE ( 'NONE', #9104, #3202, #4905, .T. ) ;
#3425 = CARTESIAN_POINT ( 'NONE',  ( 5.599999999999999645, -3.000000000000000000, 9.000000000000001776 ) ) ;
#3426 = EDGE_CURVE ( 'NONE', #9213, #5581, #9912, .T. ) ;
#3427 = DIRECTION ( 'NONE',  ( -0.000000000000000000, 1.000000000000000000, 0.000000000000000000 ) ) ;
#3428 = DIRECTION ( 'NONE',  ( 0.000000000000000000, -3.776434533376479869E-16, -1.000000000000000000 ) ) ;
#3429 = CARTESIAN_POINT ( 'NONE',  ( -4.758176668902170627E-17, 0.3986022374905100474, 2.829883021853779823 ) ) ;
#3430 = CARTESIAN_POINT ( 'NONE',  ( 8.074999999999999289, -4.775000000000000355, 31.88557667661039829 ) ) ;
#3431 = CARTESIAN_POINT ( 'NONE',  ( -0.7250000000000004219, 0.2499999999999952260, 2.850814340887969145 ) ) ;
#3432 = ORIENTED_EDGE ( 'NONE', *, *, #4357, .F. ) ;
#3433 = ORIENTED_EDGE ( 'NONE', *, *, #2379, .F. ) ;
#3434 = PLANE ( 'NONE',  #6705 ) ;
#3435 = ORIENTED_EDGE ( 'NONE', *, *, #2175, .F. ) ;
#3436 = CARTESIAN_POINT ( 'NONE',  ( 3.100000000000000533, -1.199999999999999734, 1.899999999999999911 ) ) ;
#3437 = EDGE_CURVE ( 'NONE', #3677, #8841, #1116, .T. ) ;
#3438 = CARTESIAN_POINT ( 'NONE',  ( 9.500000000000000000, -3.000000000000000000, 5.000000000000000000 ) ) ;
#3439 = LINE ( 'NONE', #10178, #6803 ) ;
#3440 = AXIS2_PLACEMENT_3D ( 'NONE', #4117, #8148, #2438 ) ;
#3441 = CARTESIAN_POINT ( 'NONE',  ( -1.925000000000000044, 4.775000000000000355, 1.399999999999998579 ) ) ;
#3442 = CARTESIAN_POINT ( 'NONE',  ( -4.000000000000001776, -0.6248573008720179622, -4.436184497988939768 ) ) ;
#3443 = CARTESIAN_POINT ( 'NONE',  ( 9.507689976714740254, -3.000000000000000000, 9.000000000000001776 ) ) ;
#3444 = ORIENTED_EDGE ( 'NONE', *, *, #6547, .T. ) ;
#3445 = ORIENTED_EDGE ( 'NONE', *, *, #1244, .F. ) ;
#3446 = CARTESIAN_POINT ( 'NONE',  ( -0.03820525858422677001, 4.494475700832944121, 4.425852105171534490 ) ) ;
#3447 = ORIENTED_EDGE ( 'NONE', *, *, #3348, .F. ) ;
#3448 = FACE_OUTER_BOUND ( 'NONE', #7109, .T. ) ;
#3449 = EDGE_CURVE ( 'NONE', #7592, #682, #139, .T. ) ;
#3450 = VECTOR ( 'NONE', #7807, 1000.000000000000000 ) ;
#3451 = EDGE_CURVE ( 'NONE', #9854, #8353, #7682, .T. ) ;
#3452 = ORIENTED_EDGE ( 'NONE', *, *, #2325, .T. ) ;
#3453 = DIRECTION ( 'NONE',  ( -1.000000000000000000, 0.000000000000000000, -0.000000000000000000 ) ) ;
#3454 = CIRCLE ( 'NONE', #2754, 38.37500000000000000 ) ;
#3455 = VERTEX_POINT ( 'NONE', #964 ) ;
#3456 = ORIENTED_EDGE ( 'NONE', *, *, #123, .T. ) ;
#3457 = DIRECTION ( 'NONE',  ( 0.000000000000000000, -0.000000000000000000, 1.000000000000000000 ) ) ;
#3458 = DIRECTION ( 'NONE',  ( 1.000000000000000000, 0.000000000000000000, -0.000000000000000000 ) ) ;
#3459 = CARTESIAN_POINT ( 'NONE',  ( 0.000000000000000000, 5.350000000000000533, 12.00000000000000000 ) ) ;
#3460 = CARTESIAN_POINT ( 'NONE',  ( 0.9708041688838640049, 4.113112969314824063, 4.394730287972238969 ) ) ;
#3461 = DIRECTION ( 'NONE',  ( 0.000000000000000000, 1.000000000000000000, 0.000000000000000000 ) ) ;
#3462 = EDGE_CURVE ( 'NONE', #7690, #3289, #4352, .T. ) ;
#3463 = ORIENTED_EDGE ( 'NONE', *, *, #6419, .F. ) ;
#3464 = AXIS2_PLACEMENT_3D ( 'NONE', #4041, #88, #3394 ) ;
#3465 = CARTESIAN_POINT ( 'NONE',  ( 6.900000000000000355, 6.339999999999999858, 2.100000000000000089 ) ) ;
#3466 = VECTOR ( 'NONE', #10297, 1000.000000000000000 ) ;
#3467 = ORIENTED_EDGE ( 'NONE', *, *, #5754, .F. ) ;
#3468 = CARTESIAN_POINT ( 'NONE',  ( 8.750000000000000000, -6.450000000000000178, 13.00000000000000178 ) ) ;
#3469 = EDGE_CURVE ( 'NONE', #5228, #8389, #3650, .T. ) ;
#3470 = VECTOR ( 'NONE', #2771, 1000.000000000000000 ) ;
#3471 = PLANE ( 'NONE',  #8260 ) ;
#3472 = CARTESIAN_POINT ( 'NONE',  ( -0.5000000000000000000, -0.5000000000000000000, -3.500000000000000000 ) ) ;
#3473 = CARTESIAN_POINT ( 'NONE',  ( -4.000000000000000000, 0.000000000000000000, -1.350000000000000089 ) ) ;
#3474 = ORIENTED_EDGE ( 'NONE', *, *, #7683, .T. ) ;
#3475 = UNCERTAINTY_MEASURE_WITH_UNIT (LENGTH_MEASURE( 1.000000000000000082E-05 ), #10526, 'distance_accuracy_value', 'NONE');
#3476 = EDGE_CURVE ( 'NONE', #666, #4738, #2626, .T. ) ;
#3477 = LINE ( 'NONE', #334, #4572 ) ;
#3478 = CARTESIAN_POINT ( 'NONE',  ( 6.049999999999999822, 1.199999999999999734, 1.399999999999999689 ) ) ;
#3479 = CARTESIAN_POINT ( 'NONE',  ( -9.674497472730669401, -3.000000000000000000, 12.39604540319700021 ) ) ;
#3480 = LINE ( 'NONE', #1098, #10394 ) ;
#3481 = CARTESIAN_POINT ( 'NONE',  ( -8.750000000000000000, 6.450000000000000178, 10.50000000000000000 ) ) ;
#3482 = CARTESIAN_POINT ( 'NONE',  ( -1.000000000000000000, -6.349999999999999645, 10.50000000000000000 ) ) ;
#3483 = VECTOR ( 'NONE', #10595, 1000.000000000000000 ) ;
#3484 = EDGE_LOOP ( 'NONE', ( #7672, #9315, #10476, #6832 ) ) ;
#3485 = CARTESIAN_POINT ( 'NONE',  ( 0.000000000000000000, 6.349999999999999645, 11.00000000000000000 ) ) ;
#3486 = EDGE_CURVE ( 'NONE', #8947, #240, #7631, .T. ) ;
#3487 = ORIENTED_EDGE ( 'NONE', *, *, #5390, .T. ) ;
#3488 = DIRECTION ( 'NONE',  ( 0.000000000000000000, -0.000000000000000000, 1.000000000000000000 ) ) ;
#3489 = VECTOR ( 'NONE', #561, 1000.000000000000000 ) ;
#3490 = LINE ( 'NONE', #5116, #8038 ) ;
#3491 = PLANE ( 'NONE',  #6742 ) ;
#3492 = DIRECTION ( 'NONE',  ( -1.000000000000000000, 0.000000000000000000, 0.000000000000000000 ) ) ;
#3493 = EDGE_CURVE ( 'NONE', #4912, #10031, #10660, .T. ) ;
#3494 = LINE ( 'NONE', #1972, #3119 ) ;
#3495 = ORIENTED_EDGE ( 'NONE', *, *, #5165, .T. ) ;
#3496 = CARTESIAN_POINT ( 'NONE',  ( -0.9705701436991946984, 4.098250981533157145, 4.470970748334936573 ) ) ;
#3497 = ORIENTED_EDGE ( 'NONE', *, *, #1013, .T. ) ;
#3498 = CARTESIAN_POINT ( 'NONE',  ( 2.707541993964409865, 0.000000000000000000, -3.399777700366560573 ) ) ;
#3499 = VECTOR ( 'NONE', #1618, 1000.000000000000000 ) ;
#3500 = ADVANCED_FACE ( 'NONE', ( #10131 ), #4408, .T. ) ;
#3501 = ORIENTED_EDGE ( 'NONE', *, *, #5482, .F. ) ;
#3502 = DIRECTION ( 'NONE',  ( 0.000000000000000000, -1.000000000000000000, 0.000000000000000000 ) ) ;
#3503 = ORIENTED_EDGE ( 'NONE', *, *, #9368, .T. ) ;
#3504 = VECTOR ( 'NONE', #4267, 1000.000000000000000 ) ;
#3505 = PLANE ( 'NONE',  #1281 ) ;
#3506 = ADVANCED_FACE ( 'NONE', ( #7739 ), #5987, .T. ) ;
#3507 = EDGE_LOOP ( 'NONE', ( #412, #6373, #6087, #2304 ) ) ;
#3508 = VERTEX_POINT ( 'NONE', #8401 ) ;
#3509 = LINE ( 'NONE', #5133, #10686 ) ;
#3510 = CARTESIAN_POINT ( 'NONE',  ( -6.450000000000000178, 0.9499999999999999556, -0.3499999999999999778 ) ) ;
#3511 = CARTESIAN_POINT ( 'NONE',  ( 10.41980543215949950, -3.000000000000000000, 9.925437956591640187 ) ) ;
#3512 = LINE ( 'NONE', #1835, #9579 ) ;
#3513 = CARTESIAN_POINT ( 'NONE',  ( 0.5750000000000000666, 0.4999999999999998890, 2.500000000000000000 ) ) ;
#3514 = VECTOR ( 'NONE', #9847, 1000.000000000000114 ) ;
#3515 = VECTOR ( 'NONE', #8278, 1000.000000000000000 ) ;
#3516 = ORIENTED_EDGE ( 'NONE', *, *, #7356, .F. ) ;
#3517 = CARTESIAN_POINT ( 'NONE',  ( -8.074999999999999289, 0.000000000000000000, 15.00000000000000000 ) ) ;
#3518 = EDGE_CURVE ( 'NONE', #8176, #5125, #4249, .T. ) ;
#3519 = VECTOR ( 'NONE', #3678, 1000.000000000000000 ) ;
#3520 = EDGE_CURVE ( 'NONE', #7498, #3202, #4388, .T. ) ;
#3521 = VECTOR ( 'NONE', #2380, 1000.000000000000000 ) ;
#3522 = ORIENTED_EDGE ( 'NONE', *, *, #8343, .T. ) ;
#3523 = FACE_OUTER_BOUND ( 'NONE', #10280, .T. ) ;
#3524 = CARTESIAN_POINT ( 'NONE',  ( -3.100000000000000533, 1.199999999999999734, 1.899999999999999689 ) ) ;
#3525 = DIRECTION ( 'NONE',  ( 0.000000000000000000, 0.000000000000000000, 1.000000000000000000 ) ) ;
#3526 = CYLINDRICAL_SURFACE ( 'NONE', #7664, 1.399999999999999911 ) ;
#3527 = ORIENTED_EDGE ( 'NONE', *, *, #6691, .F. ) ;
#3528 = CARTESIAN_POINT ( 'NONE',  ( -8.000000000000000000, 0.4999999999999997780, 7.700000000000000178 ) ) ;
#3529 = AXIS2_PLACEMENT_3D ( 'NONE', #3272, #3976, #4187 ) ;
#3530 = VECTOR ( 'NONE', #4145, 1000.000000000000000 ) ;
#3531 = DIRECTION ( 'NONE',  ( 0.000000000000000000, 0.000000000000000000, -1.000000000000000000 ) ) ;
#3532 = FACE_OUTER_BOUND ( 'NONE', #5886, .T. ) ;
#3533 = DIRECTION ( 'NONE',  ( 0.000000000000000000, 0.000000000000000000, 1.000000000000000000 ) ) ;
#3534 = LINE ( 'NONE', #2561, #2310 ) ;
#3535 = DIRECTION ( 'NONE',  ( -1.000000000000000000, 0.000000000000000000, 0.000000000000000000 ) ) ;
#3536 = VECTOR ( 'NONE', #10011, 1000.000000000000000 ) ;
#3537 = ORIENTED_EDGE ( 'NONE', *, *, #8542, .F. ) ;
#3538 = ORIENTED_EDGE ( 'NONE', *, *, #769, .T. ) ;
#3539 = DIRECTION ( 'NONE',  ( 0.000000000000000000, 0.000000000000000000, -1.000000000000000000 ) ) ;
#3540 = ORIENTED_EDGE ( 'NONE', *, *, #5469, .F. ) ;
#3541 = ORIENTED_EDGE ( 'NONE', *, *, #798, .F. ) ;
#3542 = AXIS2_PLACEMENT_3D ( 'NONE', #5310, #1095, #996 ) ;
#3543 = FACE_OUTER_BOUND ( 'NONE', #4265, .T. ) ;
#3544 = EDGE_CURVE ( 'NONE', #818, #7553, #1816, .T. ) ;
#3545 = FACE_OUTER_BOUND ( 'NONE', #8524, .T. ) ;
#3546 = DIRECTION ( 'NONE',  ( -0.9441829104614442025, 0.000000000000000000, 0.3294216623000931210 ) ) ;
#3547 = DIRECTION ( 'NONE',  ( 0.000000000000000000, -1.000000000000000000, -0.000000000000000000 ) ) ;
#3548 = ADVANCED_BREP_SHAPE_REPRESENTATION ( '', ( #4747, #8177 ), #4679 ) ;
#3549 = CARTESIAN_POINT ( 'NONE',  ( 3.100000000000000533, -0.5000000000000000000, 1.399999999999999911 ) ) ;
#3550 = VERTEX_POINT ( 'NONE', #192 ) ;
#3551 = CARTESIAN_POINT ( 'NONE',  ( 1.500000000000000000, 1.770447840360079850, 2.890861957720189501 ) ) ;
#3552 = VERTEX_POINT ( 'NONE', #10180 ) ;
#3553 = DIRECTION ( 'NONE',  ( -1.000000000000000000, -0.000000000000000000, 0.000000000000000000 ) ) ;
#3554 = ORIENTED_EDGE ( 'NONE', *, *, #7224, .T. ) ;
#3555 = DIRECTION ( 'NONE',  ( 0.000000000000000000, -1.000000000000000000, -0.000000000000000000 ) ) ;
#3556 = ORIENTED_EDGE ( 'NONE', *, *, #8890, .F. ) ;
#3557 = ADVANCED_FACE ( 'NONE', ( #9321 ), #1864, .F. ) ;
#3558 = EDGE_CURVE ( 'NONE', #4573, #864, #5169, .T. ) ;
#3559 = EDGE_CURVE ( 'NONE', #10031, #1124, #3597, .T. ) ;
#3560 = DIRECTION ( 'NONE',  ( 0.000000000000000000, 1.000000000000000000, -0.000000000000000000 ) ) ;
#3561 = EDGE_LOOP ( 'NONE', ( #1450, #9554, #10227, #10092 ) ) ;
#3562 = PLANE ( 'NONE',  #10515 ) ;
#3563 = LINE ( 'NONE', #3408, #10107 ) ;
#3564 = FACE_OUTER_BOUND ( 'NONE', #3568, .T. ) ;
#3565 = CARTESIAN_POINT ( 'NONE',  ( -8.000000000000000000, -3.975000000000000089, 31.88557667661039829 ) ) ;
#3566 = CARTESIAN_POINT ( 'NONE',  ( 10.50000000000000000, 7.500000000000000000, 13.00000000000000178 ) ) ;
#3567 = VECTOR ( 'NONE', #4967, 1000.000000000000114 ) ;
#3568 = EDGE_LOOP ( 'NONE', ( #2329, #8838, #4658, #5319, #8362, #9489, #5571, #6274 ) ) ;
#3569 = LINE ( 'NONE', #3822, #4517 ) ;
#3570 = VECTOR ( 'NONE', #8659, 1000.000000000000000 ) ;
#3571 = VERTEX_POINT ( 'NONE', #10233 ) ;
#3572 = CARTESIAN_POINT ( 'NONE',  ( 0.7249999999999999778, 1.652592182892416828, -4.756973892105110124 ) ) ;
#3573 = SURFACE_SIDE_STYLE ('',( #277 ) ) ;
#3574 = FACE_OUTER_BOUND ( 'NONE', #2682, .T. ) ;
#3575 = FACE_OUTER_BOUND ( 'NONE', #7196, .T. ) ;
#3576 = ORIENTED_EDGE ( 'NONE', *, *, #9146, .F. ) ;
#3577 = FACE_OUTER_BOUND ( 'NONE', #8237, .T. ) ;
#3578 = EDGE_CURVE ( 'NONE', #7033, #7525, #2786, .T. ) ;
#3579 = EDGE_CURVE ( 'NONE', #3931, #5591, #7788, .T. ) ;
#3580 = CARTESIAN_POINT ( 'NONE',  ( -0.03729289042025523554, 4.494495739719096328, 4.425853709151983395 ) ) ;
#3581 = DIRECTION ( 'NONE',  ( 1.630765106641810118E-16, 0.000000000000000000, -1.000000000000000000 ) ) ;
#3582 = FACE_OUTER_BOUND ( 'NONE', #2374, .T. ) ;
#3583 = EDGE_LOOP ( 'NONE', ( #2316, #5896, #2994, #4097 ) ) ;
#3584 = CARTESIAN_POINT ( 'NONE',  ( -9.913744736894727794, 3.000000000000000000, 11.81413169024230037 ) ) ;
#3585 = CARTESIAN_POINT ( 'NONE',  ( 9.848823097076499167, -3.000000000000000000, 10.48239748035040186 ) ) ;
#3586 = LINE ( 'NONE', #6904, #10127 ) ;
#3587 = EDGE_LOOP ( 'NONE', ( #1415, #9309, #7483, #10135 ) ) ;
#3588 = CARTESIAN_POINT ( 'NONE',  ( -0.9705726386704329745, 4.104518162176773899, 4.394092635359075238 ) ) ;
#3589 = ORIENTED_EDGE ( 'NONE', *, *, #1555, .F. ) ;
#3590 = FACE_OUTER_BOUND ( 'NONE', #2517, .T. ) ;
#3591 = VERTEX_POINT ( 'NONE', #9476 ) ;
#3592 = CARTESIAN_POINT ( 'NONE',  ( -8.050000000000002487, 6.349999999999999645, 13.00000000000000178 ) ) ;
#3593 = EDGE_CURVE ( 'NONE', #8956, #5622, #8780, .T. ) ;
#3594 = CARTESIAN_POINT ( 'NONE',  ( -0.7249999999999999778, 8.985357054628929168E-16, 41.22500000000000142 ) ) ;
#3595 = FACE_OUTER_BOUND ( 'NONE', #3127, .T. ) ;
#3596 = PLANE ( 'NONE',  #5343 ) ;
#3597 = LINE ( 'NONE', #1915, #4914 ) ;
#3598 = FACE_OUTER_BOUND ( 'NONE', #4137, .T. ) ;
#3599 = CARTESIAN_POINT ( 'NONE',  ( -5.450000000000000178, 0.000000000000000000, -0.3499999999999999778 ) ) ;
#3600 = EDGE_LOOP ( 'NONE', ( #10592, #3047, #9852, #8088 ) ) ;
#3601 = ORIENTED_EDGE ( 'NONE', *, *, #5304, .F. ) ;
#3602 = CARTESIAN_POINT ( 'NONE',  ( 6.123233995736766036E-17, -6.349999999999999645, 13.00000000000000178 ) ) ;
#3603 = ORIENTED_EDGE ( 'NONE', *, *, #7275, .F. ) ;
#3604 = CARTESIAN_POINT ( 'NONE',  ( -5.150000000000000355, 6.429304672761169570, 4.385836643711150451 ) ) ;
#3605 = EDGE_CURVE ( 'NONE', #4505, #8709, #7903, .T. ) ;
#3606 = ORIENTED_EDGE ( 'NONE', *, *, #3850, .T. ) ;
#3607 = CIRCLE ( 'NONE', #499, 1.000000000000000888 ) ;
#3608 = PLANE ( 'NONE',  #7698 ) ;
#3609 = LINE ( 'NONE', #4173, #5180 ) ;
#3610 = ORIENTED_EDGE ( 'NONE', *, *, #9248, .T. ) ;
#3611 = ADVANCED_FACE ( 'NONE', ( #2025 ), #7242, .T. ) ;
#3612 = PRESENTATION_LAYER_ASSIGNMENT (  '', '', ( #10047 ) ) ;
#3613 = ORIENTED_EDGE ( 'NONE', *, *, #624, .F. ) ;
#3614 = LINE ( 'NONE', #10362, #5472 ) ;
#3615 = LINE ( 'NONE', #2802, #1599 ) ;
#3616 = DIRECTION ( 'NONE',  ( 0.000000000000000000, 1.000000000000000000, 0.000000000000000000 ) ) ;
#3617 = DIRECTION ( 'NONE',  ( 3.234629275487279840E-05, -0.08125146163589479220, 0.9966936334379526974 ) ) ;
#3618 = CARTESIAN_POINT ( 'NONE',  ( -1.495287985428006561, 3.270840406961550428, 4.373389622955227374 ) ) ;
#3619 = ADVANCED_FACE ( 'NONE', ( #8721 ), #1269, .T. ) ;
#3620 = ORIENTED_EDGE ( 'NONE', *, *, #6718, .T. ) ;
#3621 = VECTOR ( 'NONE', #2825, 1000.000000000000114 ) ;
#3622 = EDGE_LOOP ( 'NONE', ( #588, #6194, #4168, #8095 ) ) ;
#3623 = DIRECTION ( 'NONE',  ( -1.000000000000000000, 0.000000000000000000, 0.000000000000000000 ) ) ;
#3624 = EDGE_CURVE ( 'NONE', #1385, #7182, #7079, .T. ) ;
#3625 = CARTESIAN_POINT ( 'NONE',  ( 0.7983467862508565327, 2.294540796341772104, 4.342394477046654266 ) ) ;
#3626 = CARTESIAN_POINT ( 'NONE',  ( 1.000000000000000000, 0.000000000000000000, 7.713101904062731230E-17 ) ) ;
#3627 = FACE_OUTER_BOUND ( 'NONE', #6719, .T. ) ;
#3628 = ORIENTED_EDGE ( 'NONE', *, *, #9882, .T. ) ;
#3629 = VECTOR ( 'NONE', #5781, 1000.000000000000000 ) ;
#3630 = EDGE_CURVE ( 'NONE', #10566, #8114, #6257, .T. ) ;
#3631 = EDGE_CURVE ( 'NONE', #6179, #10711, #2949, .T. ) ;
#3632 = DIRECTION ( 'NONE',  ( 0.2164396139381039863, 0.000000000000000000, -0.9762960071199330292 ) ) ;
#3633 = CARTESIAN_POINT ( 'NONE',  ( 1.074368340361957497, 3.958014547746842915, 4.459540972204701248 ) ) ;
#3634 = DIRECTION ( 'NONE',  ( 0.000000000000000000, 0.000000000000000000, 1.000000000000000000 ) ) ;
#3635 = VECTOR ( 'NONE', #2897, 1000.000000000000000 ) ;
#3636 =( NAMED_UNIT ( * ) PLANE_ANGLE_UNIT ( ) SI_UNIT ( $, .RADIAN. ) );
#3637 = ORIENTED_EDGE ( 'NONE', *, *, #4744, .T. ) ;
#3638 = CARTESIAN_POINT ( 'NONE',  ( -1.699999999999999956, -6.450000000000000178, 10.50000000000000000 ) ) ;
#3639 = DIRECTION ( 'NONE',  ( 0.3294216623000940092, 0.000000000000000000, -0.9441829104614438695 ) ) ;
#3640 = CARTESIAN_POINT ( 'NONE',  ( 0.000000000000000000, 1.652592182892420603, -4.756973892105110124 ) ) ;
#3641 = ORIENTED_EDGE ( 'NONE', *, *, #9894, .T. ) ;
#3642 = DIRECTION ( 'NONE',  ( -1.000000000000000000, 9.847071330600250813E-16, -1.387005976852956677E-16 ) ) ;
#3643 = EDGE_LOOP ( 'NONE', ( #8906, #3853, #6608, #5678 ) ) ;
#3644 = LINE ( 'NONE', #9469, #7052 ) ;
#3645 = ORIENTED_EDGE ( 'NONE', *, *, #1886, .T. ) ;
#3646 = DIRECTION ( 'NONE',  ( 0.2164396139381039863, 0.000000000000000000, -0.9762960071199330292 ) ) ;
#3647 = PLANE ( 'NONE',  #10112 ) ;
#3648 = VECTOR ( 'NONE', #3488, 1000.000000000000000 ) ;
#3649 = CARTESIAN_POINT ( 'NONE',  ( 3.100000000000000533, -1.199999999999999956, -0.9499999999999996225 ) ) ;
#3650 = LINE ( 'NONE', #7583, #5258 ) ;
#3651 = EDGE_CURVE ( 'NONE', #10681, #3550, #9530, .T. ) ;
#3652 = DIRECTION ( 'NONE',  ( -1.000000000000000000, 0.000000000000000000, 0.000000000000000000 ) ) ;
#3653 = LINE ( 'NONE', #4459, #9433 ) ;
#3654 = ADVANCED_FACE ( 'NONE', ( #3923 ), #4510, .F. ) ;
#3655 = ORIENTED_EDGE ( 'NONE', *, *, #916, .T. ) ;
#3656 = ORIENTED_EDGE ( 'NONE', *, *, #3143, .F. ) ;
#3657 = LINE ( 'NONE', #3498, #2365 ) ;
#3658 = ORIENTED_EDGE ( 'NONE', *, *, #2840, .T. ) ;
#3659 = FACE_OUTER_BOUND ( 'NONE', #145, .T. ) ;
#3660 = CIRCLE ( 'NONE', #5567, 0.2000000000000000944 ) ;
#3661 = ORIENTED_EDGE ( 'NONE', *, *, #9042, .T. ) ;
#3662 = CARTESIAN_POINT ( 'NONE',  ( 2.000000000000000000, 0.5000000000000000000, -0.9500000000000000666 ) ) ;
#3663 = LINE ( 'NONE', #1679, #7280 ) ;
#3664 = EDGE_CURVE ( 'NONE', #2859, #448, #5380, .T. ) ;
#3665 = VECTOR ( 'NONE', #2053, 1000.000000000000000 ) ;
#3666 = ORIENTED_EDGE ( 'NONE', *, *, #8209, .T. ) ;
#3667 = ORIENTED_EDGE ( 'NONE', *, *, #3390, .F. ) ;
#3668 = DIRECTION ( 'NONE',  ( 1.000000000000000000, -0.000000000000000000, -0.000000000000000000 ) ) ;
#3669 = LINE ( 'NONE', #8683, #221 ) ;
#3670 = FACE_OUTER_BOUND ( 'NONE', #6336, .T. ) ;
#3671 = CARTESIAN_POINT ( 'NONE',  ( -1.925000000000000044, -3.975000000000000089, 1.399999999999998579 ) ) ;
#3672 = CARTESIAN_POINT ( 'NONE',  ( 10.32091455230719923, 3.000000000000000000, 10.64710831150049941 ) ) ;
#3673 = EDGE_LOOP ( 'NONE', ( #4451, #10466, #4358, #9069 ) ) ;
#3674 = CIRCLE ( 'NONE', #215, 1.000000000000000000 ) ;
#3675 = EDGE_CURVE ( 'NONE', #4912, #8929, #3061, .T. ) ;
#3676 = EDGE_CURVE ( 'NONE', #8904, #7993, #517, .T. ) ;
#3677 = VERTEX_POINT ( 'NONE', #3812 ) ;
#3678 = DIRECTION ( 'NONE',  ( -1.000000000000000000, -0.000000000000000000, -0.000000000000000000 ) ) ;
#3679 = FILL_AREA_STYLE_COLOUR ( '', #8092 ) ;
#3680 = CARTESIAN_POINT ( 'NONE',  ( -1.478391717746539991, 3.797670615567933172, 4.369094597084331788 ) ) ;
#3681 = VECTOR ( 'NONE', #8740, 1000.000000000000000 ) ;
#3682 = DIRECTION ( 'NONE',  ( 0.000000000000000000, 1.000000000000000000, -3.576749435003730024E-16 ) ) ;
#3683 = ORIENTED_EDGE ( 'NONE', *, *, #3578, .F. ) ;
#3684 = DIRECTION ( 'NONE',  ( 0.000000000000000000, 0.000000000000000000, 1.000000000000000000 ) ) ;
#3685 = CARTESIAN_POINT ( 'NONE',  ( 0.7045098603647860225, 4.352524285481936595, 4.414255980072079311 ) ) ;
#3686 = EDGE_CURVE ( 'NONE', #7083, #9078, #4564, .T. ) ;
#3687 = VECTOR ( 'NONE', #3048, 1000.000000000000000 ) ;
#3688 = AXIS2_PLACEMENT_3D ( 'NONE', #3759, #5325, #7130 ) ;
#3689 = DIRECTION ( 'NONE',  ( -0.3294216623000930655, 0.000000000000000000, 0.9441829104614440915 ) ) ;
#3690 = CARTESIAN_POINT ( 'NONE',  ( 9.674497472730669401, 3.000000000000000000, 12.39604540319700021 ) ) ;
#3691 = ORIENTED_EDGE ( 'NONE', *, *, #9045, .F. ) ;
#3692 = LINE ( 'NONE', #8705, #5768 ) ;
#3693 = PLANE ( 'NONE',  #6317 ) ;
#3694 = ORIENTED_EDGE ( 'NONE', *, *, #4759, .T. ) ;
#3695 = CARTESIAN_POINT ( 'NONE',  ( 1.097963954609989967, 2.501483179550570757, 4.263344489178586549 ) ) ;
#3696 = AXIS2_PLACEMENT_3D ( 'NONE', #1558, #4864, #8199 ) ;
#3697 = ORIENTED_EDGE ( 'NONE', *, *, #6688, .F. ) ;
#3698 = CARTESIAN_POINT ( 'NONE',  ( -8.000000000000000000, -0.5000000000000000000, 1.399999999999999911 ) ) ;
#3699 = VECTOR ( 'NONE', #9653, 1000.000000000000000 ) ;
#3700 = ORIENTED_EDGE ( 'NONE', *, *, #3956, .F. ) ;
#3701 = CARTESIAN_POINT ( 'NONE',  ( 1.699999999999999956, 6.450000000000000178, 10.50000000000000000 ) ) ;
#3702 = DIRECTION ( 'NONE',  ( -1.767871058320319965E-15, 0.9902251923489522323, -0.1394778421021800330 ) ) ;
#3703 = EDGE_CURVE ( 'NONE', #308, #6650, #1429, .T. ) ;
#3704 = PLANE ( 'NONE',  #5595 ) ;
#3705 = CIRCLE ( 'NONE', #5432, 38.37500000000000000 ) ;
#3706 = STYLED_ITEM ( 'NONE', ( #5652 ), #3719 ) ;
#3707 = LINE ( 'NONE', #3004, #4646 ) ;
#3708 = DIRECTION ( 'NONE',  ( -0.000000000000000000, -0.3586157030623740027, 0.9334852851100970961 ) ) ;
#3709 = CARTESIAN_POINT ( 'NONE',  ( 0.000000000000000000, -7.500000000000000000, 11.00000000000000000 ) ) ;
#3710 = PRESENTATION_STYLE_ASSIGNMENT (( #4733 ) ) ;
#3711 = ORIENTED_EDGE ( 'NONE', *, *, #10478, .F. ) ;
#3712 = VERTEX_POINT ( 'NONE', #1325 ) ;
#3713 = DIRECTION ( 'NONE',  ( -1.000000000000000000, -0.000000000000000000, -0.000000000000000000 ) ) ;
#3714 = EDGE_LOOP ( 'NONE', ( #8577, #3537, #7139, #4630 ) ) ;
#3715 = DIRECTION ( 'NONE',  ( -1.000000000000000000, 0.000000000000000000, 0.000000000000000000 ) ) ;
#3716 = AXIS2_PLACEMENT_3D ( 'NONE', #10004, #5812, #6630 ) ;
#3717 = ORIENTED_EDGE ( 'NONE', *, *, #5553, .F. ) ;
#3718 = ADVANCED_FACE ( 'NONE', ( #9640 ), #2196, .F. ) ;
#3719 = ADVANCED_FACE ( 'NONE', ( #7192 ), #8014, .F. ) ;
#3720 = LINE ( 'NONE', #1442, #8052 ) ;
#3721 = ORIENTED_EDGE ( 'NONE', *, *, #8113, .T. ) ;
#3722 = VECTOR ( 'NONE', #3091, 1000.000000000000000 ) ;
#3723 = CARTESIAN_POINT ( 'NONE',  ( -0.7249999999999999778, 2.737844099826317823, 2.947789617253376182 ) ) ;
#3724 = EDGE_LOOP ( 'NONE', ( #7160, #5624, #5640, #6673 ) ) ;
#3725 = ORIENTED_EDGE ( 'NONE', *, *, #10034, .F. ) ;
#3726 = DIRECTION ( 'NONE',  ( 1.000000000000000000, 0.000000000000000000, -0.000000000000000000 ) ) ;
#3727 = DIRECTION ( 'NONE',  ( 0.000000000000000000, 0.9902251923489522323, -0.1394778421021800330 ) ) ;
#3728 = DIRECTION ( 'NONE',  ( -0.000000000000000000, -0.9902251923489521213, 0.1394778421021800052 ) ) ;
#3729 = LINE ( 'NONE', #7760, #5230 ) ;
#3730 = DIRECTION ( 'NONE',  ( 1.000000000000000000, 1.170492871219469200E-16, -1.648693864134138721E-17 ) ) ;
#3731 = VERTEX_POINT ( 'NONE', #894 ) ;
#3732 = AXIS2_PLACEMENT_3D ( 'NONE', #8190, #804, #2371 ) ;
#3733 = VERTEX_POINT ( 'NONE', #4185 ) ;
#3734 = DIRECTION ( 'NONE',  ( 0.000000000000000000, 1.000000000000000000, 0.000000000000000000 ) ) ;
#3735 = CIRCLE ( 'NONE', #5290, 36.99598795820000419 ) ;
#3736 = CARTESIAN_POINT ( 'NONE',  ( -1.477194145093158939, 3.167238903270653605, 4.413501451357057626 ) ) ;
#3737 = CARTESIAN_POINT ( 'NONE',  ( -1.925000000000000044, 4.775000000000000355, 31.88557667661039829 ) ) ;
#3738 = ORIENTED_EDGE ( 'NONE', *, *, #1990, .F. ) ;
#3739 = LINE ( 'NONE', #8103, #7720 ) ;
#3740 = ADVANCED_FACE ( 'NONE', ( #10614 ), #7402, .F. ) ;
#3741 = CARTESIAN_POINT ( 'NONE',  ( -9.848823097076495614, 3.000000000000001776, 10.48239748035041075 ) ) ;
#3742 = VECTOR ( 'NONE', #3028, 1000.000000000000000 ) ;
#3743 = PRODUCT_DEFINITION_SHAPE ( 'NONE', 'NONE',  #1637 ) ;
#3744 = LINE ( 'NONE', #1151, #6049 ) ;
#3745 = ORIENTED_EDGE ( 'NONE', *, *, #1382, .T. ) ;
#3746 = FACE_BOUND ( 'NONE', #2303, .T. ) ;
#3747 =( NAMED_UNIT ( * ) SI_UNIT ( $, .STERADIAN. ) SOLID_ANGLE_UNIT ( ) );
#3748 = DIRECTION ( 'NONE',  ( 0.000000000000000000, -0.000000000000000000, 1.000000000000000000 ) ) ;
#3749 = CARTESIAN_POINT ( 'NONE',  ( -6.049999999999999822, 1.199999999999999956, 31.88557667661039829 ) ) ;
#3750 = ORIENTED_EDGE ( 'NONE', *, *, #8224, .T. ) ;
#3751 = CARTESIAN_POINT ( 'NONE',  ( 1.474230244328860184, 3.831456599481601000, 4.371753041076217094 ) ) ;
#3752 = ADVANCED_FACE ( 'NONE', ( #7345 ), #9041, .T. ) ;
#3753 = EDGE_LOOP ( 'NONE', ( #2516, #9921, #1513, #9691 ) ) ;
#3754 = CARTESIAN_POINT ( 'NONE',  ( -8.050000000000000711, 6.450000000000000178, 10.50000000000000000 ) ) ;
#3755 = ORIENTED_EDGE ( 'NONE', *, *, #3476, .F. ) ;
#3756 = CARTESIAN_POINT ( 'NONE',  ( 1.500000000000000000, -3.810255724411280021, 4.375480035134340362 ) ) ;
#3757 = ADVANCED_FACE ( 'NONE', ( #10716 ), #9900, .T. ) ;
#3758 = CARTESIAN_POINT ( 'NONE',  ( -1.314461724807929999, 4.220651693485416800, 4.403571117395948420 ) ) ;
#3759 = CARTESIAN_POINT ( 'NONE',  ( -9.674497472730669401, 3.000000000000000000, 12.39604540319700021 ) ) ;
#3760 = PRESENTATION_STYLE_ASSIGNMENT (( #463 ) ) ;
#3761 = CARTESIAN_POINT ( 'NONE',  ( -0.5000000000000000000, 6.250000000000000000, -3.500000000000000000 ) ) ;
#3762 = LINE ( 'NONE', #8940, #1797 ) ;
#3763 = VERTEX_POINT ( 'NONE', #1692 ) ;
#3764 = EDGE_CURVE ( 'NONE', #6758, #7039, #10666, .T. ) ;
#3765 = VERTEX_POINT ( 'NONE', #2458 ) ;
#3766 = LINE ( 'NONE', #4737, #2197 ) ;
#3767 = ORIENTED_EDGE ( 'NONE', *, *, #8568, .F. ) ;
#3768 = DIRECTION ( 'NONE',  ( 0.000000000000000000, 0.000000000000000000, 1.000000000000000000 ) ) ;
#3769 = VERTEX_POINT ( 'NONE', #3974 ) ;
#3770 = CARTESIAN_POINT ( 'NONE',  ( 10.41980543215949950, 3.000000000000000000, 9.925437956591640187 ) ) ;
#3771 = DIRECTION ( 'NONE',  ( -0.000000000000000000, -1.000000000000000000, 0.000000000000000000 ) ) ;
#3772 = VERTEX_POINT ( 'NONE', #8938 ) ;
#3773 = VERTEX_POINT ( 'NONE', #7292 ) ;
#3774 = DIRECTION ( 'NONE',  ( 1.000000000000000000, 0.000000000000000000, -0.000000000000000000 ) ) ;
#3775 = ORIENTED_EDGE ( 'NONE', *, *, #6737, .T. ) ;
#3776 = DIRECTION ( 'NONE',  ( 0.000000000000000000, 0.000000000000000000, -1.000000000000000000 ) ) ;
#3777 = CARTESIAN_POINT ( 'NONE',  ( 3.449999999999999734, -1.199999999999999956, 1.399999999999999245 ) ) ;
#3778 = EDGE_CURVE ( 'NONE', #6465, #7309, #732, .T. ) ;
#3779 = FACE_OUTER_BOUND ( 'NONE', #6190, .T. ) ;
#3780 = CARTESIAN_POINT ( 'NONE',  ( 0.000000000000000000, 6.349999999999999645, 12.00000000000000000 ) ) ;
#3781 = PLANE ( 'NONE',  #10189 ) ;
#3782 = AXIS2_PLACEMENT_3D ( 'NONE', #4722, #8008, #565 ) ;
#3783 = ORIENTED_EDGE ( 'NONE', *, *, #7683, .F. ) ;
#3784 = VECTOR ( 'NONE', #7958, 1000.000000000000114 ) ;
#3785 = ORIENTED_EDGE ( 'NONE', *, *, #2636, .T. ) ;
#3786 = DIRECTION ( 'NONE',  ( -1.000000000000000000, -0.000000000000000000, -0.000000000000000000 ) ) ;
#3787 = ADVANCED_FACE ( 'NONE', ( #8990 ), #1531, .T. ) ;
#3788 = DIRECTION ( 'NONE',  ( 6.251255769285790096E-16, 1.000000000000000000, -0.000000000000000000 ) ) ;
#3789 = LINE ( 'NONE', #5307, #4699 ) ;
#3790 = ORIENTED_EDGE ( 'NONE', *, *, #9810, .F. ) ;
#3791 = DIRECTION ( 'NONE',  ( -0.000000000000000000, -1.000000000000000000, 0.000000000000000000 ) ) ;
#3792 = VECTOR ( 'NONE', #9899, 1000.000000000000000 ) ;
#3793 = CARTESIAN_POINT ( 'NONE',  ( -8.050000000000000711, -6.349999999999999645, 10.50000000000000000 ) ) ;
#3794 = PLANE ( 'NONE',  #867 ) ;
#3795 = ORIENTED_EDGE ( 'NONE', *, *, #5545, .T. ) ;
#3796 = CARTESIAN_POINT ( 'NONE',  ( 0.5000000000000003331, -6.250000000000000000, -2.500000000000000000 ) ) ;
#3797 = SHAPE_DEFINITION_REPRESENTATION ( #6949, #822 ) ;
#3798 = LINE ( 'NONE', #2181, #7030 ) ;
#3799 = CARTESIAN_POINT ( 'NONE',  ( -0.5749999999999999556, -5.349999999999999645, 2.500000000000000888 ) ) ;
#3800 = VERTEX_POINT ( 'NONE', #4027 ) ;
#3801 = CARTESIAN_POINT ( 'NONE',  ( -0.02948253080886019395, 2.514951933992450872, 4.264479065201706831 ) ) ;
#3802 = ORIENTED_EDGE ( 'NONE', *, *, #244, .F. ) ;
#3803 = LINE ( 'NONE', #2292, #7413 ) ;
#3804 = ORIENTED_EDGE ( 'NONE', *, *, #9111, .F. ) ;
#3805 = DIRECTION ( 'NONE',  ( 0.000000000000000000, 0.000000000000000000, -1.000000000000000000 ) ) ;
#3806 = CARTESIAN_POINT ( 'NONE',  ( -1.267042332343429889, 2.696114657214843557, 4.279287794817513202 ) ) ;
#3807 = VECTOR ( 'NONE', #8459, 1000.000000000000000 ) ;
#3808 = EDGE_CURVE ( 'NONE', #6823, #9360, #3216, .T. ) ;
#3809 = CARTESIAN_POINT ( 'NONE',  ( -10.19772880358570077, 3.000000000000000000, 9.925437956591640187 ) ) ;
#3810 = EDGE_CURVE ( 'NONE', #8289, #6185, #2406, .T. ) ;
#3811 = CARTESIAN_POINT ( 'NONE',  ( 0.000000000000000000, -7.500000000000000000, 12.00000000000000000 ) ) ;
#3812 = CARTESIAN_POINT ( 'NONE',  ( 7.500000000000000000, 0.5000000000000000000, -0.9500000000000000666 ) ) ;
#3813 = DIRECTION ( 'NONE',  ( -2.431855340154410242E-16, 1.000000000000000000, 0.000000000000000000 ) ) ;
#3814 = CARTESIAN_POINT ( 'NONE',  ( 9.674497472730669401, -3.000000000000000000, 12.39604540319700021 ) ) ;
#3815 = EDGE_CURVE ( 'NONE', #8086, #7690, #20, .T. ) ;
#3816 = MECHANICAL_DESIGN_GEOMETRIC_PRESENTATION_REPRESENTATION (  '', ( #2437 ), #7429 ) ;
#3817 = ORIENTED_EDGE ( 'NONE', *, *, #4050, .F. ) ;
#3818 = ORIENTED_EDGE ( 'NONE', *, *, #5326, .F. ) ;
#3819 = DIRECTION ( 'NONE',  ( 0.000000000000000000, 1.000000000000000000, 0.000000000000000000 ) ) ;
#3820 = VERTEX_POINT ( 'NONE', #839 ) ;
#3821 = EDGE_LOOP ( 'NONE', ( #6207, #4865, #7009, #9557, #9546, #6328 ) ) ;
#3822 = CARTESIAN_POINT ( 'NONE',  ( -3.100000000000000533, 3.975000000000000089, 1.899999999999999911 ) ) ;
#3823 = AXIS2_PLACEMENT_3D ( 'NONE', #5546, #8222, #727 ) ;
#3824 = EDGE_CURVE ( 'NONE', #7894, #2054, #7456, .T. ) ;
#3825 = LINE ( 'NONE', #5455, #70 ) ;
#3826 = ORIENTED_EDGE ( 'NONE', *, *, #4770, .F. ) ;
#3827 = DIRECTION ( 'NONE',  ( 0.000000000000000000, 1.000000000000000000, -0.000000000000000000 ) ) ;
#3828 = EDGE_CURVE ( 'NONE', #8900, #4592, #10115, .T. ) ;
#3829 = EDGE_CURVE ( 'NONE', #3765, #10145, #8442, .T. ) ;
#3830 = ORIENTED_EDGE ( 'NONE', *, *, #7615, .F. ) ;
#3831 = DIRECTION ( 'NONE',  ( -0.000000000000000000, 0.000000000000000000, -1.000000000000000000 ) ) ;
#3832 = ORIENTED_EDGE ( 'NONE', *, *, #1706, .T. ) ;
#3833 = DIRECTION ( 'NONE',  ( -0.000000000000000000, -1.000000000000000000, 0.000000000000000000 ) ) ;
#3834 = VECTOR ( 'NONE', #1884, 1000.000000000000000 ) ;
#3835 = CARTESIAN_POINT ( 'NONE',  ( 9.500000000000000000, 6.349999999999999645, 13.00000000000000178 ) ) ;
#3836 = CARTESIAN_POINT ( 'NONE',  ( 3.450000000000000178, -1.199999999999999956, 1.899999999999999467 ) ) ;
#3837 = PRODUCT ( 'Download_STP_471001264143 (rev1)', 'Download_STP_471001264143 (rev1)', '', ( #4606 ) ) ;
#3838 = VERTEX_POINT ( 'NONE', #4339 ) ;
#3839 = CIRCLE ( 'NONE', #9920, 0.7000000000000000666 ) ;
#3840 = VERTEX_POINT ( 'NONE', #2666 ) ;
#3841 = LINE ( 'NONE', #6121, #5776 ) ;
#3842 = CARTESIAN_POINT ( 'NONE',  ( 1.299842365838320024, 4.250199175489769665, 4.405895014105309038 ) ) ;
#3843 = SURFACE_STYLE_USAGE ( .BOTH. , #1408 ) ;
#3844 = CARTESIAN_POINT ( 'NONE',  ( -4.000000000000000000, 8.985357054628929168E-16, 41.22500000000000142 ) ) ;
#3845 = ORIENTED_EDGE ( 'NONE', *, *, #716, .T. ) ;
#3846 = VECTOR ( 'NONE', #2436, 1000.000000000000000 ) ;
#3847 = CARTESIAN_POINT ( 'NONE',  ( -8.000000000000000000, 0.000000000000000000, 1.399999999999999911 ) ) ;
#3848 = CARTESIAN_POINT ( 'NONE',  ( 6.400000000000000355, -3.975000000000000089, 1.899999999999999911 ) ) ;
#3849 = ADVANCED_FACE ( 'NONE', ( #178 ), #7618, .T. ) ;
#3850 = EDGE_CURVE ( 'NONE', #1020, #2462, #3534, .T. ) ;
#3851 = AXIS2_PLACEMENT_3D ( 'NONE', #8581, #1134, #7806 ) ;
#3852 = CARTESIAN_POINT ( 'NONE',  ( -0.7250000000000001998, -0.06864853355179399708, -0.4873713725152050702 ) ) ;
#3853 = ORIENTED_EDGE ( 'NONE', *, *, #1094, .F. ) ;
#3854 = CARTESIAN_POINT ( 'NONE',  ( 0.7250000000000001998, -0.06864853355179399708, -0.4873713725152050702 ) ) ;
#3855 = CARTESIAN_POINT ( 'NONE',  ( -5.450000000000000178, 0.000000000000000000, 1.050000000000000044 ) ) ;
#3856 = DIRECTION ( 'NONE',  ( -1.000000000000000000, 0.000000000000000000, -0.000000000000000000 ) ) ;
#3857 = ORIENTED_EDGE ( 'NONE', *, *, #10301, .T. ) ;
#3858 = CARTESIAN_POINT ( 'NONE',  ( 0.9241159890035429703, 2.371595487096989530, 4.252761556601018178 ) ) ;
#3859 = ORIENTED_EDGE ( 'NONE', *, *, #6338, .T. ) ;
#3860 = DIRECTION ( 'NONE',  ( 1.000000000000000000, 0.000000000000000000, -2.168404344971010347E-16 ) ) ;
#3861 = ORIENTED_EDGE ( 'NONE', *, *, #10078, .F. ) ;
#3862 = LINE ( 'NONE', #8064, #7781 ) ;
#3863 = VECTOR ( 'NONE', #1002, 1000.000000000000000 ) ;
#3864 = CARTESIAN_POINT ( 'NONE',  ( 1.000000000000001110, 0.8000000000000000444, -1.618033988749893792 ) ) ;
#3865 = SURFACE_SIDE_STYLE ('',( #7902 ) ) ;
#3866 = CARTESIAN_POINT ( 'NONE',  ( -3.549999999999999822, 0.8000000000000000444, -2.399777700366560573 ) ) ;
#3867 = AXIS2_PLACEMENT_3D ( 'NONE', #6941, #2979, #4593 ) ;
#3868 = PLANE ( 'NONE',  #5893 ) ;
#3869 = DIRECTION ( 'NONE',  ( -0.000000000000000000, -0.000000000000000000, 1.000000000000000000 ) ) ;
#3870 = CIRCLE ( 'NONE', #5249, 1.000000000000000000 ) ;
#3871 = ORIENTED_EDGE ( 'NONE', *, *, #10190, .T. ) ;
#3872 = ORIENTED_EDGE ( 'NONE', *, *, #1556, .F. ) ;
#3873 = PLANE ( 'NONE',  #9996 ) ;
#3874 = ORIENTED_EDGE ( 'NONE', *, *, #817, .T. ) ;
#3875 = FACE_OUTER_BOUND ( 'NONE', #1172, .T. ) ;
#3876 = VERTEX_POINT ( 'NONE', #5866 ) ;
#3877 = AXIS2_PLACEMENT_3D ( 'NONE', #5211, #4239, #5107 ) ;
#3878 = VECTOR ( 'NONE', #10289, 1000.000000000000000 ) ;
#3879 = EDGE_CURVE ( 'NONE', #5208, #6597, #6795, .T. ) ;
#3880 = CARTESIAN_POINT ( 'NONE',  ( 8.000000000000000000, 0.000000000000000000, 1.399999999999999911 ) ) ;
#3881 = VERTEX_POINT ( 'NONE', #5921 ) ;
#3882 =( NAMED_UNIT ( * ) PLANE_ANGLE_UNIT ( ) SI_UNIT ( $, .RADIAN. ) );
#3883 = VERTEX_POINT ( 'NONE', #7670 ) ;
#3884 = DIRECTION ( 'NONE',  ( 1.000000000000000000, 0.000000000000000000, -0.000000000000000000 ) ) ;
#3885 = AXIS2_PLACEMENT_3D ( 'NONE', #7068, #9569, #6304 ) ;
#3886 = ORIENTED_EDGE ( 'NONE', *, *, #4916, .F. ) ;
#3887 = DIRECTION ( 'NONE',  ( 0.000000000000000000, 0.000000000000000000, 1.000000000000000000 ) ) ;
#3888 = VECTOR ( 'NONE', #9887, 1000.000000000000000 ) ;
#3889 = ORIENTED_EDGE ( 'NONE', *, *, #6078, .T. ) ;
#3890 = CARTESIAN_POINT ( 'NONE',  ( -5.150000000000000355, -4.200318867434726045, 4.468225843184354673 ) ) ;
#3891 = EDGE_CURVE ( 'NONE', #2555, #7271, #231, .T. ) ;
#3892 = ORIENTED_EDGE ( 'NONE', *, *, #6889, .T. ) ;
#3893 = ADVANCED_FACE ( 'NONE', ( #1051 ), #8605, .F. ) ;
#3894 = EDGE_CURVE ( 'NONE', #3763, #2487, #4288, .T. ) ;
#3895 = VECTOR ( 'NONE', #6236, 1000.000000000000000 ) ;
#3896 = CARTESIAN_POINT ( 'NONE',  ( 8.050000000000000711, 6.450000000000000178, 13.00000000000000178 ) ) ;
#3897 = ORIENTED_EDGE ( 'NONE', *, *, #1164, .F. ) ;
#3898 = CARTESIAN_POINT ( 'NONE',  ( -9.500000000000000000, -6.349999999999999645, 13.00000000000000178 ) ) ;
#3899 = CARTESIAN_POINT ( 'NONE',  ( -10.58818515033610197, 3.000000000000000000, 9.343524243637009619 ) ) ;
#3900 = DIRECTION ( 'NONE',  ( 0.000000000000000000, 0.000000000000000000, 1.000000000000000000 ) ) ;
#3901 = LINE ( 'NONE', #8970, #6099 ) ;
#3902 = EDGE_CURVE ( 'NONE', #9821, #6650, #6853, .T. ) ;
#3903 = STYLED_ITEM ( 'NONE', ( #1709 ), #6168 ) ;
#3904 = ORIENTED_EDGE ( 'NONE', *, *, #4560, .T. ) ;
#3905 = LINE ( 'NONE', #7060, #3895 ) ;
#3906 = CARTESIAN_POINT ( 'NONE',  ( 1.000000000000000000, 0.000000000000000000, 7.713101904062729997E-17 ) ) ;
#3907 = CIRCLE ( 'NONE', #4601, 0.9499999999999998446 ) ;
#3908 = LINE ( 'NONE', #9028, #10060 ) ;
#3909 = ORIENTED_EDGE ( 'NONE', *, *, #7002, .F. ) ;
#3910 = DIRECTION ( 'NONE',  ( 0.7071067811865470176, 0.000000000000000000, 0.7071067811865480168 ) ) ;
#3911 = DIRECTION ( 'NONE',  ( 0.000000000000000000, 0.000000000000000000, 1.000000000000000000 ) ) ;
#3912 = CARTESIAN_POINT ( 'NONE',  ( -2.000000000000000000, -0.5000000000000011102, -0.9499999999999998446 ) ) ;
#3913 = DIRECTION ( 'NONE',  ( 1.000000000000000000, 0.000000000000000000, -0.000000000000000000 ) ) ;
#3914 = CARTESIAN_POINT ( 'NONE',  ( 0.03865793539758150682, 2.119681090357957931, 4.232253979376690012 ) ) ;
#3915 = EDGE_CURVE ( 'NONE', #4193, #8212, #288, .T. ) ;
#3916 = ORIENTED_EDGE ( 'NONE', *, *, #6014, .T. ) ;
#3917 =( NAMED_UNIT ( * ) PLANE_ANGLE_UNIT ( ) SI_UNIT ( $, .RADIAN. ) );
#3918 = ADVANCED_FACE ( 'NONE', ( #4236, #10171, #10062, #1902 ), #2719, .F. ) ;
#3919 = DIRECTION ( 'NONE',  ( 0.000000000000000000, 0.1824522163763980243, 0.9832147215839172061 ) ) ;
#3920 = PLANE ( 'NONE',  #8175 ) ;
#3921 = LINE ( 'NONE', #6524, #6644 ) ;
#3922 = DIRECTION ( 'NONE',  ( 0.000000000000000000, 0.000000000000000000, -1.000000000000000000 ) ) ;
#3923 = FACE_OUTER_BOUND ( 'NONE', #7791, .T. ) ;
#3924 = VECTOR ( 'NONE', #2955, 1000.000000000000000 ) ;
#3925 =( NAMED_UNIT ( * ) SI_UNIT ( $, .STERADIAN. ) SOLID_ANGLE_UNIT ( ) );
#3926 =( NAMED_UNIT ( * ) PLANE_ANGLE_UNIT ( ) SI_UNIT ( $, .RADIAN. ) );
#3927 = ORIENTED_EDGE ( 'NONE', *, *, #10364, .T. ) ;
#3928 = ORIENTED_EDGE ( 'NONE', *, *, #7989, .F. ) ;
#3929 = CARTESIAN_POINT ( 'NONE',  ( 3.350000000000000089, 0.000000000000000000, -3.399777700366560573 ) ) ;
#3930 = VERTEX_POINT ( 'NONE', #3584 ) ;
#3931 = VERTEX_POINT ( 'NONE', #7568 ) ;
#3932 = LINE ( 'NONE', #4745, #10128 ) ;
#3933 = ORIENTED_EDGE ( 'NONE', *, *, #7357, .T. ) ;
#3934 = CARTESIAN_POINT ( 'NONE',  ( -8.431660231660227822, -31.38557667661039829, -2.824324324324330338 ) ) ;
#3935 = ORIENTED_EDGE ( 'NONE', *, *, #779, .F. ) ;
#3936 = CARTESIAN_POINT ( 'NONE',  ( -7.500000000000000000, -2.200000000000000178, -0.9499999999999999556 ) ) ;
#3937 = VERTEX_POINT ( 'NONE', #5105 ) ;
#3938 = CARTESIAN_POINT ( 'NONE',  ( 8.000000000000000000, 0.000000000000000000, 1.399999999999999911 ) ) ;
#3939 = EDGE_CURVE ( 'NONE', #941, #511, #6741, .T. ) ;
#3940 = ORIENTED_EDGE ( 'NONE', *, *, #7050, .T. ) ;
#3941 = DIRECTION ( 'NONE',  ( 1.000000000000000000, 0.000000000000000000, 0.000000000000000000 ) ) ;
#3942 = ORIENTED_EDGE ( 'NONE', *, *, #8470, .F. ) ;
#3943 = DIRECTION ( 'NONE',  ( 0.000000000000000000, -0.000000000000000000, -1.000000000000000000 ) ) ;
#3944 = EDGE_CURVE ( 'NONE', #2966, #6031, #126, .T. ) ;
#3945 = ORIENTED_EDGE ( 'NONE', *, *, #2391, .F. ) ;
#3946 = CARTESIAN_POINT ( 'NONE',  ( 10.19772880358570077, -3.000000000000000444, 9.925437956591640187 ) ) ;
#3947 = CARTESIAN_POINT ( 'NONE',  ( 1.208626159745610051, 4.390774063387389958, 4.417357779827689512 ) ) ;
#3948 = CARTESIAN_POINT ( 'NONE',  ( -1.000000000000000000, 0.8000000000000000444, -1.618033988749890018 ) ) ;
#3949 = ADVANCED_FACE ( 'NONE', ( #4393 ), #7728, .T. ) ;
#3950 = CARTESIAN_POINT ( 'NONE',  ( -6.400000000000000355, 5.349999999999999645, 1.399999999999999911 ) ) ;
#3951 = CARTESIAN_POINT ( 'NONE',  ( 0.000000000000000000, 0.4260093753193089916, 3.914447212097139861 ) ) ;
#3952 = VERTEX_POINT ( 'NONE', #6242 ) ;
#3953 = CARTESIAN_POINT ( 'NONE',  ( -2.707541993964411642, 0.8000000000000000444, -3.399777700366560573 ) ) ;
#3954 = CARTESIAN_POINT ( 'NONE',  ( 1.158461318995257283, 3.288370785067793012, 4.404948213945121260 ) ) ;
#3955 = VECTOR ( 'NONE', #10338, 1000.000000000000000 ) ;
#3956 = EDGE_CURVE ( 'NONE', #10744, #9213, #392, .T. ) ;
#3957 = PLANE ( 'NONE',  #5358 ) ;
#3958 = ORIENTED_EDGE ( 'NONE', *, *, #8615, .T. ) ;
#3959 = DIRECTION ( 'NONE',  ( 0.000000000000000000, 0.000000000000000000, 1.000000000000000000 ) ) ;
#3960 = APPLICATION_PROTOCOL_DEFINITION ( 'draft international standard', 'automotive_design', 1998, #5513 ) ;
#3961 = LINE ( 'NONE', #10602, #9125 ) ;
#3962 = DIRECTION ( 'NONE',  ( 0.000000000000000000, 0.000000000000000000, 1.000000000000000000 ) ) ;
#3963 = EDGE_CURVE ( 'NONE', #6448, #5410, #4605, .T. ) ;
#3964 = ADVANCED_FACE ( 'NONE', ( #7998, #10330 ), #7177, .F. ) ;
#3965 = ORIENTED_EDGE ( 'NONE', *, *, #8551, .F. ) ;
#3966 = AXIS2_PLACEMENT_3D ( 'NONE', #10311, #4476, #1236 ) ;
#3967 = LINE ( 'NONE', #7237, #4434 ) ;
#3968 = DIRECTION ( 'NONE',  ( 0.000000000000000000, -0.9941301041872944166, 0.1081912008832482536 ) ) ;
#3969 = DIRECTION ( 'NONE',  ( -1.000000000000000000, 0.000000000000000000, 0.000000000000000000 ) ) ;
#3970 = DIRECTION ( 'NONE',  ( -1.000000000000000000, -0.000000000000000000, 0.000000000000000000 ) ) ;
#3971 = EDGE_CURVE ( 'NONE', #3937, #3883, #7888, .T. ) ;
#3972 = VECTOR ( 'NONE', #3428, 1000.000000000000000 ) ;
#3973 = CARTESIAN_POINT ( 'NONE',  ( 3.350000000000000089, 0.8000000000000000444, -2.399777700366560573 ) ) ;
#3974 = CARTESIAN_POINT ( 'NONE',  ( -9.500000000000000000, -6.349999999999999645, 0.000000000000000000 ) ) ;
#3975 = CARTESIAN_POINT ( 'NONE',  ( -8.431660231660229599, -0.5000000000000024425, -2.824324324324326785 ) ) ;
#3976 = DIRECTION ( 'NONE',  ( 0.000000000000000000, 3.576749435003730024E-16, 1.000000000000000000 ) ) ;
#3977 = ORIENTED_EDGE ( 'NONE', *, *, #3279, .T. ) ;
#3978 = ORIENTED_EDGE ( 'NONE', *, *, #4240, .F. ) ;
#3979 = CARTESIAN_POINT ( 'NONE',  ( 5.150000000000000355, 6.429304672761169570, 4.785836643711149918 ) ) ;
#3980 = ORIENTED_EDGE ( 'NONE', *, *, #5995, .T. ) ;
#3981 = LINE ( 'NONE', #636, #8688 ) ;
#3982 = VECTOR ( 'NONE', #935, 1000.000000000000000 ) ;
#3983 = VERTEX_POINT ( 'NONE', #6135 ) ;
#3984 = EDGE_CURVE ( 'NONE', #3289, #7114, #9462, .T. ) ;
#3985 = EDGE_CURVE ( 'NONE', #682, #8289, #5366, .T. ) ;
#3986 = CIRCLE ( 'NONE', #9380, 0.2000000000000000944 ) ;
#3987 = LINE ( 'NONE', #1704, #9611 ) ;
#3988 = ORIENTED_EDGE ( 'NONE', *, *, #8294, .F. ) ;
#3989 = VECTOR ( 'NONE', #6637, 1000.000000000000000 ) ;
#3990 = VERTEX_POINT ( 'NONE', #5425 ) ;
#3991 = DIRECTION ( 'NONE',  ( 0.000000000000000000, 0.1824522163763979965, 0.9832147215839172061 ) ) ;
#3992 = ORIENTED_EDGE ( 'NONE', *, *, #9446, .T. ) ;
#3993 = DIRECTION ( 'NONE',  ( -0.000000000000000000, 1.000000000000000000, 0.000000000000000000 ) ) ;
#3994 = ORIENTED_EDGE ( 'NONE', *, *, #6008, .F. ) ;
#3995 = LINE ( 'NONE', #3890, #9840 ) ;
#3996 = CIRCLE ( 'NONE', #5034, 38.37500000000000000 ) ;
#3997 = EDGE_LOOP ( 'NONE', ( #9466, #1887, #7887, #10530, #5514, #2941, #2952, #4453, #9518, #1277 ) ) ;
#3998 = PLANE ( 'NONE',  #7523 ) ;
#3999 = VECTOR ( 'NONE', #10713, 1000.000000000000000 ) ;
#4000 = ORIENTED_EDGE ( 'NONE', *, *, #8147, .T. ) ;
#4001 = CARTESIAN_POINT ( 'NONE',  ( 9.500000000000000000, 6.349999999999999645, 10.50000000000000000 ) ) ;
#4002 = CARTESIAN_POINT ( 'NONE',  ( -9.674497472730669401, 3.000000000000000000, 12.39604540319700021 ) ) ;
#4003 = CARTESIAN_POINT ( 'NONE',  ( 9.674497472730669401, -3.000000000000000000, 11.81413169024230037 ) ) ;
#4004 = CARTESIAN_POINT ( 'NONE',  ( -10.32091455230722232, 3.000000000000001776, 7.352891688499537004 ) ) ;
#4005 = LINE ( 'NONE', #5742, #6273 ) ;
#4006 = ORIENTED_EDGE ( 'NONE', *, *, #6537, .T. ) ;
#4007 = DIRECTION ( 'NONE',  ( 0.000000000000000000, 0.9334852851100963189, -0.3586157030623761122 ) ) ;
#4008 = EDGE_CURVE ( 'NONE', #9841, #995, #5485, .T. ) ;
#4009 = VECTOR ( 'NONE', #7731, 1000.000000000000000 ) ;
#4010 = EDGE_CURVE ( 'NONE', #647, #479, #1362, .T. ) ;
#4011 = DIRECTION ( 'NONE',  ( 0.000000000000000000, -0.000000000000000000, 1.000000000000000000 ) ) ;
#4012 = ORIENTED_EDGE ( 'NONE', *, *, #111, .F. ) ;
#4013 = DIRECTION ( 'NONE',  ( 0.000000000000000000, 0.000000000000000000, 1.000000000000000000 ) ) ;
#4014 = LINE ( 'NONE', #7332, #10508 ) ;
#4015 = DIRECTION ( 'NONE',  ( -0.000000000000000000, -1.000000000000000000, 0.000000000000000000 ) ) ;
#4016 = VECTOR ( 'NONE', #8476, 1000.000000000000000 ) ;
#4017 = CARTESIAN_POINT ( 'NONE',  ( -1.158363855972949885, 3.310805264006895232, 4.377171495228120435 ) ) ;
#4018 = VERTEX_POINT ( 'NONE', #7010 ) ;
#4019 = DIRECTION ( 'NONE',  ( 1.000000000000000000, 0.000000000000000000, 0.000000000000000000 ) ) ;
#4020 = CARTESIAN_POINT ( 'NONE',  ( -0.5369550481419419485, 2.186119639305112994, 4.237688797032761912 ) ) ;
#4021 = EDGE_CURVE ( 'NONE', #2899, #7094, #1201, .T. ) ;
#4022 = AXIS2_PLACEMENT_3D ( 'NONE', #2572, #6862, #8507 ) ;
#4023 = ADVANCED_FACE ( 'NONE', ( #4497 ), #8764, .F. ) ;
#4024 = EDGE_CURVE ( 'NONE', #8086, #5511, #3692, .T. ) ;
#4025 = DIRECTION ( 'NONE',  ( 1.000000000000000000, 0.000000000000000000, 0.000000000000000000 ) ) ;
#4026 = DIRECTION ( 'NONE',  ( -1.000000000000000000, 0.000000000000000000, 0.000000000000000000 ) ) ;
#4027 = CARTESIAN_POINT ( 'NONE',  ( 3.100000000000000533, 1.199999999999999956, -0.9499999999999995115 ) ) ;
#4028 = CARTESIAN_POINT ( 'NONE',  ( -5.150000000000000355, 6.429304672761169570, 4.785836643711149918 ) ) ;
#4029 = VERTEX_POINT ( 'NONE', #2179 ) ;
#4030 = ORIENTED_EDGE ( 'NONE', *, *, #10005, .F. ) ;
#4031 = CARTESIAN_POINT ( 'NONE',  ( -2.449293598294706414E-16, 5.350000000000000533, 11.00000000000000000 ) ) ;
#4032 = VECTOR ( 'NONE', #2404, 1000.000000000000000 ) ;
#4033 = ORIENTED_EDGE ( 'NONE', *, *, #769, .F. ) ;
#4034 = LINE ( 'NONE', #5661, #6766 ) ;
#4035 = ADVANCED_FACE ( 'NONE', ( #3746, #7065 ), #10382, .T. ) ;
#4036 = VERTEX_POINT ( 'NONE', #3796 ) ;
#4037 = VECTOR ( 'NONE', #573, 1000.000000000000000 ) ;
#4038 = VECTOR ( 'NONE', #7343, 1000.000000000000000 ) ;
#4039 = LINE ( 'NONE', #9162, #6836 ) ;
#4040 = ORIENTED_EDGE ( 'NONE', *, *, #4616, .F. ) ;
#4041 = CARTESIAN_POINT ( 'NONE',  ( -1.000000000000000000, -6.450000000000000178, 10.50000000000000000 ) ) ;
#4042 = ORIENTED_EDGE ( 'NONE', *, *, #5360, .T. ) ;
#4043 = SURFACE_SIDE_STYLE ('',( #4198 ) ) ;
#4044 = ORIENTED_EDGE ( 'NONE', *, *, #1784, .F. ) ;
#4045 = DIRECTION ( 'NONE',  ( 1.000000000000000000, 0.000000000000000000, -0.000000000000000000 ) ) ;
#4046 = VERTEX_POINT ( 'NONE', #7119 ) ;
#4047 = PLANE ( 'NONE',  #828 ) ;
#4048 = EDGE_CURVE ( 'NONE', #10414, #9059, #10437, .T. ) ;
#4049 = CIRCLE ( 'NONE', #10306, 0.2000000000000000944 ) ;
#4050 = EDGE_CURVE ( 'NONE', #7138, #1593, #556, .T. ) ;
#4051 = VECTOR ( 'NONE', #7253, 1000.000000000000000 ) ;
#4052 = ORIENTED_EDGE ( 'NONE', *, *, #8185, .F. ) ;
#4053 = LINE ( 'NONE', #7536, #6820 ) ;
#4054 = VECTOR ( 'NONE', #8594, 1000.000000000000000 ) ;
#4055 = EDGE_LOOP ( 'NONE', ( #9361, #9064, #3516, #809 ) ) ;
#4056 = DIRECTION ( 'NONE',  ( -1.000000000000000000, -0.000000000000000000, -0.000000000000000000 ) ) ;
#4057 = ORIENTED_EDGE ( 'NONE', *, *, #8093, .T. ) ;
#4058 = CARTESIAN_POINT ( 'NONE',  ( -8.074999999999999289, 4.775000000000000355, 31.88557667661039829 ) ) ;
#4059 = CARTESIAN_POINT ( 'NONE',  ( 8.000000000000000000, 0.000000000000000000, 15.00000000000000000 ) ) ;
#4060 = CARTESIAN_POINT ( 'NONE',  ( -1.000000000000000000, -6.349999999999998757, 13.00000000000000355 ) ) ;
#4061 =( NAMED_UNIT ( * ) PLANE_ANGLE_UNIT ( ) SI_UNIT ( $, .RADIAN. ) );
#4062 = VERTEX_POINT ( 'NONE', #1518 ) ;
#4063 = VERTEX_POINT ( 'NONE', #719 ) ;
#4064 = FACE_OUTER_BOUND ( 'NONE', #3821, .T. ) ;
#4065 = VECTOR ( 'NONE', #3884, 1000.000000000000000 ) ;
#4066 = LINE ( 'NONE', #1622, #2616 ) ;
#4067 = LINE ( 'NONE', #4823, #4314 ) ;
#4068 = ORIENTED_EDGE ( 'NONE', *, *, #4616, .T. ) ;
#4069 = DIRECTION ( 'NONE',  ( 0.000000000000000000, -0.000000000000000000, 1.000000000000000000 ) ) ;
#4070 = AXIS2_PLACEMENT_3D ( 'NONE', #9324, #7890, #5487 ) ;
#4071 = DIRECTION ( 'NONE',  ( -0.000000000000000000, 1.000000000000000000, -3.576749435003730024E-16 ) ) ;
#4072 = CARTESIAN_POINT ( 'NONE',  ( -6.049999999999999822, -3.975000000000000089, 1.899999999999999911 ) ) ;
#4073 = CARTESIAN_POINT ( 'NONE',  ( 0.5000000000000004441, -5.250000000000000000, -2.500000000000000000 ) ) ;
#4074 = ORIENTED_EDGE ( 'NONE', *, *, #244, .T. ) ;
#4075 = LINE ( 'NONE', #107, #5311 ) ;
#4076 = EDGE_CURVE ( 'NONE', #2217, #9917, #4932, .T. ) ;
#4077 = CARTESIAN_POINT ( 'NONE',  ( -8.000000000000000000, -1.199999999999999956, 1.400000000000000133 ) ) ;
#4078 = DIRECTION ( 'NONE',  ( 0.000000000000000000, 0.000000000000000000, -1.000000000000000000 ) ) ;
#4079 = VECTOR ( 'NONE', #5195, 1000.000000000000000 ) ;
#4080 = CARTESIAN_POINT ( 'NONE',  ( 0.000000000000000000, -6.349999999999999645, 12.00000000000000000 ) ) ;
#4081 =( NAMED_UNIT ( * ) PLANE_ANGLE_UNIT ( ) SI_UNIT ( $, .RADIAN. ) );
#4082 = ADVANCED_FACE ( 'NONE', ( #5806 ), #7331, .T. ) ;
#4083 = CARTESIAN_POINT ( 'NONE',  ( 10.05037900976999943, 3.000000000000000000, 10.50735166954630095 ) ) ;
#4084 = ORIENTED_EDGE ( 'NONE', *, *, #4726, .T. ) ;
#4085 = VECTOR ( 'NONE', #3713, 1000.000000000000000 ) ;
#4086 = ORIENTED_EDGE ( 'NONE', *, *, #6379, .T. ) ;
#4087 = CARTESIAN_POINT ( 'NONE',  ( 8.000000000000000000, 5.349999999999999645, 15.00000000000000000 ) ) ;
#4088 = ADVANCED_FACE ( 'NONE', ( #8055 ), #9087, .F. ) ;
#4089 = VERTEX_POINT ( 'NONE', #10706 ) ;
#4090 = CARTESIAN_POINT ( 'NONE',  ( -6.400000000000000355, 3.975000000000000089, 1.399999999999999689 ) ) ;
#4091 = ORIENTED_EDGE ( 'NONE', *, *, #821, .T. ) ;
#4092 = VECTOR ( 'NONE', #2253, 1000.000000000000000 ) ;
#4093 = DIRECTION ( 'NONE',  ( -4.172949699579639837E-16, 0.9902251923489522323, -0.1394778421021800330 ) ) ;
#4094 = VERTEX_POINT ( 'NONE', #1627 ) ;
#4095 = EDGE_CURVE ( 'NONE', #10298, #6261, #4894, .T. ) ;
#4096 = CARTESIAN_POINT ( 'NONE',  ( 6.400000000000000355, 3.975000000000000089, 1.899999999999999911 ) ) ;
#4097 = ORIENTED_EDGE ( 'NONE', *, *, #9970, .T. ) ;
#4098 = CARTESIAN_POINT ( 'NONE',  ( -0.8465409597428287247, 2.763607981525376900, 4.362165291212697582 ) ) ;
#4099 = EDGE_LOOP ( 'NONE', ( #7526, #3700, #9936, #10538 ) ) ;
#4100 = CARTESIAN_POINT ( 'NONE',  ( 4.650000000000000355, -2.215285445989074731, 2.913994591726129180 ) ) ;
#4101 = CARTESIAN_POINT ( 'NONE',  ( -9.400000000000000355, -0.5000000000000038858, 0.000000000000000000 ) ) ;
#4102 = EDGE_CURVE ( 'NONE', #907, #1579, #9836, .T. ) ;
#4103 = EDGE_CURVE ( 'NONE', #6844, #1590, #3150, .T. ) ;
#4104 = ORIENTED_EDGE ( 'NONE', *, *, #1047, .T. ) ;
#4105 = CARTESIAN_POINT ( 'NONE',  ( 6.900000000000000355, 6.339999999999999858, 2.100000000000000089 ) ) ;
#4106 = AXIS2_PLACEMENT_3D ( 'NONE', #5826, #3275, #9907 ) ;
#4107 = VERTEX_POINT ( 'NONE', #7231 ) ;
#4108 = DIRECTION ( 'NONE',  ( 1.000000000000000000, 0.000000000000000000, 8.673617379884040402E-17 ) ) ;
#4109 = VECTOR ( 'NONE', #5901, 1000.000000000000000 ) ;
#4110 = EDGE_CURVE ( 'NONE', #3773, #6542, #2500, .T. ) ;
#4111 = EDGE_CURVE ( 'NONE', #4875, #2477, #2286, .T. ) ;
#4112 = ORIENTED_EDGE ( 'NONE', *, *, #2809, .F. ) ;
#4113 = PLANE ( 'NONE',  #7173 ) ;
#4114 = ORIENTED_EDGE ( 'NONE', *, *, #2766, .T. ) ;
#4115 = DIRECTION ( 'NONE',  ( -0.000000000000000000, 1.000000000000000000, 0.000000000000000000 ) ) ;
#4116 = CARTESIAN_POINT ( 'NONE',  ( -1.700000000000000178, -6.349999999999999645, 13.00000000000000178 ) ) ;
#4117 = CARTESIAN_POINT ( 'NONE',  ( 6.400000000000000355, 1.199999999999999956, 31.88557667661039829 ) ) ;
#4118 = DIRECTION ( 'NONE',  ( 0.000000000000000000, -8.673617379884035472E-16, -1.000000000000000000 ) ) ;
#4119 = ORIENTED_EDGE ( 'NONE', *, *, #8778, .T. ) ;
#4120 = ORIENTED_EDGE ( 'NONE', *, *, #6547, .F. ) ;
#4121 = CARTESIAN_POINT ( 'NONE',  ( -0.5000000000000002220, -5.250000000000000888, -3.500000000000000000 ) ) ;
#4122 = CARTESIAN_POINT ( 'NONE',  ( 8.750000000000000000, -6.349999999999999645, 5.000000000000000000 ) ) ;
#4123 = EDGE_CURVE ( 'NONE', #1602, #7700, #9940, .T. ) ;
#4124 = CARTESIAN_POINT ( 'NONE',  ( 9.674497472730669401, 3.000000000000000000, 11.81413169024230037 ) ) ;
#4125 = ORIENTED_EDGE ( 'NONE', *, *, #10205, .T. ) ;
#4126 = CARTESIAN_POINT ( 'NONE',  ( -1.925000000000000044, -3.975000000000000089, 1.399999999999998579 ) ) ;
#4127 = CARTESIAN_POINT ( 'NONE',  ( 1.000000000000000000, 0.8000000000000000444, -0.5000000000000000000 ) ) ;
#4128 = DIRECTION ( 'NONE',  ( -0.000000000000000000, 0.000000000000000000, -1.000000000000000000 ) ) ;
#4129 = CARTESIAN_POINT ( 'NONE',  ( -0.8370125280115215949, 2.754735044983559700, 4.331690072536135361 ) ) ;
#4130 = EDGE_LOOP ( 'NONE', ( #3658, #10579, #9867, #7358 ) ) ;
#4131 = LINE ( 'NONE', #5703, #5619 ) ;
#4132 = CARTESIAN_POINT ( 'NONE',  ( 1.000000000000000000, 6.450000000000000178, 13.00000000000000178 ) ) ;
#4133 = EDGE_CURVE ( 'NONE', #8129, #5505, #5641, .T. ) ;
#4134 = VECTOR ( 'NONE', #10450, 1000.000000000000000 ) ;
#4135 = CARTESIAN_POINT ( 'NONE',  ( -3.549999999999999822, 0.000000000000000000, -0.5000000000000000000 ) ) ;
#4136 = FACE_OUTER_BOUND ( 'NONE', #8734, .T. ) ;
#4137 = EDGE_LOOP ( 'NONE', ( #6534, #4703, #4818, #10329 ) ) ;
#4138 = EDGE_LOOP ( 'NONE', ( #1606, #3940, #1931, #3352 ) ) ;
#4139 = DIRECTION ( 'NONE',  ( 3.234629275487279840E-05, -0.08125146163589479220, 0.9966936334379526974 ) ) ;
#4140 = EDGE_LOOP ( 'NONE', ( #7124, #2956, #4663, #9538 ) ) ;
#4141 = PLANE ( 'NONE',  #706 ) ;
#4142 = LINE ( 'NONE', #5163, #4857 ) ;
#4143 = EDGE_CURVE ( 'NONE', #4628, #8462, #1127, .T. ) ;
#4144 = EDGE_CURVE ( 'NONE', #4107, #2958, #5693, .T. ) ;
#4145 = DIRECTION ( 'NONE',  ( -0.000000000000000000, -1.000000000000000000, -0.000000000000000000 ) ) ;
#4146 = EDGE_LOOP ( 'NONE', ( #10732, #4842, #4091, #7316 ) ) ;
#4147 = CARTESIAN_POINT ( 'NONE',  ( 8.050000000000000711, 6.450000000000000178, 10.50000000000000000 ) ) ;
#4148 = ORIENTED_EDGE ( 'NONE', *, *, #4010, .F. ) ;
#4149 = DIRECTION ( 'NONE',  ( 0.000000000000000000, 0.000000000000000000, 1.000000000000000000 ) ) ;
#4150 =( GEOMETRIC_REPRESENTATION_CONTEXT ( 3 ) GLOBAL_UNCERTAINTY_ASSIGNED_CONTEXT ( ( #3475 ) ) GLOBAL_UNIT_ASSIGNED_CONTEXT ( ( #10526, #3882, #4634 ) ) REPRESENTATION_CONTEXT ( 'NONE', 'WORKASPACE' ) );
#4151 = EDGE_LOOP ( 'NONE', ( #8704, #1559, #9415, #5507, #2826 ) ) ;
#4152 = FACE_OUTER_BOUND ( 'NONE', #10049, .T. ) ;
#4153 = ORIENTED_EDGE ( 'NONE', *, *, #1141, .T. ) ;
#4154 = CARTESIAN_POINT ( 'NONE',  ( 1.108142876623039008, 4.490470746169973992, 4.502492985893096211 ) ) ;
#4155 = ORIENTED_EDGE ( 'NONE', *, *, #7480, .F. ) ;
#4156 = ADVANCED_FACE ( 'NONE', ( #10550 ), #3098, .F. ) ;
#4157 = AXIS2_PLACEMENT_3D ( 'NONE', #8229, #8939, #1694 ) ;
#4158 = PRODUCT_DEFINITION ( 'UNKNOWN', '', #3135, #5309 ) ;
#4159 = CARTESIAN_POINT ( 'NONE',  ( 10.19772880358570077, -3.000000000000000444, 10.50735166954630095 ) ) ;
#4160 = EDGE_LOOP ( 'NONE', ( #9780, #3120, #4577, #3832 ) ) ;
#4161 = PLANE ( 'NONE',  #5943 ) ;
#4162 = VERTEX_POINT ( 'NONE', #5587 ) ;
#4163 = LINE ( 'NONE', #6826, #6860 ) ;
#4164 = DIRECTION ( 'NONE',  ( -0.000000000000000000, 1.000000000000000000, 0.000000000000000000 ) ) ;
#4165 = AXIS2_PLACEMENT_3D ( 'NONE', #7142, #10459, #5506 ) ;
#4166 = CARTESIAN_POINT ( 'NONE',  ( -0.7250000000000000888, 0.4975562980872506591, 2.815944880362408753 ) ) ;
#4167 = CARTESIAN_POINT ( 'NONE',  ( 0.8705574168117680145, 4.215839662771005081, 4.403107924111354876 ) ) ;
#4168 = ORIENTED_EDGE ( 'NONE', *, *, #5443, .F. ) ;
#4169 = PLANE ( 'NONE',  #9976 ) ;
#4170 = ADVANCED_FACE ( 'NONE', ( #3203 ), #4775, .F. ) ;
#4171 = DIRECTION ( 'NONE',  ( -1.000000000000000000, -0.000000000000000000, 0.000000000000000000 ) ) ;
#4172 = AXIS2_PLACEMENT_3D ( 'NONE', #9525, #1266, #7898 ) ;
#4173 = CARTESIAN_POINT ( 'NONE',  ( 2.000000000000000000, 0.000000000000000000, 0.000000000000000000 ) ) ;
#4174 = ORIENTED_EDGE ( 'NONE', *, *, #878, .F. ) ;
#4175 = DIRECTION ( 'NONE',  ( -1.000000000000000000, -0.000000000000000000, -0.000000000000000000 ) ) ;
#4176 = CARTESIAN_POINT ( 'NONE',  ( -8.000000000000000000, -5.349999999999999645, 1.399999999999999911 ) ) ;
#4177 = LINE ( 'NONE', #3313, #9110 ) ;
#4178 = ORIENTED_EDGE ( 'NONE', *, *, #6910, .T. ) ;
#4179 = VECTOR ( 'NONE', #4389, 1000.000000000000000 ) ;
#4180 = CARTESIAN_POINT ( 'NONE',  ( -0.06111332554892582453, 2.111047316847593613, 4.327353700184027652 ) ) ;
#4181 = EDGE_CURVE ( 'NONE', #10259, #635, #1574, .T. ) ;
#4182 = EDGE_CURVE ( 'NONE', #8715, #575, #3259, .T. ) ;
#4183 = AXIS2_PLACEMENT_3D ( 'NONE', #4073, #4991, #1630 ) ;
#4184 = LINE ( 'NONE', #5207, #1037 ) ;
#4185 = CARTESIAN_POINT ( 'NONE',  ( -7.500000000000000000, 2.200000000000000178, 0.000000000000000000 ) ) ;
#4186 = LINE ( 'NONE', #7510, #883 ) ;
#4187 = DIRECTION ( 'NONE',  ( 0.000000000000000000, -1.000000000000000000, 3.576749435003730024E-16 ) ) ;
#4188 = VERTEX_POINT ( 'NONE', #8535 ) ;
#4189 = VERTEX_POINT ( 'NONE', #1735 ) ;
#4190 = FACE_OUTER_BOUND ( 'NONE', #1438, .T. ) ;
#4191 = EDGE_LOOP ( 'NONE', ( #6209, #4830, #3170, #4863, #3874, #3994, #747, #3263, #4012, #5115, #3802, #3336, #4499, #3556 ) ) ;
#4192 = VECTOR ( 'NONE', #8315, 1000.000000000000000 ) ;
#4193 = VERTEX_POINT ( 'NONE', #2757 ) ;
#4194 = ORIENTED_EDGE ( 'NONE', *, *, #5906, .T. ) ;
#4195 = DIRECTION ( 'NONE',  ( 1.000000000000000000, 0.000000000000000000, 0.000000000000000000 ) ) ;
#4196 = VECTOR ( 'NONE', #9714, 1000.000000000000000 ) ;
#4197 = EDGE_LOOP ( 'NONE', ( #1985, #4112, #2596, #5722 ) ) ;
#4198 = SURFACE_STYLE_FILL_AREA ( #5725 ) ;
#4199 = ORIENTED_EDGE ( 'NONE', *, *, #9222, .T. ) ;
#4200 = LINE ( 'NONE', #37, #4009 ) ;
#4201 = CARTESIAN_POINT ( 'NONE',  ( 3.100000000000000533, -1.199999999999999734, 1.399999999999999023 ) ) ;
#4202 = ORIENTED_EDGE ( 'NONE', *, *, #2058, .T. ) ;
#4203 = DIRECTION ( 'NONE',  ( -1.000000000000000000, 0.000000000000000000, 0.000000000000000000 ) ) ;
#4204 = ADVANCED_FACE ( 'NONE', ( #3523 ), #4327, .T. ) ;
#4205 = ORIENTED_EDGE ( 'NONE', *, *, #4964, .F. ) ;
#4206 = AXIS2_PLACEMENT_3D ( 'NONE', #4837, #8172, #8227 ) ;
#4207 = VECTOR ( 'NONE', #2716, 1000.000000000000000 ) ;
#4208 = DIRECTION ( 'NONE',  ( -1.000000000000000000, -0.000000000000000000, -0.000000000000000000 ) ) ;
#4209 = ORIENTED_EDGE ( 'NONE', *, *, #9643, .T. ) ;
#4210 = ADVANCED_FACE ( 'NONE', ( #3366 ), #5909, .T. ) ;
#4211 = AXIS2_PLACEMENT_3D ( 'NONE', #6344, #1298, #4485 ) ;
#4212 = ORIENTED_EDGE ( 'NONE', *, *, #6443, .T. ) ;
#4213 = CARTESIAN_POINT ( 'NONE',  ( -8.750000000000000000, -7.500000000000000000, 13.00000000000000178 ) ) ;
#4214 = DIRECTION ( 'NONE',  ( 0.000000000000000000, 0.000000000000000000, 1.000000000000000000 ) ) ;
#4215 = AXIS2_PLACEMENT_3D ( 'NONE', #688, #4093, #7524 ) ;
#4216 = DIRECTION ( 'NONE',  ( 1.000000000000000000, -0.000000000000000000, -0.000000000000000000 ) ) ;
#4217 = LINE ( 'NONE', #7546, #4016 ) ;
#4218 = EDGE_CURVE ( 'NONE', #7362, #4514, #5855, .T. ) ;
#4219 = ORIENTED_EDGE ( 'NONE', *, *, #1322, .T. ) ;
#4220 = CARTESIAN_POINT ( 'NONE',  ( -4.650000000000000355, -2.815888994540020285, -1.350000000000000089 ) ) ;
#4221 = VECTOR ( 'NONE', #2845, 1000.000000000000000 ) ;
#4222 = LINE ( 'NONE', #7552, #9193 ) ;
#4223 = VERTEX_POINT ( 'NONE', #3468 ) ;
#4224 = DIRECTION ( 'NONE',  ( 0.000000000000000000, 0.000000000000000000, 1.000000000000000000 ) ) ;
#4225 = EDGE_CURVE ( 'NONE', #6977, #7936, #275, .T. ) ;
#4226 = CARTESIAN_POINT ( 'NONE',  ( 0.000000000000000000, 0.8000000000000003775, -7.724777700366559863 ) ) ;
#4227 = DIRECTION ( 'NONE',  ( 1.000000000000000000, 0.000000000000000000, 0.000000000000000000 ) ) ;
#4228 = CARTESIAN_POINT ( 'NONE',  ( -3.100000000000000533, -3.975000000000000089, 1.899999999999999911 ) ) ;
#4229 = VECTOR ( 'NONE', #9890, 1000.000000000000000 ) ;
#4230 = VERTEX_POINT ( 'NONE', #2550 ) ;
#4231 = UNCERTAINTY_MEASURE_WITH_UNIT (LENGTH_MEASURE( 1.000000000000000082E-05 ), #3171, 'distance_accuracy_value', 'NONE');
#4232 = LINE ( 'NONE', #4942, #7126 ) ;
#4233 = LINE ( 'NONE', #9304, #3175 ) ;
#4234 = VECTOR ( 'NONE', #1195, 1000.000000000000000 ) ;
#4235 = FACE_OUTER_BOUND ( 'NONE', #202, .T. ) ;
#4236 = FACE_BOUND ( 'NONE', #1875, .T. ) ;
#4237 = EDGE_CURVE ( 'NONE', #3820, #1261, #6730, .T. ) ;
#4238 = FACE_OUTER_BOUND ( 'NONE', #4841, .T. ) ;
#4239 = DIRECTION ( 'NONE',  ( 0.000000000000000000, -1.000000000000000000, 0.000000000000000000 ) ) ;
#4240 = EDGE_CURVE ( 'NONE', #864, #8843, #10463, .T. ) ;
#4241 = ORIENTED_EDGE ( 'NONE', *, *, #7873, .F. ) ;
#4242 = ORIENTED_EDGE ( 'NONE', *, *, #433, .T. ) ;
#4243 = LINE ( 'NONE', #6587, #816 ) ;
#4244 = ORIENTED_EDGE ( 'NONE', *, *, #10596, .T. ) ;
#4245 = VECTOR ( 'NONE', #617, 1000.000000000000000 ) ;
#4246 = ORIENTED_EDGE ( 'NONE', *, *, #2483, .T. ) ;
#4247 = DIRECTION ( 'NONE',  ( 1.000000000000000000, 0.000000000000000000, -0.000000000000000000 ) ) ;
#4248 = FACE_OUTER_BOUND ( 'NONE', #4130, .T. ) ;
#4249 = LINE ( 'NONE', #6916, #4743 ) ;
#4250 = VECTOR ( 'NONE', #1133, 999.9999999999998863 ) ;
#4251 = DIRECTION ( 'NONE',  ( 0.000000000000000000, 0.000000000000000000, 1.000000000000000000 ) ) ;
#4252 = EDGE_CURVE ( 'NONE', #3455, #10693, #7499, .T. ) ;
#4253 = VERTEX_POINT ( 'NONE', #3572 ) ;
#4254 = CARTESIAN_POINT ( 'NONE',  ( -0.1735856899157347533, 2.514897270387197459, 4.341868305525268035 ) ) ;
#4255 = ORIENTED_EDGE ( 'NONE', *, *, #3356, .T. ) ;
#4256 = CARTESIAN_POINT ( 'NONE',  ( 8.000000000000000000, 3.975000000000000089, 15.00000000000000000 ) ) ;
#4257 = EDGE_LOOP ( 'NONE', ( #1715, #6729, #2775, #1789 ) ) ;
#4258 = PLANE ( 'NONE',  #3078 ) ;
#4259 = ORIENTED_EDGE ( 'NONE', *, *, #4144, .T. ) ;
#4260 = COLOUR_RGB ( '',1.000000000000000000, 1.000000000000000000, 1.000000000000000000 ) ;
#4261 = DIRECTION ( 'NONE',  ( 0.000000000000000000, 0.000000000000000000, 1.000000000000000000 ) ) ;
#4262 = EDGE_CURVE ( 'NONE', #3591, #7309, #6641, .T. ) ;
#4263 = ORIENTED_EDGE ( 'NONE', *, *, #4225, .T. ) ;
#4264 = VECTOR ( 'NONE', #5161, 1000.000000000000000 ) ;
#4265 = EDGE_LOOP ( 'NONE', ( #10502, #9382, #1866, #8590 ) ) ;
#4266 = LINE ( 'NONE', #7542, #10158 ) ;
#4267 = DIRECTION ( 'NONE',  ( -1.000000000000000000, 0.000000000000000000, 0.000000000000000000 ) ) ;
#4268 = CARTESIAN_POINT ( 'NONE',  ( 1.224646799147353207E-16, -7.500000000000000000, 13.00000000000000178 ) ) ;
#4269 = CARTESIAN_POINT ( 'NONE',  ( 1.158458821805830041, 3.294643537635847164, 4.328001751409737530 ) ) ;
#4270 = LINE ( 'NONE', #9037, #8981 ) ;
#4271 = ORIENTED_EDGE ( 'NONE', *, *, #9627, .T. ) ;
#4272 = CARTESIAN_POINT ( 'NONE',  ( 0.000000000000000000, 3.975000000000000089, 1.899999999999998579 ) ) ;
#4273 = EDGE_CURVE ( 'NONE', #8833, #7601, #6891, .T. ) ;
#4274 = EDGE_CURVE ( 'NONE', #511, #420, #6680, .T. ) ;
#4275 = VERTEX_POINT ( 'NONE', #937 ) ;
#4276 = CARTESIAN_POINT ( 'NONE',  ( 1.925000000000000044, 4.775000000000000355, 31.88557667661039829 ) ) ;
#4277 = CARTESIAN_POINT ( 'NONE',  ( -10.32091455230722055, -3.000000000000000000, 7.352891688499531675 ) ) ;
#4278 = DIRECTION ( 'NONE',  ( -1.000000000000000000, 0.000000000000000000, 0.000000000000000000 ) ) ;
#4279 = DIRECTION ( 'NONE',  ( -1.000000000000000000, -0.000000000000000000, -0.000000000000000000 ) ) ;
#4280 = ORIENTED_EDGE ( 'NONE', *, *, #312, .F. ) ;
#4281 = DIRECTION ( 'NONE',  ( -1.000000000000000000, 2.551063935260009998E-16, 0.000000000000000000 ) ) ;
#4282 = LINE ( 'NONE', #1743, #10257 ) ;
#4283 = ADVANCED_FACE ( 'NONE', ( #5963 ), #9294, .T. ) ;
#4284 = DIRECTION ( 'NONE',  ( 0.000000000000000000, -1.000000000000000000, 0.000000000000000000 ) ) ;
#4285 = EDGE_CURVE ( 'NONE', #8715, #1669, #9185, .T. ) ;
#4286 = EDGE_CURVE ( 'NONE', #5228, #1148, #1842, .T. ) ;
#4287 = DIRECTION ( 'NONE',  ( 1.000000000000000000, 0.000000000000000000, 0.000000000000000000 ) ) ;
#4288 = LINE ( 'NONE', #948, #1096 ) ;
#4289 = DIRECTION ( 'NONE',  ( 1.000000000000000000, -0.000000000000000000, -0.000000000000000000 ) ) ;
#4290 = FACE_OUTER_BOUND ( 'NONE', #1700, .T. ) ;
#4291 = ORIENTED_EDGE ( 'NONE', *, *, #6774, .T. ) ;
#4292 = ORIENTED_EDGE ( 'NONE', *, *, #4901, .T. ) ;
#4293 = AXIS2_PLACEMENT_3D ( 'NONE', #8969, #4980, #3249 ) ;
#4294 = CARTESIAN_POINT ( 'NONE',  ( -5.599999999999999645, -3.000000000000000000, 9.000000000000001776 ) ) ;
#4295 = ORIENTED_EDGE ( 'NONE', *, *, #793, .F. ) ;
#4296 = CARTESIAN_POINT ( 'NONE',  ( -7.500000000000000000, 0.5000000000000000000, -0.9500000000000000666 ) ) ;
#4297 = CARTESIAN_POINT ( 'NONE',  ( -2.375000000000000000, 0.8000000000000000444, -4.899777700366559685 ) ) ;
#4298 = EDGE_CURVE ( 'NONE', #5139, #2217, #10204, .T. ) ;
#4299 = DIRECTION ( 'NONE',  ( -1.000000000000000000, -0.000000000000000000, -0.000000000000000000 ) ) ;
#4300 = VECTOR ( 'NONE', #3728, 1000.000000000000114 ) ;
#4301 = CARTESIAN_POINT ( 'NONE',  ( 10.50000000000000000, 7.500000000000000000, 15.00000000000000000 ) ) ;
#4302 = DIRECTION ( 'NONE',  ( -0.000000000000000000, 1.000000000000000000, 0.000000000000000000 ) ) ;
#4303 = CARTESIAN_POINT ( 'NONE',  ( 10.32091455230719923, -3.000000000000000000, 10.64710831150049941 ) ) ;
#4304 = ORIENTED_EDGE ( 'NONE', *, *, #2257, .T. ) ;
#4305 = CARTESIAN_POINT ( 'NONE',  ( -0.8471327479168120345, 4.237924334873059529, 4.404964033887568853 ) ) ;
#4306 = ORIENTED_EDGE ( 'NONE', *, *, #3593, .F. ) ;
#4307 = ORIENTED_EDGE ( 'NONE', *, *, #510, .T. ) ;
#4308 = DIRECTION ( 'NONE',  ( 0.000000000000000000, 0.000000000000000000, 1.000000000000000000 ) ) ;
#4309 = VECTOR ( 'NONE', #9194, 1000.000000000000000 ) ;
#4310 = ORIENTED_EDGE ( 'NONE', *, *, #2293, .F. ) ;
#4311 = ADVANCED_FACE ( 'NONE', ( #6838 ), #7657, .T. ) ;
#4312 = ADVANCED_FACE ( 'NONE', ( #10157 ), #2707, .F. ) ;
#4313 = LINE ( 'NONE', #10245, #7349 ) ;
#4314 = VECTOR ( 'NONE', #1572, 1000.000000000000114 ) ;
#4315 = ORIENTED_EDGE ( 'NONE', *, *, #7566, .F. ) ;
#4316 = ORIENTED_EDGE ( 'NONE', *, *, #10596, .F. ) ;
#4317 = CARTESIAN_POINT ( 'NONE',  ( -1.699999999999999956, -6.450000000000000178, 13.00000000000000178 ) ) ;
#4318 = LINE ( 'NONE', #7543, #2116 ) ;
#4319 = LINE ( 'NONE', #8365, #7091 ) ;
#4320 = CARTESIAN_POINT ( 'NONE',  ( 0.4788837428841760113, 2.566925470184491687, 4.268699501528926632 ) ) ;
#4321 = DIRECTION ( 'NONE',  ( 1.000000000000000000, 0.000000000000000000, 8.673617379884040402E-17 ) ) ;
#4322 = EDGE_LOOP ( 'NONE', ( #5226, #9413, #9998, #10294 ) ) ;
#4323 = VECTOR ( 'NONE', #3547, 1000.000000000000000 ) ;
#4324 = PLANE ( 'NONE',  #905 ) ;
#4325 = VECTOR ( 'NONE', #9259, 1000.000000000000000 ) ;
#4326 = ORIENTED_EDGE ( 'NONE', *, *, #10473, .F. ) ;
#4327 = PLANE ( 'NONE',  #9969 ) ;
#4328 = VECTOR ( 'NONE', #10181, 1000.000000000000114 ) ;
#4329 = DIRECTION ( 'NONE',  ( 0.000000000000000000, 0.000000000000000000, -1.000000000000000000 ) ) ;
#4330 = CARTESIAN_POINT ( 'NONE',  ( -8.970441590861193859, -3.000000000000000444, 13.00000000000000355 ) ) ;
#4331 = ADVANCED_FACE ( 'NONE', ( #7161 ), #9450, .T. ) ;
#4332 = ORIENTED_EDGE ( 'NONE', *, *, #1958, .F. ) ;
#4333 = CARTESIAN_POINT ( 'NONE',  ( 1.925000000000000044, -3.975000000000000089, 1.399999999999998579 ) ) ;
#4334 = EDGE_CURVE ( 'NONE', #2964, #4567, #10317, .T. ) ;
#4335 = VECTOR ( 'NONE', #3160, 1000.000000000000000 ) ;
#4336 = CARTESIAN_POINT ( 'NONE',  ( 6.400000000000000355, -1.199999999999999956, 31.88557667661039829 ) ) ;
#4337 =( NAMED_UNIT ( * ) SI_UNIT ( $, .STERADIAN. ) SOLID_ANGLE_UNIT ( ) );
#4338 = LINE ( 'NONE', #8333, #9537 ) ;
#4339 = CARTESIAN_POINT ( 'NONE',  ( -0.5749999999999999556, -5.350000000000000533, 1.400000000000000355 ) ) ;
#4340 = CARTESIAN_POINT ( 'NONE',  ( -5.150000000000000355, -6.429304672761169570, 4.385836643711150451 ) ) ;
#4341 = AXIS2_PLACEMENT_3D ( 'NONE', #9401, #444, #3531 ) ;
#4342 = ORIENTED_EDGE ( 'NONE', *, *, #10340, .F. ) ;
#4343 = EDGE_CURVE ( 'NONE', #4162, #7638, #8574, .T. ) ;
#4344 = VERTEX_POINT ( 'NONE', #1996 ) ;
#4345 = DIRECTION ( 'NONE',  ( 0.000000000000000000, 0.000000000000000000, 1.000000000000000000 ) ) ;
#4346 = VERTEX_POINT ( 'NONE', #1190 ) ;
#4347 = EDGE_CURVE ( 'NONE', #9523, #3550, #328, .T. ) ;
#4348 = ORIENTED_EDGE ( 'NONE', *, *, #4682, .F. ) ;
#4349 = VECTOR ( 'NONE', #5490, 1000.000000000000000 ) ;
#4350 = DIRECTION ( 'NONE',  ( 0.000000000000000000, -3.776434533376479869E-16, -1.000000000000000000 ) ) ;
#4351 = DIRECTION ( 'NONE',  ( -0.000000000000000000, -1.000000000000000000, -0.000000000000000000 ) ) ;
#4352 = LINE ( 'NONE', #2680, #5961 ) ;
#4353 = CARTESIAN_POINT ( 'NONE',  ( -3.100000000000000533, 3.975000000000000089, 1.899999999999999911 ) ) ;
#4354 = DIRECTION ( 'NONE',  ( 0.000000000000000000, 0.000000000000000000, -1.000000000000000000 ) ) ;
#4355 = ORIENTED_EDGE ( 'NONE', *, *, #9464, .F. ) ;
#4356 = CARTESIAN_POINT ( 'NONE',  ( 10.19772880358570077, 3.000000000000000000, 10.50735166954630095 ) ) ;
#4357 = EDGE_CURVE ( 'NONE', #9267, #8877, #9504, .T. ) ;
#4358 = ORIENTED_EDGE ( 'NONE', *, *, #472, .F. ) ;
#4359 = CARTESIAN_POINT ( 'NONE',  ( 0.000000000000000000, 6.450000000000000178, 13.00000000000000178 ) ) ;
#4360 = STYLED_ITEM ( 'NONE', ( #10645 ), #1500 ) ;
#4361 = ORIENTED_EDGE ( 'NONE', *, *, #10194, .T. ) ;
#4362 = LINE ( 'NONE', #416, #9202 ) ;
#4363 = ORIENTED_EDGE ( 'NONE', *, *, #3108, .T. ) ;
#4364 = VECTOR ( 'NONE', #1031, 1000.000000000000000 ) ;
#4365 = EDGE_LOOP ( 'NONE', ( #8998, #9741, #79, #10039 ) ) ;
#4366 = ADVANCED_FACE ( 'NONE', ( #10260 ), #5251, .F. ) ;
#4367 = EDGE_LOOP ( 'NONE', ( #7297, #2079, #10720, #10404 ) ) ;
#4368 = DIRECTION ( 'NONE',  ( 0.000000000000000000, 1.000000000000000000, -0.000000000000000000 ) ) ;
#4369 = FACE_OUTER_BOUND ( 'NONE', #10185, .T. ) ;
#4370 = EDGE_CURVE ( 'NONE', #6385, #8747, #3841, .T. ) ;
#4371 = DIRECTION ( 'NONE',  ( 0.000000000000000000, 1.000000000000000000, 0.000000000000000000 ) ) ;
#4372 = CARTESIAN_POINT ( 'NONE',  ( 0.7045098603647860225, 4.352524285481936595, 4.414255980072088192 ) ) ;
#4373 = FACE_OUTER_BOUND ( 'NONE', #8805, .T. ) ;
#4374 = VECTOR ( 'NONE', #882, 1000.000000000000000 ) ;
#4375 = STYLED_ITEM ( 'NONE', ( #5153 ), #2677 ) ;
#4376 = VERTEX_POINT ( 'NONE', #1143 ) ;
#4377 = DIRECTION ( 'NONE',  ( -0.9441829104614442025, 0.000000000000000000, 0.3294216623000931210 ) ) ;
#4378 = CIRCLE ( 'NONE', #2321, 1.399999999999999911 ) ;
#4379 = VECTOR ( 'NONE', #3560, 1000.000000000000000 ) ;
#4380 = EDGE_LOOP ( 'NONE', ( #2619, #8233, #9906, #1186 ) ) ;
#4381 = DIRECTION ( 'NONE',  ( 0.000000000000000000, 1.000000000000000000, 0.000000000000000000 ) ) ;
#4382 = FACE_OUTER_BOUND ( 'NONE', #3281, .T. ) ;
#4383 = LINE ( 'NONE', #8486, #8415 ) ;
#4384 = DIRECTION ( 'NONE',  ( 1.000000000000000000, -0.000000000000000000, -0.000000000000000000 ) ) ;
#4385 = ORIENTED_EDGE ( 'NONE', *, *, #9720, .T. ) ;
#4386 = LINE ( 'NONE', #2713, #2856 ) ;
#4387 = AXIS2_PLACEMENT_3D ( 'NONE', #4340, #8549, #233 ) ;
#4388 = CIRCLE ( 'NONE', #9276, 36.99598795820000419 ) ;
#4389 = DIRECTION ( 'NONE',  ( 1.000000000000000000, 0.000000000000000000, 0.000000000000000000 ) ) ;
#4390 = CARTESIAN_POINT ( 'NONE',  ( 1.500000000000000000, 8.985357054628929168E-16, 41.22500000000000142 ) ) ;
#4391 = DIRECTION ( 'NONE',  ( -1.000000000000000000, -0.000000000000000000, 0.000000000000000000 ) ) ;
#4392 = VERTEX_POINT ( 'NONE', #5306 ) ;
#4393 = FACE_OUTER_BOUND ( 'NONE', #1499, .T. ) ;
#4394 = CARTESIAN_POINT ( 'NONE',  ( -5.450000000000000178, -0.9499999999999999556, -0.3500000000000000333 ) ) ;
#4395 = VECTOR ( 'NONE', #3311, 1000.000000000000114 ) ;
#4396 = ADVANCED_FACE ( 'NONE', ( #6287 ), #435, .F. ) ;
#4397 = ORIENTED_EDGE ( 'NONE', *, *, #4545, .T. ) ;
#4398 = FACE_OUTER_BOUND ( 'NONE', #7299, .T. ) ;
#4399 = ORIENTED_EDGE ( 'NONE', *, *, #8910, .T. ) ;
#4400 = DIRECTION ( 'NONE',  ( -0.000000000000000000, -1.000000000000000000, -0.000000000000000000 ) ) ;
#4401 = ORIENTED_EDGE ( 'NONE', *, *, #10501, .F. ) ;
#4402 = CARTESIAN_POINT ( 'NONE',  ( 1.924999999999999600, 5.349999999999999645, 1.399999999999999911 ) ) ;
#4403 = LINE ( 'NONE', #7735, #5560 ) ;
#4404 = VECTOR ( 'NONE', #2876, 1000.000000000000000 ) ;
#4405 = FACE_OUTER_BOUND ( 'NONE', #5750, .T. ) ;
#4406 = EDGE_CURVE ( 'NONE', #7059, #3240, #8806, .T. ) ;
#4407 = LINE ( 'NONE', #10232, #3104 ) ;
#4408 = PLANE ( 'NONE',  #6828 ) ;
#4409 = LINE ( 'NONE', #303, #4323 ) ;
#4410 = FACE_OUTER_BOUND ( 'NONE', #9992, .T. ) ;
#4411 = ADVANCED_FACE ( 'NONE', ( #7054 ), #8642, .T. ) ;
#4412 = EDGE_LOOP ( 'NONE', ( #9437, #1174, #3992, #3661 ) ) ;
#4413 = PRESENTATION_LAYER_ASSIGNMENT (  '', '', ( #3903 ) ) ;
#4414 = ORIENTED_EDGE ( 'NONE', *, *, #4885, .F. ) ;
#4415 =( LENGTH_UNIT ( ) NAMED_UNIT ( * ) SI_UNIT ( .MILLI., .METRE. ) );
#4416 = ORIENTED_EDGE ( 'NONE', *, *, #9335, .F. ) ;
#4417 = PLANE ( 'NONE',  #7467 ) ;
#4418 = ORIENTED_EDGE ( 'NONE', *, *, #443, .F. ) ;
#4419 = EDGE_CURVE ( 'NONE', #1261, #424, #378, .T. ) ;
#4420 = VECTOR ( 'NONE', #6721, 1000.000000000000000 ) ;
#4421 = DIRECTION ( 'NONE',  ( -1.000000000000000000, 0.000000000000000000, -0.000000000000000000 ) ) ;
#4422 = FACE_OUTER_BOUND ( 'NONE', #9177, .T. ) ;
#4423 = ADVANCED_FACE ( 'NONE', ( #2870 ), #6175, .T. ) ;
#4424 = ADVANCED_FACE ( 'NONE', ( #8693 ), #2107, .F. ) ;
#4425 = ORIENTED_EDGE ( 'NONE', *, *, #5860, .F. ) ;
#4426 = EDGE_LOOP ( 'NONE', ( #7756, #8518, #8076, #5267 ) ) ;
#4427 = CARTESIAN_POINT ( 'NONE',  ( -7.500000000000000000, -2.200000000000000178, -0.9499999999999999556 ) ) ;
#4428 = CARTESIAN_POINT ( 'NONE',  ( 6.900000000000000355, 6.349999999999999645, 13.00000000000000178 ) ) ;
#4429 = DIRECTION ( 'NONE',  ( -1.000000000000000000, 0.000000000000000000, -0.000000000000000000 ) ) ;
#4430 = DIRECTION ( 'NONE',  ( 0.000000000000000000, -1.000000000000000000, 0.000000000000000000 ) ) ;
#4431 = CARTESIAN_POINT ( 'NONE',  ( -1.373413126596721989, 4.109154510330543353, 4.457815295296991387 ) ) ;
#4432 = MECHANICAL_DESIGN_GEOMETRIC_PRESENTATION_REPRESENTATION (  '', ( #10345 ), #2535 ) ;
#4433 = VERTEX_POINT ( 'NONE', #9558 ) ;
#4434 = VECTOR ( 'NONE', #621, 1000.000000000000000 ) ;
#4435 = VERTEX_POINT ( 'NONE', #8752 ) ;
#4436 = CARTESIAN_POINT ( 'NONE',  ( 10.19772880358570077, -3.000000000000000000, 9.925437956591640187 ) ) ;
#4437 = LINE ( 'NONE', #7660, #1813 ) ;
#4438 = LINE ( 'NONE', #10485, #8540 ) ;
#4439 = VERTEX_POINT ( 'NONE', #7932 ) ;
#4440 = CARTESIAN_POINT ( 'NONE',  ( 7.500000000000000000, -0.5000000000000000000, -0.9499999999999999556 ) ) ;
#4441 = CARTESIAN_POINT ( 'NONE',  ( 0.4640916363783310072, 4.450502207186137760, 4.422251040657829257 ) ) ;
#4442 = EDGE_CURVE ( 'NONE', #8418, #4344, #943, .T. ) ;
#4443 = CARTESIAN_POINT ( 'NONE',  ( 10.32091455230719923, -3.000000000000000000, 10.64710831150049941 ) ) ;
#4444 =( LENGTH_UNIT ( ) NAMED_UNIT ( * ) SI_UNIT ( .MILLI., .METRE. ) );
#4445 = EDGE_LOOP ( 'NONE', ( #792, #7420, #6389, #4057 ) ) ;
#4446 = CARTESIAN_POINT ( 'NONE',  ( -4.650000000000000355, 2.132480364127279593, -1.350000000000000089 ) ) ;
#4447 = SHAPE_REPRESENTATION_RELATIONSHIP ( 'NONE' , 'NONE' ,  #6414, #9013 ) ;
#4448 = LINE ( 'NONE', #6082, #6658 ) ;
#4449 = VERTEX_POINT ( 'NONE', #4648 ) ;
#4450 = CARTESIAN_POINT ( 'NONE',  ( 0.000000000000000000, -6.450000000000000178, 0.000000000000000000 ) ) ;
#4451 = ORIENTED_EDGE ( 'NONE', *, *, #1512, .F. ) ;
#4452 = CARTESIAN_POINT ( 'NONE',  ( 0.000000000000000000, -0.5000000000000000000, -0.9499999999999999556 ) ) ;
#4453 = ORIENTED_EDGE ( 'NONE', *, *, #148, .T. ) ;
#4454 = CARTESIAN_POINT ( 'NONE',  ( -6.900000000000000355, 6.339999999999999858, 2.100000000000000089 ) ) ;
#4455 = PLANE ( 'NONE',  #3688 ) ;
#4456 = DIRECTION ( 'NONE',  ( 0.000000000000000000, -1.000000000000000000, 3.576749435003730024E-16 ) ) ;
#4457 = CARTESIAN_POINT ( 'NONE',  ( -8.000000000000000000, 0.5000000000000001110, -0.9500000000000000666 ) ) ;
#4458 = PLANE ( 'NONE',  #5021 ) ;
#4459 = CARTESIAN_POINT ( 'NONE',  ( 6.400000000000000355, 1.199999999999999956, -0.9499999999999995115 ) ) ;
#4460 = EDGE_LOOP ( 'NONE', ( #9860, #3283, #7312, #692 ) ) ;
#4461 = ORIENTED_EDGE ( 'NONE', *, *, #3778, .F. ) ;
#4462 = CARTESIAN_POINT ( 'NONE',  ( 1.499999999999999112, -1.095399793800289956, 4.053523157353340345 ) ) ;
#4463 = ORIENTED_EDGE ( 'NONE', *, *, #6027, .F. ) ;
#4464 = CARTESIAN_POINT ( 'NONE',  ( -4.000000000000003553, -5.750000000000000000, 3.283227176369309941 ) ) ;
#4465 = EDGE_CURVE ( 'NONE', #799, #2046, #7988, .T. ) ;
#4466 = ORIENTED_EDGE ( 'NONE', *, *, #2866, .T. ) ;
#4467 = VECTOR ( 'NONE', #8716, 1000.000000000000000 ) ;
#4468 = EDGE_CURVE ( 'NONE', #84, #10544, #8144, .T. ) ;
#4469 = DIRECTION ( 'NONE',  ( 0.000000000000000000, 0.000000000000000000, 1.000000000000000000 ) ) ;
#4470 = CARTESIAN_POINT ( 'NONE',  ( -31.38557667661039829, -6.250000000000000000, -3.500000000000000000 ) ) ;
#4471 = VERTEX_POINT ( 'NONE', #9665 ) ;
#4472 =( GEOMETRIC_REPRESENTATION_CONTEXT ( 3 ) GLOBAL_UNCERTAINTY_ASSIGNED_CONTEXT ( ( #6845 ) ) GLOBAL_UNIT_ASSIGNED_CONTEXT ( ( #2948, #8226, #9956 ) ) REPRESENTATION_CONTEXT ( 'NONE', 'WORKASPACE' ) );
#4473 = VERTEX_POINT ( 'NONE', #703 ) ;
#4474 = DIRECTION ( 'NONE',  ( 0.000000000000000000, 0.000000000000000000, 1.000000000000000000 ) ) ;
#4475 = CARTESIAN_POINT ( 'NONE',  ( -6.399999999999999467, -3.975000000000000089, 1.899999999999999689 ) ) ;
#4476 = DIRECTION ( 'NONE',  ( -0.000000000000000000, -1.000000000000000000, -0.000000000000000000 ) ) ;
#4477 = CARTESIAN_POINT ( 'NONE',  ( -1.699999999999999956, 6.450000000000000178, 10.50000000000000000 ) ) ;
#4478 = CARTESIAN_POINT ( 'NONE',  ( -1.175037130355668591, 2.581499638288495824, 4.319109192572204492 ) ) ;
#4479 = EDGE_CURVE ( 'NONE', #5289, #8646, #2432, .T. ) ;
#4480 = ORIENTED_EDGE ( 'NONE', *, *, #10741, .T. ) ;
#4481 = EDGE_CURVE ( 'NONE', #9225, #7385, #4378, .T. ) ;
#4482 = EDGE_CURVE ( 'NONE', #1058, #9854, #10640, .T. ) ;
#4483 = VECTOR ( 'NONE', #628, 1000.000000000000000 ) ;
#4484 = ORIENTED_EDGE ( 'NONE', *, *, #3241, .T. ) ;
#4485 = DIRECTION ( 'NONE',  ( 0.000000000000000000, 0.000000000000000000, 1.000000000000000000 ) ) ;
#4486 = CARTESIAN_POINT ( 'NONE',  ( 1.496490303280000100, 3.378366948964230065, 4.334815997282600364 ) ) ;
#4487 = CARTESIAN_POINT ( 'NONE',  ( -0.2302481639014952730, 4.880300413299674567, 4.553111470739165334 ) ) ;
#4488 = FACE_OUTER_BOUND ( 'NONE', #7733, .T. ) ;
#4489 = ORIENTED_EDGE ( 'NONE', *, *, #7714, .F. ) ;
#4490 = AXIS2_PLACEMENT_3D ( 'NONE', #7149, #9753, #8953 ) ;
#4491 = DIRECTION ( 'NONE',  ( -1.000000000000000000, -0.000000000000000000, -0.000000000000000000 ) ) ;
#4492 = CARTESIAN_POINT ( 'NONE',  ( -0.03820276139480335148, 4.488202948264876646, 4.502798567707075428 ) ) ;
#4493 = CIRCLE ( 'NONE', #2777, 0.4000000000000001887 ) ;
#4494 = DIRECTION ( 'NONE',  ( 1.000000000000000000, 0.000000000000000000, -0.000000000000000000 ) ) ;
#4495 = DIRECTION ( 'NONE',  ( -0.3294216623000940092, 0.000000000000000000, -0.9441829104614438695 ) ) ;
#4496 = ORIENTED_EDGE ( 'NONE', *, *, #2554, .F. ) ;
#4497 = FACE_OUTER_BOUND ( 'NONE', #7479, .T. ) ;
#4498 = CARTESIAN_POINT ( 'NONE',  ( -8.000000000000000000, 0.5000000000000000000, 1.399999999999999911 ) ) ;
#4499 = ORIENTED_EDGE ( 'NONE', *, *, #9563, .F. ) ;
#4500 = ADVANCED_FACE ( 'NONE', ( #2330 ), #3191, .F. ) ;
#4501 = VERTEX_POINT ( 'NONE', #5575 ) ;
#4502 = CARTESIAN_POINT ( 'NONE',  ( -2.000000000000000000, 2.200000000000000178, -0.9499999999999999556 ) ) ;
#4503 = EDGE_CURVE ( 'NONE', #1974, #9115, #2218, .T. ) ;
#4504 = VECTOR ( 'NONE', #1011, 1000.000000000000000 ) ;
#4505 = VERTEX_POINT ( 'NONE', #759 ) ;
#4506 = DIRECTION ( 'NONE',  ( -0.000000000000000000, 0.1394778421021800052, 0.9902251923489521213 ) ) ;
#4507 = CARTESIAN_POINT ( 'NONE',  ( -0.03893901943221766276, 4.892240580598134159, 4.458278319725862637 ) ) ;
#4508 = DIRECTION ( 'NONE',  ( 0.000000000000000000, -0.1394778421021800052, -0.9902251923489521213 ) ) ;
#4509 = LINE ( 'NONE', #5549, #3784 ) ;
#4510 = PLANE ( 'NONE',  #10310 ) ;
#4511 = DIRECTION ( 'NONE',  ( -0.3294216623000917887, 0.000000000000000000, -0.9441829104614445356 ) ) ;
#4512 = FACE_OUTER_BOUND ( 'NONE', #4853, .T. ) ;
#4513 = EDGE_LOOP ( 'NONE', ( #2525, #9471, #3871, #1922 ) ) ;
#4514 = VERTEX_POINT ( 'NONE', #5736 ) ;
#4515 = ORIENTED_EDGE ( 'NONE', *, *, #312, .T. ) ;
#4516 = LINE ( 'NONE', #9486, #6424 ) ;
#4517 = VECTOR ( 'NONE', #5140, 1000.000000000000000 ) ;
#4518 = VERTEX_POINT ( 'NONE', #8096 ) ;
#4519 = CARTESIAN_POINT ( 'NONE',  ( 1.074999999999999956, 0.8000000000000000444, -10.89977770036660054 ) ) ;
#4520 = EDGE_LOOP ( 'NONE', ( #5470, #718, #8816, #2850, #6901, #9282, #3750, #1831 ) ) ;
#4521 = FACE_OUTER_BOUND ( 'NONE', #3081, .T. ) ;
#4522 = VECTOR ( 'NONE', #3642, 1000.000000000000000 ) ;
#4523 = ORIENTED_EDGE ( 'NONE', *, *, #7699, .T. ) ;
#4524 = ORIENTED_EDGE ( 'NONE', *, *, #174, .F. ) ;
#4525 = CARTESIAN_POINT ( 'NONE',  ( 4.000000000000000000, 8.985357054628929168E-16, 41.22500000000000142 ) ) ;
#4526 = DIRECTION ( 'NONE',  ( 0.000000000000000000, -0.000000000000000000, -1.000000000000000000 ) ) ;
#4527 = ADVANCED_FACE ( 'NONE', ( #4704 ), #8912, .F. ) ;
#4528 = CARTESIAN_POINT ( 'NONE',  ( -8.074999999999999289, -4.775000000000000355, 15.00000000000000000 ) ) ;
#4529 = LINE ( 'NONE', #6339, #7851 ) ;
#4530 = CARTESIAN_POINT ( 'NONE',  ( -0.3423998489711845283, 2.134837830541667536, 4.290620619920961332 ) ) ;
#4531 = ORIENTED_EDGE ( 'NONE', *, *, #10125, .F. ) ;
#4532 = EDGE_CURVE ( 'NONE', #327, #6192, #9872, .T. ) ;
#4533 = VERTEX_POINT ( 'NONE', #5524 ) ;
#4534 = DIRECTION ( 'NONE',  ( 5.102127870520019996E-16, 1.000000000000000000, 0.000000000000000000 ) ) ;
#4535 = CARTESIAN_POINT ( 'NONE',  ( 1.474233336417702711, 3.823689504195991518, 4.467030273825132625 ) ) ;
#4536 = LINE ( 'NONE', #9452, #7881 ) ;
#4537 = AXIS2_PLACEMENT_3D ( 'NONE', #6704, #10022, #85 ) ;
#4538 = ADVANCED_FACE ( 'NONE', ( #2383 ), #4113, .T. ) ;
#4539 = LINE ( 'NONE', #7992, #10265 ) ;
#4540 = VERTEX_POINT ( 'NONE', #7428 ) ;
#4541 = UNCERTAINTY_MEASURE_WITH_UNIT (LENGTH_MEASURE( 1.000000000000000082E-05 ), #2426, 'distance_accuracy_value', 'NONE');
#4542 = CARTESIAN_POINT ( 'NONE',  ( 3.350000000000000089, 0.8000000000000000444, -2.199777700366559507 ) ) ;
#4543 = CARTESIAN_POINT ( 'NONE',  ( 0.7045123575542132643, 4.346251532913872673, 4.491202442607581169 ) ) ;
#4544 = AXIS2_PLACEMENT_3D ( 'NONE', #990, #5093, #9999 ) ;
#4545 = EDGE_CURVE ( 'NONE', #6530, #2215, #8855, .T. ) ;
#4546 = CARTESIAN_POINT ( 'NONE',  ( 3.100000000000000533, -0.5000000000000008882, 1.399999999999999689 ) ) ;
#4547 = ORIENTED_EDGE ( 'NONE', *, *, #2564, .T. ) ;
#4548 = CARTESIAN_POINT ( 'NONE',  ( -0.9705726386704329745, 4.104518162176779228, 4.394092635359007737 ) ) ;
#4549 = DIRECTION ( 'NONE',  ( -0.000000000000000000, 0.000000000000000000, 1.000000000000000000 ) ) ;
#4550 = ORIENTED_EDGE ( 'NONE', *, *, #3902, .F. ) ;
#4551 = CARTESIAN_POINT ( 'NONE',  ( -0.8847552609869909768, 2.808142597741983160, 4.288408017960705365 ) ) ;
#4552 = STYLED_ITEM ( 'NONE', ( #9797 ), #4861 ) ;
#4553 = ORIENTED_EDGE ( 'NONE', *, *, #8116, .T. ) ;
#4554 = FACE_OUTER_BOUND ( 'NONE', #4460, .T. ) ;
#4555 = VECTOR ( 'NONE', #8094, 1000.000000000000000 ) ;
#4556 = ORIENTED_EDGE ( 'NONE', *, *, #1357, .F. ) ;
#4557 = CARTESIAN_POINT ( 'NONE',  ( 5.450000000000000178, 0.000000000000000000, -0.3499999999999999778 ) ) ;
#4558 = CARTESIAN_POINT ( 'NONE',  ( -5.150000000000000355, 7.650000000000000355, 2.710505431213761085E-15 ) ) ;
#4559 = FACE_OUTER_BOUND ( 'NONE', #8205, .T. ) ;
#4560 = EDGE_CURVE ( 'NONE', #6650, #5139, #10641, .T. ) ;
#4561 = VECTOR ( 'NONE', #4778, 1000.000000000000000 ) ;
#4562 = VECTOR ( 'NONE', #6970, 1000.000000000000114 ) ;
#4563 = FILL_AREA_STYLE ('',( #9639 ) ) ;
#4564 = LINE ( 'NONE', #2076, #10139 ) ;
#4565 = FACE_OUTER_BOUND ( 'NONE', #3273, .T. ) ;
#4566 = LINE ( 'NONE', #2302, #4731 ) ;
#4567 = VERTEX_POINT ( 'NONE', #3946 ) ;
#4568 = ORIENTED_EDGE ( 'NONE', *, *, #928, .F. ) ;
#4569 = CARTESIAN_POINT ( 'NONE',  ( 4.650000000000000355, -2.815888994540020285, -1.350000000000000089 ) ) ;
#4570 = ORIENTED_EDGE ( 'NONE', *, *, #4111, .F. ) ;
#4571 = CARTESIAN_POINT ( 'NONE',  ( 0.000000000000000000, 2.200000000000000178, 0.000000000000000000 ) ) ;
#4572 = VECTOR ( 'NONE', #4491, 1000.000000000000000 ) ;
#4573 = VERTEX_POINT ( 'NONE', #815 ) ;
#4574 = CARTESIAN_POINT ( 'NONE',  ( 6.399999999999999467, -0.5000000000000000000, 1.399999999999999911 ) ) ;
#4575 = ADVANCED_FACE ( 'NONE', ( #1611 ), #7266, .F. ) ;
#4576 = LINE ( 'NONE', #9596, #944 ) ;
#4577 = ORIENTED_EDGE ( 'NONE', *, *, #9274, .T. ) ;
#4578 = VECTOR ( 'NONE', #10413, 1000.000000000000000 ) ;
#4579 = DIRECTION ( 'NONE',  ( 1.000000000000000000, -5.102127870520019996E-16, 0.000000000000000000 ) ) ;
#4580 = ORIENTED_EDGE ( 'NONE', *, *, #8748, .F. ) ;
#4581 = FACE_OUTER_BOUND ( 'NONE', #4761, .T. ) ;
#4582 = VERTEX_POINT ( 'NONE', #8042 ) ;
#4583 = CARTESIAN_POINT ( 'NONE',  ( 6.900000000000000355, 6.339999999999999858, 2.099999999999999645 ) ) ;
#4584 = FACE_OUTER_BOUND ( 'NONE', #8550, .T. ) ;
#4585 = CYLINDRICAL_SURFACE ( 'NONE', #3966, 4.500000000000000888 ) ;
#4586 = CARTESIAN_POINT ( 'NONE',  ( 0.000000000000000000, 3.975000000000000089, 0.000000000000000000 ) ) ;
#4587 = DIRECTION ( 'NONE',  ( 0.000000000000000000, 1.000000000000000000, -0.000000000000000000 ) ) ;
#4588 = ORIENTED_EDGE ( 'NONE', *, *, #5918, .F. ) ;
#4589 = EDGE_CURVE ( 'NONE', #7265, #5215, #3297, .T. ) ;
#4590 = VECTOR ( 'NONE', #589, 1000.000000000000114 ) ;
#4591 = EDGE_CURVE ( 'NONE', #2428, #5333, #9765, .T. ) ;
#4592 = VERTEX_POINT ( 'NONE', #1507 ) ;
#4593 = DIRECTION ( 'NONE',  ( 0.000000000000000000, -0.000000000000000000, 1.000000000000000000 ) ) ;
#4594 = VECTOR ( 'NONE', #5525, 1000.000000000000000 ) ;
#4595 = FILL_AREA_STYLE ('',( #3679 ) ) ;
#4596 = CARTESIAN_POINT ( 'NONE',  ( -0.7149180687743239559, 4.750574663952493282, 4.446751510493991866 ) ) ;
#4597 = CARTESIAN_POINT ( 'NONE',  ( 9.500000000000000000, 6.349999999999999645, 0.000000000000000000 ) ) ;
#4598 = ORIENTED_EDGE ( 'NONE', *, *, #5540, .T. ) ;
#4599 = LINE ( 'NONE', #497, #1640 ) ;
#4600 = CARTESIAN_POINT ( 'NONE',  ( 0.8915344806814642364, 2.807394612780362841, 4.365747218166740495 ) ) ;
#4601 = AXIS2_PLACEMENT_3D ( 'NONE', #1078, #2860, #3776 ) ;
#4602 = ADVANCED_FACE ( 'NONE', ( #922 ), #6041, .F. ) ;
#4603 = DIRECTION ( 'NONE',  ( 1.000000000000000000, 0.000000000000000000, -0.000000000000000000 ) ) ;
#4604 = EDGE_LOOP ( 'NONE', ( #4645, #1366, #958, #9662 ) ) ;
#4605 = LINE ( 'NONE', #9515, #2480 ) ;
#4606 = PRODUCT_CONTEXT ( 'NONE', #9065, 'mechanical' ) ;
#4607 = CARTESIAN_POINT ( 'NONE',  ( -0.3610048893421449745, 4.467533986401853952, 4.423666265679792708 ) ) ;
#4608 = CARTESIAN_POINT ( 'NONE',  ( 1.500000000000000000, 1.770447840360077851, 2.890861957720190389 ) ) ;
#4609 = VERTEX_POINT ( 'NONE', #1917 ) ;
#4610 = CARTESIAN_POINT ( 'NONE',  ( 0.008970443133313011491, 4.893281629452492787, 4.458361632235106065 ) ) ;
#4611 = VECTOR ( 'NONE', #4345, 1000.000000000000000 ) ;
#4612 = VERTEX_POINT ( 'NONE', #7790 ) ;
#4613 = CARTESIAN_POINT ( 'NONE',  ( 5.450000000000000178, 0.000000000000000000, -1.750000000000000000 ) ) ;
#4614 = ORIENTED_EDGE ( 'NONE', *, *, #5540, .F. ) ;
#4615 = LINE ( 'NONE', #1423, #8137 ) ;
#4616 = EDGE_CURVE ( 'NONE', #8263, #2215, #2538, .T. ) ;
#4617 = CARTESIAN_POINT ( 'NONE',  ( 6.900000000000000355, 6.339999999999999858, 10.00000000000000178 ) ) ;
#4618 = EDGE_CURVE ( 'NONE', #4931, #8514, #3653, .T. ) ;
#4619 = ADVANCED_FACE ( 'NONE', ( #4512 ), #7846, .T. ) ;
#4620 = CARTESIAN_POINT ( 'NONE',  ( -6.900000000000000355, 6.339999999999999858, 10.00000000000000000 ) ) ;
#4621 = CARTESIAN_POINT ( 'NONE',  ( -8.074999999999999289, -4.775000000000000355, 15.00000000000000000 ) ) ;
#4622 = DIRECTION ( 'NONE',  ( 0.000000000000000000, 0.000000000000000000, -1.000000000000000000 ) ) ;
#4623 = FACE_OUTER_BOUND ( 'NONE', #702, .T. ) ;
#4624 = DIRECTION ( 'NONE',  ( -1.000000000000000000, 0.000000000000000000, 0.000000000000000000 ) ) ;
#4625 = ORIENTED_EDGE ( 'NONE', *, *, #2755, .T. ) ;
#4626 = VERTEX_POINT ( 'NONE', #9929 ) ;
#4627 = LINE ( 'NONE', #8889, #7403 ) ;
#4628 = VERTEX_POINT ( 'NONE', #6972 ) ;
#4629 = EDGE_CURVE ( 'NONE', #9360, #637, #7496, .T. ) ;
#4630 = ORIENTED_EDGE ( 'NONE', *, *, #8815, .F. ) ;
#4631 = DIRECTION ( 'NONE',  ( -1.000000000000000000, 0.000000000000000000, 0.000000000000000000 ) ) ;
#4632 = CARTESIAN_POINT ( 'NONE',  ( -4.650000000000000355, -7.529940238806680064, -1.350000000000000089 ) ) ;
#4633 = EDGE_LOOP ( 'NONE', ( #10577, #6096, #2068, #2000, #3501, #3103, #1396, #10350, #468, #736, #10389, #6911, #5193, #6080, #1930, #3872, #2029, #5541, #3928 ) ) ;
#4634 =( NAMED_UNIT ( * ) SI_UNIT ( $, .STERADIAN. ) SOLID_ANGLE_UNIT ( ) );
#4635 = EDGE_LOOP ( 'NONE', ( #55, #521 ) ) ;
#4636 = CYLINDRICAL_SURFACE ( 'NONE', #270, 1.500000000000000000 ) ;
#4637 = VERTEX_POINT ( 'NONE', #869 ) ;
#4638 = CARTESIAN_POINT ( 'NONE',  ( -31.38557667661039829, -6.250000000000000000, -2.500000000000000000 ) ) ;
#4639 = DIRECTION ( 'NONE',  ( 0.000000000000000000, -1.000000000000000000, -0.000000000000000000 ) ) ;
#4640 = CARTESIAN_POINT ( 'NONE',  ( -2.000000000000000000, 2.200000000000000178, -0.9499999999999999556 ) ) ;
#4641 = FILL_AREA_STYLE_COLOUR ( '', #5839 ) ;
#4642 = ADVANCED_FACE ( 'NONE', ( #4410 ), #1168, .F. ) ;
#4643 = CIRCLE ( 'NONE', #6032, 1.000000000000000888 ) ;
#4644 = EDGE_CURVE ( 'NONE', #448, #1044, #7742, .T. ) ;
#4645 = ORIENTED_EDGE ( 'NONE', *, *, #4481, .F. ) ;
#4646 = VECTOR ( 'NONE', #4729, 1000.000000000000000 ) ;
#4647 = ORIENTED_EDGE ( 'NONE', *, *, #2554, .T. ) ;
#4648 = CARTESIAN_POINT ( 'NONE',  ( 10.19772880358570077, 3.000000000000000444, 9.925437956591640187 ) ) ;
#4649 = CARTESIAN_POINT ( 'NONE',  ( 0.7992591150592519567, 4.722117790895020484, 4.444382537252138832 ) ) ;
#4650 = DIRECTION ( 'NONE',  ( -0.000000000000000000, 1.275531967630000069E-16, 1.000000000000000000 ) ) ;
#4651 = FACE_OUTER_BOUND ( 'NONE', #5159, .T. ) ;
#4652 = EDGE_LOOP ( 'NONE', ( #9289, #8671, #973, #3115 ) ) ;
#4653 = UNCERTAINTY_MEASURE_WITH_UNIT (LENGTH_MEASURE( 1.000000000000000082E-05 ), #4415, 'distance_accuracy_value', 'NONE');
#4654 = LINE ( 'NONE', #7272, #7200 ) ;
#4655 = CIRCLE ( 'NONE', #9014, 0.7000000000000000666 ) ;
#4656 = CARTESIAN_POINT ( 'NONE',  ( 0.04639013526397559734, 2.515338343023866940, 4.264508103311269060 ) ) ;
#4657 = DIRECTION ( 'NONE',  ( 8.673617379884035472E-16, 0.000000000000000000, -1.000000000000000000 ) ) ;
#4658 = ORIENTED_EDGE ( 'NONE', *, *, #1966, .T. ) ;
#4659 = VECTOR ( 'NONE', #3201, 1000.000000000000000 ) ;
#4660 = PRODUCT_CONTEXT ( 'NONE', #7393, 'mechanical' ) ;
#4661 = DIRECTION ( 'NONE',  ( -1.000000000000000000, -0.000000000000000000, 0.000000000000000000 ) ) ;
#4662 = CARTESIAN_POINT ( 'NONE',  ( 0.000000000000000000, 6.795823926507079847E-16, 1.899999999999999911 ) ) ;
#4663 = ORIENTED_EDGE ( 'NONE', *, *, #598, .T. ) ;
#4664 = ORIENTED_EDGE ( 'NONE', *, *, #9586, .F. ) ;
#4665 = PLANE ( 'NONE',  #10702 ) ;
#4666 = EDGE_CURVE ( 'NONE', #5011, #10670, #4903, .T. ) ;
#4667 = ORIENTED_EDGE ( 'NONE', *, *, #9905, .T. ) ;
#4668 = CARTESIAN_POINT ( 'NONE',  ( -4.650000000000000355, -7.529940238806680064, -1.350000000000000089 ) ) ;
#4669 = LINE ( 'NONE', #9791, #6432 ) ;
#4670 = AXIS2_PLACEMENT_3D ( 'NONE', #193, #10132, #6917 ) ;
#4671 = CARTESIAN_POINT ( 'NONE',  ( 3.049999999999999378, 0.8000000000000000444, -2.302855656050484757E-16 ) ) ;
#4672 = CARTESIAN_POINT ( 'NONE',  ( 9.500000000000000000, 6.349999999999999645, 5.000000000000000888 ) ) ;
#4673 = DIRECTION ( 'NONE',  ( 1.000000000000000000, 0.000000000000000000, -0.000000000000000000 ) ) ;
#4674 = ADVANCED_FACE ( 'NONE', ( #8309 ), #4161, .F. ) ;
#4675 = CARTESIAN_POINT ( 'NONE',  ( 1.925000000000000044, 0.000000000000000000, 0.000000000000000000 ) ) ;
#4676 = DIRECTION ( 'NONE',  ( -0.000000000000000000, -0.000000000000000000, -1.000000000000000000 ) ) ;
#4677 = CIRCLE ( 'NONE', #7811, 38.37500000000000000 ) ;
#4678 = ORIENTED_EDGE ( 'NONE', *, *, #5946, .T. ) ;
#4679 =( GEOMETRIC_REPRESENTATION_CONTEXT ( 3 ) GLOBAL_UNCERTAINTY_ASSIGNED_CONTEXT ( ( #441 ) ) GLOBAL_UNIT_ASSIGNED_CONTEXT ( ( #5317, #10276, #3747 ) ) REPRESENTATION_CONTEXT ( 'NONE', 'WORKASPACE' ) );
#4680 = EDGE_LOOP ( 'NONE', ( #9535, #5493, #10675, #6100 ) ) ;
#4681 = DIRECTION ( 'NONE',  ( 0.000000000000000000, 0.000000000000000000, -1.000000000000000000 ) ) ;
#4682 = EDGE_CURVE ( 'NONE', #7213, #9811, #249, .T. ) ;
#4683 = EDGE_CURVE ( 'NONE', #5357, #6066, #10182, .T. ) ;
#4684 = ORIENTED_EDGE ( 'NONE', *, *, #3093, .T. ) ;
#4685 = CARTESIAN_POINT ( 'NONE',  ( 8.750000000000000000, 0.000000000000000000, 13.00000000000000178 ) ) ;
#4686 = ORIENTED_EDGE ( 'NONE', *, *, #6610, .T. ) ;
#4687 = VECTOR ( 'NONE', #2019, 1000.000000000000000 ) ;
#4688 = DIRECTION ( 'NONE',  ( -1.000000000000000000, -0.000000000000000000, -0.000000000000000000 ) ) ;
#4689 = ORIENTED_EDGE ( 'NONE', *, *, #2366, .T. ) ;
#4690 = EDGE_CURVE ( 'NONE', #10631, #1593, #8564, .T. ) ;
#4691 = DIRECTION ( 'NONE',  ( 0.000000000000000000, 0.1081912008832670441, 0.9941301041872921962 ) ) ;
#4692 = ORIENTED_EDGE ( 'NONE', *, *, #6968, .T. ) ;
#4693 = CARTESIAN_POINT ( 'NONE',  ( 6.400000000000000355, 1.199999999999999956, 1.399999999999998579 ) ) ;
#4694 = ORIENTED_EDGE ( 'NONE', *, *, #2184, .T. ) ;
#4695 = DIRECTION ( 'NONE',  ( 0.000000000000000000, 0.000000000000000000, 1.000000000000000000 ) ) ;
#4696 = ORIENTED_EDGE ( 'NONE', *, *, #8741, .F. ) ;
#4697 = DIRECTION ( 'NONE',  ( 0.000000000000000000, 0.000000000000000000, 1.000000000000000000 ) ) ;
#4698 = ORIENTED_EDGE ( 'NONE', *, *, #1898, .F. ) ;
#4699 = VECTOR ( 'NONE', #10427, 1000.000000000000000 ) ;
#4700 = CARTESIAN_POINT ( 'NONE',  ( 5.599999999999999645, 3.000000000000000000, 13.00000000000000178 ) ) ;
#4701 = EDGE_CURVE ( 'NONE', #8123, #6597, #7028, .T. ) ;
#4702 = ADVANCED_FACE ( 'NONE', ( #3064 ), #8723, .T. ) ;
#4703 = ORIENTED_EDGE ( 'NONE', *, *, #2628, .T. ) ;
#4704 = FACE_OUTER_BOUND ( 'NONE', #9411, .T. ) ;
#4705 = CARTESIAN_POINT ( 'NONE',  ( 6.400000000000000355, 1.199999999999999956, 31.88557667661039829 ) ) ;
#4706 = PLANE ( 'NONE',  #1929 ) ;
#4707 = ORIENTED_EDGE ( 'NONE', *, *, #6751, .F. ) ;
#4708 = COLOUR_RGB ( '',1.000000000000000000, 1.000000000000000000, 1.000000000000000000 ) ;
#4709 = CARTESIAN_POINT ( 'NONE',  ( 0.5750000000000003997, -5.349999999999999645, 2.500000000000000888 ) ) ;
#4710 = DIRECTION ( 'NONE',  ( 0.000000000000000000, 0.000000000000000000, 1.000000000000000000 ) ) ;
#4711 = VECTOR ( 'NONE', #9366, 1000.000000000000000 ) ;
#4712 = LINE ( 'NONE', #2340, #5706 ) ;
#4713 = ORIENTED_EDGE ( 'NONE', *, *, #7289, .T. ) ;
#4714 = CARTESIAN_POINT ( 'NONE',  ( -4.000000000000000000, -1.095399793800289956, 4.053523157353340345 ) ) ;
#4715 =( NAMED_UNIT ( * ) SI_UNIT ( $, .STERADIAN. ) SOLID_ANGLE_UNIT ( ) );
#4716 = LINE ( 'NONE', #8057, #4245 ) ;
#4717 = FACE_OUTER_BOUND ( 'NONE', #6501, .T. ) ;
#4718 = CARTESIAN_POINT ( 'NONE',  ( -1.699999999999999734, -6.450000000000000178, 10.50000000000000000 ) ) ;
#4719 = ORIENTED_EDGE ( 'NONE', *, *, #8446, .T. ) ;
#4720 = DIRECTION ( 'NONE',  ( 0.000000000000000000, 0.000000000000000000, -1.000000000000000000 ) ) ;
#4721 = EDGE_LOOP ( 'NONE', ( #6234, #1142, #2102, #6594, #6276, #5350, #4178, #7905, #6859, #6586, #2565, #3785, #1333, #534, #8138, #7854, #4910, #542, #5287 ) ) ;
#4722 = CARTESIAN_POINT ( 'NONE',  ( 8.400000000000000355, -0.5000000000000004441, -2.500000000000000000 ) ) ;
#4723 = VECTOR ( 'NONE', #4987, 1000.000000000000000 ) ;
#4724 =( GEOMETRIC_REPRESENTATION_CONTEXT ( 3 ) GLOBAL_UNCERTAINTY_ASSIGNED_CONTEXT ( ( #333 ) ) GLOBAL_UNIT_ASSIGNED_CONTEXT ( ( #6792, #2765, #4337 ) ) REPRESENTATION_CONTEXT ( 'NONE', 'WORKASPACE' ) );
#4725 = DIRECTION ( 'NONE',  ( 0.000000000000000000, -1.000000000000000000, 3.576749435003730024E-16 ) ) ;
#4726 = EDGE_CURVE ( 'NONE', #7849, #9520, #594, .T. ) ;
#4727 = DIRECTION ( 'NONE',  ( 0.000000000000000000, -1.000000000000000000, -0.000000000000000000 ) ) ;
#4728 = EDGE_CURVE ( 'NONE', #3359, #4473, #5383, .T. ) ;
#4729 = DIRECTION ( 'NONE',  ( 0.000000000000000000, 0.000000000000000000, -1.000000000000000000 ) ) ;
#4730 = FILL_AREA_STYLE_COLOUR ( '', #10480 ) ;
#4731 = VECTOR ( 'NONE', #4790, 1000.000000000000000 ) ;
#4732 = LINE ( 'NONE', #3709, #1219 ) ;
#4733 = SURFACE_STYLE_USAGE ( .BOTH. , #2898 ) ;
#4734 = VECTOR ( 'NONE', #3771, 1000.000000000000000 ) ;
#4735 = ORIENTED_EDGE ( 'NONE', *, *, #6871, .T. ) ;
#4736 = ORIENTED_EDGE ( 'NONE', *, *, #1549, .T. ) ;
#4737 = CARTESIAN_POINT ( 'NONE',  ( -10.32091455230719923, 3.000000000000000000, 10.64710831150049941 ) ) ;
#4738 = VERTEX_POINT ( 'NONE', #3113 ) ;
#4739 = CARTESIAN_POINT ( 'NONE',  ( 0.000000000000000000, -6.450000000000000178, 0.000000000000000000 ) ) ;
#4740 = ORIENTED_EDGE ( 'NONE', *, *, #8412, .T. ) ;
#4741 = EDGE_CURVE ( 'NONE', #5511, #5825, #9740, .T. ) ;
#4742 = AXIS2_PLACEMENT_3D ( 'NONE', #9902, #2409, #7458 ) ;
#4743 = VECTOR ( 'NONE', #6756, 1000.000000000000114 ) ;
#4744 = EDGE_CURVE ( 'NONE', #5386, #10145, #4566, .T. ) ;
#4745 = CARTESIAN_POINT ( 'NONE',  ( 1.925000000000000044, -4.775000000000000355, 1.399999999999998579 ) ) ;
#4746 = ORIENTED_EDGE ( 'NONE', *, *, #3449, .F. ) ;
#4747 = MANIFOLD_SOLID_BREP ( 'contact pins', #7814 ) ;
#4748 = CARTESIAN_POINT ( 'NONE',  ( -8.000000000000000000, -3.975000000000000089, 15.00000000000000000 ) ) ;
#4749 = ORIENTED_EDGE ( 'NONE', *, *, #5907, .F. ) ;
#4750 = CARTESIAN_POINT ( 'NONE',  ( 8.074999999999999289, -3.975000000000000089, 0.000000000000000000 ) ) ;
#4751 = PRESENTATION_LAYER_ASSIGNMENT (  '', '', ( #9448 ) ) ;
#4752 = VERTEX_POINT ( 'NONE', #7194 ) ;
#4753 = CARTESIAN_POINT ( 'NONE',  ( -8.000000000000000000, 0.4999999999999997780, 7.700000000000000178 ) ) ;
#4754 = ORIENTED_EDGE ( 'NONE', *, *, #10349, .T. ) ;
#4755 = ORIENTED_EDGE ( 'NONE', *, *, #954, .F. ) ;
#4756 = EDGE_CURVE ( 'NONE', #3186, #1152, #2077, .T. ) ;
#4757 = VECTOR ( 'NONE', #10430, 1000.000000000000000 ) ;
#4758 = EDGE_CURVE ( 'NONE', #6802, #1055, #3762, .T. ) ;
#4759 = EDGE_CURVE ( 'NONE', #10037, #2046, #520, .T. ) ;
#4760 = LINE ( 'NONE', #8358, #6298 ) ;
#4761 = EDGE_LOOP ( 'NONE', ( #456, #9634, #9664, #5784, #7029, #811, #6559, #2251 ) ) ;
#4762 = DIRECTION ( 'NONE',  ( -1.000000000000000000, 1.762930361765040079E-17, 0.000000000000000000 ) ) ;
#4763 = CARTESIAN_POINT ( 'NONE',  ( -0.5000000000000001110, 6.250000000000000000, -2.500000000000000000 ) ) ;
#4764 = CARTESIAN_POINT ( 'NONE',  ( -0.5000000000000000000, 0.000000000000000000, 0.000000000000000000 ) ) ;
#4765 = CARTESIAN_POINT ( 'NONE',  ( 8.000000000000000000, -3.975000000000000089, 31.88557667661039829 ) ) ;
#4766 = CARTESIAN_POINT ( 'NONE',  ( 0.5000000000000001110, 0.5000000000000001110, -3.499999999999999556 ) ) ;
#4767 = VECTOR ( 'NONE', #4071, 1000.000000000000000 ) ;
#4768 = ORIENTED_EDGE ( 'NONE', *, *, #3944, .F. ) ;
#4769 = DIRECTION ( 'NONE',  ( 0.000000000000000000, -1.000000000000000000, 3.576749435003730024E-16 ) ) ;
#4770 = EDGE_CURVE ( 'NONE', #8462, #6192, #6372, .T. ) ;
#4771 = PLANE ( 'NONE',  #4862 ) ;
#4772 = AXIS2_PLACEMENT_3D ( 'NONE', #4226, #1737, #5038 ) ;
#4773 = CARTESIAN_POINT ( 'NONE',  ( -1.699999999999999956, -6.349999999999999645, 10.50000000000000000 ) ) ;
#4774 = VERTEX_POINT ( 'NONE', #2136 ) ;
#4775 = PLANE ( 'NONE',  #3344 ) ;
#4776 = B_SPLINE_CURVE_WITH_KNOTS ( 'NONE', 3,
 ( #298, #4507, #8774, #2072, #10391, #1910, #9578, #10285, #1967, #3758, #5274, #8613, #7076, #1321, #7129, #7956, #6035, #3806, #2944, #6912, #5324, #5377, #1161, #10447, #5217, #8558 ),
 .UNSPECIFIED., .F., .F.,
 ( 4, 1, 1, 1, 1, 1, 1, 1, 1, 1, 1, 1, 1, 1, 1, 1, 1, 1, 1, 1, 1, 1, 1, 4 ),
 ( 0.5000000000000000000, 0.5000585750207729996, 0.5623734117559729961, 0.5779963280712320239, 0.5858687298274050104, 0.5937262946452870338, 0.6248894318182219854, 0.6561725596496760238, 0.6639725749058870141, 0.6717995934044950213, 0.6875227470511819927, 0.7187011561936550441, 0.7344234718918940530, 0.7500603671366520286, 0.7822721542520839622, 0.8125395336420110359, 0.8438266273611589874, 0.8594049346587669946, 0.8683635183773680266, 0.8751170782257440273, 0.9056745704523500029, 0.9375489834263369682, 0.9674545458127840059, 1.000000000000000000 ),
 .UNSPECIFIED. ) ;
#4777 = CARTESIAN_POINT ( 'NONE',  ( -10.05037900976999943, 3.000000000000000000, 10.50735166954630095 ) ) ;
#4778 = DIRECTION ( 'NONE',  ( -1.000000000000000000, -0.000000000000000000, 0.000000000000000000 ) ) ;
#4779 = EDGE_LOOP ( 'NONE', ( #9076, #3055, #3226, #5534 ) ) ;
#4780 = DIRECTION ( 'NONE',  ( 0.000000000000000000, -0.1081912008832670441, -0.9941301041872921962 ) ) ;
#4781 = LINE ( 'NONE', #7185, #6202 ) ;
#4782 = VECTOR ( 'NONE', #1233, 1000.000000000000000 ) ;
#4783 = EDGE_CURVE ( 'NONE', #5978, #7430, #5445, .T. ) ;
#4784 = ADVANCED_FACE ( 'NONE', ( #9690 ), #10453, .T. ) ;
#4785 = LINE ( 'NONE', #7288, #4335 ) ;
#4786 = DIRECTION ( 'NONE',  ( 0.000000000000000000, 0.000000000000000000, -1.000000000000000000 ) ) ;
#4787 = CARTESIAN_POINT ( 'NONE',  ( 0.000000000000000000, -6.450000000000000178, 0.000000000000000000 ) ) ;
#4788 = VECTOR ( 'NONE', #7353, 1000.000000000000000 ) ;
#4789 = DIRECTION ( 'NONE',  ( -1.000000000000000000, -0.000000000000000000, -0.000000000000000000 ) ) ;
#4790 = DIRECTION ( 'NONE',  ( 0.000000000000000000, 0.1394778421021804771, 0.9902251923489521213 ) ) ;
#4791 = ORIENTED_EDGE ( 'NONE', *, *, #677, .T. ) ;
#4792 = ORIENTED_EDGE ( 'NONE', *, *, #7357, .F. ) ;
#4793 = LINE ( 'NONE', #10565, #5302 ) ;
#4794 = EDGE_LOOP ( 'NONE', ( #3131, #6652, #4295, #2499 ) ) ;
#4795 = DIRECTION ( 'NONE',  ( 0.000000000000000000, -1.000000000000000000, -0.000000000000000000 ) ) ;
#4796 = EDGE_CURVE ( 'NONE', #1710, #10544, #4049, .T. ) ;
#4797 = ORIENTED_EDGE ( 'NONE', *, *, #544, .T. ) ;
#4798 = VECTOR ( 'NONE', #2698, 1000.000000000000114 ) ;
#4799 = ORIENTED_EDGE ( 'NONE', *, *, #7243, .T. ) ;
#4800 = FILL_AREA_STYLE_COLOUR ( '', #7635 ) ;
#4801 = VERTEX_POINT ( 'NONE', #3218 ) ;
#4802 = CARTESIAN_POINT ( 'NONE',  ( -0.5000000000000000000, -0.5000000000000000000, -3.500000000000000000 ) ) ;
#4803 = EDGE_LOOP ( 'NONE', ( #4949, #8429, #7305, #5127 ) ) ;
#4804 = LINE ( 'NONE', #8134, #5300 ) ;
#4805 = EDGE_LOOP ( 'NONE', ( #9601, #2974, #852, #8019 ) ) ;
#4806 = DIRECTION ( 'NONE',  ( 0.000000000000000000, -1.000000000000000000, 3.776434533376479869E-16 ) ) ;
#4807 = ADVANCED_FACE ( 'NONE', ( #4136 ), #5710, .T. ) ;
#4808 = ORIENTED_EDGE ( 'NONE', *, *, #7066, .T. ) ;
#4809 = DIRECTION ( 'NONE',  ( 0.000000000000000000, 0.000000000000000000, -1.000000000000000000 ) ) ;
#4810 = ORIENTED_EDGE ( 'NONE', *, *, #4741, .F. ) ;
#4811 = DIRECTION ( 'NONE',  ( 0.000000000000000000, 0.000000000000000000, -1.000000000000000000 ) ) ;
#4812 = EDGE_CURVE ( 'NONE', #9500, #1383, #2460, .T. ) ;
#4813 = VECTOR ( 'NONE', #3301, 1000.000000000000000 ) ;
#4814 = CARTESIAN_POINT ( 'NONE',  ( -0.03875626695753875417, 4.884477389243572887, 4.553555864896624783 ) ) ;
#4815 = CYLINDRICAL_SURFACE ( 'NONE', #3161, 5.000000000000000000 ) ;
#4816 = CARTESIAN_POINT ( 'NONE',  ( 1.700000000000000178, -6.450000000000000178, 10.50000000000000000 ) ) ;
#4817 = CARTESIAN_POINT ( 'NONE',  ( 0.000000000000000000, 0.000000000000000000, -7.024777700366560573 ) ) ;
#4818 = ORIENTED_EDGE ( 'NONE', *, *, #5147, .T. ) ;
#4819 = ADVANCED_FACE ( 'NONE', ( #7511 ), #7348, .T. ) ;
#4820 = CARTESIAN_POINT ( 'NONE',  ( -8.000000000000000000, -0.5000000000000033307, 1.400000000000000133 ) ) ;
#4821 = PLANE ( 'NONE',  #6957 ) ;
#4822 = AXIS2_PLACEMENT_3D ( 'NONE', #5327, #8720, #516 ) ;
#4823 = CARTESIAN_POINT ( 'NONE',  ( -2.375000000000000000, 0.8000000000000000444, -9.599777700366560751 ) ) ;
#4824 = ORIENTED_EDGE ( 'NONE', *, *, #1965, .F. ) ;
#4825 = CARTESIAN_POINT ( 'NONE',  ( -10.19772880358570077, 3.000000000000000000, 10.50735166954630095 ) ) ;
#4826 = EDGE_CURVE ( 'NONE', #9757, #5447, #679, .T. ) ;
#4827 = CARTESIAN_POINT ( 'NONE',  ( 0.7249999999999996447, -3.199511259617447756, -4.073532465804424518 ) ) ;
#4828 = DIRECTION ( 'NONE',  ( 2.168404344971010347E-16, -0.000000000000000000, 1.000000000000000000 ) ) ;
#4829 = CARTESIAN_POINT ( 'NONE',  ( -1.039675543158774973, 4.009012429891810392, 4.446623606917816218 ) ) ;
#4830 = ORIENTED_EDGE ( 'NONE', *, *, #3486, .T. ) ;
#4831 = DIRECTION ( 'NONE',  ( -0.000000000000000000, 1.000000000000000000, 0.000000000000000000 ) ) ;
#4832 = DIRECTION ( 'NONE',  ( 0.000000000000000000, -1.000000000000000000, -0.000000000000000000 ) ) ;
#4833 = LINE ( 'NONE', #625, #5372 ) ;
#4834 = DIRECTION ( 'NONE',  ( 1.000000000000000000, 0.000000000000000000, 0.000000000000000000 ) ) ;
#4835 = AXIS2_PLACEMENT_3D ( 'NONE', #8545, #6851, #4287 ) ;
#4836 = CARTESIAN_POINT ( 'NONE',  ( 5.599999999999999645, 3.000000000000000000, 9.000000000000001776 ) ) ;
#4837 = CARTESIAN_POINT ( 'NONE',  ( -5.650000000000000355, 0.5000000000000000000, 10.30000000000000071 ) ) ;
#4838 = ADVANCED_FACE ( 'NONE', ( #5656 ), #10014, .T. ) ;
#4839 = CARTESIAN_POINT ( 'NONE',  ( 0.000000000000000000, -6.349999999999999645, 11.00000000000000000 ) ) ;
#4840 = EDGE_CURVE ( 'NONE', #7653, #8627, #8992, .T. ) ;
#4841 = EDGE_LOOP ( 'NONE', ( #9343, #6163, #9692, #3168 ) ) ;
#4842 = ORIENTED_EDGE ( 'NONE', *, *, #8368, .T. ) ;
#4843 = DIRECTION ( 'NONE',  ( 0.3294216623000917887, 0.000000000000000000, 0.9441829104614445356 ) ) ;
#4844 = ORIENTED_EDGE ( 'NONE', *, *, #10258, .T. ) ;
#4845 = DIRECTION ( 'NONE',  ( 0.000000000000000000, 0.000000000000000000, 1.000000000000000000 ) ) ;
#4846 = AXIS2_PLACEMENT_3D ( 'NONE', #5585, #2445, #8267 ) ;
#4847 = ORIENTED_EDGE ( 'NONE', *, *, #9288, .T. ) ;
#4848 = ORIENTED_EDGE ( 'NONE', *, *, #2536, .F. ) ;
#4849 = VECTOR ( 'NONE', #10346, 1000.000000000000000 ) ;
#4850 = FACE_BOUND ( 'NONE', #1906, .T. ) ;
#4851 = ORIENTED_EDGE ( 'NONE', *, *, #3675, .T. ) ;
#4852 = CARTESIAN_POINT ( 'NONE',  ( -1.171528503088251627, 3.456698103306377057, 4.418677238006258001 ) ) ;
#4853 = EDGE_LOOP ( 'NONE', ( #2211, #10375, #4531, #1222 ) ) ;
#4854 = DIRECTION ( 'NONE',  ( 0.000000000000000000, 1.000000000000000000, -0.000000000000000000 ) ) ;
#4855 = ORIENTED_EDGE ( 'NONE', *, *, #9995, .T. ) ;
#4856 = PRESENTATION_STYLE_ASSIGNMENT (( #1551 ) ) ;
#4857 = VECTOR ( 'NONE', #3330, 1000.000000000000000 ) ;
#4858 = ORIENTED_EDGE ( 'NONE', *, *, #2168, .F. ) ;
#4859 =( GEOMETRIC_REPRESENTATION_CONTEXT ( 3 ) GLOBAL_UNCERTAINTY_ASSIGNED_CONTEXT ( ( #9456 ) ) GLOBAL_UNIT_ASSIGNED_CONTEXT ( ( #2721, #6955, #6137 ) ) REPRESENTATION_CONTEXT ( 'NONE', 'WORKASPACE' ) );
#4860 = PLANE ( 'NONE',  #3009 ) ;
#4861 = ADVANCED_FACE ( 'NONE', ( #22 ), #734, .T. ) ;
#4862 = AXIS2_PLACEMENT_3D ( 'NONE', #9671, #10546, #4710 ) ;
#4863 = ORIENTED_EDGE ( 'NONE', *, *, #2865, .F. ) ;
#4864 = DIRECTION ( 'NONE',  ( -1.000000000000000000, -0.000000000000000000, -0.000000000000000000 ) ) ;
#4865 = ORIENTED_EDGE ( 'NONE', *, *, #10101, .F. ) ;
#4866 = DIRECTION ( 'NONE',  ( 0.000000000000000000, 1.000000000000000000, 0.000000000000000000 ) ) ;
#4867 = CARTESIAN_POINT ( 'NONE',  ( -10.05037900977001719, -3.000000000000000000, 11.42251280115220702 ) ) ;
#4868 = LINE ( 'NONE', #6452, #9521 ) ;
#4869 = VERTEX_POINT ( 'NONE', #896 ) ;
#4870 = CARTESIAN_POINT ( 'NONE',  ( -10.05037900976999943, 3.000000000000000000, 11.81413169024230037 ) ) ;
#4871 = LINE ( 'NONE', #1729, #1924 ) ;
#4872 = EDGE_CURVE ( 'NONE', #6867, #95, #9044, .T. ) ;
#4873 = EDGE_CURVE ( 'NONE', #251, #6962, #10649, .T. ) ;
#4874 = FACE_OUTER_BOUND ( 'NONE', #8084, .T. ) ;
#4875 = VERTEX_POINT ( 'NONE', #841 ) ;
#4876 = DIRECTION ( 'NONE',  ( -0.7071067811865480168, 0.000000000000000000, 0.7071067811865470176 ) ) ;
#4877 = LINE ( 'NONE', #1628, #10327 ) ;
#4878 = DIRECTION ( 'NONE',  ( 0.000000000000000000, -1.000000000000000000, 3.576749435003730024E-16 ) ) ;
#4879 = VECTOR ( 'NONE', #1136, 1000.000000000000114 ) ;
#4880 = CARTESIAN_POINT ( 'NONE',  ( -0.1824162844870073630, 4.485089234937142066, 4.501885893605042099 ) ) ;
#4881 = ORIENTED_EDGE ( 'NONE', *, *, #8962, .F. ) ;
#4882 = CARTESIAN_POINT ( 'NONE',  ( 4.000000000000000000, 8.985357054628929168E-16, 41.22500000000000142 ) ) ;
#4883 = LINE ( 'NONE', #4077, #1471 ) ;
#4884 = FACE_OUTER_BOUND ( 'NONE', #4380, .T. ) ;
#4885 = EDGE_CURVE ( 'NONE', #9841, #2859, #4948, .T. ) ;
#4886 = VECTOR ( 'NONE', #9441, 1000.000000000000000 ) ;
#4887 = PLANE ( 'NONE',  #2129 ) ;
#4888 = EDGE_CURVE ( 'NONE', #4471, #3359, #6638, .T. ) ;
#4889 = DIRECTION ( 'NONE',  ( 0.000000000000000000, 0.000000000000000000, 1.000000000000000000 ) ) ;
#4890 = CARTESIAN_POINT ( 'NONE',  ( 9.400000000000000355, -31.38557667661039829, -3.500000000000000000 ) ) ;
#4891 = LINE ( 'NONE', #6477, #1897 ) ;
#4892 = DIRECTION ( 'NONE',  ( 0.000000000000000000, 0.000000000000000000, 1.000000000000000000 ) ) ;
#4893 = EDGE_LOOP ( 'NONE', ( #6263, #7416, #1626, #2736 ) ) ;
#4894 = CIRCLE ( 'NONE', #9112, 1.399999999999999911 ) ;
#4895 = ORIENTED_EDGE ( 'NONE', *, *, #5531, .T. ) ;
#4896 = CARTESIAN_POINT ( 'NONE',  ( -6.400000000000000355, -0.5000000000000008882, 1.399999999999999689 ) ) ;
#4897 = VECTOR ( 'NONE', #1212, 1000.000000000000000 ) ;
#4898 = ORIENTED_EDGE ( 'NONE', *, *, #1224, .T. ) ;
#4899 = DIRECTION ( 'NONE',  ( 0.000000000000000000, -1.000000000000000000, -0.000000000000000000 ) ) ;
#4900 = ORIENTED_EDGE ( 'NONE', *, *, #3558, .F. ) ;
#4901 = EDGE_CURVE ( 'NONE', #1751, #9650, #129, .T. ) ;
#4902 = EDGE_CURVE ( 'NONE', #9599, #2966, #9465, .T. ) ;
#4903 = CIRCLE ( 'NONE', #10119, 0.9500000000000000666 ) ;
#4904 = VECTOR ( 'NONE', #2824, 1000.000000000000000 ) ;
#4905 = LINE ( 'NONE', #8240, #8231 ) ;
#4906 = VERTEX_POINT ( 'NONE', #2722 ) ;
#4907 = PLANE ( 'NONE',  #350 ) ;
#4908 = ORIENTED_EDGE ( 'NONE', *, *, #2755, .F. ) ;
#4909 = CARTESIAN_POINT ( 'NONE',  ( 0.04639013526397559734, 2.515338343023869161, 4.264508103311238862 ) ) ;
#4910 = ORIENTED_EDGE ( 'NONE', *, *, #8568, .T. ) ;
#4911 = CARTESIAN_POINT ( 'NONE',  ( -6.400000000000000355, 3.975000000000000089, 1.899999999999999911 ) ) ;
#4912 = VERTEX_POINT ( 'NONE', #3431 ) ;
#4913 = LINE ( 'NONE', #6714, #2547 ) ;
#4914 = VECTOR ( 'NONE', #302, 1000.000000000000000 ) ;
#4915 = VERTEX_POINT ( 'NONE', #6744 ) ;
#4916 = EDGE_CURVE ( 'NONE', #4738, #1340, #6855, .T. ) ;
#4917 = VECTOR ( 'NONE', #8375, 1000.000000000000000 ) ;
#4918 = VECTOR ( 'NONE', #449, 1000.000000000000000 ) ;
#4919 = ORIENTED_EDGE ( 'NONE', *, *, #2104, .T. ) ;
#4920 = DIRECTION ( 'NONE',  ( 0.000000000000000000, 1.000000000000000000, 0.000000000000000000 ) ) ;
#4921 = ORIENTED_EDGE ( 'NONE', *, *, #8542, .T. ) ;
#4922 = LINE ( 'NONE', #9283, #3221 ) ;
#4923 = PLANE ( 'NONE',  #919 ) ;
#4924 =( LENGTH_UNIT ( ) NAMED_UNIT ( * ) SI_UNIT ( .MILLI., .METRE. ) );
#4925 = ORIENTED_EDGE ( 'NONE', *, *, #10501, .T. ) ;
#4926 = ORIENTED_EDGE ( 'NONE', *, *, #6020, .F. ) ;
#4927 = DIRECTION ( 'NONE',  ( 1.000000000000000000, -0.000000000000000000, 0.000000000000000000 ) ) ;
#4928 = AXIS2_PLACEMENT_3D ( 'NONE', #1463, #10376, #4769 ) ;
#4929 = CARTESIAN_POINT ( 'NONE',  ( -0.5749999999999999556, -5.349999999999999645, 2.500000000000000000 ) ) ;
#4930 = LINE ( 'NONE', #1414, #4659 ) ;
#4931 = VERTEX_POINT ( 'NONE', #6956 ) ;
#4932 = LINE ( 'NONE', #5751, #5245 ) ;
#4933 = AXIS2_PLACEMENT_3D ( 'NONE', #7308, #3077, #7920 ) ;
#4934 = APPLICATION_PROTOCOL_DEFINITION ( 'draft international standard', 'automotive_design', 1998, #8305 ) ;
#4935 = DIRECTION ( 'NONE',  ( -0.000000000000000000, 3.654614064557880066E-17, -1.000000000000000000 ) ) ;
#4936 = CARTESIAN_POINT ( 'NONE',  ( 9.500000000000000000, -6.349999999999999645, 5.000000000000000888 ) ) ;
#4937 = LINE ( 'NONE', #9949, #2105 ) ;
#4938 = ADVANCED_FACE ( 'NONE', ( #4290 ), #2614, .T. ) ;
#4939 = ORIENTED_EDGE ( 'NONE', *, *, #5097, .T. ) ;
#4940 = LINE ( 'NONE', #726, #9794 ) ;
#4941 = ADVANCED_FACE ( 'NONE', ( #951 ), #7621, .F. ) ;
#4942 = CARTESIAN_POINT ( 'NONE',  ( 9.399999999999998579, -0.5000000000000000000, 10.30000000000000071 ) ) ;
#4943 = AXIS2_PLACEMENT_3D ( 'NONE', #8419, #2641, #103 ) ;
#4944 = CARTESIAN_POINT ( 'NONE',  ( -5.150000000000000355, 0.000000000000000000, -0.3499999999999999778 ) ) ;
#4945 = DIRECTION ( 'NONE',  ( -0.000000000000000000, 0.000000000000000000, -1.000000000000000000 ) ) ;
#4946 = DIRECTION ( 'NONE',  ( -2.168404344971010347E-16, -0.000000000000000000, 1.000000000000000000 ) ) ;
#4947 = CARTESIAN_POINT ( 'NONE',  ( -5.450000000000000178, 0.000000000000000000, -0.3499999999999999778 ) ) ;
#4948 = LINE ( 'NONE', #3324, #5949 ) ;
#4949 = ORIENTED_EDGE ( 'NONE', *, *, #6774, .F. ) ;
#4950 = EDGE_CURVE ( 'NONE', #3591, #2859, #179, .T. ) ;
#4951 = VECTOR ( 'NONE', #8300, 1000.000000000000000 ) ;
#4952 = ORIENTED_EDGE ( 'NONE', *, *, #5376, .F. ) ;
#4953 = DIRECTION ( 'NONE',  ( 0.000000000000000000, 3.375077994860475883E-14, -1.000000000000000000 ) ) ;
#4954 = ORIENTED_EDGE ( 'NONE', *, *, #8090, .F. ) ;
#4955 = APPLICATION_CONTEXT ( 'automotive_design' ) ;
#4956 = EDGE_CURVE ( 'NONE', #8724, #8413, #10172, .T. ) ;
#4957 = EDGE_CURVE ( 'NONE', #4514, #7943, #1856, .T. ) ;
#4958 = ORIENTED_EDGE ( 'NONE', *, *, #2663, .T. ) ;
#4959 = AXIS2_PLACEMENT_3D ( 'NONE', #10281, #5925, #8502 ) ;
#4960 = ORIENTED_EDGE ( 'NONE', *, *, #3041, .F. ) ;
#4961 = CARTESIAN_POINT ( 'NONE',  ( 0.000000000000000000, 0.000000000000000000, -0.9499999999999999556 ) ) ;
#4962 = ORIENTED_EDGE ( 'NONE', *, *, #3390, .T. ) ;
#4963 = CARTESIAN_POINT ( 'NONE',  ( -1.142840642132321616, 3.241654949849557266, 4.401145774081047790 ) ) ;
#4964 = EDGE_CURVE ( 'NONE', #803, #10066, #5158, .T. ) ;
#4965 = ORIENTED_EDGE ( 'NONE', *, *, #10740, .T. ) ;
#4966 = CARTESIAN_POINT ( 'NONE',  ( 1.000000000000000000, 6.450000000000000178, 10.50000000000000000 ) ) ;
#4967 = DIRECTION ( 'NONE',  ( -0.3294216623000930655, 0.000000000000000000, 0.9441829104614440915 ) ) ;
#4968 = ORIENTED_EDGE ( 'NONE', *, *, #1382, .F. ) ;
#4969 = CARTESIAN_POINT ( 'NONE',  ( -0.03875628892772198936, 4.884532576696193118, 4.552878892672807432 ) ) ;
#4970 = AXIS2_PLACEMENT_3D ( 'NONE', #6778, #4321, #10044 ) ;
#4971 = ORIENTED_EDGE ( 'NONE', *, *, #2889, .T. ) ;
#4972 = LINE ( 'NONE', #7593, #418 ) ;
#4973 = EDGE_LOOP ( 'NONE', ( #5072, #9886, #1024, #4908 ) ) ;
#4974 = CARTESIAN_POINT ( 'NONE',  ( 0.5309635522440947497, 4.417006816907689704, 4.493620864235907675 ) ) ;
#4975 = ADVANCED_FACE ( 'NONE', ( #1805 ), #290, .T. ) ;
#4976 = ORIENTED_EDGE ( 'NONE', *, *, #6078, .F. ) ;
#4977 = LINE ( 'NONE', #155, #2176 ) ;
#4978 = CARTESIAN_POINT ( 'NONE',  ( -10.19772880358570077, 3.000000000000000000, 9.925437956591640187 ) ) ;
#4979 = ADVANCED_FACE ( 'NONE', ( #2772, #2010 ), #7570, .F. ) ;
#4980 = DIRECTION ( 'NONE',  ( -1.000000000000000000, 0.000000000000000000, 0.000000000000000000 ) ) ;
#4981 = LINE ( 'NONE', #8259, #3499 ) ;
#4982 = ORIENTED_EDGE ( 'NONE', *, *, #2569, .F. ) ;
#4983 = DIRECTION ( 'NONE',  ( 1.000000000000000000, 0.000000000000000000, -0.000000000000000000 ) ) ;
#4984 = LINE ( 'NONE', #8318, #6255 ) ;
#4985 = DIRECTION ( 'NONE',  ( 0.000000000000000000, 0.000000000000000000, -1.000000000000000000 ) ) ;
#4986 = ORIENTED_EDGE ( 'NONE', *, *, #1838, .F. ) ;
#4987 = DIRECTION ( 'NONE',  ( -1.000000000000000000, 0.000000000000000000, -0.000000000000000000 ) ) ;
#4988 = ITEM_DEFINED_TRANSFORMATION ( 'NONE', 'NONE', #1226,  #8177 ) ;
#4989 = CARTESIAN_POINT ( 'NONE',  ( 8.572527594031471957E-17, 13.03284903301680053, -8.424777700366560040 ) ) ;
#4990 = LINE ( 'NONE', #7283, #1285 ) ;
#4991 = DIRECTION ( 'NONE',  ( 1.000000000000000000, -0.000000000000000000, -0.000000000000000000 ) ) ;
#4992 = ORIENTED_EDGE ( 'NONE', *, *, #343, .T. ) ;
#4993 = DIRECTION ( 'NONE',  ( -0.000000000000000000, -1.000000000000000000, -0.000000000000000000 ) ) ;
#4994 = VECTOR ( 'NONE', #1319, 1000.000000000000000 ) ;
#4995 = DIRECTION ( 'NONE',  ( -0.000000000000000000, 3.776434533376479869E-16, 1.000000000000000000 ) ) ;
#4996 = CARTESIAN_POINT ( 'NONE',  ( -6.400000000000000355, -0.5000000000000000000, -0.9499999999999995115 ) ) ;
#4997 = CARTESIAN_POINT ( 'NONE',  ( 5.599999999999999645, 3.000000000000000000, 9.000000000000001776 ) ) ;
#4998 = SURFACE_STYLE_USAGE ( .BOTH. , #5764 ) ;
#4999 = PLANE ( 'NONE',  #7813 ) ;
#5000 = EDGE_CURVE ( 'NONE', #3840, #4089, #10117, .T. ) ;
#5001 = VERTEX_POINT ( 'NONE', #8499 ) ;
#5002 = ORIENTED_EDGE ( 'NONE', *, *, #6535, .T. ) ;
#5003 = FACE_OUTER_BOUND ( 'NONE', #7540, .T. ) ;
#5004 = EDGE_LOOP ( 'NONE', ( #2272, #5950, #1371, #3977, #4315, #3522, #7861, #5996 ) ) ;
#5005 = CARTESIAN_POINT ( 'NONE',  ( -1.000000000000000000, 6.450000000000000178, 13.00000000000000178 ) ) ;
#5006 = AXIS2_PLACEMENT_3D ( 'NONE', #947, #7669, #1952 ) ;
#5007 = EDGE_CURVE ( 'NONE', #7642, #5453, #1904, .T. ) ;
#5008 = CARTESIAN_POINT ( 'NONE',  ( 4.649999999999999467, -7.529940238806680064, -1.350000000000000089 ) ) ;
#5009 = EDGE_LOOP ( 'NONE', ( #3817, #3433, #7088, #9730 ) ) ;
#5010 = EDGE_CURVE ( 'NONE', #2670, #4435, #600, .T. ) ;
#5011 = VERTEX_POINT ( 'NONE', #4394 ) ;
#5012 = CARTESIAN_POINT ( 'NONE',  ( -0.3883353522913129963, 2.551634849200699051, 4.267481139194709172 ) ) ;
#5013 = AXIS2_PLACEMENT_3D ( 'NONE', #4470, #5341, #1130 ) ;
#5014 = ORIENTED_EDGE ( 'NONE', *, *, #8985, .F. ) ;
#5015 = PLANE ( 'NONE',  #1768 ) ;
#5016 = SURFACE_STYLE_USAGE ( .BOTH. , #2632 ) ;
#5017 = VERTEX_POINT ( 'NONE', #7729 ) ;
#5018 = FACE_OUTER_BOUND ( 'NONE', #6387, .T. ) ;
#5019 = EDGE_LOOP ( 'NONE', ( #794, #4740, #4000, #4755 ) ) ;
#5020 = EDGE_CURVE ( 'NONE', #1420, #4931, #3586, .T. ) ;
#5021 = AXIS2_PLACEMENT_3D ( 'NONE', #5329, #6094, #4251 ) ;
#5022 = FACE_BOUND ( 'NONE', #8680, .T. ) ;
#5023 = ORIENTED_EDGE ( 'NONE', *, *, #2628, .F. ) ;
#5024 = CARTESIAN_POINT ( 'NONE',  ( 0.2524523702404716796, 4.480957728953079311, 4.501367550755682956 ) ) ;
#5025 = ORIENTED_EDGE ( 'NONE', *, *, #3424, .F. ) ;
#5026 = CARTESIAN_POINT ( 'NONE',  ( -5.150000000000000355, 6.429304672761169570, 4.385836643711150451 ) ) ;
#5027 = CARTESIAN_POINT ( 'NONE',  ( -9.500000000000000000, 3.000000000000000000, 13.00000000000000178 ) ) ;
#5028 = CARTESIAN_POINT ( 'NONE',  ( -8.050000000000000711, 6.450000000000000178, 10.50000000000000000 ) ) ;
#5029 = CARTESIAN_POINT ( 'NONE',  ( 0.000000000000000000, 0.5000000000000000000, -0.9499999999999999556 ) ) ;
#5030 = ORIENTED_EDGE ( 'NONE', *, *, #5390, .F. ) ;
#5031 = LINE ( 'NONE', #770, #7482 ) ;
#5032 = EDGE_CURVE ( 'NONE', #5333, #9764, #4448, .T. ) ;
#5033 = EDGE_CURVE ( 'NONE', #8311, #491, #7832, .T. ) ;
#5034 = AXIS2_PLACEMENT_3D ( 'NONE', #3594, #8717, #7784 ) ;
#5035 = CARTESIAN_POINT ( 'NONE',  ( -3.449999999999999734, -1.199999999999999956, 1.399999999999999689 ) ) ;
#5036 = ORIENTED_EDGE ( 'NONE', *, *, #2592, .T. ) ;
#5037 = DIRECTION ( 'NONE',  ( 1.000000000000000000, -0.000000000000000000, -0.000000000000000000 ) ) ;
#5038 = DIRECTION ( 'NONE',  ( 0.000000000000000000, 0.000000000000000000, 1.000000000000000000 ) ) ;
#5039 = LINE ( 'NONE', #10207, #4917 ) ;
#5040 = DIRECTION ( 'NONE',  ( 0.000000000000000000, 0.000000000000000000, 1.000000000000000000 ) ) ;
#5041 = ORIENTED_EDGE ( 'NONE', *, *, #1117, .F. ) ;
#5042 = VECTOR ( 'NONE', #2546, 1000.000000000000000 ) ;
#5043 = CARTESIAN_POINT ( 'NONE',  ( -7.500000000000000000, 2.200000000000000178, -0.9499999999999999556 ) ) ;
#5044 = DIRECTION ( 'NONE',  ( -0.000000000000000000, 0.000000000000000000, 1.000000000000000000 ) ) ;
#5045 = FACE_BOUND ( 'NONE', #9482, .T. ) ;
#5046 = AXIS2_PLACEMENT_3D ( 'NONE', #7421, #9918, #807 ) ;
#5047 = LINE ( 'NONE', #9406, #1885 ) ;
#5048 = DIRECTION ( 'NONE',  ( 0.000000000000000000, 0.000000000000000000, 1.000000000000000000 ) ) ;
#5049 = CARTESIAN_POINT ( 'NONE',  ( 4.000000000000000000, 5.749999999999998224, 3.283227176369311273 ) ) ;
#5050 = CARTESIAN_POINT ( 'NONE',  ( 9.500000000000000000, 6.349999999999999645, 13.00000000000000178 ) ) ;
#5051 = ORIENTED_EDGE ( 'NONE', *, *, #9248, .F. ) ;
#5052 = ORIENTED_EDGE ( 'NONE', *, *, #3369, .T. ) ;
#5053 = LINE ( 'NONE', #795, #474 ) ;
#5054 = ORIENTED_EDGE ( 'NONE', *, *, #2020, .F. ) ;
#5055 = CARTESIAN_POINT ( 'NONE',  ( 4.650000000000000355, -2.815888994540020729, -1.349999999999999867 ) ) ;
#5056 = VECTOR ( 'NONE', #3617, 1000.000000000000114 ) ;
#5057 = DIRECTION ( 'NONE',  ( 0.000000000000000000, 0.000000000000000000, 1.000000000000000000 ) ) ;
#5058 = EDGE_CURVE ( 'NONE', #10670, #1994, #5367, .T. ) ;
#5059 = CARTESIAN_POINT ( 'NONE',  ( 6.400000000000000355, -3.975000000000000089, 1.899999999999999911 ) ) ;
#5060 = LINE ( 'NONE', #8400, #8490 ) ;
#5061 = DIRECTION ( 'NONE',  ( -1.000000000000000000, 0.000000000000000000, 0.000000000000000000 ) ) ;
#5062 = FACE_OUTER_BOUND ( 'NONE', #9449, .T. ) ;
#5063 = VECTOR ( 'NONE', #2861, 1000.000000000000000 ) ;
#5064 = ORIENTED_EDGE ( 'NONE', *, *, #10089, .T. ) ;
#5065 = CARTESIAN_POINT ( 'NONE',  ( -1.110104651680380083, 3.853482128896088987, 4.373632455219548021 ) ) ;
#5066 = VERTEX_POINT ( 'NONE', #7179 ) ;
#5067 = DIRECTION ( 'NONE',  ( 0.000000000000000000, -1.000000000000000000, 3.576749435003730024E-16 ) ) ;
#5068 = CARTESIAN_POINT ( 'NONE',  ( 3.100000000000000533, 1.199999999999999956, 31.88557667661039829 ) ) ;
#5069 = ORIENTED_EDGE ( 'NONE', *, *, #4468, .F. ) ;
#5070 = CARTESIAN_POINT ( 'NONE',  ( 1.023314175583994290, 2.441800901791431500, 4.309622668057851769 ) ) ;
#5071 = ADVANCED_FACE ( 'NONE', ( #7891 ), #451, .T. ) ;
#5072 = ORIENTED_EDGE ( 'NONE', *, *, #2703, .F. ) ;
#5073 = VECTOR ( 'NONE', #10424, 1000.000000000000000 ) ;
#5074 = VECTOR ( 'NONE', #3970, 1000.000000000000000 ) ;
#5075 = EDGE_CURVE ( 'NONE', #3881, #2555, #3705, .T. ) ;
#5076 = DIRECTION ( 'NONE',  ( -0.000000000000000000, 3.776434533376479869E-16, 1.000000000000000000 ) ) ;
#5077 = VERTEX_POINT ( 'NONE', #3799 ) ;
#5078 = VECTOR ( 'NONE', #10562, 1000.000000000000000 ) ;
#5079 = ORIENTED_EDGE ( 'NONE', *, *, #1682, .T. ) ;
#5080 = CARTESIAN_POINT ( 'NONE',  ( -6.900000000000000355, 6.339999999999999858, 10.00000000000000178 ) ) ;
#5081 = CARTESIAN_POINT ( 'NONE',  ( 9.507689976714726043, -3.000000000000000000, 12.97795911615159525 ) ) ;
#5082 = VECTOR ( 'NONE', #7148, 1000.000000000000000 ) ;
#5083 = DIRECTION ( 'NONE',  ( 0.000000000000000000, -0.000000000000000000, -1.000000000000000000 ) ) ;
#5084 = DIRECTION ( 'NONE',  ( 0.000000000000000000, -0.9902251923489522323, 0.1394778421021800330 ) ) ;
#5085 = CARTESIAN_POINT ( 'NONE',  ( -10.32091455230719923, -3.000000000000000000, 10.64710831150049941 ) ) ;
#5086 = EDGE_CURVE ( 'NONE', #2420, #1148, #6245, .T. ) ;
#5087 = VERTEX_POINT ( 'NONE', #6408 ) ;
#5088 = EDGE_CURVE ( 'NONE', #9078, #8803, #9679, .T. ) ;
#5089 = LINE ( 'NONE', #4122, #1412 ) ;
#5090 = VECTOR ( 'NONE', #6029, 1000.000000000000000 ) ;
#5091 = DIRECTION ( 'NONE',  ( -0.000000000000000000, 1.000000000000000000, 0.000000000000000000 ) ) ;
#5092 = ORIENTED_EDGE ( 'NONE', *, *, #5032, .F. ) ;
#5093 = DIRECTION ( 'NONE',  ( 1.000000000000000000, 0.000000000000000000, 0.000000000000000000 ) ) ;
#5094 = DIRECTION ( 'NONE',  ( 0.000000000000000000, 1.000000000000000000, 0.000000000000000000 ) ) ;
#5095 = DIRECTION ( 'NONE',  ( 0.000000000000000000, -0.000000000000000000, -1.000000000000000000 ) ) ;
#5096 = CARTESIAN_POINT ( 'NONE',  ( 1.000000000000001110, 0.000000000000000000, -1.618033988749893792 ) ) ;
#5097 = EDGE_CURVE ( 'NONE', #5731, #6404, #618, .T. ) ;
#5098 = VECTOR ( 'NONE', #4993, 1000.000000000000000 ) ;
#5099 = EDGE_LOOP ( 'NONE', ( #8403, #10516, #10264, #9632 ) ) ;
#5100 = CARTESIAN_POINT ( 'NONE',  ( 0.000000000000000000, 6.450000000000000178, 13.00000000000000178 ) ) ;
#5101 = CARTESIAN_POINT ( 'NONE',  ( 0.000000000000000000, 0.8000000000000000444, -2.199777700366559952 ) ) ;
#5102 = DIRECTION ( 'NONE',  ( -3.234629275167387344E-05, 0.08125146163579798075, -0.9966936334379606910 ) ) ;
#5103 = VECTOR ( 'NONE', #9775, 1000.000000000000000 ) ;
#5104 = CARTESIAN_POINT ( 'NONE',  ( 8.074999999999999289, 4.775000000000000355, 15.00000000000000000 ) ) ;
#5105 = CARTESIAN_POINT ( 'NONE',  ( 1.074999999999987077, 0.000000000000000000, -10.89977770036658811 ) ) ;
#5106 =( NAMED_UNIT ( * ) SI_UNIT ( $, .STERADIAN. ) SOLID_ANGLE_UNIT ( ) );
#5107 = DIRECTION ( 'NONE',  ( 0.000000000000000000, -0.000000000000000000, -1.000000000000000000 ) ) ;
#5108 = ORIENTED_EDGE ( 'NONE', *, *, #3347, .T. ) ;
#5109 = EDGE_CURVE ( 'NONE', #6313, #4253, #10440, .T. ) ;
#5110 = ORIENTED_EDGE ( 'NONE', *, *, #136, .T. ) ;
#5111 = ADVANCED_FACE ( 'NONE', ( #4717 ), #3693, .F. ) ;
#5112 = EDGE_LOOP ( 'NONE', ( #9610, #5272, #6323, #2034 ) ) ;
#5113 = CARTESIAN_POINT ( 'NONE',  ( 10.05037900976999943, 3.000000000000000000, 11.81413169024230037 ) ) ;
#5114 = AXIS2_PLACEMENT_3D ( 'NONE', #8766, #10707, #3260 ) ;
#5115 = ORIENTED_EDGE ( 'NONE', *, *, #644, .T. ) ;
#5116 = CARTESIAN_POINT ( 'NONE',  ( -10.50000000000000000, 0.000000000000000000, 13.00000000000000178 ) ) ;
#5117 = CARTESIAN_POINT ( 'NONE',  ( -8.000000000000000000, 5.349999999999999645, 1.399999999999999911 ) ) ;
#5118 = CARTESIAN_POINT ( 'NONE',  ( 5.150000000000000355, 8.985357054628929168E-16, 41.22500000000000142 ) ) ;
#5119 = VECTOR ( 'NONE', #2708, 1000.000000000000000 ) ;
#5120 = DIRECTION ( 'NONE',  ( 0.000000000000000000, -0.000000000000000000, -1.000000000000000000 ) ) ;
#5121 = VERTEX_POINT ( 'NONE', #3101 ) ;
#5122 = FACE_OUTER_BOUND ( 'NONE', #9051, .T. ) ;
#5123 = EDGE_LOOP ( 'NONE', ( #4696, #4306, #758, #182, #2090, #9928, #9203, #7730, #7744, #6716, #10162, #1275, #1877, #1092 ) ) ;
#5124 = DIRECTION ( 'NONE',  ( -1.000000000000000000, 0.000000000000000000, 0.000000000000000000 ) ) ;
#5125 = VERTEX_POINT ( 'NONE', #2993 ) ;
#5126 = CARTESIAN_POINT ( 'NONE',  ( 0.6931189981985326209, 2.246177658811420841, 4.297247627633089984 ) ) ;
#5127 = ORIENTED_EDGE ( 'NONE', *, *, #7914, .T. ) ;
#5128 = AXIS2_PLACEMENT_3D ( 'NONE', #537, #2267, #2154 ) ;
#5129 = CARTESIAN_POINT ( 'NONE',  ( -5.450000000000000178, 0.000000000000000000, -0.3499999999999999778 ) ) ;
#5130 = ADVANCED_FACE ( 'NONE', ( #7233 ), #2884, .F. ) ;
#5131 = ORIENTED_EDGE ( 'NONE', *, *, #8431, .T. ) ;
#5132 = ORIENTED_EDGE ( 'NONE', *, *, #1038, .F. ) ;
#5133 = CARTESIAN_POINT ( 'NONE',  ( -8.000000000000000000, 3.975000000000000089, 31.88557667661039829 ) ) ;
#5134 = DIRECTION ( 'NONE',  ( 0.000000000000000000, 1.000000000000000000, 0.000000000000000000 ) ) ;
#5135 = ADVANCED_FACE ( 'NONE', ( #6188 ), #2121, .F. ) ;
#5136 = CARTESIAN_POINT ( 'NONE',  ( -6.900000000000001243, 6.349999999999999645, 10.00000000000000178 ) ) ;
#5137 = CARTESIAN_POINT ( 'NONE',  ( 0.9417827903983090332, 2.865473111626513525, 4.293022381051451397 ) ) ;
#5138 = DIRECTION ( 'NONE',  ( 0.000000000000000000, 0.000000000000000000, -1.000000000000000000 ) ) ;
#5139 = VERTEX_POINT ( 'NONE', #1365 ) ;
#5140 = DIRECTION ( 'NONE',  ( -0.000000000000000000, -0.000000000000000000, 1.000000000000000000 ) ) ;
#5141 = PRESENTATION_LAYER_ASSIGNMENT (  '', '', ( #9328 ) ) ;
#5142 = ADVANCED_FACE ( 'NONE', ( #6359, #8707 ), #10552, .T. ) ;
#5143 = ORIENTED_EDGE ( 'NONE', *, *, #4143, .T. ) ;
#5144 = CARTESIAN_POINT ( 'NONE',  ( -8.000000000000000000, -0.5000000000000000000, 1.399999999999999911 ) ) ;
#5145 = CARTESIAN_POINT ( 'NONE',  ( 0.5749999999999997335, 5.349999999999998757, 2.499999999999999556 ) ) ;
#5146 = CARTESIAN_POINT ( 'NONE',  ( -6.450000000000000178, 0.000000000000000000, -0.3499999999999999778 ) ) ;
#5147 = EDGE_CURVE ( 'NONE', #6221, #5926, #8767, .T. ) ;
#5148 = ADVANCED_FACE ( 'NONE', ( #1313 ), #8058, .T. ) ;
#5149 = CARTESIAN_POINT ( 'NONE',  ( 1.700000000000000178, 6.349999999999999645, 13.00000000000000178 ) ) ;
#5150 = ORIENTED_EDGE ( 'NONE', *, *, #655, .F. ) ;
#5151 = LINE ( 'NONE', #10323, #4404 ) ;
#5152 = DIRECTION ( 'NONE',  ( 1.000000000000000000, 0.000000000000000000, 0.000000000000000000 ) ) ;
#5153 = PRESENTATION_STYLE_ASSIGNMENT (( #7565 ) ) ;
#5154 = ADVANCED_FACE ( 'NONE', ( #3050 ), #2234, .T. ) ;
#5155 = LINE ( 'NONE', #9250, #10055 ) ;
#5156 = DIRECTION ( 'NONE',  ( 0.000000000000000000, -0.000000000000000000, 1.000000000000000000 ) ) ;
#5157 = CARTESIAN_POINT ( 'NONE',  ( -4.000000000000000000, 8.985357054628929168E-16, 41.22500000000000142 ) ) ;
#5158 = LINE ( 'NONE', #3640, #6824 ) ;
#5159 = EDGE_LOOP ( 'NONE', ( #3603, #1489, #2185, #5711 ) ) ;
#5160 = EDGE_LOOP ( 'NONE', ( #7296, #4033, #2451, #8194 ) ) ;
#5161 = DIRECTION ( 'NONE',  ( -1.000000000000000000, -0.000000000000000000, -0.000000000000000000 ) ) ;
#5162 = ORIENTED_EDGE ( 'NONE', *, *, #6691, .T. ) ;
#5163 = CARTESIAN_POINT ( 'NONE',  ( 0.5000000000000004441, -0.5000000000000000000, 10.30000000000000071 ) ) ;
#5164 = CARTESIAN_POINT ( 'NONE',  ( -0.03820525858422868515, 4.494475700832941456, 4.425852105171573569 ) ) ;
#5165 = EDGE_CURVE ( 'NONE', #6361, #10156, #1473, .T. ) ;
#5166 = VECTOR ( 'NONE', #2732, 1000.000000000000000 ) ;
#5167 = EDGE_CURVE ( 'NONE', #6874, #1590, #5809, .T. ) ;
#5168 = DIRECTION ( 'NONE',  ( 0.000000000000000000, 3.576749435003730024E-16, 1.000000000000000000 ) ) ;
#5169 = LINE ( 'NONE', #8509, #8411 ) ;
#5170 = DIRECTION ( 'NONE',  ( 8.673617379884040402E-17, 0.000000000000000000, -1.000000000000000000 ) ) ;
#5171 = VERTEX_POINT ( 'NONE', #9089 ) ;
#5172 = DIRECTION ( 'NONE',  ( 1.000000000000000000, 0.000000000000000000, -0.000000000000000000 ) ) ;
#5173 = EDGE_LOOP ( 'NONE', ( #586, #1274 ) ) ;
#5174 = DIRECTION ( 'NONE',  ( 1.000000000000000000, 0.000000000000000000, -0.000000000000000000 ) ) ;
#5175 = ORIENTED_EDGE ( 'NONE', *, *, #2896, .F. ) ;
#5176 = CARTESIAN_POINT ( 'NONE',  ( -8.000000000000000000, -5.349999999999999645, 1.399999999999999911 ) ) ;
#5177 = VECTOR ( 'NONE', #8496, 1000.000000000000000 ) ;
#5178 = ORIENTED_EDGE ( 'NONE', *, *, #1059, .T. ) ;
#5179 = DIRECTION ( 'NONE',  ( 1.000000000000000000, 0.000000000000000000, -0.000000000000000000 ) ) ;
#5180 = VECTOR ( 'NONE', #7858, 1000.000000000000000 ) ;
#5181 = VERTEX_POINT ( 'NONE', #10708 ) ;
#5182 = VERTEX_POINT ( 'NONE', #2288 ) ;
#5183 = LINE ( 'NONE', #6223, #7734 ) ;
#5184 = LINE ( 'NONE', #5081, #9417 ) ;
#5185 = DIRECTION ( 'NONE',  ( 0.000000000000000000, 1.000000000000000000, -0.000000000000000000 ) ) ;
#5186 = LINE ( 'NONE', #5029, #9754 ) ;
#5187 = PLANE ( 'NONE',  #481 ) ;
#5188 = EDGE_LOOP ( 'NONE', ( #7951, #8660 ) ) ;
#5189 = VECTOR ( 'NONE', #6321, 1000.000000000000000 ) ;
#5190 = CARTESIAN_POINT ( 'NONE',  ( -8.000000000000000000, 0.000000000000000000, 1.399999999999999911 ) ) ;
#5191 = EDGE_CURVE ( 'NONE', #3931, #1597, #4990, .T. ) ;
#5192 = AXIS2_PLACEMENT_3D ( 'NONE', #3604, #2851, #3768 ) ;
#5193 = ORIENTED_EDGE ( 'NONE', *, *, #8025, .T. ) ;
#5194 = DIRECTION ( 'NONE',  ( -1.000000000000000000, -0.000000000000000000, -0.000000000000000000 ) ) ;
#5195 = DIRECTION ( 'NONE',  ( 0.000000000000000000, 1.000000000000000000, -0.000000000000000000 ) ) ;
#5196 = CARTESIAN_POINT ( 'NONE',  ( -3.350000000000000089, 0.000000000000000000, -3.399777700366560573 ) ) ;
#5197 = DIRECTION ( 'NONE',  ( -0.000000000000000000, -0.000000000000000000, -1.000000000000000000 ) ) ;
#5198 = DIRECTION ( 'NONE',  ( -0.000000000000000000, 1.000000000000000000, 0.000000000000000000 ) ) ;
#5199 = VERTEX_POINT ( 'NONE', #10603 ) ;
#5200 = UNCERTAINTY_MEASURE_WITH_UNIT (LENGTH_MEASURE( 1.000000000000000082E-05 ), #1052, 'distance_accuracy_value', 'NONE');
#5201 = DIRECTION ( 'NONE',  ( -1.000000000000000000, -0.000000000000000000, -0.000000000000000000 ) ) ;
#5202 = EDGE_CURVE ( 'NONE', #1432, #8833, #7333, .T. ) ;
#5203 = VECTOR ( 'NONE', #2242, 1000.000000000000000 ) ;
#5204 =( NAMED_UNIT ( * ) SI_UNIT ( $, .STERADIAN. ) SOLID_ANGLE_UNIT ( ) );
#5205 = EDGE_CURVE ( 'NONE', #5831, #8074, #10655, .T. ) ;
#5206 = FILL_AREA_STYLE ('',( #7724 ) ) ;
#5207 = CARTESIAN_POINT ( 'NONE',  ( 6.450000000000000178, 0.9499999999999999556, -0.3499999999999999778 ) ) ;
#5208 = VERTEX_POINT ( 'NONE', #65 ) ;
#5209 = CARTESIAN_POINT ( 'NONE',  ( -8.000000000000000000, -0.5000000000000009992, 7.700000000000000178 ) ) ;
#5210 = CARTESIAN_POINT ( 'NONE',  ( 0.000000000000000000, 0.000000000000000000, -3.500000000000000000 ) ) ;
#5211 = CARTESIAN_POINT ( 'NONE',  ( 0.000000000000000000, 6.450000000000000178, 0.000000000000000000 ) ) ;
#5212 = VECTOR ( 'NONE', #2454, 1000.000000000000000 ) ;
#5213 = ORIENTED_EDGE ( 'NONE', *, *, #7763, .F. ) ;
#5214 = PLANE ( 'NONE',  #9661 ) ;
#5215 = VERTEX_POINT ( 'NONE', #669 ) ;
#5216 = ADVANCED_FACE ( 'NONE', ( #1684 ), #833, .F. ) ;
#5217 = CARTESIAN_POINT ( 'NONE',  ( -0.06111641408829708577, 2.118805496127568411, 4.232185838095936958 ) ) ;
#5218 = AXIS2_PLACEMENT_3D ( 'NONE', #2710, #279, #5040 ) ;
#5219 = EDGE_CURVE ( 'NONE', #4223, #82, #1521, .T. ) ;
#5220 = EDGE_CURVE ( 'NONE', #311, #6085, #9144, .T. ) ;
#5221 = DIRECTION ( 'NONE',  ( -1.000000000000000000, -0.000000000000000000, -0.000000000000000000 ) ) ;
#5222 = DIRECTION ( 'NONE',  ( 1.000000000000000000, 0.000000000000000000, -0.000000000000000000 ) ) ;
#5223 = CARTESIAN_POINT ( 'NONE',  ( -8.000000000000000000, 0.000000000000000000, 15.00000000000000000 ) ) ;
#5224 = CARTESIAN_POINT ( 'NONE',  ( 2.000000000000000000, -2.200000000000000178, -0.9499999999999999556 ) ) ;
#5225 = DIRECTION ( 'NONE',  ( -0.000000000000000000, 0.1081912008832670441, 0.9941301041872921962 ) ) ;
#5226 = ORIENTED_EDGE ( 'NONE', *, *, #5698, .T. ) ;
#5227 = DIRECTION ( 'NONE',  ( 0.000000000000000000, 0.000000000000000000, 1.000000000000000000 ) ) ;
#5228 = VERTEX_POINT ( 'NONE', #3368 ) ;
#5229 = DIRECTION ( 'NONE',  ( 1.000000000000000000, 0.000000000000000000, -0.000000000000000000 ) ) ;
#5230 = VECTOR ( 'NONE', #320, 1000.000000000000000 ) ;
#5231 = ORIENTED_EDGE ( 'NONE', *, *, #10477, .F. ) ;
#5232 = DIRECTION ( 'NONE',  ( 0.000000000000000000, 0.000000000000000000, -1.000000000000000000 ) ) ;
#5233 = EDGE_CURVE ( 'NONE', #7653, #8107, #3206, .T. ) ;
#5234 = ORIENTED_EDGE ( 'NONE', *, *, #957, .T. ) ;
#5235 = VECTOR ( 'NONE', #9228, 1000.000000000000000 ) ;
#5236 = CARTESIAN_POINT ( 'NONE',  ( 0.000000000000000000, 7.500000000000000000, 13.00000000000000178 ) ) ;
#5237 = VERTEX_POINT ( 'NONE', #8325 ) ;
#5238 = VERTEX_POINT ( 'NONE', #885 ) ;
#5239 = DIRECTION ( 'NONE',  ( -1.000000000000000000, 0.000000000000000000, -0.000000000000000000 ) ) ;
#5240 = DIRECTION ( 'NONE',  ( -0.000000000000000000, 0.000000000000000000, 1.000000000000000000 ) ) ;
#5241 = LINE ( 'NONE', #2643, #8481 ) ;
#5242 = LINE ( 'NONE', #8422, #8899 ) ;
#5243 = LINE ( 'NONE', #10367, #1854 ) ;
#5244 = EDGE_CURVE ( 'NONE', #4189, #960, #11, .T. ) ;
#5245 = VECTOR ( 'NONE', #1470, 1000.000000000000000 ) ;
#5246 = AXIS2_PLACEMENT_3D ( 'NONE', #4080, #7400, #8169 ) ;
#5247 = ORIENTED_EDGE ( 'NONE', *, *, #6537, .F. ) ;
#5248 = VECTOR ( 'NONE', #5281, 1000.000000000000000 ) ;
#5249 = AXIS2_PLACEMENT_3D ( 'NONE', #5791, #2430, #8414 ) ;
#5250 = ORIENTED_EDGE ( 'NONE', *, *, #100, .F. ) ;
#5251 = PLANE ( 'NONE',  #3867 ) ;
#5252 = DIRECTION ( 'NONE',  ( 1.000000000000000000, 0.000000000000000000, -0.000000000000000000 ) ) ;
#5253 = DIRECTION ( 'NONE',  ( 1.000000000000000000, 0.000000000000000000, -2.195852501236469969E-16 ) ) ;
#5254 = ORIENTED_EDGE ( 'NONE', *, *, #6876, .T. ) ;
#5255 = EDGE_CURVE ( 'NONE', #8709, #3329, #6571, .T. ) ;
#5256 = DIRECTION ( 'NONE',  ( 1.000000000000000000, 0.000000000000000000, 0.000000000000000000 ) ) ;
#5257 = VECTOR ( 'NONE', #9308, 1000.000000000000000 ) ;
#5258 = VECTOR ( 'NONE', #1761, 1000.000000000000000 ) ;
#5259 = CARTESIAN_POINT ( 'NONE',  ( 0.08976120816668395341, 4.487600965867302172, 4.502745340609081381 ) ) ;
#5260 = PLANE ( 'NONE',  #1950 ) ;
#5261 = DIRECTION ( 'NONE',  ( -1.000000000000000000, -0.000000000000000000, 0.000000000000000000 ) ) ;
#5262 = ORIENTED_EDGE ( 'NONE', *, *, #10272, .T. ) ;
#5263 = CARTESIAN_POINT ( 'NONE',  ( 0.000000000000000000, -3.975000000000000089, 1.900000000000001465 ) ) ;
#5264 = EDGE_CURVE ( 'NONE', #1128, #84, #8160, .T. ) ;
#5265 = VECTOR ( 'NONE', #4015, 1000.000000000000000 ) ;
#5266 = CARTESIAN_POINT ( 'NONE',  ( 0.000000000000000000, -0.5000000000000000000, 0.000000000000000000 ) ) ;
#5267 = ORIENTED_EDGE ( 'NONE', *, *, #4347, .F. ) ;
#5268 = CARTESIAN_POINT ( 'NONE',  ( -0.5636524156597050306, 4.396537525038117344, 4.417885139797957272 ) ) ;
#5269 = VERTEX_POINT ( 'NONE', #6516 ) ;
#5270 = CARTESIAN_POINT ( 'NONE',  ( 3.450000000000000178, 1.199999999999999956, 1.899999999999999911 ) ) ;
#5271 = EDGE_CURVE ( 'NONE', #5450, #848, #9838, .T. ) ;
#5272 = ORIENTED_EDGE ( 'NONE', *, *, #10411, .T. ) ;
#5273 = FACE_OUTER_BOUND ( 'NONE', #9745, .T. ) ;
#5274 = CARTESIAN_POINT ( 'NONE',  ( -1.360523367524679950, 4.136690090632905381, 4.396727978440456042 ) ) ;
#5275 = VECTOR ( 'NONE', #1496, 1000.000000000000000 ) ;
#5276 = FACE_OUTER_BOUND ( 'NONE', #5335, .T. ) ;
#5277 = FACE_OUTER_BOUND ( 'NONE', #6483, .T. ) ;
#5278 = DIRECTION ( 'NONE',  ( 0.000000000000000000, 0.000000000000000000, 1.000000000000000000 ) ) ;
#5279 = EDGE_CURVE ( 'NONE', #914, #4433, #4177, .T. ) ;
#5280 = LINE ( 'NONE', #4303, #4328 ) ;
#5281 = DIRECTION ( 'NONE',  ( -1.000000000000000000, 0.000000000000000000, -0.000000000000000000 ) ) ;
#5282 = EDGE_LOOP ( 'NONE', ( #3527, #751, #1976, #3401, #115, #2911, #1680, #269 ) ) ;
#5283 = VECTOR ( 'NONE', #3049, 1000.000000000000000 ) ;
#5284 = ORIENTED_EDGE ( 'NONE', *, *, #1047, .F. ) ;
#5285 = CARTESIAN_POINT ( 'NONE',  ( -9.500000000000000000, -6.349999999999999645, 10.50000000000000000 ) ) ;
#5286 = ADVANCED_FACE ( 'NONE', ( #5696 ), #6683, .T. ) ;
#5287 = ORIENTED_EDGE ( 'NONE', *, *, #8837, .T. ) ;
#5288 = LINE ( 'NONE', #1923, #691 ) ;
#5289 = VERTEX_POINT ( 'NONE', #1576 ) ;
#5290 = AXIS2_PLACEMENT_3D ( 'NONE', #1889, #6785, #5856 ) ;
#5291 = LINE ( 'NONE', #8676, #5953 ) ;
#5292 = LINE ( 'NONE', #6927, #10583 ) ;
#5293 = VERTEX_POINT ( 'NONE', #8215 ) ;
#5294 = ORIENTED_EDGE ( 'NONE', *, *, #42, .F. ) ;
#5295 = LINE ( 'NONE', #5462, #3742 ) ;
#5296 = PLANE ( 'NONE',  #8732 ) ;
#5297 = DIRECTION ( 'NONE',  ( -1.000000000000000000, -0.000000000000000000, 0.000000000000000000 ) ) ;
#5298 = DIRECTION ( 'NONE',  ( 0.000000000000000000, 1.000000000000000000, 0.000000000000000000 ) ) ;
#5299 = DIRECTION ( 'NONE',  ( 1.000000000000000000, -0.000000000000000000, -0.000000000000000000 ) ) ;
#5300 = VECTOR ( 'NONE', #4854, 1000.000000000000000 ) ;
#5301 = ORIENTED_EDGE ( 'NONE', *, *, #1294, .T. ) ;
#5302 = VECTOR ( 'NONE', #4681, 1000.000000000000000 ) ;
#5303 = EDGE_CURVE ( 'NONE', #5237, #6018, #5753, .T. ) ;
#5304 = EDGE_CURVE ( 'NONE', #10685, #666, #8434, .T. ) ;
#5305 = ORIENTED_EDGE ( 'NONE', *, *, #4888, .T. ) ;
#5306 = CARTESIAN_POINT ( 'NONE',  ( -0.03875935904638130175, 4.892244484529191695, 4.458278632147599119 ) ) ;
#5307 = CARTESIAN_POINT ( 'NONE',  ( 0.000000000000000000, 4.775000000000000355, 0.000000000000000000 ) ) ;
#5308 = VERTEX_POINT ( 'NONE', #4330 ) ;
#5309 = PRODUCT_DEFINITION_CONTEXT ( 'detailed design', #8305, 'design' ) ;
#5310 = CARTESIAN_POINT ( 'NONE',  ( 0.000000000000000000, 0.8000000000000000444, -0.5000000000000000000 ) ) ;
#5311 = VECTOR ( 'NONE', #3411, 1000.000000000000000 ) ;
#5312 = SURFACE_STYLE_USAGE ( .BOTH. , #10325 ) ;
#5313 = LINE ( 'NONE', #2273, #4555 ) ;
#5314 = LINE ( 'NONE', #1199, #9358 ) ;
#5315 = ORIENTED_EDGE ( 'NONE', *, *, #2947, .F. ) ;
#5316 = DIRECTION ( 'NONE',  ( -0.000000000000000000, -0.000000000000000000, 1.000000000000000000 ) ) ;
#5317 =( LENGTH_UNIT ( ) NAMED_UNIT ( * ) SI_UNIT ( .MILLI., .METRE. ) );
#5318 = DIRECTION ( 'NONE',  ( 0.000000000000000000, 0.000000000000000000, -1.000000000000000000 ) ) ;
#5319 = ORIENTED_EDGE ( 'NONE', *, *, #3493, .T. ) ;
#5320 = ORIENTED_EDGE ( 'NONE', *, *, #10504, .F. ) ;
#5321 = FACE_OUTER_BOUND ( 'NONE', #4191, .T. ) ;
#5322 = ORIENTED_EDGE ( 'NONE', *, *, #9586, .T. ) ;
#5323 = DIRECTION ( 'NONE',  ( 1.000000000000000000, -0.000000000000000000, -0.000000000000000000 ) ) ;
#5324 = CARTESIAN_POINT ( 'NONE',  ( -0.9805444992393960169, 2.406509711484251302, 4.255669612167795712 ) ) ;
#5325 = DIRECTION ( 'NONE',  ( 0.000000000000000000, 0.000000000000000000, -1.000000000000000000 ) ) ;
#5326 = EDGE_CURVE ( 'NONE', #3733, #374, #4437, .T. ) ;
#5327 = CARTESIAN_POINT ( 'NONE',  ( 4.000000000000000000, 8.985357054628929168E-16, 41.22500000000000142 ) ) ;
#5328 = DIRECTION ( 'NONE',  ( 1.000000000000000000, 0.000000000000000000, -0.000000000000000000 ) ) ;
#5329 = CARTESIAN_POINT ( 'NONE',  ( -6.049999999999999822, 1.199999999999999956, 1.899999999999999911 ) ) ;
#5330 = CARTESIAN_POINT ( 'NONE',  ( 1.166993052020732780, 3.685677260498029018, 4.412777074921454101 ) ) ;
#5331 = ORIENTED_EDGE ( 'NONE', *, *, #701, .T. ) ;
#5332 = ORIENTED_EDGE ( 'NONE', *, *, #9271, .F. ) ;
#5333 = VERTEX_POINT ( 'NONE', #9297 ) ;
#5334 = DIRECTION ( 'NONE',  ( 1.000000000000000000, 0.000000000000000000, 0.000000000000000000 ) ) ;
#5335 = EDGE_LOOP ( 'NONE', ( #506, #2484, #10454, #7336 ) ) ;
#5336 = ADVANCED_FACE ( 'NONE', ( #1942 ), #220, .F. ) ;
#5337 = VECTOR ( 'NONE', #9732, 1000.000000000000114 ) ;
#5338 = ADVANCED_FACE ( 'NONE', ( #8537 ), #9346, .T. ) ;
#5339 = DIRECTION ( 'NONE',  ( 1.000000000000000000, 0.000000000000000000, 0.000000000000000000 ) ) ;
#5340 = ORIENTED_EDGE ( 'NONE', *, *, #1249, .F. ) ;
#5341 = DIRECTION ( 'NONE',  ( 0.000000000000000000, 1.000000000000000000, 0.000000000000000000 ) ) ;
#5342 = ORIENTED_EDGE ( 'NONE', *, *, #3195, .T. ) ;
#5343 = AXIS2_PLACEMENT_3D ( 'NONE', #1815, #1115, #5222 ) ;
#5344 = VERTEX_POINT ( 'NONE', #7608 ) ;
#5345 = CARTESIAN_POINT ( 'NONE',  ( -4.000000000000000000, 0.7118782501609119961, -4.624469942108039966 ) ) ;
#5346 = LINE ( 'NONE', #9549, #5409 ) ;
#5347 = LINE ( 'NONE', #2097, #1028 ) ;
#5348 = DIRECTION ( 'NONE',  ( -1.000000000000000000, -1.762930361765040079E-17, -0.000000000000000000 ) ) ;
#5349 = CARTESIAN_POINT ( 'NONE',  ( -1.459033269519125486, 3.077989821934311809, 4.356862788843026024 ) ) ;
#5350 = ORIENTED_EDGE ( 'NONE', *, *, #2379, .T. ) ;
#5351 = ADVANCED_FACE ( 'NONE', ( #2552 ), #1089, .T. ) ;
#5352 = VERTEX_POINT ( 'NONE', #3626 ) ;
#5353 = DIRECTION ( 'NONE',  ( -1.000000000000000000, 1.853337046983769999E-17, 0.000000000000000000 ) ) ;
#5354 = CARTESIAN_POINT ( 'NONE',  ( 1.474230244328860184, 3.831456599481609882, 4.371753041076108737 ) ) ;
#5355 = CARTESIAN_POINT ( 'NONE',  ( -1.267042332343429889, 2.696114657214863097, 4.279287794817271617 ) ) ;
#5356 = DIRECTION ( 'NONE',  ( 0.000000000000000000, -1.000000000000000000, -0.000000000000000000 ) ) ;
#5357 = VERTEX_POINT ( 'NONE', #1792 ) ;
#5358 = AXIS2_PLACEMENT_3D ( 'NONE', #5533, #2229, #9834 ) ;
#5359 = CARTESIAN_POINT ( 'NONE',  ( -8.000000000000000000, -4.775000000000001243, 1.399999999999999911 ) ) ;
#5360 = EDGE_CURVE ( 'NONE', #10567, #8929, #5039, .T. ) ;
#5361 = ADVANCED_FACE ( 'NONE', ( #9187 ), #118, .F. ) ;
#5362 = VECTOR ( 'NONE', #2620, 1000.000000000000000 ) ;
#5363 = DIRECTION ( 'NONE',  ( 1.000000000000000000, 0.000000000000000000, 0.000000000000000000 ) ) ;
#5364 = CARTESIAN_POINT ( 'NONE',  ( 9.507689976714740254, 3.000000000000000000, 12.39604540319700021 ) ) ;
#5365 = ORIENTED_EDGE ( 'NONE', *, *, #7212, .T. ) ;
#5366 = LINE ( 'NONE', #4714, #3029 ) ;
#5367 = LINE ( 'NONE', #8871, #3362 ) ;
#5368 = ORIENTED_EDGE ( 'NONE', *, *, #6718, .F. ) ;
#5369 = CARTESIAN_POINT ( 'NONE',  ( 1.478424144091369907, 3.212026628007206064, 4.321256354299138458 ) ) ;
#5370 = ORIENTED_EDGE ( 'NONE', *, *, #6548, .F. ) ;
#5371 = CARTESIAN_POINT ( 'NONE',  ( 8.750000000000000000, -7.500000000000000000, 13.00000000000000178 ) ) ;
#5372 = VECTOR ( 'NONE', #8167, 1000.000000000000000 ) ;
#5373 = ORIENTED_EDGE ( 'NONE', *, *, #5482, .T. ) ;
#5374 = CARTESIAN_POINT ( 'NONE',  ( 0.5749999999999998446, -0.5000000000000013323, 2.500000000000000444 ) ) ;
#5375 = EDGE_CURVE ( 'NONE', #8531, #4774, #4383, .T. ) ;
#5376 = EDGE_CURVE ( 'NONE', #3508, #2487, #1890, .T. ) ;
#5377 = CARTESIAN_POINT ( 'NONE',  ( -0.8023163051664029544, 2.288825453685940037, 4.246070089648547707 ) ) ;
#5378 = CARTESIAN_POINT ( 'NONE',  ( 6.049999999999999822, 3.975000000000000089, 1.399999999999999689 ) ) ;
#5379 = CARTESIAN_POINT ( 'NONE',  ( 9.500000000000000000, -6.349999999999999645, 13.00000000000000178 ) ) ;
#5380 = LINE ( 'NONE', #3112, #1806 ) ;
#5381 = CARTESIAN_POINT ( 'NONE',  ( -7.500000000000000000, 0.000000000000000000, 0.000000000000000000 ) ) ;
#5382 = PRODUCT ( 'contact pins', 'contact pins', '', ( #2991 ) ) ;
#5383 = LINE ( 'NONE', #2250, #7697 ) ;
#5384 = ORIENTED_EDGE ( 'NONE', *, *, #3544, .T. ) ;
#5385 = EDGE_CURVE ( 'NONE', #10156, #3274, #1146, .T. ) ;
#5386 = VERTEX_POINT ( 'NONE', #1738 ) ;
#5387 = CARTESIAN_POINT ( 'NONE',  ( -5.150000000000000355, 7.650000000000000355, 0.000000000000000000 ) ) ;
#5388 = ORIENTED_EDGE ( 'NONE', *, *, #8431, .F. ) ;
#5389 = LINE ( 'NONE', #5176, #6415 ) ;
#5390 = EDGE_CURVE ( 'NONE', #8877, #8337, #10052, .T. ) ;
#5391 = VECTOR ( 'NONE', #9090, 1000.000000000000000 ) ;
#5392 = ORIENTED_EDGE ( 'NONE', *, *, #5841, .T. ) ;
#5393 = DIRECTION ( 'NONE',  ( 0.000000000000000000, 0.000000000000000000, 1.000000000000000000 ) ) ;
#5394 = CARTESIAN_POINT ( 'NONE',  ( -6.900000000000001243, 6.349999999999999645, 2.100000000000000089 ) ) ;
#5395 = ORIENTED_EDGE ( 'NONE', *, *, #9146, .T. ) ;
#5396 = DIRECTION ( 'NONE',  ( 1.000000000000000000, 0.000000000000000000, 0.000000000000000000 ) ) ;
#5397 = CIRCLE ( 'NONE', #8029, 38.37500000000000000 ) ;
#5398 = ORIENTED_EDGE ( 'NONE', *, *, #993, .F. ) ;
#5399 = CARTESIAN_POINT ( 'NONE',  ( -6.049999999999999822, -1.199999999999999956, 1.399999999999999689 ) ) ;
#5400 = EDGE_CURVE ( 'NONE', #5181, #3040, #9241, .T. ) ;
#5401 = ORIENTED_EDGE ( 'NONE', *, *, #8649, .F. ) ;
#5402 = CARTESIAN_POINT ( 'NONE',  ( 10.32091455230719923, -3.000000000000000000, 10.64710831150049941 ) ) ;
#5403 = CARTESIAN_POINT ( 'NONE',  ( -5.599999999999999645, 3.000000000000000000, 9.000000000000001776 ) ) ;
#5404 = CARTESIAN_POINT ( 'NONE',  ( -8.050000000000000711, -6.450000000000000178, 10.50000000000000000 ) ) ;
#5405 = CARTESIAN_POINT ( 'NONE',  ( -3.549999999999999822, 0.8000000000000000444, -3.199777700366559952 ) ) ;
#5406 = CARTESIAN_POINT ( 'NONE',  ( 3.100000000000000533, -3.975000000000000089, 1.399999999999999689 ) ) ;
#5407 = EDGE_CURVE ( 'NONE', #3772, #2462, #6786, .T. ) ;
#5408 = ORIENTED_EDGE ( 'NONE', *, *, #7981, .T. ) ;
#5409 = VECTOR ( 'NONE', #2095, 1000.000000000000000 ) ;
#5410 = VERTEX_POINT ( 'NONE', #278 ) ;
#5411 = CARTESIAN_POINT ( 'NONE',  ( -6.900000000000002132, 6.339999999999999858, 2.099999999999999645 ) ) ;
#5412 = ADVANCED_FACE ( 'NONE', ( #3574 ), #5965, .T. ) ;
#5413 = CARTESIAN_POINT ( 'NONE',  ( 0.03865793539758149988, 2.119681090357980136, 4.232253979376419117 ) ) ;
#5414 = CARTESIAN_POINT ( 'NONE',  ( -1.477197233632530082, 3.174997082550653271, 4.318333589268661399 ) ) ;
#5415 = CIRCLE ( 'NONE', #756, 1.399999999999999911 ) ;
#5416 = DIRECTION ( 'NONE',  ( -0.000000000000000000, 1.000000000000000000, -0.000000000000000000 ) ) ;
#5417 = ORIENTED_EDGE ( 'NONE', *, *, #4591, .T. ) ;
#5418 = UNCERTAINTY_MEASURE_WITH_UNIT (LENGTH_MEASURE( 1.000000000000000082E-05 ), #6022, 'distance_accuracy_value', 'NONE');
#5419 = EDGE_CURVE ( 'NONE', #6597, #287, #10160, .T. ) ;
#5420 = EDGE_CURVE ( 'NONE', #5450, #3773, #4536, .T. ) ;
#5421 = LINE ( 'NONE', #3145, #3722 ) ;
#5422 = VECTOR ( 'NONE', #6996, 1000.000000000000000 ) ;
#5423 = VECTOR ( 'NONE', #8733, 1000.000000000000000 ) ;
#5424 = ORIENTED_EDGE ( 'NONE', *, *, #9748, .F. ) ;
#5425 = CARTESIAN_POINT ( 'NONE',  ( 8.050000000000000711, 6.349999999999999645, 13.00000000000000178 ) ) ;
#5426 = ADVANCED_FACE ( 'NONE', ( #8045 ), #1328, .F. ) ;
#5427 =( LENGTH_UNIT ( ) NAMED_UNIT ( * ) SI_UNIT ( .MILLI., .METRE. ) );
#5428 = PLANE ( 'NONE',  #5114 ) ;
#5429 = DIRECTION ( 'NONE',  ( 0.000000000000000000, -0.1394778421021800330, -0.9902251923489522323 ) ) ;
#5430 = ORIENTED_EDGE ( 'NONE', *, *, #4024, .F. ) ;
#5431 = CARTESIAN_POINT ( 'NONE',  ( 0.1046246880213851649, 4.892050015397249929, 4.458258125501536107 ) ) ;
#5432 = AXIS2_PLACEMENT_3D ( 'NONE', #2938, #505, #1204 ) ;
#5433 = VERTEX_POINT ( 'NONE', #7505 ) ;
#5434 = AXIS2_PLACEMENT_3D ( 'NONE', #2089, #3073, #8792 ) ;
#5435 = ORIENTED_EDGE ( 'NONE', *, *, #7335, .F. ) ;
#5436 = CARTESIAN_POINT ( 'NONE',  ( 3.100000000000000533, 5.349999999999999645, 1.399999999999999911 ) ) ;
#5437 = CARTESIAN_POINT ( 'NONE',  ( 8.050000000000000711, -6.450000000000000178, 13.00000000000000178 ) ) ;
#5438 = LINE ( 'NONE', #4620, #4038 ) ;
#5439 = VECTOR ( 'NONE', #6069, 1000.000000000000000 ) ;
#5440 = VECTOR ( 'NONE', #2524, 1000.000000000000000 ) ;
#5441 = DIRECTION ( 'NONE',  ( -0.000000000000000000, -1.000000000000000000, -0.000000000000000000 ) ) ;
#5442 = DIRECTION ( 'NONE',  ( -0.000000000000000000, 0.000000000000000000, -1.000000000000000000 ) ) ;
#5443 = EDGE_CURVE ( 'NONE', #8539, #1158, #8379, .T. ) ;
#5444 = DIRECTION ( 'NONE',  ( -0.000000000000000000, -1.000000000000000000, -0.000000000000000000 ) ) ;
#5445 = LINE ( 'NONE', #3814, #2660 ) ;
#5446 = EDGE_CURVE ( 'NONE', #4774, #631, #8218, .T. ) ;
#5447 = VERTEX_POINT ( 'NONE', #10712 ) ;
#5448 = VERTEX_POINT ( 'NONE', #2400 ) ;
#5449 = DIRECTION ( 'NONE',  ( -0.000000000000000000, 3.776434533376479869E-16, 1.000000000000000000 ) ) ;
#5450 = VERTEX_POINT ( 'NONE', #9148 ) ;
#5451 = LINE ( 'NONE', #9803, #889 ) ;
#5452 = VECTOR ( 'NONE', #7116, 1000.000000000000000 ) ;
#5453 = VERTEX_POINT ( 'NONE', #2453 ) ;
#5454 = CARTESIAN_POINT ( 'NONE',  ( -8.074999999999999289, 4.775000000000000355, 0.000000000000000000 ) ) ;
#5455 = CARTESIAN_POINT ( 'NONE',  ( -3.100000000000000533, -0.5000000000000000000, 1.399999999999999911 ) ) ;
#5456 = ORIENTED_EDGE ( 'NONE', *, *, #3469, .T. ) ;
#5457 = AXIS2_PLACEMENT_3D ( 'NONE', #9628, #252, #3748 ) ;
#5458 = DIRECTION ( 'NONE',  ( 5.102127870520019996E-16, 1.000000000000000000, 0.000000000000000000 ) ) ;
#5459 = ORIENTED_EDGE ( 'NONE', *, *, #3476, .T. ) ;
#5460 = DIRECTION ( 'NONE',  ( -0.000000000000000000, 1.000000000000000000, -0.000000000000000000 ) ) ;
#5461 = EDGE_LOOP ( 'NONE', ( #10223, #3541, #7427, #1155, #185, #1810, #6960, #4414, #6869, #8302, #9086, #366, #8367, #1006, #9312, #9984, #2030, #6713, #9705, #3365, #4568 ) ) ;
#5462 = CARTESIAN_POINT ( 'NONE',  ( 9.848823097076502719, -3.000000000000000000, 7.517602519649590143 ) ) ;
#5463 = DIRECTION ( 'NONE',  ( -1.000000000000000000, 0.000000000000000000, 0.000000000000000000 ) ) ;
#5464 = DIRECTION ( 'NONE',  ( 0.000000000000000000, -0.000000000000000000, 1.000000000000000000 ) ) ;
#5465 = LINE ( 'NONE', #9498, #2808 ) ;
#5466 = DIRECTION ( 'NONE',  ( 1.000000000000000000, 0.000000000000000000, 0.000000000000000000 ) ) ;
#5467 = ORIENTED_EDGE ( 'NONE', *, *, #3255, .T. ) ;
#5468 = VECTOR ( 'NONE', #1670, 1000.000000000000000 ) ;
#5469 = EDGE_CURVE ( 'NONE', #6928, #8501, #9843, .T. ) ;
#5470 = ORIENTED_EDGE ( 'NONE', *, *, #5420, .T. ) ;
#5471 = DIRECTION ( 'NONE',  ( 0.000000000000000000, 0.000000000000000000, 1.000000000000000000 ) ) ;
#5472 = VECTOR ( 'NONE', #10196, 1000.000000000000000 ) ;
#5473 = CARTESIAN_POINT ( 'NONE',  ( 1.428889915040592484, 3.017981132887332052, 4.401349593289713980 ) ) ;
#5474 = CARTESIAN_POINT ( 'NONE',  ( -1.086886947698418648, 2.492093889187454003, 4.358450287829459313 ) ) ;
#5475 = LINE ( 'NONE', #7166, #7493 ) ;
#5476 = ORIENTED_EDGE ( 'NONE', *, *, #8826, .F. ) ;
#5477 = DIRECTION ( 'NONE',  ( -1.000000000000000000, -0.000000000000000000, 0.000000000000000000 ) ) ;
#5478 = CARTESIAN_POINT ( 'NONE',  ( 0.4788837428841760113, 2.566925470184507230, 4.268699501528739226 ) ) ;
#5479 = EDGE_CURVE ( 'NONE', #5238, #5121, #7338, .T. ) ;
#5480 = VECTOR ( 'NONE', #5449, 1000.000000000000000 ) ;
#5481 = PRODUCT_RELATED_PRODUCT_CATEGORY ( 'part', '', ( #3837 ) ) ;
#5482 = EDGE_CURVE ( 'NONE', #9523, #7702, #8935, .T. ) ;
#5483 = SURFACE_STYLE_FILL_AREA ( #6184 ) ;
#5484 = ORIENTED_EDGE ( 'NONE', *, *, #10473, .T. ) ;
#5485 = LINE ( 'NONE', #3638, #2821 ) ;
#5486 = SHAPE_DEFINITION_REPRESENTATION ( #3743, #9403 ) ;
#5487 = DIRECTION ( 'NONE',  ( 0.000000000000000000, 0.000000000000000000, -1.000000000000000000 ) ) ;
#5488 = DIRECTION ( 'NONE',  ( 0.000000000000000000, 0.000000000000000000, -1.000000000000000000 ) ) ;
#5489 = ORIENTED_EDGE ( 'NONE', *, *, #9341, .T. ) ;
#5490 = DIRECTION ( 'NONE',  ( 1.000000000000000000, -0.000000000000000000, 0.000000000000000000 ) ) ;
#5491 = ORIENTED_EDGE ( 'NONE', *, *, #5304, .T. ) ;
#5492 = CARTESIAN_POINT ( 'NONE',  ( 4.000000000000000000, 0.000000000000000000, -1.350000000000000089 ) ) ;
#5493 = ORIENTED_EDGE ( 'NONE', *, *, #3578, .T. ) ;
#5494 = LINE ( 'NONE', #3056, #8999 ) ;
#5495 = DIRECTION ( 'NONE',  ( -1.000000000000000000, -0.000000000000000000, 0.000000000000000000 ) ) ;
#5496 = EDGE_CURVE ( 'NONE', #761, #9654, #9246, .T. ) ;
#5497 = DIRECTION ( 'NONE',  ( 1.000000000000000000, 0.000000000000000000, 0.000000000000000000 ) ) ;
#5498 = MECHANICAL_DESIGN_GEOMETRIC_PRESENTATION_REPRESENTATION (  '', ( #7755 ), #9493 ) ;
#5499 = CARTESIAN_POINT ( 'NONE',  ( -4.650000000000000355, 7.529940238806680064, -1.350000000000000089 ) ) ;
#5500 = LINE ( 'NONE', #8831, #7464 ) ;
#5501 = DIRECTION ( 'NONE',  ( 1.000000000000000000, 0.000000000000000000, -0.000000000000000000 ) ) ;
#5502 = ORIENTED_EDGE ( 'NONE', *, *, #5803, .T. ) ;
#5503 = VERTEX_POINT ( 'NONE', #8165 ) ;
#5504 = CARTESIAN_POINT ( 'NONE',  ( 0.000000000000000000, 6.349999999999999645, 13.00000000000000178 ) ) ;
#5505 = VERTEX_POINT ( 'NONE', #5861 ) ;
#5506 = DIRECTION ( 'NONE',  ( 0.000000000000000000, 0.000000000000000000, 1.000000000000000000 ) ) ;
#5507 = ORIENTED_EDGE ( 'NONE', *, *, #785, .T. ) ;
#5508 = EDGE_CURVE ( 'NONE', #1710, #3952, #4940, .T. ) ;
#5509 = ADVANCED_FACE ( 'NONE', ( #5758 ), #9092, .F. ) ;
#5510 = DIRECTION ( 'NONE',  ( 1.762930361765040079E-17, 1.000000000000000000, 0.000000000000000000 ) ) ;
#5511 = VERTEX_POINT ( 'NONE', #784 ) ;
#5512 = DIRECTION ( 'NONE',  ( 0.000000000000000000, -1.000000000000000000, 3.576749435003730024E-16 ) ) ;
#5513 = APPLICATION_CONTEXT ( 'automotive_design' ) ;
#5514 = ORIENTED_EDGE ( 'NONE', *, *, #7302, .F. ) ;
#5515 = LINE ( 'NONE', #8844, #9454 ) ;
#5516 = ORIENTED_EDGE ( 'NONE', *, *, #7019, .F. ) ;
#5517 = LINE ( 'NONE', #8847, #3228 ) ;
#5518 = ORIENTED_EDGE ( 'NONE', *, *, #1635, .T. ) ;
#5519 = CARTESIAN_POINT ( 'NONE',  ( 9.500000000000000000, 3.000000000000000000, 13.00000000000000178 ) ) ;
#5520 = AXIS2_PLACEMENT_3D ( 'NONE', #5028, #8421, #5954 ) ;
#5521 = ORIENTED_EDGE ( 'NONE', *, *, #9098, .T. ) ;
#5522 = VECTOR ( 'NONE', #2024, 1000.000000000000000 ) ;
#5523 = ORIENTED_EDGE ( 'NONE', *, *, #1958, .T. ) ;
#5524 = CARTESIAN_POINT ( 'NONE',  ( -1.925000000000000044, 3.975000000000000089, 0.000000000000000000 ) ) ;
#5525 = DIRECTION ( 'NONE',  ( 0.000000000000000000, -1.000000000000000000, -0.000000000000000000 ) ) ;
#5526 = CARTESIAN_POINT ( 'NONE',  ( -0.8011438063696997292, 4.700679480029164914, 4.538487120264718122 ) ) ;
#5527 = DIRECTION ( 'NONE',  ( 1.000000000000000000, 0.000000000000000000, 0.000000000000000000 ) ) ;
#5528 = ORIENTED_EDGE ( 'NONE', *, *, #8711, .T. ) ;
#5529 = LINE ( 'NONE', #8758, #5625 ) ;
#5530 = AXIS2_PLACEMENT_3D ( 'NONE', #8989, #10715, #3111 ) ;
#5531 = EDGE_CURVE ( 'NONE', #4906, #1060, #4131, .T. ) ;
#5532 = LINE ( 'NONE', #7274, #3483 ) ;
#5533 = CARTESIAN_POINT ( 'NONE',  ( 2.000000000000000000, 0.5000000000000000000, -0.9499999999999999556 ) ) ;
#5534 = ORIENTED_EDGE ( 'NONE', *, *, #5075, .F. ) ;
#5535 = AXIS2_PLACEMENT_3D ( 'NONE', #4961, #2471, #908 ) ;
#5536 =( NAMED_UNIT ( * ) PLANE_ANGLE_UNIT ( ) SI_UNIT ( $, .RADIAN. ) );
#5537 = CARTESIAN_POINT ( 'NONE',  ( -3.350000000000000089, 0.8000000000000000444, -3.399777700366560573 ) ) ;
#5538 = CARTESIAN_POINT ( 'NONE',  ( -5.450000000000000178, 0.000000000000000000, -0.3499999999999999778 ) ) ;
#5539 = CARTESIAN_POINT ( 'NONE',  ( 0.2954725052136240038, 4.876246562110330807, 4.456963618489013790 ) ) ;
#5540 = EDGE_CURVE ( 'NONE', #5543, #7309, #121, .T. ) ;
#5541 = ORIENTED_EDGE ( 'NONE', *, *, #9314, .F. ) ;
#5542 = DIRECTION ( 'NONE',  ( 0.9459459459459458319, -1.185280237153909389E-17, 0.3243243243243249530 ) ) ;
#5543 = VERTEX_POINT ( 'NONE', #3210 ) ;
#5544 = DIRECTION ( 'NONE',  ( -1.000000000000000000, 0.000000000000000000, -0.000000000000000000 ) ) ;
#5545 = EDGE_CURVE ( 'NONE', #8150, #4801, #3264, .T. ) ;
#5546 = CARTESIAN_POINT ( 'NONE',  ( 8.050000000000000711, -6.450000000000000178, 10.50000000000000000 ) ) ;
#5547 = VECTOR ( 'NONE', #7457, 1000.000000000000000 ) ;
#5548 = PLANE ( 'NONE',  #6116 ) ;
#5549 = CARTESIAN_POINT ( 'NONE',  ( 5.150000000000000355, 6.822590561394729747, 4.458817530261700135 ) ) ;
#5550 = CARTESIAN_POINT ( 'NONE',  ( -8.050000000000000711, 6.349999999999999645, 10.50000000000000000 ) ) ;
#5551 = VECTOR ( 'NONE', #8127, 1000.000000000000000 ) ;
#5552 = VERTEX_POINT ( 'NONE', #9038 ) ;
#5553 = EDGE_CURVE ( 'NONE', #6983, #2085, #4883, .T. ) ;
#5554 = ORIENTED_EDGE ( 'NONE', *, *, #7652, .T. ) ;
#5555 = CARTESIAN_POINT ( 'NONE',  ( 5.650000000000000355, 0.5000000000000000000, 7.700000000000000178 ) ) ;
#5556 = ORIENTED_EDGE ( 'NONE', *, *, #10349, .F. ) ;
#5557 = DIRECTION ( 'NONE',  ( 0.000000000000000000, 0.000000000000000000, 1.000000000000000000 ) ) ;
#5558 = EDGE_CURVE ( 'NONE', #848, #9165, #7451, .T. ) ;
#5559 = ORIENTED_EDGE ( 'NONE', *, *, #7406, .T. ) ;
#5560 = VECTOR ( 'NONE', #513, 1000.000000000000000 ) ;
#5561 = CARTESIAN_POINT ( 'NONE',  ( 4.000000000000000000, -1.261997984930318228, 2.870756609130831194 ) ) ;
#5562 = ORIENTED_EDGE ( 'NONE', *, *, #9470, .T. ) ;
#5563 = EDGE_LOOP ( 'NONE', ( #10091, #2795, #2718, #8819 ) ) ;
#5564 = DIRECTION ( 'NONE',  ( 0.000000000000000000, 0.000000000000000000, 1.000000000000000000 ) ) ;
#5565 = ORIENTED_EDGE ( 'NONE', *, *, #7538, .F. ) ;
#5566 = DIRECTION ( 'NONE',  ( 1.000000000000000000, 0.000000000000000000, -0.000000000000000000 ) ) ;
#5567 = AXIS2_PLACEMENT_3D ( 'NONE', #7227, #8104, #3147 ) ;
#5568 = ORIENTED_EDGE ( 'NONE', *, *, #4343, .F. ) ;
#5569 = CARTESIAN_POINT ( 'NONE',  ( 0.03865979381443093027, 2.115012886601539410, 4.289517798019902628 ) ) ;
#5570 = PRODUCT ( 'cover', 'cover', '', ( #7281 ) ) ;
#5571 = ORIENTED_EDGE ( 'NONE', *, *, #1014, .F. ) ;
#5572 = AXIS2_PLACEMENT_3D ( 'NONE', #7767, #6070, #10002 ) ;
#5573 = FACE_OUTER_BOUND ( 'NONE', #4257, .T. ) ;
#5574 = ORIENTED_EDGE ( 'NONE', *, *, #4840, .T. ) ;
#5575 = CARTESIAN_POINT ( 'NONE',  ( -7.500000000000000000, -2.200000000000000178, -0.9499999999999999556 ) ) ;
#5576 = EDGE_CURVE ( 'NONE', #1228, #9114, #173, .T. ) ;
#5577 = CARTESIAN_POINT ( 'NONE',  ( 0.008973535222155541724, 4.885514534166874867, 4.553638864984130841 ) ) ;
#5578 = PLANE ( 'NONE',  #5582 ) ;
#5579 = DIRECTION ( 'NONE',  ( -1.000000000000000000, 0.000000000000000000, -0.000000000000000000 ) ) ;
#5580 = DIRECTION ( 'NONE',  ( 0.000000000000000000, -0.000000000000000000, 1.000000000000000000 ) ) ;
#5581 = VERTEX_POINT ( 'NONE', #225 ) ;
#5582 = AXIS2_PLACEMENT_3D ( 'NONE', #4978, #8099, #1615 ) ;
#5583 = CARTESIAN_POINT ( 'NONE',  ( -10.41980543215949950, 3.000000000000000000, 9.343524243637009619 ) ) ;
#5584 = VECTOR ( 'NONE', #6827, 1000.000000000000000 ) ;
#5585 = CARTESIAN_POINT ( 'NONE',  ( -0.7249999999999999778, -2.036113726531790125, 4.186027107350409615 ) ) ;
#5586 = ORIENTED_EDGE ( 'NONE', *, *, #2689, .T. ) ;
#5587 = CARTESIAN_POINT ( 'NONE',  ( 1.499999999999999334, -1.261997984930318450, 2.870756609130827641 ) ) ;
#5588 = DIRECTION ( 'NONE',  ( 0.000000000000000000, -3.776434533376479869E-16, -1.000000000000000000 ) ) ;
#5589 = CARTESIAN_POINT ( 'NONE',  ( 8.050000000000000711, -6.450000000000000178, 10.50000000000000000 ) ) ;
#5590 = DIRECTION ( 'NONE',  ( -1.000000000000000000, -0.000000000000000000, -0.000000000000000000 ) ) ;
#5591 = VERTEX_POINT ( 'NONE', #10163 ) ;
#5592 = PLANE ( 'NONE',  #4970 ) ;
#5593 = CARTESIAN_POINT ( 'NONE',  ( 4.000000000000000000, 8.985357054628929168E-16, 41.22500000000000142 ) ) ;
#5594 = VECTOR ( 'NONE', #6461, 1000.000000000000000 ) ;
#5595 = AXIS2_PLACEMENT_3D ( 'NONE', #2892, #8827, #2074 ) ;
#5596 = CARTESIAN_POINT ( 'NONE',  ( -0.5000000000000001110, 6.250000000000000888, 0.000000000000000000 ) ) ;
#5597 = DIRECTION ( 'NONE',  ( 1.000000000000000000, 0.000000000000000000, -0.000000000000000000 ) ) ;
#5598 = ADVANCED_FACE ( 'NONE', ( #3577, #1149 ), #8598, .F. ) ;
#5599 = DIRECTION ( 'NONE',  ( 0.000000000000000000, 0.000000000000000000, 1.000000000000000000 ) ) ;
#5600 = AXIS2_PLACEMENT_3D ( 'NONE', #492, #3786, #7110 ) ;
#5601 = CARTESIAN_POINT ( 'NONE',  ( -3.450000000000000178, -1.199999999999999956, 31.88557667661039829 ) ) ;
#5602 = VECTOR ( 'NONE', #2060, 1000.000000000000000 ) ;
#5603 = EDGE_CURVE ( 'NONE', #8180, #287, #3477, .T. ) ;
#5604 = ORIENTED_EDGE ( 'NONE', *, *, #701, .F. ) ;
#5605 = ORIENTED_EDGE ( 'NONE', *, *, #661, .F. ) ;
#5606 = LINE ( 'NONE', #7966, #8804 ) ;
#5607 = ORIENTED_EDGE ( 'NONE', *, *, #7714, .T. ) ;
#5608 = DIRECTION ( 'NONE',  ( 0.000000000000000000, -1.000000000000000000, -0.000000000000000000 ) ) ;
#5609 = ORIENTED_EDGE ( 'NONE', *, *, #3462, .T. ) ;
#5610 = VECTOR ( 'NONE', #4892, 1000.000000000000000 ) ;
#5611 = EDGE_CURVE ( 'NONE', #9683, #2978, #8647, .T. ) ;
#5612 = LINE ( 'NONE', #7038, #772 ) ;
#5613 = ORIENTED_EDGE ( 'NONE', *, *, #3664, .F. ) ;
#5614 = FACE_OUTER_BOUND ( 'NONE', #2658, .T. ) ;
#5615 = EDGE_CURVE ( 'NONE', #6156, #6622, #7824, .T. ) ;
#5616 = ADVANCED_FACE ( 'NONE', ( #6790 ), #6846, .F. ) ;
#5617 = ORIENTED_EDGE ( 'NONE', *, *, #48, .F. ) ;
#5618 = CARTESIAN_POINT ( 'NONE',  ( -9.500000000000000000, 0.000000000000000000, 13.00000000000000178 ) ) ;
#5619 = VECTOR ( 'NONE', #2506, 1000.000000000000000 ) ;
#5620 = ORIENTED_EDGE ( 'NONE', *, *, #5603, .F. ) ;
#5621 = FACE_OUTER_BOUND ( 'NONE', #344, .T. ) ;
#5622 = VERTEX_POINT ( 'NONE', #6127 ) ;
#5623 = FILL_AREA_STYLE ('',( #4641 ) ) ;
#5624 = ORIENTED_EDGE ( 'NONE', *, *, #5637, .T. ) ;
#5625 = VECTOR ( 'NONE', #7994, 1000.000000000000000 ) ;
#5626 = DIRECTION ( 'NONE',  ( -1.000000000000000000, 0.000000000000000000, -1.630765106641810118E-16 ) ) ;
#5627 = ORIENTED_EDGE ( 'NONE', *, *, #1730, .T. ) ;
#5628 = CARTESIAN_POINT ( 'NONE',  ( 6.450000000000000178, 0.000000000000000000, -0.3499999999999999778 ) ) ;
#5629 = PLANE ( 'NONE',  #5988 ) ;
#5630 = LINE ( 'NONE', #4059, #8383 ) ;
#5631 = CARTESIAN_POINT ( 'NONE',  ( -3.100000000000000533, 1.199999999999999734, 1.399999999999999023 ) ) ;
#5632 = DIRECTION ( 'NONE',  ( 0.000000000000000000, -1.000000000000000000, 1.275531967630000069E-16 ) ) ;
#5633 = VERTEX_POINT ( 'NONE', #8437 ) ;
#5634 = DIRECTION ( 'NONE',  ( 1.000000000000000000, 0.000000000000000000, -0.000000000000000000 ) ) ;
#5635 = CARTESIAN_POINT ( 'NONE',  ( -0.7249999999999999778, -0.002582515898414086686, 2.850000086897573670 ) ) ;
#5636 = EDGE_CURVE ( 'NONE', #2264, #6802, #9457, .T. ) ;
#5637 = EDGE_CURVE ( 'NONE', #4376, #4875, #4386, .T. ) ;
#5638 = AXIS2_PLACEMENT_3D ( 'NONE', #4213, #8473, #1777 ) ;
#5639 = DIRECTION ( 'NONE',  ( 0.000000000000000000, -1.000000000000000000, -0.000000000000000000 ) ) ;
#5640 = ORIENTED_EDGE ( 'NONE', *, *, #904, .T. ) ;
#5641 = LINE ( 'NONE', #8978, #3001 ) ;
#5642 = CONTEXT_DEPENDENT_SHAPE_REPRESENTATION ( #612, #2101 ) ;
#5643 = CARTESIAN_POINT ( 'NONE',  ( -8.050000000000000711, -6.349999999999999645, 13.00000000000000178 ) ) ;
#5644 = DIRECTION ( 'NONE',  ( -1.000000000000000000, -0.000000000000000000, -0.000000000000000000 ) ) ;
#5645 = CARTESIAN_POINT ( 'NONE',  ( -9.500000000000000000, -3.000000000000000000, 5.000000000000000000 ) ) ;
#5646 = ORIENTED_EDGE ( 'NONE', *, *, #8711, .F. ) ;
#5647 = DIRECTION ( 'NONE',  ( 1.000000000000000000, 0.000000000000000000, 0.000000000000000000 ) ) ;
#5648 = CARTESIAN_POINT ( 'NONE',  ( -10.41980543215949950, -3.000000000000000444, 9.343524243637009619 ) ) ;
#5649 = AXIS2_PLACEMENT_3D ( 'NONE', #6098, #6975, #1221 ) ;
#5650 = PLANE ( 'NONE',  #3823 ) ;
#5651 = LINE ( 'NONE', #7240, #5771 ) ;
#5652 = PRESENTATION_STYLE_ASSIGNMENT (( #4998 ) ) ;
#5653 = VECTOR ( 'NONE', #6249, 1000.000000000000000 ) ;
#5654 = CARTESIAN_POINT ( 'NONE',  ( 1.500000000000000222, -4.205728427473868436, 4.418519338019010867 ) ) ;
#5655 = PRODUCT_DEFINITION_SHAPE ( 'NONE', 'NONE',  #10749 ) ;
#5656 = FACE_OUTER_BOUND ( 'NONE', #9675, .T. ) ;
#5657 = VERTEX_POINT ( 'NONE', #385 ) ;
#5658 = ORIENTED_EDGE ( 'NONE', *, *, #4273, .T. ) ;
#5659 = DIRECTION ( 'NONE',  ( -1.000000000000000000, 0.000000000000000000, 0.000000000000000000 ) ) ;
#5660 = ORIENTED_EDGE ( 'NONE', *, *, #9882, .F. ) ;
#5661 = CARTESIAN_POINT ( 'NONE',  ( -5.450000000000000178, 1.714505518806294391E-16, -1.750000000000000000 ) ) ;
#5662 = EDGE_LOOP ( 'NONE', ( #8534, #7013, #7247, #8796 ) ) ;
#5663 = AXIS2_PLACEMENT_3D ( 'NONE', #724, #4019, #6885 ) ;
#5664 = EDGE_CURVE ( 'NONE', #9155, #7141, #5151, .T. ) ;
#5665 = CARTESIAN_POINT ( 'NONE',  ( 4.000000000000000000, -7.529940238806680064, -1.350000000000002309 ) ) ;
#5666 = ORIENTED_EDGE ( 'NONE', *, *, #9748, .T. ) ;
#5667 = DIRECTION ( 'NONE',  ( 0.000000000000000000, 0.000000000000000000, 1.000000000000000000 ) ) ;
#5668 = ORIENTED_EDGE ( 'NONE', *, *, #1249, .T. ) ;
#5669 = CARTESIAN_POINT ( 'NONE',  ( 1.699999999999999734, 6.450000000000000178, 13.00000000000000178 ) ) ;
#5670 = ORIENTED_EDGE ( 'NONE', *, *, #6871, .F. ) ;
#5671 = DIRECTION ( 'NONE',  ( 0.000000000000000000, -0.1394778421021818371, -0.9902251923489518992 ) ) ;
#5672 = VERTEX_POINT ( 'NONE', #2659 ) ;
#5673 = CARTESIAN_POINT ( 'NONE',  ( 0.03865979381443093027, 2.115012886601539410, 4.289517798019902628 ) ) ;
#5674 = ADVANCED_FACE ( 'NONE', ( #5970 ), #9301, .F. ) ;
#5675 = EDGE_LOOP ( 'NONE', ( #830, #9808, #7465, #9003 ) ) ;
#5676 = EDGE_CURVE ( 'NONE', #8803, #3731, #9351, .T. ) ;
#5677 = CARTESIAN_POINT ( 'NONE',  ( 6.900000000000000355, 6.339999999999999858, 10.00000000000000178 ) ) ;
#5678 = ORIENTED_EDGE ( 'NONE', *, *, #10005, .T. ) ;
#5679 = DIRECTION ( 'NONE',  ( 1.000000000000000000, 0.000000000000000000, 0.000000000000000000 ) ) ;
#5680 = VECTOR ( 'NONE', #873, 1000.000000000000000 ) ;
#5681 = ORIENTED_EDGE ( 'NONE', *, *, #8494, .T. ) ;
#5682 = FACE_OUTER_BOUND ( 'NONE', #8296, .T. ) ;
#5683 = DIRECTION ( 'NONE',  ( 0.000000000000000000, 0.000000000000000000, -1.000000000000000000 ) ) ;
#5684 = LINE ( 'NONE', #7320, #7081 ) ;
#5685 = CARTESIAN_POINT ( 'NONE',  ( -1.925000000000000044, 4.775000000000000355, 15.00000000000000000 ) ) ;
#5686 = EDGE_CURVE ( 'NONE', #9432, #6485, #9399, .T. ) ;
#5687 = VERTEX_POINT ( 'NONE', #1946 ) ;
#5688 = CARTESIAN_POINT ( 'NONE',  ( 1.925000000000000044, -3.975000000000000089, 31.88557667661039829 ) ) ;
#5689 = CARTESIAN_POINT ( 'NONE',  ( 0.9417852875877362751, 2.859200359058462926, 4.369968843586790719 ) ) ;
#5690 = AXIS2_PLACEMENT_3D ( 'NONE', #2971, #5986, #2679 ) ;
#5691 = DIRECTION ( 'NONE',  ( 1.000000000000000000, 0.000000000000000000, 0.000000000000000000 ) ) ;
#5692 = ORIENTED_EDGE ( 'NONE', *, *, #5508, .T. ) ;
#5693 = LINE ( 'NONE', #9141, #8589 ) ;
#5694 = SHAPE_DEFINITION_REPRESENTATION ( #2879, #6414 ) ;
#5695 = LINE ( 'NONE', #2396, #7204 ) ;
#5696 = FACE_OUTER_BOUND ( 'NONE', #10322, .T. ) ;
#5697 = CARTESIAN_POINT ( 'NONE',  ( -0.6022417256822270026, 4.381600006110689449, 4.489370151136530041 ) ) ;
#5698 = EDGE_CURVE ( 'NONE', #1841, #4501, #1046, .T. ) ;
#5699 = VERTEX_POINT ( 'NONE', #7722 ) ;
#5700 = VECTOR ( 'NONE', #4945, 1000.000000000000000 ) ;
#5701 = DIRECTION ( 'NONE',  ( -0.000000000000000000, -1.000000000000000000, -0.000000000000000000 ) ) ;
#5702 = ADVANCED_FACE ( 'NONE', ( #10266 ), #6897, .F. ) ;
#5703 = CARTESIAN_POINT ( 'NONE',  ( -8.431660231660229599, 0.5000000000000001110, -2.824324324324329893 ) ) ;
#5704 = CARTESIAN_POINT ( 'NONE',  ( 0.000000000000000000, -6.450000000000000178, 13.00000000000000178 ) ) ;
#5705 = CARTESIAN_POINT ( 'NONE',  ( 0.000000000000000000, 0.8000000000000000444, -3.399777700366560573 ) ) ;
#5706 = VECTOR ( 'NONE', #8053, 1000.000000000000000 ) ;
#5707 = CARTESIAN_POINT ( 'NONE',  ( 1.000000000000000000, -6.450000000000000178, 10.50000000000000000 ) ) ;
#5708 = DIRECTION ( 'NONE',  ( -1.000000000000000000, -0.000000000000000000, 0.000000000000000000 ) ) ;
#5709 = DIRECTION ( 'NONE',  ( 0.000000000000000000, -1.000000000000000000, 0.000000000000000000 ) ) ;
#5710 = PLANE ( 'NONE',  #3529 ) ;
#5711 = ORIENTED_EDGE ( 'NONE', *, *, #5010, .F. ) ;
#5712 = EDGE_CURVE ( 'NONE', #4915, #4626, #6072, .T. ) ;
#5713 = ORIENTED_EDGE ( 'NONE', *, *, #7771, .F. ) ;
#5714 = CARTESIAN_POINT ( 'NONE',  ( -5.650000000000000355, 0.5000000000000000000, 1.399999999999999911 ) ) ;
#5715 = ORIENTED_EDGE ( 'NONE', *, *, #405, .F. ) ;
#5716 = DIRECTION ( 'NONE',  ( -0.000000000000000000, -1.000000000000000000, -0.000000000000000000 ) ) ;
#5717 = VECTOR ( 'NONE', #7135, 1000.000000000000000 ) ;
#5718 = APPLICATION_CONTEXT ( 'automotive_design' ) ;
#5719 = EDGE_LOOP ( 'NONE', ( #3601, #7780, #3487, #1750 ) ) ;
#5720 = AXIS2_PLACEMENT_3D ( 'NONE', #5877, #6589, #3225 ) ;
#5721 = DIRECTION ( 'NONE',  ( -0.000000000000000000, 1.000000000000000000, -0.000000000000000000 ) ) ;
#5722 = ORIENTED_EDGE ( 'NONE', *, *, #2110, .F. ) ;
#5723 = DIRECTION ( 'NONE',  ( 0.000000000000000000, 0.000000000000000000, -1.000000000000000000 ) ) ;
#5724 = ORIENTED_EDGE ( 'NONE', *, *, #5813, .F. ) ;
#5725 = FILL_AREA_STYLE ('',( #3337 ) ) ;
#5726 = ORIENTED_EDGE ( 'NONE', *, *, #7208, .T. ) ;
#5727 = CARTESIAN_POINT ( 'NONE',  ( -0.5749999999999999556, -0.4999999999999995559, 2.500000000000000000 ) ) ;
#5728 = VERTEX_POINT ( 'NONE', #7001 ) ;
#5729 = FACE_OUTER_BOUND ( 'NONE', #2629, .T. ) ;
#5730 = AXIS2_PLACEMENT_3D ( 'NONE', #3107, #6416, #9734 ) ;
#5731 = VERTEX_POINT ( 'NONE', #6181 ) ;
#5732 = LINE ( 'NONE', #975, #6478 ) ;
#5733 = EDGE_CURVE ( 'NONE', #8191, #8956, #10594, .T. ) ;
#5734 = CIRCLE ( 'NONE', #9224, 1.399999999999999911 ) ;
#5735 = EDGE_LOOP ( 'NONE', ( #2918, #3235 ) ) ;
#5736 = CARTESIAN_POINT ( 'NONE',  ( 6.400000000000001243, -1.199999999999999734, 1.399999999999999245 ) ) ;
#5737 = ORIENTED_EDGE ( 'NONE', *, *, #3984, .T. ) ;
#5738 = LINE ( 'NONE', #7431, #4079 ) ;
#5739 = CARTESIAN_POINT ( 'NONE',  ( 8.750000000000000000, -7.500000000000000000, 5.000000000000000000 ) ) ;
#5740 = EDGE_CURVE ( 'NONE', #907, #1812, #5421, .T. ) ;
#5741 = LINE ( 'NONE', #4765, #3094 ) ;
#5742 = CARTESIAN_POINT ( 'NONE',  ( -0.5749999999999999556, -0.5000000000000000000, 1.399999999999999911 ) ) ;
#5743 = ORIENTED_EDGE ( 'NONE', *, *, #5032, .T. ) ;
#5744 = ORIENTED_EDGE ( 'NONE', *, *, #1648, .T. ) ;
#5745 = LINE ( 'NONE', #4820, #10495 ) ;
#5746 = VECTOR ( 'NONE', #8538, 1000.000000000000000 ) ;
#5747 = CARTESIAN_POINT ( 'NONE',  ( 8.050000000000000711, 6.450000000000000178, 13.00000000000000178 ) ) ;
#5748 = EDGE_CURVE ( 'NONE', #9155, #4915, #1304, .T. ) ;
#5749 = CARTESIAN_POINT ( 'NONE',  ( -8.000000000000000000, -5.349999999999999645, 15.00000000000000000 ) ) ;
#5750 = EDGE_LOOP ( 'NONE', ( #6991, #4342, #508, #362 ) ) ;
#5751 = CARTESIAN_POINT ( 'NONE',  ( -8.000000000000000000, 0.5000000000000002220, -3.499999999999999556 ) ) ;
#5752 = CARTESIAN_POINT ( 'NONE',  ( -8.074999999999999289, 3.975000000000000089, 0.000000000000000000 ) ) ;
#5753 = LINE ( 'NONE', #10001, #6663 ) ;
#5754 = EDGE_CURVE ( 'NONE', #1453, #898, #4599, .T. ) ;
#5755 = ADVANCED_FACE ( 'NONE', ( #8862 ), #8699, .T. ) ;
#5756 = LINE ( 'NONE', #6628, #730 ) ;
#5757 = ORIENTED_EDGE ( 'NONE', *, *, #1638, .T. ) ;
#5758 = FACE_OUTER_BOUND ( 'NONE', #9001, .T. ) ;
#5759 = CARTESIAN_POINT ( 'NONE',  ( 3.100000000000000533, 0.5000000000000000000, 1.399999999999999911 ) ) ;
#5760 = AXIS2_PLACEMENT_3D ( 'NONE', #10231, #9262, #2781 ) ;
#5761 = CARTESIAN_POINT ( 'NONE',  ( -8.050000000000000711, -6.450000000000000178, 10.50000000000000000 ) ) ;
#5762 = EDGE_CURVE ( 'NONE', #7498, #4435, #3739, .T. ) ;
#5763 = DIRECTION ( 'NONE',  ( 0.000000000000000000, -1.000000000000000000, 0.000000000000000000 ) ) ;
#5764 = SURFACE_SIDE_STYLE ('',( #2513 ) ) ;
#5765 = DIRECTION ( 'NONE',  ( 0.000000000000000000, 0.000000000000000000, -1.000000000000000000 ) ) ;
#5766 = DIRECTION ( 'NONE',  ( 1.000000000000000000, 0.000000000000000000, -0.000000000000000000 ) ) ;
#5767 = ORIENTED_EDGE ( 'NONE', *, *, #5010, .T. ) ;
#5768 = VECTOR ( 'NONE', #1254, 1000.000000000000000 ) ;
#5769 = VERTEX_POINT ( 'NONE', #5359 ) ;
#5770 = CARTESIAN_POINT ( 'NONE',  ( 0.5750000000000001776, -0.5000000000000006661, 1.400000000000000133 ) ) ;
#5771 = VECTOR ( 'NONE', #6633, 1000.000000000000000 ) ;
#5772 = EDGE_LOOP ( 'NONE', ( #1297, #578, #4580, #5670 ) ) ;
#5773 = SURFACE_STYLE_USAGE ( .BOTH. , #8340 ) ;
#5774 = ORIENTED_EDGE ( 'NONE', *, *, #7581, .T. ) ;
#5775 = EDGE_CURVE ( 'NONE', #2462, #9514, #4654, .T. ) ;
#5776 = VECTOR ( 'NONE', #9613, 1000.000000000000000 ) ;
#5777 = EDGE_CURVE ( 'NONE', #10620, #8523, #2224, .T. ) ;
#5778 = AXIS2_PLACEMENT_3D ( 'NONE', #6877, #10192, #6051 ) ;
#5779 = CARTESIAN_POINT ( 'NONE',  ( 0.7249999999999999778, 0.03030552704494689914, -0.5013095140065779720 ) ) ;
#5780 = ORIENTED_EDGE ( 'NONE', *, *, #2184, .F. ) ;
#5781 = DIRECTION ( 'NONE',  ( -0.000000000000000000, 1.000000000000000000, 0.000000000000000000 ) ) ;
#5782 = ORIENTED_EDGE ( 'NONE', *, *, #1294, .F. ) ;
#5783 =( LENGTH_UNIT ( ) NAMED_UNIT ( * ) SI_UNIT ( .MILLI., .METRE. ) );
#5784 = ORIENTED_EDGE ( 'NONE', *, *, #7019, .T. ) ;
#5785 = CARTESIAN_POINT ( 'NONE',  ( 1.074999999999980416, 0.8000000000000000444, -10.89977770036658100 ) ) ;
#5786 = PLANE ( 'NONE',  #8966 ) ;
#5787 = ORIENTED_EDGE ( 'NONE', *, *, #5167, .T. ) ;
#5788 = CARTESIAN_POINT ( 'NONE',  ( 1.335780834395736694, 4.184082860539504622, 4.466268156549253021 ) ) ;
#5789 = VECTOR ( 'NONE', #1154, 1000.000000000000000 ) ;
#5790 = ORIENTED_EDGE ( 'NONE', *, *, #3686, .F. ) ;
#5791 = CARTESIAN_POINT ( 'NONE',  ( -7.485714285714290206, -0.5000000000000004441, -2.500000000000000000 ) ) ;
#5792 = VECTOR ( 'NONE', #8927, 1000.000000000000000 ) ;
#5793 = AXIS2_PLACEMENT_3D ( 'NONE', #2447, #6623, #2395 ) ;
#5794 = EDGE_LOOP ( 'NONE', ( #7970, #434, #1232, #7462 ) ) ;
#5795 = CARTESIAN_POINT ( 'NONE',  ( 9.848823097076499167, -3.000000000000000000, 10.48239748035040186 ) ) ;
#5796 = ORIENTED_EDGE ( 'NONE', *, *, #5553, .T. ) ;
#5797 = LINE ( 'NONE', #5951, #1320 ) ;
#5798 = LINE ( 'NONE', #4764, #1090 ) ;
#5799 = CARTESIAN_POINT ( 'NONE',  ( -6.049999999999999822, 3.975000000000000089, 1.399999999999999689 ) ) ;
#5800 = ORIENTED_EDGE ( 'NONE', *, *, #3084, .T. ) ;
#5801 = LINE ( 'NONE', #4870, #616 ) ;
#5802 = LINE ( 'NONE', #2443, #725 ) ;
#5803 = EDGE_CURVE ( 'NONE', #7931, #8389, #5529, .T. ) ;
#5804 = CYLINDRICAL_SURFACE ( 'NONE', #4, 4.500000000000000888 ) ;
#5805 = ORIENTED_EDGE ( 'NONE', *, *, #2257, .F. ) ;
#5806 = FACE_OUTER_BOUND ( 'NONE', #2790, .T. ) ;
#5807 = COLOUR_RGB ( '',1.000000000000000000, 1.000000000000000000, 1.000000000000000000 ) ;
#5808 = CARTESIAN_POINT ( 'NONE',  ( 0.9999999999999997780, 6.349999999999998757, 10.50000000000000000 ) ) ;
#5809 = LINE ( 'NONE', #4072, #961 ) ;
#5810 = DIRECTION ( 'NONE',  ( -0.3294216623000917887, 0.000000000000000000, 0.9441829104614445356 ) ) ;
#5811 = VERTEX_POINT ( 'NONE', #4709 ) ;
#5812 = DIRECTION ( 'NONE',  ( 0.000000000000000000, 1.000000000000000000, 0.000000000000000000 ) ) ;
#5813 = EDGE_CURVE ( 'NONE', #338, #7265, #968, .T. ) ;
#5814 = DIRECTION ( 'NONE',  ( 0.000000000000000000, -3.654614064557880066E-17, 1.000000000000000000 ) ) ;
#5815 = CIRCLE ( 'NONE', #6341, 1.000000000000000000 ) ;
#5816 = EDGE_CURVE ( 'NONE', #7374, #10685, #3905, .T. ) ;
#5817 = EDGE_CURVE ( 'NONE', #3015, #4612, #7226, .T. ) ;
#5818 = CARTESIAN_POINT ( 'NONE',  ( -8.050000000000000711, 6.450000000000000178, 13.00000000000000178 ) ) ;
#5819 = LINE ( 'NONE', #1641, #10576 ) ;
#5820 = CARTESIAN_POINT ( 'NONE',  ( 0.000000000000000000, 13.03284903301680053, -7.724777700366559863 ) ) ;
#5821 = CARTESIAN_POINT ( 'NONE',  ( -5.450000000000000178, 0.9499999999999999556, -0.3499999999999999223 ) ) ;
#5822 = FILL_AREA_STYLE ('',( #3165 ) ) ;
#5823 = ORIENTED_EDGE ( 'NONE', *, *, #8649, .T. ) ;
#5824 = AXIS2_PLACEMENT_3D ( 'NONE', #1397, #1498, #4695 ) ;
#5825 = VERTEX_POINT ( 'NONE', #2281 ) ;
#5826 = CARTESIAN_POINT ( 'NONE',  ( 0.000000000000000000, 6.450000000000000178, 0.000000000000000000 ) ) ;
#5827 = ORIENTED_EDGE ( 'NONE', *, *, #3579, .F. ) ;
#5828 = EDGE_CURVE ( 'NONE', #1404, #1710, #10545, .T. ) ;
#5829 = ORIENTED_EDGE ( 'NONE', *, *, #7170, .F. ) ;
#5830 = VECTOR ( 'NONE', #634, 1000.000000000000000 ) ;
#5831 = VERTEX_POINT ( 'NONE', #7880 ) ;
#5832 = ORIENTED_EDGE ( 'NONE', *, *, #8851, .F. ) ;
#5833 = LINE ( 'NONE', #10731, #3212 ) ;
#5834 = VERTEX_POINT ( 'NONE', #6398 ) ;
#5835 = CARTESIAN_POINT ( 'NONE',  ( 0.7249999999999999778, -0.002582515898413503819, 2.850000086897570117 ) ) ;
#5836 = FILL_AREA_STYLE_COLOUR ( '', #4260 ) ;
#5837 = ORIENTED_EDGE ( 'NONE', *, *, #5233, .T. ) ;
#5838 = CARTESIAN_POINT ( 'NONE',  ( -9.848823097076495614, -3.000000000000000000, 10.48239748035041075 ) ) ;
#5839 = COLOUR_RGB ( '',0.2000000000000000111, 0.2000000000000000111, 0.2000000000000000111 ) ;
#5840 = ADVANCED_FACE ( 'NONE', ( #2985 ), #6295, .T. ) ;
#5841 = EDGE_CURVE ( 'NONE', #8587, #4094, #10488, .T. ) ;
#5842 = ORIENTED_EDGE ( 'NONE', *, *, #10672, .F. ) ;
#5843 = CARTESIAN_POINT ( 'NONE',  ( -1.699999999999999956, 6.450000000000000178, 10.50000000000000000 ) ) ;
#5844 = ORIENTED_EDGE ( 'NONE', *, *, #1445, .F. ) ;
#5845 = CARTESIAN_POINT ( 'NONE',  ( 0.6681230566992465425, 4.361762736837897059, 4.486937533989109994 ) ) ;
#5846 = VERTEX_POINT ( 'NONE', #6351 ) ;
#5847 = LINE ( 'NONE', #4317, #4420 ) ;
#5848 = CARTESIAN_POINT ( 'NONE',  ( -10.50000000000000000, -7.500000000000000000, 15.00000000000000000 ) ) ;
#5849 = LINE ( 'NONE', #9180, #2056 ) ;
#5850 = CARTESIAN_POINT ( 'NONE',  ( -0.01848690376756958326, 4.494895428734040799, 4.425885681878250821 ) ) ;
#5851 = ORIENTED_EDGE ( 'NONE', *, *, #3879, .T. ) ;
#5852 = CARTESIAN_POINT ( 'NONE',  ( 8.050000000000000711, -6.349999999999999645, 13.00000000000000178 ) ) ;
#5853 = CARTESIAN_POINT ( 'NONE',  ( -9.500000000000000000, 6.349999999999999645, 13.00000000000000178 ) ) ;
#5854 = ORIENTED_EDGE ( 'NONE', *, *, #6525, .F. ) ;
#5855 = LINE ( 'NONE', #6013, #6288 ) ;
#5856 = DIRECTION ( 'NONE',  ( 0.000000000000000000, 4.440892098500625373E-15, 1.000000000000000000 ) ) ;
#5857 = CARTESIAN_POINT ( 'NONE',  ( -4.650000000000000355, 2.815989715978069796, 3.502585681049720012 ) ) ;
#5858 = PLANE ( 'NONE',  #5572 ) ;
#5859 = ORIENTED_EDGE ( 'NONE', *, *, #2461, .F. ) ;
#5860 = EDGE_CURVE ( 'NONE', #6448, #8785, #9719, .T. ) ;
#5861 = CARTESIAN_POINT ( 'NONE',  ( 3.450000000000000178, 1.199999999999999956, 1.899999999999999245 ) ) ;
#5862 = VECTOR ( 'NONE', #3968, 999.9999999999998863 ) ;
#5863 = CARTESIAN_POINT ( 'NONE',  ( 7.500000000000000000, 0.000000000000000000, 0.000000000000000000 ) ) ;
#5864 = CARTESIAN_POINT ( 'NONE',  ( -6.400000000000000355, -1.199999999999999956, 31.88557667661039829 ) ) ;
#5865 = DIRECTION ( 'NONE',  ( -1.000000000000000000, 0.000000000000000000, 0.000000000000000000 ) ) ;
#5866 = CARTESIAN_POINT ( 'NONE',  ( 4.000000000000002665, 0.7118782501609127733, -4.624469942108039078 ) ) ;
#5867 = ADVANCED_FACE ( 'NONE', ( #9670 ), #8919, .T. ) ;
#5868 = ADVANCED_FACE ( 'NONE', ( #9561 ), #9937, .T. ) ;
#5869 = VECTOR ( 'NONE', #9475, 1000.000000000000000 ) ;
#5870 = DIRECTION ( 'NONE',  ( -1.000000000000000000, 0.000000000000000000, 0.000000000000000000 ) ) ;
#5871 = SURFACE_STYLE_USAGE ( .BOTH. , #7405 ) ;
#5872 = ORIENTED_EDGE ( 'NONE', *, *, #3326, .T. ) ;
#5873 = ORIENTED_EDGE ( 'NONE', *, *, #8762, .F. ) ;
#5874 = CARTESIAN_POINT ( 'NONE',  ( -8.970441590861199188, -3.000000000000000000, 5.000000000000000000 ) ) ;
#5875 = EDGE_CURVE ( 'NONE', #5237, #8416, #1568, .T. ) ;
#5876 = ORIENTED_EDGE ( 'NONE', *, *, #2391, .T. ) ;
#5877 = CARTESIAN_POINT ( 'NONE',  ( 3.350000000000000089, 0.8000000000000000444, -3.199777700366559952 ) ) ;
#5878 = LINE ( 'NONE', #9318, #1265 ) ;
#5879 = DIRECTION ( 'NONE',  ( 1.000000000000000000, 0.000000000000000000, -0.000000000000000000 ) ) ;
#5880 = CARTESIAN_POINT ( 'NONE',  ( -0.5749999999999999556, 0.4999999999999998890, 2.500000000000000000 ) ) ;
#5881 = EDGE_CURVE ( 'NONE', #3930, #7369, #5801, .T. ) ;
#5882 = FACE_BOUND ( 'NONE', #4140, .T. ) ;
#5883 = ORIENTED_EDGE ( 'NONE', *, *, #8307, .T. ) ;
#5884 = CARTESIAN_POINT ( 'NONE',  ( -1.171530998059489903, 3.462965283949999140, 4.341799125030329165 ) ) ;
#5885 = AXIS2_PLACEMENT_3D ( 'NONE', #2419, #4195, #1598 ) ;
#5886 = EDGE_LOOP ( 'NONE', ( #645, #5620, #6979, #3717, #6922, #1818, #10335, #8674, #1823, #7874 ) ) ;
#5887 = DIRECTION ( 'NONE',  ( -1.000000000000000000, -0.000000000000000000, 0.000000000000000000 ) ) ;
#5888 = DIRECTION ( 'NONE',  ( 0.000000000000000000, -1.000000000000000000, -0.000000000000000000 ) ) ;
#5889 = ADVANCED_FACE ( 'NONE', ( #711 ), #4169, .T. ) ;
#5890 = ORIENTED_EDGE ( 'NONE', *, *, #8116, .F. ) ;
#5891 = DIRECTION ( 'NONE',  ( 0.000000000000000000, -1.000000000000000000, 0.000000000000000000 ) ) ;
#5892 = ORIENTED_EDGE ( 'NONE', *, *, #10385, .F. ) ;
#5893 = AXIS2_PLACEMENT_3D ( 'NONE', #409, #2249, #4511 ) ;
#5894 = LINE ( 'NONE', #1774, #8399 ) ;
#5895 = VERTEX_POINT ( 'NONE', #9025 ) ;
#5896 = ORIENTED_EDGE ( 'NONE', *, *, #8962, .T. ) ;
#5897 = CARTESIAN_POINT ( 'NONE',  ( -3.449999999999999734, -3.975000000000000089, 1.399999999999999689 ) ) ;
#5898 = CARTESIAN_POINT ( 'NONE',  ( -3.549999999999999822, 0.8000000000000000444, -2.199777700366559952 ) ) ;
#5899 = PLANE ( 'NONE',  #687 ) ;
#5900 = CARTESIAN_POINT ( 'NONE',  ( 1.074365843172530255, 3.964287300314903728, 4.382594509669250016 ) ) ;
#5901 = DIRECTION ( 'NONE',  ( -1.000000000000000000, -0.000000000000000000, 0.000000000000000000 ) ) ;
#5902 = AXIS2_PLACEMENT_3D ( 'NONE', #1203, #2180, #2828 ) ;
#5903 = EDGE_LOOP ( 'NONE', ( #7815, #8846, #395, #2479 ) ) ;
#5904 = CARTESIAN_POINT ( 'NONE',  ( 4.000000000000000000, -2.215285445989072954, 2.913994591726136285 ) ) ;
#5905 = AXIS2_PLACEMENT_3D ( 'NONE', #6791, #5973, #9302 ) ;
#5906 = EDGE_CURVE ( 'NONE', #4609, #9597, #5745, .T. ) ;
#5907 = EDGE_CURVE ( 'NONE', #522, #9339, #9829, .T. ) ;
#5908 = ORIENTED_EDGE ( 'NONE', *, *, #9614, .T. ) ;
#5909 = CYLINDRICAL_SURFACE ( 'NONE', #227, 0.9500000000000000666 ) ;
#5910 = CARTESIAN_POINT ( 'NONE',  ( 0.000000000000000000, -5.349999999999999645, 11.00000000000000000 ) ) ;
#5911 = DIRECTION ( 'NONE',  ( 1.000000000000000000, 0.000000000000000000, -0.000000000000000000 ) ) ;
#5912 = LINE ( 'NONE', #7719, #5746 ) ;
#5913 = ORIENTED_EDGE ( 'NONE', *, *, #7580, .F. ) ;
#5914 = CIRCLE ( 'NONE', #1241, 1.000000000000000888 ) ;
#5915 = DIRECTION ( 'NONE',  ( -0.000000000000000000, -1.000000000000000000, 0.000000000000000000 ) ) ;
#5916 = CARTESIAN_POINT ( 'NONE',  ( 0.5000000000000002220, 0.5000000000000000000, 0.000000000000000000 ) ) ;
#5917 = DIRECTION ( 'NONE',  ( 0.000000000000000000, 0.000000000000000000, -1.000000000000000000 ) ) ;
#5918 = EDGE_CURVE ( 'NONE', #8123, #7213, #8317, .T. ) ;
#5919 = VECTOR ( 'NONE', #5810, 1000.000000000000114 ) ;
#5920 = LINE ( 'NONE', #9355, #4309 ) ;
#5921 = CARTESIAN_POINT ( 'NONE',  ( -1.499999999999999556, 8.985357054628929168E-16, 2.850000000000005418 ) ) ;
#5922 = DIRECTION ( 'NONE',  ( 0.000000000000000000, 0.000000000000000000, 1.000000000000000000 ) ) ;
#5923 = EDGE_LOOP ( 'NONE', ( #8971, #9644, #2285, #7423 ) ) ;
#5924 = VERTEX_POINT ( 'NONE', #768 ) ;
#5925 = DIRECTION ( 'NONE',  ( 1.762930361765040079E-17, -1.000000000000000000, 0.000000000000000000 ) ) ;
#5926 = VERTEX_POINT ( 'NONE', #56 ) ;
#5927 = FILL_AREA_STYLE_COLOUR ( '', #2078 ) ;
#5928 = AXIS2_PLACEMENT_3D ( 'NONE', #2098, #7154, #2863 ) ;
#5929 = CARTESIAN_POINT ( 'NONE',  ( 0.7249999999999999778, 1.652592182892415273, -4.756973892105110124 ) ) ;
#5930 = CARTESIAN_POINT ( 'NONE',  ( 0.000000000000000000, 6.349999999999999645, 13.00000000000000178 ) ) ;
#5931 = ADVANCED_FACE ( 'NONE', ( #4064 ), #6456, .F. ) ;
#5932 = CARTESIAN_POINT ( 'NONE',  ( -0.5000000000000002220, 0.5000000000000001110, 0.000000000000000000 ) ) ;
#5933 = CARTESIAN_POINT ( 'NONE',  ( 7.500000000000000000, 0.5000000000000000000, 1.399999999999999911 ) ) ;
#5934 = VECTOR ( 'NONE', #4299, 1000.000000000000000 ) ;
#5935 = ORIENTED_EDGE ( 'NONE', *, *, #4796, .T. ) ;
#5936 = DIRECTION ( 'NONE',  ( 1.000000000000000000, 0.000000000000000000, -0.000000000000000000 ) ) ;
#5937 = ORIENTED_EDGE ( 'NONE', *, *, #2163, .T. ) ;
#5938 = CARTESIAN_POINT ( 'NONE',  ( 0.7249999999999999778, 0.03030552704494674995, -0.5013095140065778610 ) ) ;
#5939 = EDGE_LOOP ( 'NONE', ( #861, #4385, #5962, #4291 ) ) ;
#5940 = DIRECTION ( 'NONE',  ( 0.000000000000000000, -0.000000000000000000, -1.000000000000000000 ) ) ;
#5941 = EDGE_LOOP ( 'NONE', ( #7746, #8232, #3315, #2092, #969 ) ) ;
#5942 = EDGE_CURVE ( 'NONE', #9800, #5125, #3253, .T. ) ;
#5943 = AXIS2_PLACEMENT_3D ( 'NONE', #1721, #4354, #1973 ) ;
#5944 = VECTOR ( 'NONE', #2664, 1000.000000000000000 ) ;
#5945 = PRODUCT_DEFINITION ( 'UNKNOWN', '', #2961, #6294 ) ;
#5946 = EDGE_CURVE ( 'NONE', #4518, #491, #2336, .T. ) ;
#5947 = CARTESIAN_POINT ( 'NONE',  ( -8.750000000000000000, -7.500000000000000000, 5.000000000000000000 ) ) ;
#5948 = EDGE_LOOP ( 'NONE', ( #10087, #5456, #8891, #9189, #5030, #1651, #4397, #4040, #5854, #8511 ) ) ;
#5949 = VECTOR ( 'NONE', #5766, 1000.000000000000000 ) ;
#5950 = ORIENTED_EDGE ( 'NONE', *, *, #262, .T. ) ;
#5951 = CARTESIAN_POINT ( 'NONE',  ( -8.970441590861199188, 0.000000000000000000, 13.00000000000000178 ) ) ;
#5952 = CARTESIAN_POINT ( 'NONE',  ( -8.970441590861199188, -7.500000000000000000, 5.000000000000000000 ) ) ;
#5953 = VECTOR ( 'NONE', #8576, 1000.000000000000000 ) ;
#5954 = DIRECTION ( 'NONE',  ( 0.000000000000000000, 0.000000000000000000, -1.000000000000000000 ) ) ;
#5955 = CARTESIAN_POINT ( 'NONE',  ( 1.110824415501330042, 3.120327182758986240, 4.313792853761350798 ) ) ;
#5956 = CARTESIAN_POINT ( 'NONE',  ( -5.599999999999999645, -3.000000000000000000, 13.00000000000000178 ) ) ;
#5957 = ORIENTED_EDGE ( 'NONE', *, *, #6141, .T. ) ;
#5958 = EDGE_CURVE ( 'NONE', #1945, #6185, #10647, .T. ) ;
#5959 = CARTESIAN_POINT ( 'NONE',  ( 10.05037900977000476, 3.000000000000000000, 11.42251280115220347 ) ) ;
#5960 = VECTOR ( 'NONE', #6290, 1000.000000000000000 ) ;
#5961 = VECTOR ( 'NONE', #4302, 1000.000000000000000 ) ;
#5962 = ORIENTED_EDGE ( 'NONE', *, *, #2028, .T. ) ;
#5963 = FACE_OUTER_BOUND ( 'NONE', #10173, .T. ) ;
#5964 = DIRECTION ( 'NONE',  ( -1.000000000000000000, -0.000000000000000000, -0.000000000000000000 ) ) ;
#5965 = CYLINDRICAL_SURFACE ( 'NONE', #2152, 0.9500000000000000666 ) ;
#5966 = PLANE ( 'NONE',  #6965 ) ;
#5967 = VECTOR ( 'NONE', #551, 1000.000000000000000 ) ;
#5968 = ORIENTED_EDGE ( 'NONE', *, *, #2494, .T. ) ;
#5969 = PRODUCT_DEFINITION_CONTEXT ( 'detailed design', #6272, 'design' ) ;
#5970 = FACE_OUTER_BOUND ( 'NONE', #4794, .T. ) ;
#5971 = ADVANCED_FACE ( 'NONE', ( #2442 ), #9079, .F. ) ;
#5972 = EDGE_CURVE ( 'NONE', #4433, #7610, #8264, .T. ) ;
#5973 = DIRECTION ( 'NONE',  ( 0.9441829104614446466, 0.000000000000000000, 0.3294216623000918442 ) ) ;
#5974 = LINE ( 'NONE', #229, #4207 ) ;
#5975 = DIRECTION ( 'NONE',  ( 0.000000000000000000, 0.1394778421021776182, 0.9902251923489524543 ) ) ;
#5976 = CARTESIAN_POINT ( 'NONE',  ( -8.000000000000000000, 5.349999999999999645, 1.399999999999999911 ) ) ;
#5977 = CARTESIAN_POINT ( 'NONE',  ( -1.925000000000000044, -4.775000000000000355, 31.88557667661039829 ) ) ;
#5978 = VERTEX_POINT ( 'NONE', #827 ) ;
#5979 = VERTEX_POINT ( 'NONE', #4121 ) ;
#5980 = CYLINDRICAL_SURFACE ( 'NONE', #6528, 1.000000000000000000 ) ;
#5981 = VERTEX_POINT ( 'NONE', #7437 ) ;
#5982 = DIRECTION ( 'NONE',  ( 0.000000000000000000, -0.000000000000000000, -1.000000000000000000 ) ) ;
#5983 = VECTOR ( 'NONE', #991, 1000.000000000000000 ) ;
#5984 = EDGE_LOOP ( 'NONE', ( #5162, #2905, #7209, #2318 ) ) ;
#5985 = CARTESIAN_POINT ( 'NONE',  ( -8.050000000000000711, 6.450000000000000178, 0.000000000000000000 ) ) ;
#5986 = DIRECTION ( 'NONE',  ( 0.000000000000000000, -1.000000000000000000, 0.000000000000000000 ) ) ;
#5987 = PLANE ( 'NONE',  #9961 ) ;
#5988 = AXIS2_PLACEMENT_3D ( 'NONE', #1508, #6503, #9824 ) ;
#5989 = LINE ( 'NONE', #4353, #7115 ) ;
#5990 = ORIENTED_EDGE ( 'NONE', *, *, #10411, .F. ) ;
#5991 = DIRECTION ( 'NONE',  ( -1.000000000000000000, -0.000000000000000000, -0.000000000000000000 ) ) ;
#5992 = ORIENTED_EDGE ( 'NONE', *, *, #1693, .F. ) ;
#5993 = EDGE_LOOP ( 'NONE', ( #7015, #1861, #1208, #2692 ) ) ;
#5994 = CARTESIAN_POINT ( 'NONE',  ( 0.8876737873761544328, 4.672152090638038047, 4.525013412462043583 ) ) ;
#5995 = EDGE_CURVE ( 'NONE', #417, #1169, #2, .T. ) ;
#5996 = ORIENTED_EDGE ( 'NONE', *, *, #10532, .T. ) ;
#5997 = VECTOR ( 'NONE', #8580, 1000.000000000000000 ) ;
#5998 = PLANE ( 'NONE',  #239 ) ;
#5999 = ORIENTED_EDGE ( 'NONE', *, *, #6692, .F. ) ;
#6000 = EDGE_CURVE ( 'NONE', #5121, #4533, #5515, .T. ) ;
#6001 = VECTOR ( 'NONE', #7461, 1000.000000000000000 ) ;
#6002 = ORIENTED_EDGE ( 'NONE', *, *, #1825, .F. ) ;
#6003 = LINE ( 'NONE', #9548, #2705 ) ;
#6004 = DIRECTION ( 'NONE',  ( -1.000000000000000000, -0.000000000000000000, -0.000000000000000000 ) ) ;
#6005 = LINE ( 'NONE', #6279, #3450 ) ;
#6006 = DIRECTION ( 'NONE',  ( -0.000000000000000000, 0.000000000000000000, 1.000000000000000000 ) ) ;
#6007 = DIRECTION ( 'NONE',  ( 1.000000000000000000, 0.000000000000000000, -0.000000000000000000 ) ) ;
#6008 = EDGE_CURVE ( 'NONE', #7425, #8478, #6437, .T. ) ;
#6009 = ORIENTED_EDGE ( 'NONE', *, *, #6467, .T. ) ;
#6010 = CARTESIAN_POINT ( 'NONE',  ( 8.000000000000000000, 4.775000000000000355, 15.00000000000000000 ) ) ;
#6011 = VECTOR ( 'NONE', #3730, 1000.000000000000000 ) ;
#6012 = ORIENTED_EDGE ( 'NONE', *, *, #388, .T. ) ;
#6013 = CARTESIAN_POINT ( 'NONE',  ( 6.400000000000000355, -0.5000000000000000000, 1.399999999999998579 ) ) ;
#6014 = EDGE_CURVE ( 'NONE', #1763, #315, #7097, .T. ) ;
#6015 = CARTESIAN_POINT ( 'NONE',  ( 0.03865979381443093027, 2.115012886601539410, 4.289517798019902628 ) ) ;
#6016 = CARTESIAN_POINT ( 'NONE',  ( 3.100000000000000533, -3.975000000000000089, 1.899999999999999911 ) ) ;
#6017 = CARTESIAN_POINT ( 'NONE',  ( 0.000000000000000000, -4.775000000000000355, 0.000000000000000000 ) ) ;
#6018 = VERTEX_POINT ( 'NONE', #4750 ) ;
#6019 = EDGE_CURVE ( 'NONE', #36, #1420, #1394, .T. ) ;
#6020 = EDGE_CURVE ( 'NONE', #10191, #3274, #8032, .T. ) ;
#6021 = DIRECTION ( 'NONE',  ( 0.000000000000000000, 0.000000000000000000, 1.000000000000000000 ) ) ;
#6022 =( LENGTH_UNIT ( ) NAMED_UNIT ( * ) SI_UNIT ( .MILLI., .METRE. ) );
#6023 = CARTESIAN_POINT ( 'NONE',  ( -3.100000000000000533, -3.975000000000000089, 1.899999999999999689 ) ) ;
#6024 = LINE ( 'NONE', #2665, #8498 ) ;
#6025 = ORIENTED_EDGE ( 'NONE', *, *, #5165, .F. ) ;
#6026 = CARTESIAN_POINT ( 'NONE',  ( 0.000000000000000000, 0.000000000000000000, 13.00000000000000178 ) ) ;
#6027 = EDGE_CURVE ( 'NONE', #5672, #10307, #9756, .T. ) ;
#6028 = CARTESIAN_POINT ( 'NONE',  ( 0.000000000000000000, 0.000000000000000000, 0.000000000000000000 ) ) ;
#6029 = DIRECTION ( 'NONE',  ( -0.000000000000000000, 1.000000000000000000, 0.000000000000000000 ) ) ;
#6030 = EDGE_CURVE ( 'NONE', #5447, #5979, #3179, .T. ) ;
#6031 = VERTEX_POINT ( 'NONE', #535 ) ;
#6032 = AXIS2_PLACEMENT_3D ( 'NONE', #3459, #4371, #8475 ) ;
#6033 = DIRECTION ( 'NONE',  ( 1.000000000000000000, 0.000000000000000000, -0.000000000000000000 ) ) ;
#6034 = VERTEX_POINT ( 'NONE', #10575 ) ;
#6035 = CARTESIAN_POINT ( 'NONE',  ( -1.389392127056390036, 2.900274858263085065, 4.295935109246595829 ) ) ;
#6036 = CARTESIAN_POINT ( 'NONE',  ( 1.500000000000000000, -2.258797326885943590, -4.206036415801495565 ) ) ;
#6037 = VECTOR ( 'NONE', #7649, 1000.000000000000000 ) ;
#6038 = CARTESIAN_POINT ( 'NONE',  ( -31.38557667661039829, -6.250000000000000000, 0.000000000000000000 ) ) ;
#6039 = CARTESIAN_POINT ( 'NONE',  ( 3.100000000000000533, -1.199999999999999956, 31.88557667661039829 ) ) ;
#6040 = CARTESIAN_POINT ( 'NONE',  ( -8.000000000000000000, 0.000000000000000000, 0.000000000000000000 ) ) ;
#6041 = PLANE ( 'NONE',  #8220 ) ;
#6042 = ORIENTED_EDGE ( 'NONE', *, *, #8417, .F. ) ;
#6043 = CARTESIAN_POINT ( 'NONE',  ( -9.848823097076499167, -3.000000000000000000, 7.517602519649591031 ) ) ;
#6044 = EDGE_LOOP ( 'NONE', ( #1205, #7821, #6283, #7167, #7852, #10332, #7531, #3790, #130, #3857, #5175, #4698, #8500, #3010, #5365, #6158, #1901, #1230, #846 ) ) ;
#6045 = CARTESIAN_POINT ( 'NONE',  ( 8.400000000000000355, 0.5000000000000003331, -3.499999999999999556 ) ) ;
#6046 = AXIS2_PLACEMENT_3D ( 'NONE', #96, #5891, #10137 ) ;
#6047 = ORIENTED_EDGE ( 'NONE', *, *, #5375, .T. ) ;
#6048 = CARTESIAN_POINT ( 'NONE',  ( 10.58818515033610552, 3.000000000000000000, 9.343524243637009619 ) ) ;
#6049 = VECTOR ( 'NONE', #4603, 1000.000000000000000 ) ;
#6050 = ORIENTED_EDGE ( 'NONE', *, *, #1406, .F. ) ;
#6051 = DIRECTION ( 'NONE',  ( 0.000000000000000000, 0.000000000000000000, -1.000000000000000000 ) ) ;
#6052 = VECTOR ( 'NONE', #7277, 1000.000000000000000 ) ;
#6053 = EDGE_CURVE ( 'NONE', #6513, #5543, #7555, .T. ) ;
#6054 = ORIENTED_EDGE ( 'NONE', *, *, #2909, .T. ) ;
#6055 = ORIENTED_EDGE ( 'NONE', *, *, #5611, .F. ) ;
#6056 = DIRECTION ( 'NONE',  ( 0.000000000000000000, 0.1394778421021805881, 0.9902251923489521213 ) ) ;
#6057 = LINE ( 'NONE', #9284, #4364 ) ;
#6058 = CARTESIAN_POINT ( 'NONE',  ( 8.970441590861199188, -3.000000000000000444, 5.000000000000000000 ) ) ;
#6059 = LINE ( 'NONE', #212, #2467 ) ;
#6060 = DIRECTION ( 'NONE',  ( -1.000000000000000000, 0.000000000000000000, 0.000000000000000000 ) ) ;
#6061 = ORIENTED_EDGE ( 'NONE', *, *, #3241, .F. ) ;
#6062 = AXIS2_PLACEMENT_3D ( 'NONE', #4947, #2408, #9153 ) ;
#6063 = EDGE_CURVE ( 'NONE', #9059, #6837, #2151, .T. ) ;
#6064 = EDGE_CURVE ( 'NONE', #4344, #1602, #6492, .T. ) ;
#6065 = STYLED_ITEM ( 'NONE', ( #9649 ), #8482 ) ;
#6066 = VERTEX_POINT ( 'NONE', #10468 ) ;
#6067 = DIRECTION ( 'NONE',  ( 0.000000000000000000, -1.000000000000000000, -0.000000000000000000 ) ) ;
#6068 =( LENGTH_UNIT ( ) NAMED_UNIT ( * ) SI_UNIT ( .MILLI., .METRE. ) );
#6069 = DIRECTION ( 'NONE',  ( -0.000000000000000000, -0.000000000000000000, -1.000000000000000000 ) ) ;
#6070 = DIRECTION ( 'NONE',  ( 0.000000000000000000, -3.576749435003730024E-16, -1.000000000000000000 ) ) ;
#6071 = ORIENTED_EDGE ( 'NONE', *, *, #3348, .T. ) ;
#6072 = LINE ( 'NONE', #2818, #8244 ) ;
#6073 = CIRCLE ( 'NONE', #1403, 0.2000000000000000944 ) ;
#6074 = CARTESIAN_POINT ( 'NONE',  ( 3.100000000000000533, 1.199999999999999956, 31.88557667661039829 ) ) ;
#6075 = ADVANCED_FACE ( 'NONE', ( #4581 ), #3023, .T. ) ;
#6076 = FACE_OUTER_BOUND ( 'NONE', #1987, .T. ) ;
#6077 = EDGE_CURVE ( 'NONE', #6554, #7354, #1478, .T. ) ;
#6078 = EDGE_CURVE ( 'NONE', #7141, #4626, #9657, .T. ) ;
#6079 = CARTESIAN_POINT ( 'NONE',  ( 0.7249999999999999778, 8.985357054628929168E-16, 41.22500000000000142 ) ) ;
#6080 = ORIENTED_EDGE ( 'NONE', *, *, #324, .F. ) ;
#6081 = DIRECTION ( 'NONE',  ( 0.000000000000000000, 0.9832147215839173171, -0.1824522163763980520 ) ) ;
#6082 = CARTESIAN_POINT ( 'NONE',  ( 0.000000000000000000, 0.000000000000000000, -2.199777700366559952 ) ) ;
#6083 = VERTEX_POINT ( 'NONE', #7976 ) ;
#6084 = DIRECTION ( 'NONE',  ( 0.000000000000000000, -0.000000000000000000, 1.000000000000000000 ) ) ;
#6085 = VERTEX_POINT ( 'NONE', #5399 ) ;
#6086 = PLANE ( 'NONE',  #9149 ) ;
#6087 = ORIENTED_EDGE ( 'NONE', *, *, #9810, .T. ) ;
#6088 = CARTESIAN_POINT ( 'NONE',  ( 3.100000000000000533, 1.199999999999999956, 31.88557667661039829 ) ) ;
#6089 = EDGE_CURVE ( 'NONE', #10247, #1974, #8737, .T. ) ;
#6090 = AXIS2_PLACEMENT_3D ( 'NONE', #6517, #886, #6464 ) ;
#6091 = DIRECTION ( 'NONE',  ( 0.000000000000000000, 0.000000000000000000, -1.000000000000000000 ) ) ;
#6092 = DIRECTION ( 'NONE',  ( 1.000000000000000000, 0.000000000000000000, 0.000000000000000000 ) ) ;
#6093 = DIRECTION ( 'NONE',  ( 0.000000000000000000, 0.000000000000000000, 1.000000000000000000 ) ) ;
#6094 = DIRECTION ( 'NONE',  ( -1.000000000000000000, 0.000000000000000000, 0.000000000000000000 ) ) ;
#6095 = CARTESIAN_POINT ( 'NONE',  ( 0.04639175257731656399, 2.511275773199482142, 4.314342745025240511 ) ) ;
#6096 = ORIENTED_EDGE ( 'NONE', *, *, #1038, .T. ) ;
#6097 = VERTEX_POINT ( 'NONE', #6384 ) ;
#6098 = CARTESIAN_POINT ( 'NONE',  ( 1.500000000000000000, -4.194909307385540131, 4.517932348437740053 ) ) ;
#6099 = VECTOR ( 'NONE', #5580, 1000.000000000000000 ) ;
#6100 = ORIENTED_EDGE ( 'NONE', *, *, #8741, .T. ) ;
#6101 = DIRECTION ( 'NONE',  ( 0.000000000000000000, 0.1081912008832670441, 0.9941301041872921962 ) ) ;
#6102 = ORIENTED_EDGE ( 'NONE', *, *, #10532, .F. ) ;
#6103 = EDGE_CURVE ( 'NONE', #4501, #9813, #9703, .T. ) ;
#6104 = EDGE_CURVE ( 'NONE', #1600, #620, #480, .T. ) ;
#6105 = AXIS2_PLACEMENT_3D ( 'NONE', #9420, #7736, #4247 ) ;
#6106 = DIRECTION ( 'NONE',  ( 0.000000000000000000, 0.000000000000000000, -1.000000000000000000 ) ) ;
#6107 = CARTESIAN_POINT ( 'NONE',  ( -5.599999999999999645, -3.000000000000000000, 9.000000000000001776 ) ) ;
#6108 = ORIENTED_EDGE ( 'NONE', *, *, #7376, .T. ) ;
#6109 = ORIENTED_EDGE ( 'NONE', *, *, #6475, .F. ) ;
#6110 = CARTESIAN_POINT ( 'NONE',  ( 1.000000000000000000, -6.349999999999999645, 12.00000000000000000 ) ) ;
#6111 = LINE ( 'NONE', #6278, #2988 ) ;
#6112 = PLANE ( 'NONE',  #2746 ) ;
#6113 = DIRECTION ( 'NONE',  ( 1.000000000000000000, -1.762930361765040079E-17, -0.000000000000000000 ) ) ;
#6114 = CARTESIAN_POINT ( 'NONE',  ( -1.341758172848136033, 2.817101001223328183, 4.336320484564335054 ) ) ;
#6115 = VECTOR ( 'NONE', #1100, 1000.000000000000000 ) ;
#6116 = AXIS2_PLACEMENT_3D ( 'NONE', #10342, #9526, #7077 ) ;
#6117 = ORIENTED_EDGE ( 'NONE', *, *, #7977, .F. ) ;
#6118 = STYLED_ITEM ( 'NONE', ( #3710 ), #4747 ) ;
#6119 = AXIS2_PLACEMENT_3D ( 'NONE', #99, #3295, #9126 ) ;
#6120 = ORIENTED_EDGE ( 'NONE', *, *, #4479, .F. ) ;
#6121 = CARTESIAN_POINT ( 'NONE',  ( 0.000000000000000000, -0.5000000000000000000, -0.9499999999999999556 ) ) ;
#6122 = CARTESIAN_POINT ( 'NONE',  ( 0.3254450534670935147, 2.127362960794421554, 4.328781320086223516 ) ) ;
#6123 = CARTESIAN_POINT ( 'NONE',  ( -1.239122206089388945, 4.334755099941625112, 4.508670812870168021 ) ) ;
#6124 = DIRECTION ( 'NONE',  ( 1.000000000000000000, 0.000000000000000000, 0.000000000000000000 ) ) ;
#6125 = ORIENTED_EDGE ( 'NONE', *, *, #4840, .F. ) ;
#6126 = B_SPLINE_CURVE_WITH_KNOTS ( 'NONE', 3,
 ( #10200, #8744, #6935, #2805, #1292, #1993, #7926, #1137, #4431, #7761, #10313, #3618, #5349, #6114, #8638, #4478, #6171, #2045, #8686, #4530, #3238, #5673 ),
 .UNSPECIFIED., .F., .F.,
 ( 4, 2, 2, 2, 2, 2, 2, 2, 2, 2, 4 ),
 ( 0.0002853950190831810812, 0.0008624530424214550250, 0.001439511065759728915, 0.001728040077428866835, 0.002016569089098004322, 0.002593627112436280163, 0.003170685135774555571, 0.003459214147443692624, 0.003747743159112829677, 0.004324801182451104217, 0.004901859205789379191 ),
 .UNSPECIFIED. ) ;
#6127 = CARTESIAN_POINT ( 'NONE',  ( -6.399999999999999467, -3.975000000000000089, 1.399999999999999689 ) ) ;
#6128 = VECTOR ( 'NONE', #8174, 1000.000000000000000 ) ;
#6129 = AXIS2_PLACEMENT_3D ( 'NONE', #5820, #789, #8280 ) ;
#6130 = ADVANCED_FACE ( 'NONE', ( #6275 ), #4636, .F. ) ;
#6131 = CARTESIAN_POINT ( 'NONE',  ( 0.4640941335677582491, 4.444229454618072950, 4.499197503193331116 ) ) ;
#6132 = LINE ( 'NONE', #1402, #7872 ) ;
#6133 = DIRECTION ( 'NONE',  ( 0.000000000000000000, -0.9902251923489521213, 0.1394778421021800052 ) ) ;
#6134 = ORIENTED_EDGE ( 'NONE', *, *, #10113, .T. ) ;
#6135 = CARTESIAN_POINT ( 'NONE',  ( 1.699999999999999956, -6.450000000000000178, 13.00000000000000178 ) ) ;
#6136 = VECTOR ( 'NONE', #7121, 1000.000000000000000 ) ;
#6137 =( NAMED_UNIT ( * ) SI_UNIT ( $, .STERADIAN. ) SOLID_ANGLE_UNIT ( ) );
#6138 = DIRECTION ( 'NONE',  ( -0.000000000000000000, 3.776434533376479869E-16, 1.000000000000000000 ) ) ;
#6139 = ORIENTED_EDGE ( 'NONE', *, *, #7969, .T. ) ;
#6140 = CARTESIAN_POINT ( 'NONE',  ( 0.000000000000000000, -6.349999999999999645, 13.00000000000000178 ) ) ;
#6141 = EDGE_CURVE ( 'NONE', #555, #803, #8901, .T. ) ;
#6142 = ORIENTED_EDGE ( 'NONE', *, *, #7641, .T. ) ;
#6143 = DIRECTION ( 'NONE',  ( 0.000000000000000000, 1.000000000000000000, 0.000000000000000000 ) ) ;
#6144 = ORIENTED_EDGE ( 'NONE', *, *, #10661, .F. ) ;
#6145 = LINE ( 'NONE', #3592, #6736 ) ;
#6146 = EDGE_CURVE ( 'NONE', #7679, #1404, #1301, .T. ) ;
#6147 = DIRECTION ( 'NONE',  ( 1.000000000000000000, 0.000000000000000000, -1.257045997084639900E-16 ) ) ;
#6148 = LINE ( 'NONE', #2021, #1441 ) ;
#6149 = LINE ( 'NONE', #2132, #5522 ) ;
#6150 = CARTESIAN_POINT ( 'NONE',  ( 0.000000000000000000, 3.975000000000000089, 0.000000000000000000 ) ) ;
#6151 = CARTESIAN_POINT ( 'NONE',  ( 0.3352747726324564748, 2.526825128641990936, 4.315381130647331531 ) ) ;
#6152 = ORIENTED_EDGE ( 'NONE', *, *, #3451, .T. ) ;
#6153 = ADVANCED_FACE ( 'NONE', ( #35 ), #7586, .T. ) ;
#6154 = ORIENTED_EDGE ( 'NONE', *, *, #369, .T. ) ;
#6155 = CARTESIAN_POINT ( 'NONE',  ( -9.913744736894727794, -3.000000000000000000, 11.81413169024230037 ) ) ;
#6156 = VERTEX_POINT ( 'NONE', #5669 ) ;
#6157 = CARTESIAN_POINT ( 'NONE',  ( 10.41980543215949950, 3.000000000000000000, 9.925437956591640187 ) ) ;
#6158 = ORIENTED_EDGE ( 'NONE', *, *, #8851, .T. ) ;
#6159 = VECTOR ( 'NONE', #10540, 1000.000000000000000 ) ;
#6160 = CARTESIAN_POINT ( 'NONE',  ( 10.19772880358570077, 3.000000000000000000, 9.925437956591640187 ) ) ;
#6161 = ORIENTED_EDGE ( 'NONE', *, *, #4618, .T. ) ;
#6162 = DIRECTION ( 'NONE',  ( 0.000000000000000000, 0.000000000000000000, 1.000000000000000000 ) ) ;
#6163 = ORIENTED_EDGE ( 'NONE', *, *, #1406, .T. ) ;
#6164 = EDGE_CURVE ( 'NONE', #2217, #9339, #5833, .T. ) ;
#6165 = ORIENTED_EDGE ( 'NONE', *, *, #2427, .T. ) ;
#6166 = CARTESIAN_POINT ( 'NONE',  ( -1.500000000000000000, -4.205728427473870212, 4.418519338019010867 ) ) ;
#6167 = FACE_OUTER_BOUND ( 'NONE', #5662, .T. ) ;
#6168 = ADVANCED_FACE ( 'NONE', ( #9916 ), #8975, .F. ) ;
#6169 = LINE ( 'NONE', #6933, #1532 ) ;
#6170 = CARTESIAN_POINT ( 'NONE',  ( 1.925000000000000044, 4.775000000000000355, 0.000000000000000000 ) ) ;
#6171 = CARTESIAN_POINT ( 'NONE',  ( -1.108978911255827038, 2.512712032521492667, 4.314388711056630576 ) ) ;
#6172 = ORIENTED_EDGE ( 'NONE', *, *, #10113, .F. ) ;
#6173 = AXIS2_PLACEMENT_3D ( 'NONE', #3012, #6324, #7197 ) ;
#6174 = ORIENTED_EDGE ( 'NONE', *, *, #8224, .F. ) ;
#6175 = PLANE ( 'NONE',  #1106 ) ;
#6176 = CARTESIAN_POINT ( 'NONE',  ( 1.500260488662192637, 3.466084841731101651, 4.437877139481593680 ) ) ;
#6177 = CARTESIAN_POINT ( 'NONE',  ( -1.389392127056390036, 2.900274858263103273, 4.295935109246372008 ) ) ;
#6178 = LINE ( 'NONE', #9507, #3665 ) ;
#6179 = VERTEX_POINT ( 'NONE', #195 ) ;
#6180 = UNCERTAINTY_MEASURE_WITH_UNIT (LENGTH_MEASURE( 1.000000000000000082E-05 ), #8284, 'distance_accuracy_value', 'NONE');
#6181 = CARTESIAN_POINT ( 'NONE',  ( 4.000000000000000000, -2.258797326885945367, -4.206036415801493789 ) ) ;
#6182 = VECTOR ( 'NONE', #4587, 1000.000000000000000 ) ;
#6183 = LINE ( 'NONE', #9512, #6648 ) ;
#6184 = FILL_AREA_STYLE ('',( #2881 ) ) ;
#6185 = VERTEX_POINT ( 'NONE', #6813 ) ;
#6186 = DIRECTION ( 'NONE',  ( 0.000000000000000000, 0.000000000000000000, 1.000000000000000000 ) ) ;
#6187 = CIRCLE ( 'NONE', #2254, 1.399999999999999911 ) ;
#6188 = FACE_OUTER_BOUND ( 'NONE', #9356, .T. ) ;
#6189 = ADVANCED_FACE ( 'NONE', ( #5122 ), #10439, .F. ) ;
#6190 = EDGE_LOOP ( 'NONE', ( #6573, #7216, #8923, #24 ) ) ;
#6191 = CARTESIAN_POINT ( 'NONE',  ( 0.1344723204499919944, 2.120521932950988564, 4.232319416184303407 ) ) ;
#6192 = VERTEX_POINT ( 'NONE', #1867 ) ;
#6193 = DIRECTION ( 'NONE',  ( 0.3243243243243248974, 0.000000000000000000, -0.9459459459459457209 ) ) ;
#6194 = ORIENTED_EDGE ( 'NONE', *, *, #7218, .F. ) ;
#6195 = DIRECTION ( 'NONE',  ( 8.673617379884040402E-17, 0.000000000000000000, -1.000000000000000000 ) ) ;
#6196 = PLANE ( 'NONE',  #4172 ) ;
#6197 = ADVANCED_FACE ( 'NONE', ( #6244 ), #2683, .T. ) ;
#6198 = CARTESIAN_POINT ( 'NONE',  ( 0.000000000000000000, 5.350000000000000533, 12.00000000000000000 ) ) ;
#6199 = ADVANCED_FACE ( 'NONE', ( #450, #1919 ), #6303, .T. ) ;
#6200 = LINE ( 'NONE', #5379, #10737 ) ;
#6201 = CARTESIAN_POINT ( 'NONE',  ( 8.000000000000000000, -5.349999999999999645, 1.399999999999999911 ) ) ;
#6202 = VECTOR ( 'NONE', #7286, 1000.000000000000000 ) ;
#6203 = PLANE ( 'NONE',  #533 ) ;
#6204 = FILL_AREA_STYLE ('',( #7962 ) ) ;
#6205 = EDGE_CURVE ( 'NONE', #9755, #6958, #504, .T. ) ;
#6206 = ORIENTED_EDGE ( 'NONE', *, *, #1525, .F. ) ;
#6207 = ORIENTED_EDGE ( 'NONE', *, *, #4812, .F. ) ;
#6208 = LINE ( 'NONE', #4462, #7048 ) ;
#6209 = ORIENTED_EDGE ( 'NONE', *, *, #1322, .F. ) ;
#6210 = CARTESIAN_POINT ( 'NONE',  ( 4.000000000000000000, 8.985357054628929168E-16, 41.22500000000000142 ) ) ;
#6211 = ORIENTED_EDGE ( 'NONE', *, *, #4812, .T. ) ;
#6212 = AXIS2_PLACEMENT_3D ( 'NONE', #6225, #7864, #2043 ) ;
#6213 = DIRECTION ( 'NONE',  ( 0.000000000000000000, 0.000000000000000000, 1.000000000000000000 ) ) ;
#6214 = ADVANCED_FACE ( 'NONE', ( #1019 ), #1312, .T. ) ;
#6215 = CARTESIAN_POINT ( 'NONE',  ( -0.5749999999999999556, 5.349999999999999645, 1.399999999999999911 ) ) ;
#6216 = ORIENTED_EDGE ( 'NONE', *, *, #7652, .F. ) ;
#6217 = PLANE ( 'NONE',  #8853 ) ;
#6218 = ADVANCED_FACE ( 'NONE', ( #8512 ), #10383, .F. ) ;
#6219 = EDGE_CURVE ( 'NONE', #7435, #4089, #1067, .T. ) ;
#6220 = AXIS2_PLACEMENT_3D ( 'NONE', #7477, #41, #3342 ) ;
#6221 = VERTEX_POINT ( 'NONE', #3551 ) ;
#6222 = ORIENTED_EDGE ( 'NONE', *, *, #7276, .T. ) ;
#6223 = CARTESIAN_POINT ( 'NONE',  ( 2.000000000000000000, -0.5000000000000000000, 10.30000000000000071 ) ) ;
#6224 = CYLINDRICAL_SURFACE ( 'NONE', #1943, 1.000000000000000888 ) ;
#6225 = CARTESIAN_POINT ( 'NONE',  ( 4.649999999999999467, 0.000000000000000000, 0.000000000000000000 ) ) ;
#6226 = PLANE ( 'NONE',  #9066 ) ;
#6227 = DIRECTION ( 'NONE',  ( 1.000000000000000000, 0.000000000000000000, -0.000000000000000000 ) ) ;
#6228 = ORIENTED_EDGE ( 'NONE', *, *, #5446, .F. ) ;
#6229 = EDGE_CURVE ( 'NONE', #2384, #3571, #6868, .T. ) ;
#6230 = DIRECTION ( 'NONE',  ( 1.000000000000000000, -5.102127870520019996E-16, 0.000000000000000000 ) ) ;
#6231 = CARTESIAN_POINT ( 'NONE',  ( 0.5000000000000000000, 0.5000000000000000000, -3.500000000000000000 ) ) ;
#6232 = CARTESIAN_POINT ( 'NONE',  ( -1.478388629207168847, 3.789912436287933950, 4.464262459172728903 ) ) ;
#6233 = DIRECTION ( 'NONE',  ( 0.000000000000000000, 0.000000000000000000, 1.000000000000000000 ) ) ;
#6234 = ORIENTED_EDGE ( 'NONE', *, *, #9274, .F. ) ;
#6235 = CIRCLE ( 'NONE', #6759, 0.9500000000000000666 ) ;
#6236 = DIRECTION ( 'NONE',  ( -1.000000000000000000, -0.000000000000000000, 0.000000000000000000 ) ) ;
#6237 =( NAMED_UNIT ( * ) PLANE_ANGLE_UNIT ( ) SI_UNIT ( $, .RADIAN. ) );
#6238 = EDGE_CURVE ( 'NONE', #8298, #7039, #3798, .T. ) ;
#6239 = EDGE_CURVE ( 'NONE', #6890, #7553, #1364, .T. ) ;
#6240 = CIRCLE ( 'NONE', #5192, 0.4000000000000001887 ) ;
#6241 = ORIENTED_EDGE ( 'NONE', *, *, #8320, .F. ) ;
#6242 = CARTESIAN_POINT ( 'NONE',  ( 3.049999999999999378, 0.000000000000000000, -2.199777700366559507 ) ) ;
#6243 = CARTESIAN_POINT ( 'NONE',  ( -5.000000000000000000, 3.975000000000000089, 2.199777700366579936 ) ) ;
#6244 = FACE_OUTER_BOUND ( 'NONE', #7512, .T. ) ;
#6245 = LINE ( 'NONE', #3749, #771 ) ;
#6246 = ORIENTED_EDGE ( 'NONE', *, *, #7478, .T. ) ;
#6247 = CARTESIAN_POINT ( 'NONE',  ( 0.7992591150592519567, 4.722117790895018707, 4.444382537252158372 ) ) ;
#6248 = ORIENTED_EDGE ( 'NONE', *, *, #322, .F. ) ;
#6249 = DIRECTION ( 'NONE',  ( -0.000000000000000000, -1.000000000000000000, -0.000000000000000000 ) ) ;
#6250 = ORIENTED_EDGE ( 'NONE', *, *, #7159, .F. ) ;
#6251 = CARTESIAN_POINT ( 'NONE',  ( -6.400000000000000355, 0.4999999999999997780, 1.399999999999999689 ) ) ;
#6252 = VERTEX_POINT ( 'NONE', #2613 ) ;
#6253 = DIRECTION ( 'NONE',  ( -0.000000000000000000, -0.000000000000000000, -1.000000000000000000 ) ) ;
#6254 = DIRECTION ( 'NONE',  ( 0.000000000000000000, -1.000000000000000000, -0.000000000000000000 ) ) ;
#6255 = VECTOR ( 'NONE', #4171, 1000.000000000000000 ) ;
#6256 = LINE ( 'NONE', #1428, #6914 ) ;
#6257 = LINE ( 'NONE', #10560, #7360 ) ;
#6258 = FACE_OUTER_BOUND ( 'NONE', #4146, .T. ) ;
#6259 = CARTESIAN_POINT ( 'NONE',  ( 5.450000000000000178, 0.000000000000000000, -0.3499999999999999778 ) ) ;
#6260 = EDGE_LOOP ( 'NONE', ( #8725, #8503, #4332, #4068 ) ) ;
#6261 = VERTEX_POINT ( 'NONE', #3855 ) ;
#6262 = LINE ( 'NONE', #7249, #6875 ) ;
#6263 = ORIENTED_EDGE ( 'NONE', *, *, #5942, .T. ) ;
#6264 = CARTESIAN_POINT ( 'NONE',  ( 5.150000000000000355, -6.429304672761169570, 4.385836643711150451 ) ) ;
#6265 = VECTOR ( 'NONE', #7503, 1000.000000000000000 ) ;
#6266 = ORIENTED_EDGE ( 'NONE', *, *, #9017, .T. ) ;
#6267 = DIRECTION ( 'NONE',  ( 1.000000000000000000, 0.000000000000000000, -0.000000000000000000 ) ) ;
#6268 = ADVANCED_FACE ( 'NONE', ( #10081 ), #5428, .F. ) ;
#6269 = FACE_OUTER_BOUND ( 'NONE', #3343, .T. ) ;
#6270 = ORIENTED_EDGE ( 'NONE', *, *, #3984, .F. ) ;
#6271 = SURFACE_SIDE_STYLE ('',( #9701 ) ) ;
#6272 = APPLICATION_CONTEXT ( 'automotive_design' ) ;
#6273 = VECTOR ( 'NONE', #7222, 1000.000000000000000 ) ;
#6274 = ORIENTED_EDGE ( 'NONE', *, *, #9416, .T. ) ;
#6275 = FACE_OUTER_BOUND ( 'NONE', #10673, .T. ) ;
#6276 = ORIENTED_EDGE ( 'NONE', *, *, #779, .T. ) ;
#6277 = LINE ( 'NONE', #4638, #6864 ) ;
#6278 = CARTESIAN_POINT ( 'NONE',  ( -8.000000000000000000, 0.4999999999999996669, 10.30000000000000071 ) ) ;
#6279 = CARTESIAN_POINT ( 'NONE',  ( 9.400000000000000355, -31.38557667661039829, -4.336808689942017736E-16 ) ) ;
#6280 = FACE_OUTER_BOUND ( 'NONE', #496, .T. ) ;
#6281 = PLANE ( 'NONE',  #6879 ) ;
#6282 = EDGE_CURVE ( 'NONE', #1579, #4518, #3205, .T. ) ;
#6283 = ORIENTED_EDGE ( 'NONE', *, *, #7771, .T. ) ;
#6284 = VECTOR ( 'NONE', #3388, 1000.000000000000000 ) ;
#6285 = PRODUCT_RELATED_PRODUCT_CATEGORY ( 'part', '', ( #7928 ) ) ;
#6286 = ORIENTED_EDGE ( 'NONE', *, *, #5419, .F. ) ;
#6287 = FACE_OUTER_BOUND ( 'NONE', #2341, .T. ) ;
#6288 = VECTOR ( 'NONE', #6067, 1000.000000000000000 ) ;
#6289 = CARTESIAN_POINT ( 'NONE',  ( 6.400000000000000355, -3.975000000000000089, 1.899999999999999911 ) ) ;
#6290 = DIRECTION ( 'NONE',  ( 0.000000000000000000, 1.000000000000000000, -0.000000000000000000 ) ) ;
#6291 = VECTOR ( 'NONE', #10009, 1000.000000000000114 ) ;
#6292 = CARTESIAN_POINT ( 'NONE',  ( -2.375000000000000000, 0.000000000000000000, -9.599777700366560751 ) ) ;
#6293 = EDGE_LOOP ( 'NONE', ( #2239, #650, #9428, #4810, #3861, #3965 ) ) ;
#6294 = PRODUCT_DEFINITION_CONTEXT ( 'detailed design', #4955, 'design' ) ;
#6295 = PLANE ( 'NONE',  #6675 ) ;
#6296 = CARTESIAN_POINT ( 'NONE',  ( 1.158458821805830041, 3.294643537635856934, 4.328001751409619402 ) ) ;
#6297 = AXIS2_PLACEMENT_3D ( 'NONE', #6259, #4624, #1380 ) ;
#6298 = VECTOR ( 'NONE', #10687, 1000.000000000000000 ) ;
#6299 = CARTESIAN_POINT ( 'NONE',  ( -1.500000000000000000, -3.799436604322960598, 4.474893045553059778 ) ) ;
#6300 = ORIENTED_EDGE ( 'NONE', *, *, #8480, .F. ) ;
#6301 = DIRECTION ( 'NONE',  ( -0.3294216623000923438, 0.000000000000000000, -0.9441829104614443136 ) ) ;
#6302 = APPLICATION_PROTOCOL_DEFINITION ( 'draft international standard', 'automotive_design', 1998, #6272 ) ;
#6303 = PLANE ( 'NONE',  #2868 ) ;
#6304 = DIRECTION ( 'NONE',  ( 1.000000000000000000, 0.000000000000000000, -0.000000000000000000 ) ) ;
#6305 = ORIENTED_EDGE ( 'NONE', *, *, #7439, .F. ) ;
#6306 = LINE ( 'NONE', #9631, #4349 ) ;
#6307 = ADVANCED_FACE ( 'NONE', ( #9726 ), #2287, .F. ) ;
#6308 = VECTOR ( 'NONE', #7294, 1000.000000000000000 ) ;
#6309 = EDGE_LOOP ( 'NONE', ( #8128, #242, #5767, #3444, #89, #4754, #4713, #2673 ) ) ;
#6310 = DIRECTION ( 'NONE',  ( 0.000000000000000000, 0.000000000000000000, -1.000000000000000000 ) ) ;
#6311 = EDGE_CURVE ( 'NONE', #6438, #7396, #4877, .T. ) ;
#6312 = VECTOR ( 'NONE', #3708, 1000.000000000000114 ) ;
#6313 = VERTEX_POINT ( 'NONE', #4827 ) ;
#6314 = CARTESIAN_POINT ( 'NONE',  ( -6.400000000000000355, -3.975000000000000089, 1.899999999999999911 ) ) ;
#6315 = CARTESIAN_POINT ( 'NONE',  ( 9.848823097076499167, 3.000000000000000000, 7.517602519649591031 ) ) ;
#6316 = DIRECTION ( 'NONE',  ( 0.000000000000000000, 0.000000000000000000, 1.000000000000000000 ) ) ;
#6317 = AXIS2_PLACEMENT_3D ( 'NONE', #7012, #10331, #5318 ) ;
#6318 = AXIS2_PLACEMENT_3D ( 'NONE', #8157, #4013, #615 ) ;
#6319 = FACE_OUTER_BOUND ( 'NONE', #1502, .T. ) ;
#6320 = DIRECTION ( 'NONE',  ( 1.000000000000000000, -0.000000000000000000, 0.000000000000000000 ) ) ;
#6321 = DIRECTION ( 'NONE',  ( 0.000000000000000000, -1.000000000000000000, -0.000000000000000000 ) ) ;
#6322 = ORIENTED_EDGE ( 'NONE', *, *, #2325, .F. ) ;
#6323 = ORIENTED_EDGE ( 'NONE', *, *, #9124, .T. ) ;
#6324 = DIRECTION ( 'NONE',  ( 0.000000000000000000, 3.576749435003730024E-16, 1.000000000000000000 ) ) ;
#6325 = ORIENTED_EDGE ( 'NONE', *, *, #3915, .F. ) ;
#6326 = FACE_BOUND ( 'NONE', #10469, .T. ) ;
#6327 = VECTOR ( 'NONE', #3791, 1000.000000000000000 ) ;
#6328 = ORIENTED_EDGE ( 'NONE', *, *, #250, .T. ) ;
#6329 = DIRECTION ( 'NONE',  ( 0.000000000000000000, -1.000000000000000000, 3.576749435003730024E-16 ) ) ;
#6330 = LINE ( 'NONE', #4632, #6994 ) ;
#6331 = ORIENTED_EDGE ( 'NONE', *, *, #7426, .T. ) ;
#6332 =( GEOMETRIC_REPRESENTATION_CONTEXT ( 3 ) GLOBAL_UNCERTAINTY_ASSIGNED_CONTEXT ( ( #9245 ) ) GLOBAL_UNIT_ASSIGNED_CONTEXT ( ( #5783, #7365, #3234 ) ) REPRESENTATION_CONTEXT ( 'NONE', 'WORKASPACE' ) );
#6333 = DIRECTION ( 'NONE',  ( 0.000000000000000000, 1.000000000000000000, 0.000000000000000000 ) ) ;
#6334 = ORIENTED_EDGE ( 'NONE', *, *, #4182, .F. ) ;
#6335 = CARTESIAN_POINT ( 'NONE',  ( 0.000000000000000000, 3.975000000000000089, 1.899999999999998579 ) ) ;
#6336 = EDGE_LOOP ( 'NONE', ( #4614, #9429, #1649, #8079, #1610 ) ) ;
#6337 = CARTESIAN_POINT ( 'NONE',  ( 0.7249999999999999778, -0.002582515898412952610, 2.850000086897573670 ) ) ;
#6338 = EDGE_CURVE ( 'NONE', #7435, #2964, #8270, .T. ) ;
#6339 = CARTESIAN_POINT ( 'NONE',  ( 10.41980543215949950, 3.000000000000000000, 9.343524243637009619 ) ) ;
#6340 = EDGE_LOOP ( 'NONE', ( #2968, #8347, #6211, #2617, #2015, #5430, #274, #199, #5401, #6246, #9682, #6120, #1039, #1160, #1566, #7848, #2740, #8794, #8653, #6250, #3033 ) ) ;
#6341 = AXIS2_PLACEMENT_3D ( 'NONE', #8433, #2551, #6840 ) ;
#6342 = EDGE_CURVE ( 'NONE', #2978, #6983, #7178, .T. ) ;
#6343 = ORIENTED_EDGE ( 'NONE', *, *, #4481, .T. ) ;
#6344 = CARTESIAN_POINT ( 'NONE',  ( -7.500000000000000000, 2.200000000000000178, -0.9499999999999999556 ) ) ;
#6345 = VECTOR ( 'NONE', #9217, 1000.000000000000114 ) ;
#6346 = LINE ( 'NONE', #2219, #4594 ) ;
#6347 = CARTESIAN_POINT ( 'NONE',  ( -0.7149149802349527016, 4.742816484672494504, 4.541919372582388981 ) ) ;
#6348 = ADVANCED_FACE ( 'NONE', ( #2449 ), #6570, .F. ) ;
#6349 = CARTESIAN_POINT ( 'NONE',  ( 6.049999999999999822, -1.199999999999999956, 1.899999999999999911 ) ) ;
#6350 = ORIENTED_EDGE ( 'NONE', *, *, #6806, .T. ) ;
#6351 = CARTESIAN_POINT ( 'NONE',  ( -4.000000000000001776, -7.529940238806680064, -1.350000000000002309 ) ) ;
#6352 = CARTESIAN_POINT ( 'NONE',  ( 5.450000000000000178, 0.000000000000000000, -0.3499999999999999778 ) ) ;
#6353 = VECTOR ( 'NONE', #899, 1000.000000000000000 ) ;
#6354 = EDGE_CURVE ( 'NONE', #7931, #8337, #9678, .T. ) ;
#6355 = CARTESIAN_POINT ( 'NONE',  ( 8.050000000000000711, 6.450000000000000178, 10.50000000000000000 ) ) ;
#6356 = VERTEX_POINT ( 'NONE', #9889 ) ;
#6357 = CARTESIAN_POINT ( 'NONE',  ( 3.549999999999999822, 0.8000000000000000444, -2.199777700366559952 ) ) ;
#6358 = CARTESIAN_POINT ( 'NONE',  ( -3.549999999999999822, 0.8000000000000000444, -2.199777700366559952 ) ) ;
#6359 = FACE_OUTER_BOUND ( 'NONE', #6666, .T. ) ;
#6361 = VERTEX_POINT ( 'NONE', #5752 ) ;
#6360 = EDGE_CURVE ( 'NONE', #3015, #8900, #7392, .T. ) ;
#6362 = CARTESIAN_POINT ( 'NONE',  ( -0.8465434547140670007, 2.769875162168982996, 4.285287178236965921 ) ) ;
#6363 = AXIS2_PLACEMENT_3D ( 'NONE', #373, #5299, #1936 ) ;
#6364 = ORIENTED_EDGE ( 'NONE', *, *, #5775, .F. ) ;
#6365 = CARTESIAN_POINT ( 'NONE',  ( -3.450000000000000178, -1.199999999999999956, 1.899999999999999911 ) ) ;
#6366 = ORIENTED_EDGE ( 'NONE', *, *, #4048, .F. ) ;
#6367 = LINE ( 'NONE', #623, #10561 ) ;
#6368 = DIRECTION ( 'NONE',  ( -1.000000000000000000, 0.000000000000000000, 2.602085213965209853E-15 ) ) ;
#6369 = EDGE_CURVE ( 'NONE', #10618, #6554, #3100, .T. ) ;
#6370 = DIRECTION ( 'NONE',  ( 0.000000000000000000, 0.000000000000000000, -1.000000000000000000 ) ) ;
#6371 = DIRECTION ( 'NONE',  ( 0.000000000000000000, 0.000000000000000000, 1.000000000000000000 ) ) ;
#6372 = LINE ( 'NONE', #9584, #7346 ) ;
#6373 = ORIENTED_EDGE ( 'NONE', *, *, #5000, .F. ) ;
#6374 = EDGE_LOOP ( 'NONE', ( #10436, #602, #3327, #3397 ) ) ;
#6375 = CARTESIAN_POINT ( 'NONE',  ( 0.000000000000000000, 0.8000000000000003775, -7.024777700366560573 ) ) ;
#6376 = ORIENTED_EDGE ( 'NONE', *, *, #9696, .T. ) ;
#6377 = CARTESIAN_POINT ( 'NONE',  ( 4.000000000000000000, 8.985357054628929168E-16, 41.22500000000000142 ) ) ;
#6378 = ORIENTED_EDGE ( 'NONE', *, *, #2766, .F. ) ;
#6379 = EDGE_CURVE ( 'NONE', #5503, #2728, #5695, .T. ) ;
#6380 = LINE ( 'NONE', #1339, #5423 ) ;
#6381 = ORIENTED_EDGE ( 'NONE', *, *, #4357, .T. ) ;
#6382 = CARTESIAN_POINT ( 'NONE',  ( -8.074999999999999289, 3.975000000000000089, 15.00000000000000000 ) ) ;
#6383 = ORIENTED_EDGE ( 'NONE', *, *, #2866, .F. ) ;
#6384 = CARTESIAN_POINT ( 'NONE',  ( 8.074999999999999289, 3.975000000000000089, 15.00000000000000000 ) ) ;
#6385 = VERTEX_POINT ( 'NONE', #3912 ) ;
#6386 = CARTESIAN_POINT ( 'NONE',  ( -8.750000000000000000, 6.450000000000001066, 13.00000000000000178 ) ) ;
#6387 = EDGE_LOOP ( 'NONE', ( #10026, #6529, #2833, #9317 ) ) ;
#6388 = VECTOR ( 'NONE', #2729, 1000.000000000000000 ) ;
#6389 = ORIENTED_EDGE ( 'NONE', *, *, #1898, .T. ) ;
#6390 = CARTESIAN_POINT ( 'NONE',  ( 1.924999999999999600, -4.775000000000001243, 1.399999999999999245 ) ) ;
#6391 = AXIS2_PLACEMENT_3D ( 'NONE', #5117, #6706, #8616 ) ;
#6392 = ORIENTED_EDGE ( 'NONE', *, *, #7131, .F. ) ;
#6393 = CARTESIAN_POINT ( 'NONE',  ( 3.549999999999999822, 0.000000000000000000, -2.199777700366559952 ) ) ;
#6394 = CARTESIAN_POINT ( 'NONE',  ( 1.208629251834452800, 4.383006968101771150, 4.512635012576714288 ) ) ;
#6395 = CARTESIAN_POINT ( 'NONE',  ( 8.750000000000000000, 6.349999999999999645, 13.00000000000000178 ) ) ;
#6396 = DIRECTION ( 'NONE',  ( 0.000000000000000000, 0.000000000000000000, -1.000000000000000000 ) ) ;
#6397 = EDGE_LOOP ( 'NONE', ( #2230, #977, #4992, #8848 ) ) ;
#6398 = CARTESIAN_POINT ( 'NONE',  ( 0.5000000000000001110, 6.250000000000000888, 0.000000000000000000 ) ) ;
#6399 = EDGE_CURVE ( 'NONE', #5895, #6034, #4716, .T. ) ;
#6400 = COLOUR_RGB ( '',1.000000000000000000, 1.000000000000000000, 1.000000000000000000 ) ;
#6401 = LINE ( 'NONE', #3906, #7833 ) ;
#6402 = EDGE_CURVE ( 'NONE', #491, #907, #9837, .T. ) ;
#6403 = FACE_OUTER_BOUND ( 'NONE', #6974, .T. ) ;
#6404 = VERTEX_POINT ( 'NONE', #9033 ) ;
#6405 = DIRECTION ( 'NONE',  ( 1.000000000000000000, 0.000000000000000000, 0.000000000000000000 ) ) ;
#6406 = AXIS2_PLACEMENT_3D ( 'NONE', #4096, #6596, #1544 ) ;
#6407 = CARTESIAN_POINT ( 'NONE',  ( -2.000000000000000000, -0.5000000000000000000, 10.30000000000000071 ) ) ;
#6408 = CARTESIAN_POINT ( 'NONE',  ( 5.150000000000000355, 1.714505518806294391E-16, 1.050000000000000044 ) ) ;
#6409 = CARTESIAN_POINT ( 'NONE',  ( -0.5938542920616149967, 2.610439160759242760, 4.272281595302892754 ) ) ;
#6410 = ORIENTED_EDGE ( 'NONE', *, *, #8631, .F. ) ;
#6411 = SURFACE_SIDE_STYLE ('',( #8930 ) ) ;
#6412 = DIRECTION ( 'NONE',  ( -0.3294216623000917887, 0.000000000000000000, 0.9441829104614445356 ) ) ;
#6413 = EDGE_CURVE ( 'NONE', #8413, #6385, #10551, .T. ) ;
#6414 = SHAPE_REPRESENTATION ( 'cover', ( #8177 ), #8865 ) ;
#6415 = VECTOR ( 'NONE', #8572, 1000.000000000000000 ) ;
#6416 = DIRECTION ( 'NONE',  ( 0.000000000000000000, -0.9334852851100970961, -0.3586157030623740027 ) ) ;
#6417 = AXIS2_PLACEMENT_3D ( 'NONE', #3063, #2301, #10452 ) ;
#6418 = EDGE_CURVE ( 'NONE', #10631, #3186, #8926, .T. ) ;
#6419 = EDGE_CURVE ( 'NONE', #1148, #7390, #3961, .T. ) ;
#6420 = CARTESIAN_POINT ( 'NONE',  ( 2.375000000000000000, 0.8000000000000000444, -9.599777700366560751 ) ) ;
#6421 = CARTESIAN_POINT ( 'NONE',  ( 0.000000000000000000, 0.8000000000000003775, -7.724777700366559863 ) ) ;
#6422 =( NAMED_UNIT ( * ) SI_UNIT ( $, .STERADIAN. ) SOLID_ANGLE_UNIT ( ) );
#6423 = DIRECTION ( 'NONE',  ( 0.000000000000000000, -3.776434533376479869E-16, -1.000000000000000000 ) ) ;
#6424 = VECTOR ( 'NONE', #5334, 1000.000000000000000 ) ;
#6425 = ORIENTED_EDGE ( 'NONE', *, *, #6369, .F. ) ;
#6426 = ORIENTED_EDGE ( 'NONE', *, *, #1296, .T. ) ;
#6427 = CARTESIAN_POINT ( 'NONE',  ( 3.449999999999999734, 3.975000000000000089, 1.899999999999999023 ) ) ;
#6428 = ORIENTED_EDGE ( 'NONE', *, *, #5007, .F. ) ;
#6429 = DIRECTION ( 'NONE',  ( 0.000000000000000000, -1.000000000000000000, 0.000000000000000000 ) ) ;
#6430 = EDGE_CURVE ( 'NONE', #3329, #3422, #8979, .T. ) ;
#6431 = ORIENTED_EDGE ( 'NONE', *, *, #10020, .T. ) ;
#6432 = VECTOR ( 'NONE', #1477, 1000.000000000000000 ) ;
#6433 = DIRECTION ( 'NONE',  ( -0.000000000000000000, -1.000000000000000000, 0.000000000000000000 ) ) ;
#6434 = EDGE_LOOP ( 'NONE', ( #3656, #9260, #154, #2836 ) ) ;
#6435 = FILL_AREA_STYLE ('',( #4800 ) ) ;
#6436 = ORIENTED_EDGE ( 'NONE', *, *, #2433, .F. ) ;
#6437 = LINE ( 'NONE', #6335, #7021 ) ;
#6438 = VERTEX_POINT ( 'NONE', #720 ) ;
#6439 = DIRECTION ( 'NONE',  ( 0.000000000000000000, 0.000000000000000000, -1.000000000000000000 ) ) ;
#6440 = VECTOR ( 'NONE', #5044, 1000.000000000000000 ) ;
#6441 = EDGE_LOOP ( 'NONE', ( #3286, #7313, #2989, #9383 ) ) ;
#6442 = LINE ( 'NONE', #7370, #2381 ) ;
#6443 = EDGE_CURVE ( 'NONE', #1044, #8887, #4014, .T. ) ;
#6444 = ADVANCED_FACE ( 'NONE', ( #1575 ), #6731, .T. ) ;
#6445 = ORIENTED_EDGE ( 'NONE', *, *, #7513, .T. ) ;
#6446 = VECTOR ( 'NONE', #8532, 1000.000000000000000 ) ;
#6447 = DIRECTION ( 'NONE',  ( 1.000000000000000000, 0.000000000000000000, 0.000000000000000000 ) ) ;
#6448 = VERTEX_POINT ( 'NONE', #10000 ) ;
#6449 = DIRECTION ( 'NONE',  ( -0.000000000000000000, -1.000000000000000000, -0.000000000000000000 ) ) ;
#6450 = CARTESIAN_POINT ( 'NONE',  ( 1.345020031490320012, 4.165823940136349712, 4.399015194371049375 ) ) ;
#6451 = LINE ( 'NONE', #4003, #7678 ) ;
#6452 = CARTESIAN_POINT ( 'NONE',  ( -8.000000000000000000, 0.5000000000000000000, 1.399999999999999911 ) ) ;
#6453 = DIRECTION ( 'NONE',  ( -8.698137213908060106E-32, -2.115261143303811914E-47, -1.000000000000000000 ) ) ;
#6454 = ORIENTED_EDGE ( 'NONE', *, *, #3192, .F. ) ;
#6455 = VECTOR ( 'NONE', #9388, 1000.000000000000000 ) ;
#6456 = PLANE ( 'NONE',  #8765 ) ;
#6457 = CARTESIAN_POINT ( 'NONE',  ( 9.500000000000000000, 6.349999999999999645, 2.100000000000000977 ) ) ;
#6458 = AXIS2_PLACEMENT_3D ( 'NONE', #1234, #3727, #7863 ) ;
#6459 = LINE ( 'NONE', #3096, #1541 ) ;
#6460 = VERTEX_POINT ( 'NONE', #8374 ) ;
#6461 = DIRECTION ( 'NONE',  ( 1.000000000000000000, 0.000000000000000000, 0.000000000000000000 ) ) ;
#6462 = CARTESIAN_POINT ( 'NONE',  ( -4.650000000000000355, -7.529940238806680064, -1.350000000000000089 ) ) ;
#6463 = DIRECTION ( 'NONE',  ( 0.000000000000000000, 0.000000000000000000, 1.000000000000000000 ) ) ;
#6464 = DIRECTION ( 'NONE',  ( 0.000000000000000000, -0.000000000000000000, -1.000000000000000000 ) ) ;
#6465 = VERTEX_POINT ( 'NONE', #7556 ) ;
#6466 = DIRECTION ( 'NONE',  ( 0.000000000000000000, 0.000000000000000000, -1.000000000000000000 ) ) ;
#6467 = EDGE_CURVE ( 'NONE', #8788, #251, #9946, .T. ) ;
#6468 = DIRECTION ( 'NONE',  ( 1.000000000000000000, 0.000000000000000000, 0.000000000000000000 ) ) ;
#6469 = VECTOR ( 'NONE', #3734, 1000.000000000000000 ) ;
#6470 = VECTOR ( 'NONE', #5597, 1000.000000000000000 ) ;
#6471 = DIRECTION ( 'NONE',  ( -1.000000000000000000, 0.000000000000000000, -0.000000000000000000 ) ) ;
#6472 = CARTESIAN_POINT ( 'NONE',  ( -8.074999999999999289, 4.775000000000000355, 15.00000000000000000 ) ) ;
#6473 = CARTESIAN_POINT ( 'NONE',  ( -0.5749999999999999556, -0.5000000000000006661, 1.400000000000000133 ) ) ;
#6474 = CARTESIAN_POINT ( 'NONE',  ( 4.000000000000000000, 8.985357054628929168E-16, 41.22500000000000142 ) ) ;
#6475 = EDGE_CURVE ( 'NONE', #4107, #8904, #8485, .T. ) ;
#6476 = VECTOR ( 'NONE', #3869, 1000.000000000000000 ) ;
#6477 = CARTESIAN_POINT ( 'NONE',  ( 0.000000000000000000, -3.975000000000000089, 1.900000000000001465 ) ) ;
#6478 = VECTOR ( 'NONE', #3187, 1000.000000000000000 ) ;
#6479 = ORIENTED_EDGE ( 'NONE', *, *, #5972, .T. ) ;
#6480 = VERTEX_POINT ( 'NONE', #6015 ) ;
#6481 = DIRECTION ( 'NONE',  ( 0.000000000000000000, 0.000000000000000000, 1.000000000000000000 ) ) ;
#6482 = EDGE_CURVE ( 'NONE', #2653, #6018, #6625, .T. ) ;
#6483 = EDGE_LOOP ( 'NONE', ( #415, #3916, #8736, #1588 ) ) ;
#6484 = CARTESIAN_POINT ( 'NONE',  ( 5.149999999999999467, 7.650000000000000355, 1.626303258728256651E-15 ) ) ;
#6485 = VERTEX_POINT ( 'NONE', #5808 ) ;
#6486 = VECTOR ( 'NONE', #340, 1000.000000000000000 ) ;
#6487 = LINE ( 'NONE', #2367, #8931 ) ;
#6488 = VERTEX_POINT ( 'NONE', #7659 ) ;
#6489 = EDGE_CURVE ( 'NONE', #9560, #3552, #1041, .T. ) ;
#6490 = DIRECTION ( 'NONE',  ( 0.000000000000000000, -3.654614064557880066E-17, 1.000000000000000000 ) ) ;
#6491 = ORIENTED_EDGE ( 'NONE', *, *, #8777, .T. ) ;
#6492 = LINE ( 'NONE', #693, #9295 ) ;
#6493 = AXIS2_PLACEMENT_3D ( 'NONE', #9947, #7394, #6463 ) ;
#6494 = ORIENTED_EDGE ( 'NONE', *, *, #9673, .F. ) ;
#6495 = CARTESIAN_POINT ( 'NONE',  ( -1.925000000000000044, 4.775000000000000355, 31.88557667661039829 ) ) ;
#6496 = ORIENTED_EDGE ( 'NONE', *, *, #1373, .T. ) ;
#6497 = EDGE_LOOP ( 'NONE', ( #4707, #235, #133, #9485, #1908, #8286, #10428, #550, #9293, #7812, #1982, #8566 ) ) ;
#6498 = LINE ( 'NONE', #9820, #3521 ) ;
#6499 = ADVANCED_FACE ( 'NONE', ( #2655 ), #3471, .T. ) ;
#6500 = EDGE_CURVE ( 'NONE', #7561, #8964, #1791, .T. ) ;
#6501 = EDGE_LOOP ( 'NONE', ( #3589, #7573, #9015, #3124 ) ) ;
#6502 = DIRECTION ( 'NONE',  ( 1.000000000000000000, 0.000000000000000000, -0.000000000000000000 ) ) ;
#6503 = DIRECTION ( 'NONE',  ( 1.000000000000000000, 0.000000000000000000, 0.000000000000000000 ) ) ;
#6504 = LINE ( 'NONE', #9825, #6980 ) ;
#6505 = FACE_BOUND ( 'NONE', #109, .T. ) ;
#6506 = LINE ( 'NONE', #708, #389 ) ;
#6507 = ORIENTED_EDGE ( 'NONE', *, *, #3462, .F. ) ;
#6508 = DIRECTION ( 'NONE',  ( 1.762930361765040079E-17, -1.000000000000000000, 0.000000000000000000 ) ) ;
#6509 = CARTESIAN_POINT ( 'NONE',  ( 0.8125050234573913954, 2.733646736722612935, 4.359737782356851277 ) ) ;
#6510 =( GEOMETRIC_REPRESENTATION_CONTEXT ( 3 ) GLOBAL_UNCERTAINTY_ASSIGNED_CONTEXT ( ( #2817 ) ) GLOBAL_UNIT_ASSIGNED_CONTEXT ( ( #6068, #9615, #1941 ) ) REPRESENTATION_CONTEXT ( 'NONE', 'WORKASPACE' ) );
#6511 = EDGE_CURVE ( 'NONE', #391, #9800, #10051, .T. ) ;
#6512 = LINE ( 'NONE', #10548, #9881 ) ;
#6513 = VERTEX_POINT ( 'NONE', #5910 ) ;
#6514 = DIRECTION ( 'NONE',  ( -1.000000000000000000, 0.000000000000000000, 0.000000000000000000 ) ) ;
#6515 = DIRECTION ( 'NONE',  ( 1.000000000000000000, 0.000000000000000000, 0.000000000000000000 ) ) ;
#6516 = CARTESIAN_POINT ( 'NONE',  ( 5.150000000000000355, 0.000000000000000000, -1.750000000000000000 ) ) ;
#6517 = CARTESIAN_POINT ( 'NONE',  ( 0.000000000000000000, 6.450000000000000178, 0.000000000000000000 ) ) ;
#6518 = ORIENTED_EDGE ( 'NONE', *, *, #9819, .T. ) ;
#6519 = CARTESIAN_POINT ( 'NONE',  ( -0.7250000000000001998, -0.6248573008720179622, -4.436184497988939768 ) ) ;
#6520 = DIRECTION ( 'NONE',  ( 0.000000000000000000, 1.000000000000000000, -0.000000000000000000 ) ) ;
#6521 = AXIS2_PLACEMENT_3D ( 'NONE', #7422, #6600, #7475 ) ;
#6522 = PLANE ( 'NONE',  #10075 ) ;
#6523 = ADVANCED_FACE ( 'NONE', ( #8324, #2604 ), #7607, .T. ) ;
#6524 = CARTESIAN_POINT ( 'NONE',  ( -8.000000000000000000, 0.5000000000000001110, -0.9500000000000000666 ) ) ;
#6525 = EDGE_CURVE ( 'NONE', #2420, #8263, #167, .T. ) ;
#6526 = FACE_OUTER_BOUND ( 'NONE', #4633, .T. ) ;
#6527 = CARTESIAN_POINT ( 'NONE',  ( 0.04639013526397559734, 2.515338343023870049, 4.264508103311229981 ) ) ;
#6528 = AXIS2_PLACEMENT_3D ( 'NONE', #9313, #7674, #3539 ) ;
#6529 = ORIENTED_EDGE ( 'NONE', *, *, #2902, .T. ) ;
#6530 = VERTEX_POINT ( 'NONE', #3524 ) ;
#6531 = CARTESIAN_POINT ( 'NONE',  ( -4.000000000000001776, 0.7118782501609124402, -4.624469942108039078 ) ) ;
#6532 = ORIENTED_EDGE ( 'NONE', *, *, #3306, .T. ) ;
#6533 = CARTESIAN_POINT ( 'NONE',  ( -6.450000000000000178, 0.9499999999999999556, -0.3499999999999999778 ) ) ;
#6534 = ORIENTED_EDGE ( 'NONE', *, *, #8141, .F. ) ;
#6535 = EDGE_CURVE ( 'NONE', #7894, #575, #2501, .T. ) ;
#6536 = VECTOR ( 'NONE', #8530, 1000.000000000000000 ) ;
#6537 = EDGE_CURVE ( 'NONE', #9917, #4906, #5815, .T. ) ;
#6538 = FACE_OUTER_BOUND ( 'NONE', #3600, .T. ) ;
#6539 = ORIENTED_EDGE ( 'NONE', *, *, #445, .T. ) ;
#6540 = VERTEX_POINT ( 'NONE', #9240 ) ;
#6541 = CARTESIAN_POINT ( 'NONE',  ( -0.5938542920616149967, 2.610439160759259192, 4.272281595302688473 ) ) ;
#6542 = VERTEX_POINT ( 'NONE', #5145 ) ;
#6543 = DIRECTION ( 'NONE',  ( 0.000000000000000000, 0.000000000000000000, 1.000000000000000000 ) ) ;
#6544 = ORIENTED_EDGE ( 'NONE', *, *, #7276, .F. ) ;
#6545 = SURFACE_STYLE_FILL_AREA ( #5623 ) ;
#6546 = ORIENTED_EDGE ( 'NONE', *, *, #3703, .T. ) ;
#6547 = EDGE_CURVE ( 'NONE', #4435, #9104, #3735, .T. ) ;
#6548 = EDGE_CURVE ( 'NONE', #7471, #3552, #1144, .T. ) ;
#6549 = EDGE_CURVE ( 'NONE', #9650, #5171, #3419, .T. ) ;
#6550 = DIRECTION ( 'NONE',  ( 1.000000000000000000, 0.000000000000000000, -0.000000000000000000 ) ) ;
#6551 = VERTEX_POINT ( 'NONE', #9296 ) ;
#6552 = CARTESIAN_POINT ( 'NONE',  ( 1.925000000000000044, -3.975000000000000089, 31.88557667661039829 ) ) ;
#6553 = VECTOR ( 'NONE', #9989, 1000.000000000000000 ) ;
#6554 = VERTEX_POINT ( 'NONE', #5196 ) ;
#6555 = DIRECTION ( 'NONE',  ( 0.000000000000000000, 0.000000000000000000, -1.000000000000000000 ) ) ;
#6556 = DIRECTION ( 'NONE',  ( -1.000000000000000000, 0.000000000000000000, 1.257045997084639900E-16 ) ) ;
#6557 = CARTESIAN_POINT ( 'NONE',  ( 1.699999999999999956, -6.450000000000000178, 10.50000000000000000 ) ) ;
#6558 = LINE ( 'NONE', #1673, #2296 ) ;
#6559 = ORIENTED_EDGE ( 'NONE', *, *, #4902, .F. ) ;
#6560 = ORIENTED_EDGE ( 'NONE', *, *, #4021, .T. ) ;
#6561 = CARTESIAN_POINT ( 'NONE',  ( -8.050000000000000711, -6.450000000000000178, 10.50000000000000000 ) ) ;
#6562 = EDGE_CURVE ( 'NONE', #6460, #6940, #8536, .T. ) ;
#6563 = LINE ( 'NONE', #9884, #552 ) ;
#6564 = AXIS2_PLACEMENT_3D ( 'NONE', #8799, #3616, #5464 ) ;
#6565 = B_SPLINE_CURVE_WITH_KNOTS ( 'NONE', 3,
 ( #9145, #4880, #6684, #5697, #834, #1685, #4829, #3262, #8162, #4017, #7334, #9839, #6572, #9891, #4129, #6894, #6842, #1793, #169, #7661 ),
 .UNSPECIFIED., .F., .F.,
 ( 4, 2, 2, 2, 2, 2, 2, 2, 2, 4 ),
 ( 0.0002219476409317436402, 0.0006546933365184045336, 0.001087439032105065291, 0.001520184727691725616, 0.001952930423278386157, 0.002385676118865046481, 0.002602048966658377510, 0.002818421814451708106, 0.003251167510038369297, 0.003683913205625029622 ),
 .UNSPECIFIED. ) ;
#6566 = PLANE ( 'NONE',  #1211 ) ;
#6567 = VERTEX_POINT ( 'NONE', #1997 ) ;
#6568 = CARTESIAN_POINT ( 'NONE',  ( 1.925000000000000044, 4.775000000000000355, 1.399999999999998579 ) ) ;
#6569 = ITEM_DEFINED_TRANSFORMATION ( 'NONE', 'NONE', #6595,  #8177 ) ;
#6570 = PLANE ( 'NONE',  #2684 ) ;
#6571 = LINE ( 'NONE', #8980, #2667 ) ;
#6572 = CARTESIAN_POINT ( 'NONE',  ( -0.9816251128873541010, 2.915774394787255641, 4.344050558775252036 ) ) ;
#6573 = ORIENTED_EDGE ( 'NONE', *, *, #2459, .T. ) ;
#6574 = AXIS2_PLACEMENT_3D ( 'NONE', #2177, #8652, #4657 ) ;
#6575 = DIRECTION ( 'NONE',  ( 0.000000000000000000, -1.000000000000000000, -0.000000000000000000 ) ) ;
#6576 = EDGE_CURVE ( 'NONE', #397, #1385, #10206, .T. ) ;
#6577 = ADVANCED_FACE ( 'NONE', ( #4382 ), #7111, .F. ) ;
#6578 = LINE ( 'NONE', #1636, #5212 ) ;
#6579 = FACE_OUTER_BOUND ( 'NONE', #6260, .T. ) ;
#6580 = VECTOR ( 'NONE', #5396, 1000.000000000000000 ) ;
#6581 = DIRECTION ( 'NONE',  ( -1.000000000000000000, -0.000000000000000000, 0.000000000000000000 ) ) ;
#6582 = DIRECTION ( 'NONE',  ( 1.000000000000000000, -0.000000000000000000, 0.000000000000000000 ) ) ;
#6583 = CARTESIAN_POINT ( 'NONE',  ( 9.399999999999998579, 0.5000000000000000000, 1.399999999999999911 ) ) ;
#6584 = DIRECTION ( 'NONE',  ( 0.000000000000000000, 0.000000000000000000, 1.000000000000000000 ) ) ;
#6585 = VERTEX_POINT ( 'NONE', #8592 ) ;
#6586 = ORIENTED_EDGE ( 'NONE', *, *, #5881, .T. ) ;
#6587 = CARTESIAN_POINT ( 'NONE',  ( -7.500000000000000000, -0.5000000000000000000, 10.30000000000000071 ) ) ;
#6588 = EDGE_LOOP ( 'NONE', ( #3237, #9379, #2313, #7250, #3721, #2348, #6331, #2465 ) ) ;
#6589 = DIRECTION ( 'NONE',  ( 0.000000000000000000, -1.000000000000000000, 0.000000000000000000 ) ) ;
#6590 = PRESENTATION_LAYER_ASSIGNMENT (  '', '', ( #9888 ) ) ;
#6591 = ORIENTED_EDGE ( 'NONE', *, *, #3624, .T. ) ;
#6592 = AXIS2_PLACEMENT_3D ( 'NONE', #4739, #6429, #1010 ) ;
#6593 = CARTESIAN_POINT ( 'NONE',  ( 0.000000000000000000, -3.975000000000000089, 1.900000000000001465 ) ) ;
#6594 = ORIENTED_EDGE ( 'NONE', *, *, #3963, .T. ) ;
#6595 = AXIS2_PLACEMENT_3D ( 'NONE', #2232, #7945, #10496 ) ;
#6596 = DIRECTION ( 'NONE',  ( 1.000000000000000000, 6.251255769285790096E-16, -2.235917554085669900E-31 ) ) ;
#6597 = VERTEX_POINT ( 'NONE', #7717 ) ;
#6598 = ORIENTED_EDGE ( 'NONE', *, *, #9894, .F. ) ;
#6599 = LINE ( 'NONE', #10029, #9233 ) ;
#6600 = DIRECTION ( 'NONE',  ( 1.000000000000000000, 0.000000000000000000, 0.000000000000000000 ) ) ;
#6601 = ORIENTED_EDGE ( 'NONE', *, *, #10194, .F. ) ;
#6602 = CARTESIAN_POINT ( 'NONE',  ( 1.494392262078597655, 3.731259113306200526, 4.417155651330102906 ) ) ;
#6603 = ADVANCED_FACE ( 'NONE', ( #10372 ), #2004, .F. ) ;
#6604 = VECTOR ( 'NONE', #9897, 1000.000000000000000 ) ;
#6605 = ORIENTED_EDGE ( 'NONE', *, *, #3630, .T. ) ;
#6606 = PLANE ( 'NONE',  #9953 ) ;
#6607 = MECHANICAL_DESIGN_GEOMETRIC_PRESENTATION_REPRESENTATION (  '', ( #8700 ), #10431 ) ;
#6608 = ORIENTED_EDGE ( 'NONE', *, *, #5400, .F. ) ;
#6609 = DIRECTION ( 'NONE',  ( 0.7071067811865480168, 0.000000000000000000, 0.7071067811865470176 ) ) ;
#6610 = EDGE_CURVE ( 'NONE', #5199, #1316, #6346, .T. ) ;
#6611 = VERTEX_POINT ( 'NONE', #7220 ) ;
#6612 = CARTESIAN_POINT ( 'NONE',  ( 8.000000000000000000, 0.4999999999999997780, 1.399999999999999911 ) ) ;
#6613 = DIRECTION ( 'NONE',  ( 0.000000000000000000, 0.000000000000000000, 1.000000000000000000 ) ) ;
#6614 = CARTESIAN_POINT ( 'NONE',  ( 8.000000000000000000, -5.349999999999999645, 15.00000000000000000 ) ) ;
#6615 =( NAMED_UNIT ( * ) SI_UNIT ( $, .STERADIAN. ) SOLID_ANGLE_UNIT ( ) );
#6616 = EDGE_CURVE ( 'NONE', #8514, #36, #3087, .T. ) ;
#6617 = ORIENTED_EDGE ( 'NONE', *, *, #1336, .T. ) ;
#6618 = CARTESIAN_POINT ( 'NONE',  ( 0.000000000000000000, 3.975000000000000089, 1.899999999999998579 ) ) ;
#6619 = AXIS2_PLACEMENT_3D ( 'NONE', #6349, #5527, #2982 ) ;
#6620 = CARTESIAN_POINT ( 'NONE',  ( 1.000000000000000000, -6.450000000000000178, 13.00000000000000178 ) ) ;
#6621 = CARTESIAN_POINT ( 'NONE',  ( 1.500000000000000444, 0.7118782501609127733, -4.624469942108038190 ) ) ;
#6622 = VERTEX_POINT ( 'NONE', #8044 ) ;
#6623 = DIRECTION ( 'NONE',  ( -1.000000000000000000, -0.000000000000000000, -0.000000000000000000 ) ) ;
#6624 = ADVANCED_FACE ( 'NONE', ( #604 ), #1560, .F. ) ;
#6625 = LINE ( 'NONE', #7500, #7037 ) ;
#6626 = DIRECTION ( 'NONE',  ( 0.000000000000000000, -0.000000000000000000, -1.000000000000000000 ) ) ;
#6627 = VECTOR ( 'NONE', #1348, 1000.000000000000000 ) ;
#6628 = CARTESIAN_POINT ( 'NONE',  ( -8.749999999999998224, -7.500000000000000000, 5.000000000000000888 ) ) ;
#6629 = VERTEX_POINT ( 'NONE', #3193 ) ;
#6630 = DIRECTION ( 'NONE',  ( 4.433182216385173072E-15, 0.000000000000000000, -1.000000000000000000 ) ) ;
#6631 = CARTESIAN_POINT ( 'NONE',  ( -4.650000000000000355, 7.529940238806680064, -1.350000000000000089 ) ) ;
#6632 = AXIS2_PLACEMENT_3D ( 'NONE', #5898, #209, #9988 ) ;
#6633 = DIRECTION ( 'NONE',  ( 0.000000000000000000, -1.000000000000000000, -0.000000000000000000 ) ) ;
#6634 = CARTESIAN_POINT ( 'NONE',  ( 8.000000000000000000, 3.975000000000000089, 31.88557667661039829 ) ) ;
#6635 = DIRECTION ( 'NONE',  ( 0.000000000000000000, 0.000000000000000000, 1.000000000000000000 ) ) ;
#6636 = EDGE_CURVE ( 'NONE', #7261, #6448, #2276, .T. ) ;
#6637 = DIRECTION ( 'NONE',  ( 1.000000000000000000, 0.000000000000000000, -0.000000000000000000 ) ) ;
#6638 = LINE ( 'NONE', #9960, #7003 ) ;
#6639 = ADVANCED_FACE ( 'NONE', ( #8914 ), #1458, .F. ) ;
#6640 = ORIENTED_EDGE ( 'NONE', *, *, #4950, .F. ) ;
#6641 = CIRCLE ( 'NONE', #1949, 1.000000000000000888 ) ;
#6642 = ORIENTED_EDGE ( 'NONE', *, *, #2564, .F. ) ;
#6643 = CARTESIAN_POINT ( 'NONE',  ( 1.700000000000000178, -6.349999999999999645, 10.50000000000000000 ) ) ;
#6644 = VECTOR ( 'NONE', #9792, 1000.000000000000000 ) ;
#6645 = VERTEX_POINT ( 'NONE', #4002 ) ;
#6646 = CARTESIAN_POINT ( 'NONE',  ( 3.350000000000000089, 0.000000000000000000, -3.199777700366559952 ) ) ;
#6647 = VECTOR ( 'NONE', #3086, 1000.000000000000114 ) ;
#6648 = VECTOR ( 'NONE', #8040, 1000.000000000000000 ) ;
#6649 = LINE ( 'NONE', #7415, #3530 ) ;
#6650 = VERTEX_POINT ( 'NONE', #4763 ) ;
#6651 = CARTESIAN_POINT ( 'NONE',  ( 3.350000000000000089, 0.8000000000000000444, -3.399777700366560573 ) ) ;
#6652 = ORIENTED_EDGE ( 'NONE', *, *, #4482, .F. ) ;
#6653 = ORIENTED_EDGE ( 'NONE', *, *, #5419, .T. ) ;
#6654 = LINE ( 'NONE', #9978, #7311 ) ;
#6655 = CARTESIAN_POINT ( 'NONE',  ( -10.58818515033610552, 3.000000000000000000, 9.343524243637009619 ) ) ;
#6656 = ORIENTED_EDGE ( 'NONE', *, *, #1309, .T. ) ;
#6657 = DIRECTION ( 'NONE',  ( -0.000000000000000000, 1.000000000000000000, 0.000000000000000000 ) ) ;
#6658 = VECTOR ( 'NONE', #10277, 1000.000000000000000 ) ;
#6659 = MECHANICAL_DESIGN_GEOMETRIC_PRESENTATION_REPRESENTATION (  '', ( #3706 ), #8062 ) ;
#6660 = EDGE_LOOP ( 'NONE', ( #7587, #5523, #7206, #7528 ) ) ;
#6661 = EDGE_CURVE ( 'NONE', #397, #5181, #3140, .T. ) ;
#6662 = LINE ( 'NONE', #9983, #8750 ) ;
#6663 = VECTOR ( 'NONE', #5911, 1000.000000000000000 ) ;
#6664 = AXIS2_PLACEMENT_3D ( 'NONE', #3429, #2770, #2612 ) ;
#6665 = ADVANCED_FACE ( 'NONE', ( #2331 ), #5629, .T. ) ;
#6666 = EDGE_LOOP ( 'NONE', ( #10455, #2125, #3230, #7743 ) ) ;
#6667 = CARTESIAN_POINT ( 'NONE',  ( 1.157045017483029348, 3.252101725564385148, 4.371985442478556472 ) ) ;
#6668 = ORIENTED_EDGE ( 'NONE', *, *, #2889, .F. ) ;
#6669 = CARTESIAN_POINT ( 'NONE',  ( -3.449999999999999734, 3.975000000000000089, 1.399999999999999689 ) ) ;
#6670 = CARTESIAN_POINT ( 'NONE',  ( 3.100000000000000533, 3.975000000000000089, 1.399999999999999689 ) ) ;
#6671 = PLANE ( 'NONE',  #5520 ) ;
#6672 = DIRECTION ( 'NONE',  ( -1.000000000000000000, 0.000000000000000000, -0.000000000000000000 ) ) ;
#6673 = ORIENTED_EDGE ( 'NONE', *, *, #10033, .F. ) ;
#6674 = CARTESIAN_POINT ( 'NONE',  ( 0.000000000000000000, 5.349999999999999645, 15.00000000000000000 ) ) ;
#6675 = AXIS2_PLACEMENT_3D ( 'NONE', #9620, #3043, #442 ) ;
#6676 = ADVANCED_FACE ( 'NONE', ( #5682 ), #7378, .T. ) ;
#6677 = ADVANCED_FACE ( 'NONE', ( #2435 ), #762, .T. ) ;
#6678 = DIRECTION ( 'NONE',  ( -0.000000000000000000, -0.000000000000000000, 1.000000000000000000 ) ) ;
#6679 = EDGE_LOOP ( 'NONE', ( #9625, #887, #9862, #1341 ) ) ;
#6680 = LINE ( 'NONE', #7716, #408 ) ;
#6681 = VECTOR ( 'NONE', #5991, 1000.000000000000000 ) ;
#6682 = DIRECTION ( 'NONE',  ( -1.000000000000000000, 0.000000000000000000, 0.000000000000000000 ) ) ;
#6683 = PLANE ( 'NONE',  #8759 ) ;
#6684 = CARTESIAN_POINT ( 'NONE',  ( -0.3277764668798016645, 4.465703600899982639, 4.499499181697100170 ) ) ;
#6685 = VERTEX_POINT ( 'NONE', #5080 ) ;
#6686 = CARTESIAN_POINT ( 'NONE',  ( 4.000000000000000000, -2.036113726531789681, 4.186027107350409615 ) ) ;
#6687 = CARTESIAN_POINT ( 'NONE',  ( -9.507689976714726043, -3.000000000000000000, 12.97795911615159525 ) ) ;
#6688 = EDGE_CURVE ( 'NONE', #5505, #7425, #5738, .T. ) ;
#6689 = VECTOR ( 'NONE', #3312, 1000.000000000000000 ) ;
#6690 = LINE ( 'NONE', #892, #2481 ) ;
#6691 = EDGE_CURVE ( 'NONE', #3202, #7449, #9472, .T. ) ;
#6692 = EDGE_CURVE ( 'NONE', #9049, #5728, #4922, .T. ) ;
#6693 = DIRECTION ( 'NONE',  ( 0.000000000000000000, 1.000000000000000000, 0.000000000000000000 ) ) ;
#6694 = DIRECTION ( 'NONE',  ( 0.000000000000000000, 0.000000000000000000, -1.000000000000000000 ) ) ;
#6695 = LINE ( 'NONE', #6583, #1391 ) ;
#6696 =( NAMED_UNIT ( * ) PLANE_ANGLE_UNIT ( ) SI_UNIT ( $, .RADIAN. ) );
#6697 = ORIENTED_EDGE ( 'NONE', *, *, #8650, .F. ) ;
#6698 = PRESENTATION_LAYER_ASSIGNMENT (  '', '', ( #10345 ) ) ;
#6699 = ORIENTED_EDGE ( 'NONE', *, *, #5748, .F. ) ;
#6700 = DIRECTION ( 'NONE',  ( -1.000000000000000000, -0.000000000000000000, 0.000000000000000000 ) ) ;
#6701 = ORIENTED_EDGE ( 'NONE', *, *, #4274, .T. ) ;
#6702 = DIRECTION ( 'NONE',  ( 0.000000000000000000, 0.000000000000000000, 1.000000000000000000 ) ) ;
#6703 = ORIENTED_EDGE ( 'NONE', *, *, #4682, .T. ) ;
#6704 = CARTESIAN_POINT ( 'NONE',  ( -31.38557667661039829, 6.250000000000000000, -3.500000000000000000 ) ) ;
#6705 = AXIS2_PLACEMENT_3D ( 'NONE', #6748, #10721, #4843 ) ;
#6706 = DIRECTION ( 'NONE',  ( 0.000000000000000000, 0.000000000000000000, 1.000000000000000000 ) ) ;
#6707 = CARTESIAN_POINT ( 'NONE',  ( -6.400000000000000355, 0.5000000000000000000, 1.399999999999999911 ) ) ;
#6708 = EDGE_LOOP ( 'NONE', ( #8728, #2463, #4791, #1351 ) ) ;
#6709 = CARTESIAN_POINT ( 'NONE',  ( -1.159671712353669948, 3.679181833240849464, 4.359424929456539033 ) ) ;
#6710 = ORIENTED_EDGE ( 'NONE', *, *, #6938, .T. ) ;
#6711 = CARTESIAN_POINT ( 'NONE',  ( -0.3610048895642863909, 4.467533986324024653, 4.423666265673487530 ) ) ;
#6712 = LINE ( 'NONE', #808, #3567 ) ;
#6713 = ORIENTED_EDGE ( 'NONE', *, *, #584, .F. ) ;
#6714 = CARTESIAN_POINT ( 'NONE',  ( 9.848823097076499167, -3.000000000000000000, 10.48239748035040186 ) ) ;
#6715 = VECTOR ( 'NONE', #6007, 1000.000000000000000 ) ;
#6716 = ORIENTED_EDGE ( 'NONE', *, *, #10537, .F. ) ;
#6717 = ADVANCED_FACE ( 'NONE', ( #8257 ), #3299, .F. ) ;
#6718 = EDGE_CURVE ( 'NONE', #3274, #7083, #3509, .T. ) ;
#6719 = EDGE_LOOP ( 'NONE', ( #8859, #2266, #2686, #4550 ) ) ;
#6720 = VERTEX_POINT ( 'NONE', #9987 ) ;
#6721 = DIRECTION ( 'NONE',  ( 8.673617379884040402E-17, 0.000000000000000000, -1.000000000000000000 ) ) ;
#6722 = CARTESIAN_POINT ( 'NONE',  ( 7.500000000000000000, 2.200000000000000178, 0.000000000000000000 ) ) ;
#6723 = LINE ( 'NONE', #8584, #1703 ) ;
#6724 = DIRECTION ( 'NONE',  ( 1.000000000000000000, -0.000000000000000000, -0.000000000000000000 ) ) ;
#6725 = CARTESIAN_POINT ( 'NONE',  ( 10.58818515033610197, 3.000000000000000000, 9.343524243637009619 ) ) ;
#6726 = ORIENTED_EDGE ( 'NONE', *, *, #1865, .T. ) ;
#6727 = DIRECTION ( 'NONE',  ( 1.000000000000000000, 0.000000000000000000, -0.000000000000000000 ) ) ;
#6728 = DIRECTION ( 'NONE',  ( -0.000000000000000000, 0.000000000000000000, 1.000000000000000000 ) ) ;
#6729 = ORIENTED_EDGE ( 'NONE', *, *, #1338, .T. ) ;
#6730 = LINE ( 'NONE', #7606, #4374 ) ;
#6731 = PLANE ( 'NONE',  #8602 ) ;
#6732 = DIRECTION ( 'NONE',  ( -1.000000000000000000, -0.000000000000000000, 0.000000000000000000 ) ) ;
#6733 = LINE ( 'NONE', #5149, #2622 ) ;
#6734 = EDGE_LOOP ( 'NONE', ( #6392, #8483, #6134, #8822, #10176, #10441 ) ) ;
#6735 = CARTESIAN_POINT ( 'NONE',  ( -0.06111641408829709965, 2.118805496127593280, 4.232185838095631425 ) ) ;
#6736 = VECTOR ( 'NONE', #5982, 1000.000000000000000 ) ;
#6737 = EDGE_CURVE ( 'NONE', #7792, #9873, #8312, .T. ) ;
#6738 = CARTESIAN_POINT ( 'NONE',  ( -3.350000000000000089, 0.8000000000000000444, -3.199777700366559952 ) ) ;
#6739 = DIRECTION ( 'NONE',  ( -1.000000000000000000, 0.000000000000000000, -1.630765106641810118E-16 ) ) ;
#6740 = DIRECTION ( 'NONE',  ( 0.000000000000000000, 0.000000000000000000, 1.000000000000000000 ) ) ;
#6741 = LINE ( 'NONE', #9357, #6115 ) ;
#6742 = AXIS2_PLACEMENT_3D ( 'NONE', #9264, #10076, #7738 ) ;
#6743 = LINE ( 'NONE', #3585, #9556 ) ;
#6744 = CARTESIAN_POINT ( 'NONE',  ( -2.707541993964411198, 0.000000000000000000, -3.399777700366561017 ) ) ;
#6745 = VERTEX_POINT ( 'NONE', #6612 ) ;
#6746 = EDGE_CURVE ( 'NONE', #10398, #995, #5847, .T. ) ;
#6747 = ORIENTED_EDGE ( 'NONE', *, *, #3808, .T. ) ;
#6748 = CARTESIAN_POINT ( 'NONE',  ( 9.500000000000000000, -3.000000000000000000, 5.000000000000000000 ) ) ;
#6749 = ORIENTED_EDGE ( 'NONE', *, *, #8380, .T. ) ;
#6750 = CARTESIAN_POINT ( 'NONE',  ( 3.100000000000000533, 3.975000000000000089, 1.899999999999999911 ) ) ;
#6751 = EDGE_CURVE ( 'NONE', #7182, #5139, #9072, .T. ) ;
#6752 = CARTESIAN_POINT ( 'NONE',  ( 6.400000000000001243, 1.199999999999999734, 1.399999999999999245 ) ) ;
#6753 = CIRCLE ( 'NONE', #6574, 5.000000000000000000 ) ;
#6754 = LINE ( 'NONE', #6805, #577 ) ;
#6755 = FACE_OUTER_BOUND ( 'NONE', #4721, .T. ) ;
#6756 = DIRECTION ( 'NONE',  ( 0.3294216623000930655, -0.000000000000000000, -0.9441829104614440915 ) ) ;
#6757 = DIRECTION ( 'NONE',  ( -0.000000000000000000, 0.000000000000000000, 1.000000000000000000 ) ) ;
#6758 = VERTEX_POINT ( 'NONE', #819 ) ;
#6759 = AXIS2_PLACEMENT_3D ( 'NONE', #7753, #2857, #6162 ) ;
#6760 = ORIENTED_EDGE ( 'NONE', *, *, #1926, .T. ) ;
#6761 = LINE ( 'NONE', #5938, #6345 ) ;
#6762 = ORIENTED_EDGE ( 'NONE', *, *, #2739, .T. ) ;
#6763 = PLANE ( 'NONE',  #8663 ) ;
#6764 = ORIENTED_EDGE ( 'NONE', *, *, #1197, .T. ) ;
#6765 = SHAPE_REPRESENTATION ( 'accuator', ( #8177 ), #4859 ) ;
#6766 = VECTOR ( 'NONE', #10674, 1000.000000000000000 ) ;
#6767 = AXIS2_PLACEMENT_3D ( 'NONE', #1004, #4289, #6854 ) ;
#6768 = DIRECTION ( 'NONE',  ( 0.000000000000000000, 1.000000000000000000, -3.576749435003730024E-16 ) ) ;
#6769 = ORIENTED_EDGE ( 'NONE', *, *, #9868, .F. ) ;
#6770 = EDGE_CURVE ( 'NONE', #546, #5237, #10093, .T. ) ;
#6771 = ORIENTED_EDGE ( 'NONE', *, *, #2750, .F. ) ;
#6772 = DIRECTION ( 'NONE',  ( 0.000000000000000000, 0.000000000000000000, -1.000000000000000000 ) ) ;
#6773 = LINE ( 'NONE', #3354, #3504 ) ;
#6774 = EDGE_CURVE ( 'NONE', #9115, #5308, #5797, .T. ) ;
#6775 = VECTOR ( 'NONE', #1582, 1000.000000000000000 ) ;
#6776 = CARTESIAN_POINT ( 'NONE',  ( -8.970441590861195635, 3.000000000000002220, 13.00000000000000000 ) ) ;
#6777 = CARTESIAN_POINT ( 'NONE',  ( 1.021752218052980110, 2.962478241478764485, 4.300927740941199673 ) ) ;
#6778 = CARTESIAN_POINT ( 'NONE',  ( -1.699999999999999956, -6.450000000000000178, 13.00000000000000178 ) ) ;
#6779 = AXIS2_PLACEMENT_3D ( 'NONE', #6028, #3911, #9516 ) ;
#6780 = ORIENTED_EDGE ( 'NONE', *, *, #6549, .T. ) ;
#6781 = DIRECTION ( 'NONE',  ( -0.000000000000000000, -1.000000000000000000, 0.000000000000000000 ) ) ;
#6782 = VECTOR ( 'NONE', #7602, 1000.000000000000000 ) ;
#6783 = ORIENTED_EDGE ( 'NONE', *, *, #2244, .T. ) ;
#6784 = DIRECTION ( 'NONE',  ( -0.000000000000000000, -0.000000000000000000, -1.000000000000000000 ) ) ;
#6785 = DIRECTION ( 'NONE',  ( 1.000000000000000000, 0.000000000000000000, 0.000000000000000000 ) ) ;
#6786 = LINE ( 'NONE', #10106, #3371 ) ;
#6787 = CARTESIAN_POINT ( 'NONE',  ( -1.499999999999999556, 8.985357054628929168E-16, 41.22500000000000142 ) ) ;
#6788 = ORIENTED_EDGE ( 'NONE', *, *, #4532, .F. ) ;
#6789 = CIRCLE ( 'NONE', #4183, 1.000000000000000000 ) ;
#6790 = FACE_OUTER_BOUND ( 'NONE', #10118, .T. ) ;
#6791 = CARTESIAN_POINT ( 'NONE',  ( -8.970441590861199188, -3.000000000000000000, 5.000000000000000000 ) ) ;
#6792 =( LENGTH_UNIT ( ) NAMED_UNIT ( * ) SI_UNIT ( .MILLI., .METRE. ) );
#6793 = VECTOR ( 'NONE', #6233, 1000.000000000000000 ) ;
#6794 = CARTESIAN_POINT ( 'NONE',  ( -9.848823097076499167, -3.000000000000000000, 10.48239748035040186 ) ) ;
#6795 = LINE ( 'NONE', #5263, #8390 ) ;
#6796 = LINE ( 'NONE', #3430, #3470 ) ;
#6797 = CARTESIAN_POINT ( 'NONE',  ( 8.000000000000000000, -0.5000000000000000000, 10.30000000000000071 ) ) ;
#6798 = EDGE_CURVE ( 'NONE', #417, #6825, #4266, .T. ) ;
#6799 = ORIENTED_EDGE ( 'NONE', *, *, #376, .T. ) ;
#6800 = ORIENTED_EDGE ( 'NONE', *, *, #1224, .F. ) ;
#6801 = FACE_OUTER_BOUND ( 'NONE', #4138, .T. ) ;
#6802 = VERTEX_POINT ( 'NONE', #7647 ) ;
#6803 = VECTOR ( 'NONE', #5221, 1000.000000000000000 ) ;
#6804 = DIRECTION ( 'NONE',  ( -1.000000000000000000, 0.000000000000000000, 0.000000000000000000 ) ) ;
#6805 = CARTESIAN_POINT ( 'NONE',  ( 1.000000000000000000, -6.450000000000000178, 0.000000000000000000 ) ) ;
#6806 = EDGE_CURVE ( 'NONE', #9571, #3765, #4163, .T. ) ;
#6807 = DIRECTION ( 'NONE',  ( -0.000000000000000000, -0.000000000000000000, -1.000000000000000000 ) ) ;
#6808 = DIRECTION ( 'NONE',  ( 0.000000000000000000, -3.654614064557880066E-17, 1.000000000000000000 ) ) ;
#6809 = LINE ( 'NONE', #965, #8168 ) ;
#6810 = AXIS2_PLACEMENT_3D ( 'NONE', #6198, #8776, #3059 ) ;
#6811 = EDGE_CURVE ( 'NONE', #7610, #761, #7596, .T. ) ;
#6812 = EDGE_LOOP ( 'NONE', ( #7410, #5054, #1557, #8425 ) ) ;
#6813 = CARTESIAN_POINT ( 'NONE',  ( -1.499999999999999556, -1.261997984930313343, 2.870756609130831194 ) ) ;
#6814 = EDGE_LOOP ( 'NONE', ( #1675, #6222, #1390, #8021 ) ) ;
#6815 = CARTESIAN_POINT ( 'NONE',  ( 6.399999999999999467, -0.5000000000000008882, 1.399999999999999689 ) ) ;
#6816 = ORIENTED_EDGE ( 'NONE', *, *, #842, .T. ) ;
#6817 = DIRECTION ( 'NONE',  ( 1.000000000000000000, -0.000000000000000000, -0.000000000000000000 ) ) ;
#6818 = ORIENTED_EDGE ( 'NONE', *, *, #6562, .T. ) ;
#6819 = AXIS2_PLACEMENT_3D ( 'NONE', #1243, #6230, #4534 ) ;
#6820 = VECTOR ( 'NONE', #9869, 1000.000000000000000 ) ;
#6821 = EDGE_CURVE ( 'NONE', #6928, #3733, #4977, .T. ) ;
#6822 = DIRECTION ( 'NONE',  ( -0.000000000000000000, 0.000000000000000000, -1.000000000000000000 ) ) ;
#6823 = VERTEX_POINT ( 'NONE', #3353 ) ;
#6824 = VECTOR ( 'NONE', #2829, 1000.000000000000000 ) ;
#6825 = VERTEX_POINT ( 'NONE', #6669 ) ;
#6826 = CARTESIAN_POINT ( 'NONE',  ( 4.000000000000000000, 2.737844099826320043, 2.947789617253369521 ) ) ;
#6827 = DIRECTION ( 'NONE',  ( 1.000000000000000000, 0.000000000000000000, -0.000000000000000000 ) ) ;
#6828 = AXIS2_PLACEMENT_3D ( 'NONE', #2733, #3546, #9422 ) ;
#6829 = LINE ( 'NONE', #3511, #8142 ) ;
#6830 = CARTESIAN_POINT ( 'NONE',  ( -10.19772880358570077, -3.000000000000000444, 10.50735166954630095 ) ) ;
#6831 = DIRECTION ( 'NONE',  ( 1.000000000000000000, -0.000000000000000000, -0.000000000000000000 ) ) ;
#6832 = ORIENTED_EDGE ( 'NONE', *, *, #3041, .T. ) ;
#6833 = CYLINDRICAL_SURFACE ( 'NONE', #8533, 36.99598795820000419 ) ;
#6834 = ADVANCED_FACE ( 'NONE', ( #3407 ), #924, .T. ) ;
#6835 = ADVANCED_FACE ( 'NONE', ( #9178 ), #1723, .T. ) ;
#6836 = VECTOR ( 'NONE', #3176, 1000.000000000000114 ) ;
#6837 = VERTEX_POINT ( 'NONE', #2590 ) ;
#6838 = FACE_OUTER_BOUND ( 'NONE', #574, .T. ) ;
#6839 = B_SPLINE_CURVE_WITH_KNOTS ( 'NONE', 3,
 ( #3914, #6191, #7893, #9728, #1419, #396, #3858, #3695, #7014, #10333, #7123, #5369, #2886, #9519, #2067, #3751, #2186, #10554, #2123, #7070, #10387, #6247, #7234, #5539, #5431, #4610, #8769 ),
 .UNSPECIFIED., .F., .F.,
 ( 4, 1, 1, 1, 1, 1, 1, 1, 1, 1, 1, 1, 1, 1, 1, 1, 1, 1, 1, 1, 1, 1, 1, 1, 4 ),
 ( 0.000000000000000000, 0.03125375104190380310, 0.06227190334732089771, 0.07797928101258490285, 0.08578909404895659896, 0.09358330914949490598, 0.1249021711756470032, 0.1560327950813840125, 0.1717618042286729874, 0.1873951919141249867, 0.2186796894371310085, 0.2343429023408999945, 0.2421567967929320053, 0.2499791390012560122, 0.2812970431080329958, 0.3123988884063300109, 0.3202715718140100032, 0.3281299744641080207, 0.3437326075046749918, 0.3750409875723549891, 0.4062616068009889947, 0.4375211741942139909, 0.4687492669642139842, 0.4844385608928110099, 0.5000000000000000000 ),
 .UNSPECIFIED. ) ;
#6840 = DIRECTION ( 'NONE',  ( 1.000000000000000000, 0.000000000000000000, -8.673617379884035472E-16 ) ) ;
#6841 = DIRECTION ( 'NONE',  ( 0.000000000000000000, -1.000000000000000000, 0.000000000000000000 ) ) ;
#6842 = CARTESIAN_POINT ( 'NONE',  ( -0.5190923210441007463, 2.579759817637335750, 4.319054428006212198 ) ) ;
#6843 = VECTOR ( 'NONE', #7151, 1000.000000000000000 ) ;
#6844 = VERTEX_POINT ( 'NONE', #5897 ) ;
#6845 = UNCERTAINTY_MEASURE_WITH_UNIT (LENGTH_MEASURE( 1.000000000000000082E-05 ), #2948, 'distance_accuracy_value', 'NONE');
#6846 = PLANE ( 'NONE',  #10665 ) ;
#6847 = LINE ( 'NONE', #10377, #9220 ) ;
#6848 = ADVANCED_FACE ( 'NONE', ( #9227 ), #1181, .F. ) ;
#6849 = DIRECTION ( 'NONE',  ( 0.000000000000000000, 0.000000000000000000, 1.000000000000000000 ) ) ;
#6850 = VECTOR ( 'NONE', #8214, 1000.000000000000000 ) ;
#6851 = DIRECTION ( 'NONE',  ( -1.253010536419839989E-17, -1.000000000000000000, -0.000000000000000000 ) ) ;
#6852 = ORIENTED_EDGE ( 'NONE', *, *, #9641, .T. ) ;
#6853 = LINE ( 'NONE', #3378, #7712 ) ;
#6854 = DIRECTION ( 'NONE',  ( 0.000000000000000000, 0.000000000000000000, -1.000000000000000000 ) ) ;
#6855 = LINE ( 'NONE', #7671, #5090 ) ;
#6856 = EDGE_LOOP ( 'NONE', ( #6995, #10505, #7105, #7323 ) ) ;
#6857 = EDGE_LOOP ( 'NONE', ( #7715, #10549, #7473, #2161 ) ) ;
#6858 = CARTESIAN_POINT ( 'NONE',  ( -10.05037900977000476, -3.000000000000000000, 11.42251280115220169 ) ) ;
#6859 = ORIENTED_EDGE ( 'NONE', *, *, #8030, .F. ) ;
#6860 = VECTOR ( 'NONE', #208, 1000.000000000000114 ) ;
#6861 = FACE_OUTER_BOUND ( 'NONE', #7408, .T. ) ;
#6862 = DIRECTION ( 'NONE',  ( 1.000000000000000000, 1.853337046983769999E-17, 0.000000000000000000 ) ) ;
#6863 = CARTESIAN_POINT ( 'NONE',  ( 0.7249999999999999778, -2.036113726531790125, 4.186027107350409615 ) ) ;
#6864 = VECTOR ( 'NONE', #7980, 1000.000000000000000 ) ;
#6865 = DIRECTION ( 'NONE',  ( 0.000000000000000000, -1.000000000000000000, -0.000000000000000000 ) ) ;
#6866 = DIRECTION ( 'NONE',  ( -0.000000000000000000, 1.000000000000000000, -3.576749435003730024E-16 ) ) ;
#6867 = VERTEX_POINT ( 'NONE', #4583 ) ;
#6868 = LINE ( 'NONE', #2937, #797 ) ;
#6869 = ORIENTED_EDGE ( 'NONE', *, *, #9431, .F. ) ;
#6870 = CARTESIAN_POINT ( 'NONE',  ( -0.5749999999999999556, 0.4999999999999996669, 1.399999999999999911 ) ) ;
#6871 = EDGE_CURVE ( 'NONE', #8523, #10307, #8739, .T. ) ;
#6872 = ORIENTED_EDGE ( 'NONE', *, *, #3829, .T. ) ;
#6873 = PLANE ( 'NONE',  #7447 ) ;
#6874 = VERTEX_POINT ( 'NONE', #8634 ) ;
#6875 = VECTOR ( 'NONE', #2140, 1000.000000000000000 ) ;
#6876 = EDGE_CURVE ( 'NONE', #9078, #8810, #2694, .T. ) ;
#6877 = CARTESIAN_POINT ( 'NONE',  ( 9.507689976714740254, 3.000000000000000000, 12.39604540319700021 ) ) ;
#6878 = ORIENTED_EDGE ( 'NONE', *, *, #987, .F. ) ;
#6879 = AXIS2_PLACEMENT_3D ( 'NONE', #1238, #6060, #9499 ) ;
#6880 = VERTEX_POINT ( 'NONE', #1878 ) ;
#6881 = DIRECTION ( 'NONE',  ( 0.000000000000000000, 0.000000000000000000, -1.000000000000000000 ) ) ;
#6882 = DIRECTION ( 'NONE',  ( -0.000000000000000000, 1.000000000000000000, -0.000000000000000000 ) ) ;
#6883 = CARTESIAN_POINT ( 'NONE',  ( 10.05037900976999943, -3.000000000000000000, 10.50735166954630095 ) ) ;
#6884 = FACE_OUTER_BOUND ( 'NONE', #4055, .T. ) ;
#6885 = DIRECTION ( 'NONE',  ( 0.000000000000000000, 0.000000000000000000, -1.000000000000000000 ) ) ;
#6886 = ADVANCED_FACE ( 'NONE', ( #1287 ), #7922, .T. ) ;
#6887 = ORIENTED_EDGE ( 'NONE', *, *, #1713, .T. ) ;
#6888 = ADVANCED_FACE ( 'NONE', ( #264 ), #3562, .F. ) ;
#6889 = EDGE_CURVE ( 'NONE', #8268, #1978, #5183, .T. ) ;
#6890 = VERTEX_POINT ( 'NONE', #7805 ) ;
#6891 = LINE ( 'NONE', #7554, #8043 ) ;
#6892 = PRESENTATION_STYLE_ASSIGNMENT (( #7933 ) ) ;
#6893 = DIRECTION ( 'NONE',  ( 0.000000000000000000, 0.000000000000000000, 1.000000000000000000 ) ) ;
#6894 = CARTESIAN_POINT ( 'NONE',  ( -0.6586282287778336686, 2.629303553610610411, 4.322467321320735856 ) ) ;
#6895 = ADVANCED_FACE ( 'NONE', ( #317 ), #367, .T. ) ;
#6896 = ORIENTED_EDGE ( 'NONE', *, *, #6770, .T. ) ;
#6897 = PLANE ( 'NONE',  #2676 ) ;
#6898 = CARTESIAN_POINT ( 'NONE',  ( -0.03729039323082798674, 4.488222987151032406, 4.502800171687485253 ) ) ;
#6899 = DIRECTION ( 'NONE',  ( 1.000000000000000000, -0.000000000000000000, 0.000000000000000000 ) ) ;
#6900 = CARTESIAN_POINT ( 'NONE',  ( -10.41980543215949950, -3.000000000000000444, 9.925437956591640187 ) ) ;
#6901 = ORIENTED_EDGE ( 'NONE', *, *, #9341, .F. ) ;
#6902 = DIRECTION ( 'NONE',  ( -1.000000000000000000, -0.000000000000000000, 0.000000000000000000 ) ) ;
#6903 = LINE ( 'NONE', #7620, #2429 ) ;
#6904 = CARTESIAN_POINT ( 'NONE',  ( 6.399999999999999467, 0.5000000000000000000, 1.399999999999999911 ) ) ;
#6905 = ORIENTED_EDGE ( 'NONE', *, *, #8557, .F. ) ;
#6906 = CARTESIAN_POINT ( 'NONE',  ( -1.047226846549609958, 3.982646518341053543, 4.384160024793465560 ) ) ;
#6907 = EDGE_CURVE ( 'NONE', #8212, #1242, #3907, .T. ) ;
#6908 = AXIS2_PLACEMENT_3D ( 'NONE', #52, #10095, #2751 ) ;
#6909 = CARTESIAN_POINT ( 'NONE',  ( -8.750000000000000000, 6.349999999999999645, 10.50000000000000000 ) ) ;
#6910 = EDGE_CURVE ( 'NONE', #7138, #3186, #3614, .T. ) ;
#6911 = ORIENTED_EDGE ( 'NONE', *, *, #5841, .F. ) ;
#6912 = CARTESIAN_POINT ( 'NONE',  ( -1.086890036237790014, 2.499852068467432353, 4.263282425741324211 ) ) ;
#6913 = CARTESIAN_POINT ( 'NONE',  ( -1.924999999999999600, -4.775000000000001243, 1.399999999999999245 ) ) ;
#6914 = VECTOR ( 'NONE', #7025, 1000.000000000000000 ) ;
#6915 = DIRECTION ( 'NONE',  ( -1.000000000000000000, -0.000000000000000000, -0.000000000000000000 ) ) ;
#6916 = CARTESIAN_POINT ( 'NONE',  ( 10.32091455230719923, 3.000000000000000000, 10.64710831150049941 ) ) ;
#6917 = DIRECTION ( 'NONE',  ( 0.000000000000000000, 0.000000000000000000, -1.000000000000000000 ) ) ;
#6918 = CARTESIAN_POINT ( 'NONE',  ( -10.19772880358570077, -3.000000000000000000, 10.50735166954630095 ) ) ;
#6919 = ORIENTED_EDGE ( 'NONE', *, *, #8850, .F. ) ;
#6920 = ORIENTED_EDGE ( 'NONE', *, *, #2523, .T. ) ;
#6921 = CARTESIAN_POINT ( 'NONE',  ( 10.41980543215949950, 3.000000000000000000, 9.925437956591640187 ) ) ;
#6922 = ORIENTED_EDGE ( 'NONE', *, *, #10190, .F. ) ;
#6923 = LINE ( 'NONE', #1223, #1732 ) ;
#6924 = ORIENTED_EDGE ( 'NONE', *, *, #3850, .F. ) ;
#6925 = FACE_OUTER_BOUND ( 'NONE', #1659, .T. ) ;
#6926 = VECTOR ( 'NONE', #7918, 1000.000000000000000 ) ;
#6927 = CARTESIAN_POINT ( 'NONE',  ( 1.500000000000000000, 1.770447840360080516, 2.890861957720189945 ) ) ;
#6928 = VERTEX_POINT ( 'NONE', #7862 ) ;
#6929 = EDGE_LOOP ( 'NONE', ( #8623, #1573, #3258, #5023, #5568 ) ) ;
#6930 = LINE ( 'NONE', #2801, #4782 ) ;
#6931 = LINE ( 'NONE', #8798, #9077 ) ;
#6932 = EDGE_CURVE ( 'NONE', #5077, #564, #7100, .T. ) ;
#6933 = CARTESIAN_POINT ( 'NONE',  ( 1.699999999999999956, 6.450000000000000178, 10.50000000000000000 ) ) ;
#6934 = DIRECTION ( 'NONE',  ( 0.000000000000000000, 0.000000000000000000, -1.000000000000000000 ) ) ;
#6935 = CARTESIAN_POINT ( 'NONE',  ( -0.4214248699177783886, 4.850334483913158579, 4.548283692221616548 ) ) ;
#6936 = ORIENTED_EDGE ( 'NONE', *, *, #5636, .T. ) ;
#6937 = AXIS2_PLACEMENT_3D ( 'NONE', #5210, #2562, #1855 ) ;
#6938 = EDGE_CURVE ( 'NONE', #7592, #6720, #10249, .T. ) ;
#6939 = CIRCLE ( 'NONE', #5720, 0.2000000000000000944 ) ;
#6940 = VERTEX_POINT ( 'NONE', #8682 ) ;
#6941 = CARTESIAN_POINT ( 'NONE',  ( 0.000000000000000000, -6.450000000000000178, 0.000000000000000000 ) ) ;
#6942 = CARTESIAN_POINT ( 'NONE',  ( 1.097967046698832494, 2.493716084264971933, 4.358621721927374182 ) ) ;
#6943 = CARTESIAN_POINT ( 'NONE',  ( -0.03875935306167324623, 4.892244484659237891, 4.458278632157969490 ) ) ;
#6944 = EDGE_CURVE ( 'NONE', #2882, #4275, #6003, .T. ) ;
#6945 = DIRECTION ( 'NONE',  ( -0.000000000000000000, 3.776434533376479869E-16, 1.000000000000000000 ) ) ;
#6946 = EDGE_LOOP ( 'NONE', ( #2117, #642, #1537, #5392 ) ) ;
#6947 = CARTESIAN_POINT ( 'NONE',  ( 2.375000000000000000, 0.000000000000000000, -4.899777700366559685 ) ) ;
#6948 = CARTESIAN_POINT ( 'NONE',  ( 1.172158355844449940, 3.599307977205127074, 4.352837856571609265 ) ) ;
#6949 = PRODUCT_DEFINITION_SHAPE ( 'NONE', 'NONE',  #5945 ) ;
#6950 = CARTESIAN_POINT ( 'NONE',  ( 7.500000000000000000, 2.200000000000000178, -0.9499999999999999556 ) ) ;
#6951 = EDGE_CURVE ( 'NONE', #3571, #7284, #425, .T. ) ;
#6952 = PLANE ( 'NONE',  #7978 ) ;
#6953 = ORIENTED_EDGE ( 'NONE', *, *, #3326, .F. ) ;
#6954 = CARTESIAN_POINT ( 'NONE',  ( 5.450000000000000178, 0.000000000000000000, -0.3499999999999999778 ) ) ;
#6955 =( NAMED_UNIT ( * ) PLANE_ANGLE_UNIT ( ) SI_UNIT ( $, .RADIAN. ) );
#6956 = CARTESIAN_POINT ( 'NONE',  ( 6.399999999999999467, 0.5000000000000000000, -0.9499999999999998446 ) ) ;
#6957 = AXIS2_PLACEMENT_3D ( 'NONE', #986, #10701, #163 ) ;
#6958 = VERTEX_POINT ( 'NONE', #9333 ) ;
#6959 = CARTESIAN_POINT ( 'NONE',  ( -4.650000000000000355, 7.529940238806680064, -1.350000000000000089 ) ) ;
#6960 = ORIENTED_EDGE ( 'NONE', *, *, #4950, .T. ) ;
#6961 = CARTESIAN_POINT ( 'NONE',  ( 5.150000000000000355, -6.429304672761169570, 4.785836643711149918 ) ) ;
#6962 = VERTEX_POINT ( 'NONE', #2912 ) ;
#6963 = CARTESIAN_POINT ( 'NONE',  ( 7.500000000000000000, -0.5000000000000000000, -0.9499999999999999556 ) ) ;
#6964 = DIRECTION ( 'NONE',  ( -0.000000000000000000, 1.000000000000000000, 0.000000000000000000 ) ) ;
#6965 = AXIS2_PLACEMENT_3D ( 'NONE', #9396, #5253, #9188 ) ;
#6966 = DIRECTION ( 'NONE',  ( -2.602085213965209853E-15, 0.000000000000000000, -1.000000000000000000 ) ) ;
#6967 = EDGE_CURVE ( 'NONE', #4752, #5657, #9384, .T. ) ;
#6968 = EDGE_CURVE ( 'NONE', #3763, #1872, #6930, .T. ) ;
#6969 = LINE ( 'NONE', #10288, #2920 ) ;
#6970 = DIRECTION ( 'NONE',  ( -0.000000000000000000, -0.9902251923489521213, 0.1394778421021800052 ) ) ;
#6971 = CARTESIAN_POINT ( 'NONE',  ( 1.699999999999999956, -6.450000000000000178, 13.00000000000000178 ) ) ;
#6972 = CARTESIAN_POINT ( 'NONE',  ( -1.000000000000000000, 6.349999999999999645, 12.00000000000000000 ) ) ;
#6973 = ORIENTED_EDGE ( 'NONE', *, *, #8640, .T. ) ;
#6974 = EDGE_LOOP ( 'NONE', ( #6532, #9253, #4219, #1643 ) ) ;
#6975 = DIRECTION ( 'NONE',  ( -1.000000000000000000, 0.000000000000000000, 0.000000000000000000 ) ) ;
#6976 = VECTOR ( 'NONE', #4506, 1000.000000000000114 ) ;
#6977 = VERTEX_POINT ( 'NONE', #6110 ) ;
#6978 = DIRECTION ( 'NONE',  ( -0.000000000000000000, -1.000000000000000000, -0.000000000000000000 ) ) ;
#6979 = ORIENTED_EDGE ( 'NONE', *, *, #9663, .F. ) ;
#6980 = VECTOR ( 'NONE', #6556, 1000.000000000000000 ) ;
#6981 = DIRECTION ( 'NONE',  ( 1.000000000000000000, 0.000000000000000000, 1.030244909993949927E-14 ) ) ;
#6982 = VERTEX_POINT ( 'NONE', #9440 ) ;
#6983 = VERTEX_POINT ( 'NONE', #1988 ) ;
#6984 = DIRECTION ( 'NONE',  ( 0.000000000000000000, -0.000000000000000000, -1.000000000000000000 ) ) ;
#6985 = CARTESIAN_POINT ( 'NONE',  ( 0.000000000000000000, -7.500000000000000000, 12.00000000000000000 ) ) ;
#6986 = DIRECTION ( 'NONE',  ( 0.000000000000000000, 0.000000000000000000, -1.000000000000000000 ) ) ;
#6987 = PLANE ( 'NONE',  #5928 ) ;
#6988 = DIRECTION ( 'NONE',  ( -0.000000000000000000, 1.000000000000000000, 0.000000000000000000 ) ) ;
#6989 = VECTOR ( 'NONE', #831, 1000.000000000000000 ) ;
#6990 = CIRCLE ( 'NONE', #2822, 7.650000000000000355 ) ;
#6991 = ORIENTED_EDGE ( 'NONE', *, *, #5375, .F. ) ;
#6992 = EDGE_CURVE ( 'NONE', #10414, #7702, #5295, .T. ) ;
#6993 = VECTOR ( 'NONE', #4056, 1000.000000000000000 ) ;
#6994 = VECTOR ( 'NONE', #8840, 1000.000000000000000 ) ;
#6995 = ORIENTED_EDGE ( 'NONE', *, *, #5255, .T. ) ;
#6996 = DIRECTION ( 'NONE',  ( -0.3294216623000940092, -0.000000000000000000, 0.9441829104614438695 ) ) ;
#6997 = CARTESIAN_POINT ( 'NONE',  ( 1.251887820772272564, 2.679162852174371778, 4.373734532601114111 ) ) ;
#6998 = CARTESIAN_POINT ( 'NONE',  ( -1.498993675919938928, 3.599956624567243857, 4.448777740163919248 ) ) ;
#6999 = LINE ( 'NONE', #8809, #39 ) ;
#7000 = ORIENTED_EDGE ( 'NONE', *, *, #1594, .T. ) ;
#7001 = CARTESIAN_POINT ( 'NONE',  ( 6.900000000000000355, 6.349999999999999645, 10.00000000000000178 ) ) ;
#7002 = EDGE_CURVE ( 'NONE', #1124, #10037, #7153, .T. ) ;
#7003 = VECTOR ( 'NONE', #1695, 1000.000000000000000 ) ;
#7004 = VECTOR ( 'NONE', #5708, 1000.000000000000000 ) ;
#7005 = CARTESIAN_POINT ( 'NONE',  ( 0.03865793539758150682, 2.119681090357957931, 4.232253979376690012 ) ) ;
#7006 = EDGE_CURVE ( 'NONE', #1060, #3066, #3130, .T. ) ;
#7007 = DIRECTION ( 'NONE',  ( 0.000000000000000000, -0.000000000000000000, 1.000000000000000000 ) ) ;
#7008 = CARTESIAN_POINT ( 'NONE',  ( 0.5000000000000001110, 6.250000000000000000, -2.500000000000000000 ) ) ;
#7009 = ORIENTED_EDGE ( 'NONE', *, *, #5205, .F. ) ;
#7010 = CARTESIAN_POINT ( 'NONE',  ( 0.5750000000000001776, 0.4999999999999996669, 1.399999999999999911 ) ) ;
#7011 = SHAPE_REPRESENTATION_RELATIONSHIP ( 'NONE' , 'NONE' ,  #9403, #3548 ) ;
#7012 = CARTESIAN_POINT ( 'NONE',  ( -3.049999999999999822, 0.8000000000000000444, -2.199777700366559952 ) ) ;
#7013 = ORIENTED_EDGE ( 'NONE', *, *, #6311, .F. ) ;
#7014 = CARTESIAN_POINT ( 'NONE',  ( 1.251884728683430037, 2.686929947459972379, 4.278457299852310491 ) ) ;
#7015 = ORIENTED_EDGE ( 'NONE', *, *, #8025, .F. ) ;
#7016 = LINE ( 'NONE', #7623, #4611 ) ;
#7017 = VERTEX_POINT ( 'NONE', #9814 ) ;
#7018 = DIRECTION ( 'NONE',  ( 1.000000000000000000, 0.000000000000000000, 8.673617379884040402E-17 ) ) ;
#7019 = EDGE_CURVE ( 'NONE', #1009, #6745, #8192, .T. ) ;
#7020 = LINE ( 'NONE', #10229, #370 ) ;
#7021 = VECTOR ( 'NONE', #2265, 1000.000000000000000 ) ;
#7022 = EDGE_CURVE ( 'NONE', #7352, #5171, #10415, .T. ) ;
#7023 = EDGE_CURVE ( 'NONE', #1401, #7471, #1449, .T. ) ;
#7024 = DIRECTION ( 'NONE',  ( 0.000000000000000000, -0.000000000000000000, 1.000000000000000000 ) ) ;
#7025 = DIRECTION ( 'NONE',  ( -0.000000000000000000, 1.000000000000000000, 0.000000000000000000 ) ) ;
#7026 = CARTESIAN_POINT ( 'NONE',  ( 8.050000000000000711, -6.450000000000000178, 13.00000000000000178 ) ) ;
#7027 = LINE ( 'NONE', #5381, #4849 ) ;
#7028 = LINE ( 'NONE', #1430, #4037 ) ;
#7029 = ORIENTED_EDGE ( 'NONE', *, *, #3256, .F. ) ;
#7030 = VECTOR ( 'NONE', #10184, 1000.000000000000000 ) ;
#7031 = VERTEX_POINT ( 'NONE', #2319 ) ;
#7032 = DIRECTION ( 'NONE',  ( -1.000000000000000000, -0.000000000000000000, 0.000000000000000000 ) ) ;
#7033 = VERTEX_POINT ( 'NONE', #9706 ) ;
#7034 = DIRECTION ( 'NONE',  ( 1.000000000000000000, -0.000000000000000000, -0.000000000000000000 ) ) ;
#7035 = ORIENTED_EDGE ( 'NONE', *, *, #9865, .T. ) ;
#7036 = LINE ( 'NONE', #1036, #6446 ) ;
#7037 = VECTOR ( 'NONE', #7445, 1000.000000000000000 ) ;
#7038 = CARTESIAN_POINT ( 'NONE',  ( 0.000000000000000000, -6.450000000000000178, 13.00000000000000178 ) ) ;
#7039 = VERTEX_POINT ( 'NONE', #2373 ) ;
#7040 = CARTESIAN_POINT ( 'NONE',  ( -6.400000000000000355, 6.795823926507079847E-16, 1.899999999999999911 ) ) ;
#7041 = ORIENTED_EDGE ( 'NONE', *, *, #5020, .T. ) ;
#7042 = EDGE_LOOP ( 'NONE', ( #10698, #2792, #10352, #4719 ) ) ;
#7043 = DIRECTION ( 'NONE',  ( -0.3294216623000930655, 0.000000000000000000, 0.9441829104614440915 ) ) ;
#7044 = LINE ( 'NONE', #1989, #4886 ) ;
#7045 = LINE ( 'NONE', #7759, #8839 ) ;
#7046 = CARTESIAN_POINT ( 'NONE',  ( 5.150000000000000355, -6.822590561394729747, 4.458817530261709905 ) ) ;
#7047 = DIRECTION ( 'NONE',  ( 0.000000000000000000, 0.000000000000000000, -1.000000000000000000 ) ) ;
#7048 = VECTOR ( 'NONE', #7793, 1000.000000000000114 ) ;
#7049 = ADVANCED_FACE ( 'NONE', ( #1345 ), #10632, .T. ) ;
#7050 = EDGE_CURVE ( 'NONE', #4036, #5699, #6277, .T. ) ;
#7051 = ORIENTED_EDGE ( 'NONE', *, *, #543, .F. ) ;
#7052 = VECTOR ( 'NONE', #6033, 1000.000000000000000 ) ;
#7053 = ORIENTED_EDGE ( 'NONE', *, *, #7406, .F. ) ;
#7054 = FACE_OUTER_BOUND ( 'NONE', #4367, .T. ) ;
#7055 = ADVANCED_BREP_SHAPE_REPRESENTATION ( '', ( #8139, #8177 ), #4859 ) ;
#7056 = CARTESIAN_POINT ( 'NONE',  ( 0.5574805551541726079, 2.189436264285572253, 4.333834067470182738 ) ) ;
#7057 = CARTESIAN_POINT ( 'NONE',  ( -1.155263205811789984, 2.566844651538083166, 4.268745947057062118 ) ) ;
#7058 = DIRECTION ( 'NONE',  ( -1.000000000000000000, -0.000000000000000000, -0.000000000000000000 ) ) ;
#7059 = VERTEX_POINT ( 'NONE', #7258 ) ;
#7060 = CARTESIAN_POINT ( 'NONE',  ( -8.000000000000000000, 0.5000000000000000000, 1.399999999999999911 ) ) ;
#7061 = VECTOR ( 'NONE', #7984, 1000.000000000000000 ) ;
#7062 = CARTESIAN_POINT ( 'NONE',  ( 0.8705574168117680145, 4.215839662771006857, 4.403107924111329119 ) ) ;
#7063 = SURFACE_SIDE_STYLE ('',( #5483 ) ) ;
#7064 = ORIENTED_EDGE ( 'NONE', *, *, #7087, .T. ) ;
#7065 = FACE_OUTER_BOUND ( 'NONE', #120, .T. ) ;
#7066 = EDGE_CURVE ( 'NONE', #4573, #10037, #750, .T. ) ;
#7067 = CARTESIAN_POINT ( 'NONE',  ( -0.03820276290672797864, 4.488208520204833185, 4.502730218148712993 ) ) ;
#7068 = CARTESIAN_POINT ( 'NONE',  ( -4.650000000000000355, 7.529940238806680064, -1.350000000000000089 ) ) ;
#7069 = EDGE_LOOP ( 'NONE', ( #9147, #6436, #10738, #2778 ) ) ;
#7070 = CARTESIAN_POINT ( 'NONE',  ( 1.208626159745610051, 4.390774063387385517, 4.417357779827744579 ) ) ;
#7071 = ORIENTED_EDGE ( 'NONE', *, *, #5813, .T. ) ;
#7072 = CARTESIAN_POINT ( 'NONE',  ( 3.100000000000000533, 1.199999999999999734, 1.399999999999998801 ) ) ;
#7073 = ADVANCED_FACE ( 'NONE', ( #1548 ), #9602, .F. ) ;
#7074 = VERTEX_POINT ( 'NONE', #6337 ) ;
#7075 = DIRECTION ( 'NONE',  ( 0.000000000000000000, 0.000000000000000000, 1.000000000000000000 ) ) ;
#7076 = CARTESIAN_POINT ( 'NONE',  ( -1.478391717746539991, 3.797670615567921626, 4.369094597084475673 ) ) ;
#7077 = DIRECTION ( 'NONE',  ( -2.431855340154410242E-16, 1.000000000000000000, 0.000000000000000000 ) ) ;
#7078 = CARTESIAN_POINT ( 'NONE',  ( 9.674497472730669401, -3.000000000000000000, 11.81413169024230037 ) ) ;
#7079 = LINE ( 'NONE', #10511, #246 ) ;
#7080 = EDGE_CURVE ( 'NONE', #7396, #6083, #8903, .T. ) ;
#7081 = VECTOR ( 'NONE', #10644, 1000.000000000000000 ) ;
#7082 = SURFACE_STYLE_FILL_AREA ( #6204 ) ;
#7083 = VERTEX_POINT ( 'NONE', #10578 ) ;
#7084 = ORIENTED_EDGE ( 'NONE', *, *, #4644, .F. ) ;
#7085 = CARTESIAN_POINT ( 'NONE',  ( 10.19772880358570077, 3.000000000000000444, 10.50735166954630095 ) ) ;
#7086 = EDGE_CURVE ( 'NONE', #4253, #6356, #9659, .T. ) ;
#7087 = EDGE_CURVE ( 'NONE', #82, #1432, #5517, .T. ) ;
#7088 = ORIENTED_EDGE ( 'NONE', *, *, #206, .T. ) ;
#7089 = CARTESIAN_POINT ( 'NONE',  ( -0.5749999999999999556, -5.349999999999999645, 2.500000000000000000 ) ) ;
#7090 = ORIENTED_EDGE ( 'NONE', *, *, #987, .T. ) ;
#7091 = VECTOR ( 'NONE', #4429, 1000.000000000000000 ) ;
#7092 = DIRECTION ( 'NONE',  ( -0.000000000000000000, -0.000000000000000000, 1.000000000000000000 ) ) ;
#7093 = CARTESIAN_POINT ( 'NONE',  ( 0.000000000000000000, 0.8000000000000000444, 1.084202172485504434E-16 ) ) ;
#7094 = VERTEX_POINT ( 'NONE', #646 ) ;
#7095 = ADVANCED_FACE ( 'NONE', ( #5621 ), #8957, .T. ) ;
#7096 = LINE ( 'NONE', #3934, #2258 ) ;
#7097 = LINE ( 'NONE', #1447, #4065 ) ;
#7098 = VECTOR ( 'NONE', #6693, 1000.000000000000000 ) ;
#7099 = EDGE_LOOP ( 'NONE', ( #7144, #9977, #4355, #10368 ) ) ;
#7100 = LINE ( 'NONE', #2748, #7388 ) ;
#7101 = DIRECTION ( 'NONE',  ( -0.000000000000000000, -1.000000000000000000, -0.000000000000000000 ) ) ;
#7102 = PLANE ( 'NONE',  #6564 ) ;
#7103 = CARTESIAN_POINT ( 'NONE',  ( 1.925000000000000044, -3.975000000000000089, 1.399999999999998579 ) ) ;
#7104 = CARTESIAN_POINT ( 'NONE',  ( -10.50000000000000000, 7.500000000000000000, 15.00000000000000000 ) ) ;
#7105 = ORIENTED_EDGE ( 'NONE', *, *, #8345, .T. ) ;
#7106 = VECTOR ( 'NONE', #9436, 1000.000000000000000 ) ;
#7107 = EDGE_CURVE ( 'NONE', #2215, #417, #4804, .T. ) ;
#7108 = EDGE_CURVE ( 'NONE', #1432, #5293, #7210, .T. ) ;
#7109 = EDGE_LOOP ( 'NONE', ( #4625, #5417, #5743, #341, #9532, #2745, #4466, #1462, #1027, #5554, #8133, #3392, #1388, #9774, #3933, #5617, #1776, #8261, #5692, #9761, #9012, #8783, #3745, #6560 ) ) ;
#7110 = DIRECTION ( 'NONE',  ( 0.000000000000000000, 0.000000000000000000, 1.000000000000000000 ) ) ;
#7111 = PLANE ( 'NONE',  #2871 ) ;
#7112 = CARTESIAN_POINT ( 'NONE',  ( -1.239125294628760088, 4.342513279221623890, 4.413502950781771794 ) ) ;
#7113 = CARTESIAN_POINT ( 'NONE',  ( -3.049999999999999378, 0.8000000000000000444, -2.199777700366559507 ) ) ;
#7114 = VERTEX_POINT ( 'NONE', #6386 ) ;
#7115 = VECTOR ( 'NONE', #7685, 1000.000000000000000 ) ;
#7116 = DIRECTION ( 'NONE',  ( 0.000000000000000000, -0.000000000000000000, 1.000000000000000000 ) ) ;
#7117 = FACE_OUTER_BOUND ( 'NONE', #294, .T. ) ;
#7118 = ORIENTED_EDGE ( 'NONE', *, *, #6399, .F. ) ;
#7119 = CARTESIAN_POINT ( 'NONE',  ( -3.450000000000000178, -3.975000000000000089, 1.900000000000000355 ) ) ;
#7120 = CARTESIAN_POINT ( 'NONE',  ( -0.03820525787796621303, 4.494475700848455268, 4.425852105172785045 ) ) ;
#7121 = DIRECTION ( 'NONE',  ( 0.000000000000000000, -3.654614064557880066E-17, 1.000000000000000000 ) ) ;
#7122 = ORIENTED_EDGE ( 'NONE', *, *, #1838, .T. ) ;
#7123 = CARTESIAN_POINT ( 'NONE',  ( 1.428886822951749958, 3.025748228172934873, 4.306072360540877497 ) ) ;
#7124 = ORIENTED_EDGE ( 'NONE', *, *, #6770, .F. ) ;
#7125 = CARTESIAN_POINT ( 'NONE',  ( 6.450000000000000178, -0.9499999999999999556, -0.3499999999999999778 ) ) ;
#7126 = VECTOR ( 'NONE', #4995, 1000.000000000000000 ) ;
#7127 = ORIENTED_EDGE ( 'NONE', *, *, #8621, .F. ) ;
#7128 = LINE ( 'NONE', #3106, #5337 ) ;
#7129 = CARTESIAN_POINT ( 'NONE',  ( -1.502322897210280006, 3.413572216763388845, 4.337783288189831943 ) ) ;
#7130 = DIRECTION ( 'NONE',  ( -1.000000000000000000, 0.000000000000000000, -0.000000000000000000 ) ) ;
#7131 = EDGE_CURVE ( 'NONE', #5238, #1953, #3182, .T. ) ;
#7132 = AXIS2_PLACEMENT_3D ( 'NONE', #7972, #4377, #2086 ) ;
#7133 = LINE ( 'NONE', #1213, #7786 ) ;
#7134 = DIRECTION ( 'NONE',  ( -0.000000000000000000, -1.000000000000000000, -0.000000000000000000 ) ) ;
#7135 = DIRECTION ( 'NONE',  ( 0.000000000000000000, -1.000000000000000000, -0.000000000000000000 ) ) ;
#7136 = PRODUCT_DEFINITION_SHAPE ( 'NONE', 'NONE',  #854 ) ;
#7137 = DIRECTION ( 'NONE',  ( 1.000000000000000000, 0.000000000000000000, -0.000000000000000000 ) ) ;
#7138 = VERTEX_POINT ( 'NONE', #7368 ) ;
#7139 = ORIENTED_EDGE ( 'NONE', *, *, #817, .F. ) ;
#7140 = CARTESIAN_POINT ( 'NONE',  ( -5.150000000000000355, -3.429011037612588783E-16, 1.050000000000000044 ) ) ;
#7141 = VERTEX_POINT ( 'NONE', #10734 ) ;
#7142 = CARTESIAN_POINT ( 'NONE',  ( 0.000000000000000000, 13.03284903301680053, -7.724777700366559863 ) ) ;
#7143 = VECTOR ( 'NONE', #3370, 1000.000000000000000 ) ;
#7144 = ORIENTED_EDGE ( 'NONE', *, *, #8909, .F. ) ;
#7145 = EDGE_CURVE ( 'NONE', #7829, #8129, #1822, .T. ) ;
#7146 = LINE ( 'NONE', #3517, #8012 ) ;
#7147 = EDGE_CURVE ( 'NONE', #10487, #7690, #9270, .T. ) ;
#7148 = DIRECTION ( 'NONE',  ( -1.000000000000000000, -0.000000000000000000, -0.000000000000000000 ) ) ;
#7149 = CARTESIAN_POINT ( 'NONE',  ( -4.000000000000000000, 0.000000000000000000, -1.350000000000000089 ) ) ;
#7150 = VECTOR ( 'NONE', #1726, 1000.000000000000000 ) ;
#7151 = DIRECTION ( 'NONE',  ( 0.000000000000000000, -1.000000000000000000, -0.000000000000000000 ) ) ;
#7152 = ORIENTED_EDGE ( 'NONE', *, *, #4334, .T. ) ;
#7153 = LINE ( 'NONE', #9758, #7219 ) ;
#7154 = DIRECTION ( 'NONE',  ( -1.000000000000000000, 0.000000000000000000, 0.000000000000000000 ) ) ;
#7155 = SURFACE_STYLE_USAGE ( .BOTH. , #10534 ) ;
#7156 = ORIENTED_EDGE ( 'NONE', *, *, #3025, .F. ) ;
#7157 = ADVANCED_FACE ( 'NONE', ( #10682 ), #5786, .F. ) ;
#7158 = VECTOR ( 'NONE', #7268, 1000.000000000000000 ) ;
#7159 = EDGE_CURVE ( 'NONE', #4275, #3990, #144, .T. ) ;
#7160 = ORIENTED_EDGE ( 'NONE', *, *, #7208, .F. ) ;
#7161 = FACE_OUTER_BOUND ( 'NONE', #7627, .T. ) ;
#7162 = AXIS2_PLACEMENT_3D ( 'NONE', #3481, #6694, #8386 ) ;
#7163 = CARTESIAN_POINT ( 'NONE',  ( -0.03875935904638128787, 4.892244484529191695, 4.458278632147600007 ) ) ;
#7164 = CARTESIAN_POINT ( 'NONE',  ( -0.03875626452230197805, 4.884486305379239113, 4.553446494246365717 ) ) ;
#7165 = AXIS2_PLACEMENT_3D ( 'NONE', #7667, #5102, #8543 ) ;
#7166 = CARTESIAN_POINT ( 'NONE',  ( 8.074999999999999289, 3.975000000000000089, 31.88557667661039829 ) ) ;
#7167 = ORIENTED_EDGE ( 'NONE', *, *, #3764, .F. ) ;
#7168 = UNCERTAINTY_MEASURE_WITH_UNIT (LENGTH_MEASURE( 1.000000000000000082E-05 ), #9100, 'distance_accuracy_value', 'NONE');
#7169 = DIRECTION ( 'NONE',  ( -1.000000000000000000, 0.000000000000000000, -0.000000000000000000 ) ) ;
#7170 = EDGE_CURVE ( 'NONE', #2222, #637, #2531, .T. ) ;
#7171 = EDGE_CURVE ( 'NONE', #9213, #10567, #6761, .T. ) ;
#7172 = DIRECTION ( 'NONE',  ( -6.251255769285790096E-16, -1.000000000000000000, 0.000000000000000000 ) ) ;
#7173 = AXIS2_PLACEMENT_3D ( 'NONE', #5628, #5679, #9070 ) ;
#7174 = VECTOR ( 'NONE', #4688, 1000.000000000000000 ) ;
#7175 = DIRECTION ( 'NONE',  ( 0.000000000000000000, 0.000000000000000000, -1.000000000000000000 ) ) ;
#7176 = EDGE_LOOP ( 'NONE', ( #5668, #10521 ) ) ;
#7177 = PLANE ( 'NONE',  #58 ) ;
#7178 = LINE ( 'NONE', #8159, #4767 ) ;
#7179 = CARTESIAN_POINT ( 'NONE',  ( -5.150000000000000355, 6.822590561394730635, 4.458817530261704576 ) ) ;
#7180 = ORIENTED_EDGE ( 'NONE', *, *, #4262, .F. ) ;
#7181 = CARTESIAN_POINT ( 'NONE',  ( 1.699999999999999956, -6.450000000000000178, 13.00000000000000178 ) ) ;
#7182 = VERTEX_POINT ( 'NONE', #1767 ) ;
#7183 = AXIS2_PLACEMENT_3D ( 'NONE', #9054, #10727, #1596 ) ;
#7184 = ORIENTED_EDGE ( 'NONE', *, *, #7441, .F. ) ;
#7185 = CARTESIAN_POINT ( 'NONE',  ( -6.400000000000000355, -0.5000000000000000000, 1.399999999999998579 ) ) ;
#7186 = EDGE_CURVE ( 'NONE', #564, #9597, #1021, .T. ) ;
#7187 = FACE_OUTER_BOUND ( 'NONE', #856, .T. ) ;
#7188 = CARTESIAN_POINT ( 'NONE',  ( 4.000000000000000000, 2.737844099826320043, 2.947789617253379735 ) ) ;
#7189 = VECTOR ( 'NONE', #5915, 1000.000000000000000 ) ;
#7190 = VECTOR ( 'NONE', #6301, 1000.000000000000114 ) ;
#7191 = DIRECTION ( 'NONE',  ( 0.000000000000000000, -0.000000000000000000, -1.000000000000000000 ) ) ;
#7192 = FACE_OUTER_BOUND ( 'NONE', #10170, .T. ) ;
#7193 =( LENGTH_UNIT ( ) NAMED_UNIT ( * ) SI_UNIT ( .MILLI., .METRE. ) );
#7194 = CARTESIAN_POINT ( 'NONE',  ( 0.5000000000000002220, -5.250000000000000000, -3.500000000000000000 ) ) ;
#7195 = ORIENTED_EDGE ( 'NONE', *, *, #4298, .T. ) ;
#7196 = EDGE_LOOP ( 'NONE', ( #796, #2753, #6071, #6544 ) ) ;
#7197 = DIRECTION ( 'NONE',  ( 0.000000000000000000, -1.000000000000000000, 3.576749435003730024E-16 ) ) ;
#7198 = ORIENTED_EDGE ( 'NONE', *, *, #4957, .F. ) ;
#7199 = CYLINDRICAL_SURFACE ( 'NONE', #4165, 0.7000000000000000666 ) ;
#7200 = VECTOR ( 'NONE', #2114, 1000.000000000000000 ) ;
#7201 = VERTEX_POINT ( 'NONE', #4256 ) ;
#7202 = LINE ( 'NONE', #585, #2490 ) ;
#7203 = ORIENTED_EDGE ( 'NONE', *, *, #3559, .F. ) ;
#7204 = VECTOR ( 'NONE', #1416, 1000.000000000000000 ) ;
#7205 = LINE ( 'NONE', #7040, #6926 ) ;
#7206 = ORIENTED_EDGE ( 'NONE', *, *, #7640, .F. ) ;
#7207 = DIRECTION ( 'NONE',  ( -1.000000000000000000, 0.000000000000000000, 0.000000000000000000 ) ) ;
#7208 = EDGE_CURVE ( 'NONE', #4376, #205, #912, .T. ) ;
#7209 = ORIENTED_EDGE ( 'NONE', *, *, #8356, .F. ) ;
#7210 = LINE ( 'NONE', #696, #988 ) ;
#7211 = ORIENTED_EDGE ( 'NONE', *, *, #1687, .F. ) ;
#7212 = EDGE_CURVE ( 'NONE', #8738, #1727, #6712, .T. ) ;
#7213 = VERTEX_POINT ( 'NONE', #4201 ) ;
#7214 = VECTOR ( 'NONE', #3788, 1000.000000000000000 ) ;
#7215 = LINE ( 'NONE', #10536, #5602 ) ;
#7216 = ORIENTED_EDGE ( 'NONE', *, *, #1911, .T. ) ;
#7217 = DIRECTION ( 'NONE',  ( 0.000000000000000000, -0.000000000000000000, 1.000000000000000000 ) ) ;
#7218 = EDGE_CURVE ( 'NONE', #1158, #5228, #9120, .T. ) ;
#7219 = VECTOR ( 'NONE', #5671, 1000.000000000000114 ) ;
#7220 = CARTESIAN_POINT ( 'NONE',  ( -10.19772880358570077, 3.000000000000000444, 9.925437956591640187 ) ) ;
#7221 = CARTESIAN_POINT ( 'NONE',  ( -0.7249999999999999778, -2.036113726531790125, 4.186027107350409615 ) ) ;
#7222 = DIRECTION ( 'NONE',  ( -0.000000000000000000, 1.000000000000000000, -3.576749435003730024E-16 ) ) ;
#7223 = ORIENTED_EDGE ( 'NONE', *, *, #10143, .F. ) ;
#7224 = EDGE_CURVE ( 'NONE', #3066, #10581, #10030, .T. ) ;
#7225 = ADVANCED_FACE ( 'NONE', ( #8247 ), #860, .F. ) ;
#7226 = LINE ( 'NONE', #2929, #5452 ) ;
#7227 = CARTESIAN_POINT ( 'NONE',  ( -3.350000000000000089, 0.8000000000000000444, -2.399777700366560573 ) ) ;
#7228 = VECTOR ( 'NONE', #2518, 1000.000000000000000 ) ;
#7229 = DIRECTION ( 'NONE',  ( 0.000000000000000000, 0.000000000000000000, -1.000000000000000000 ) ) ;
#7230 = ORIENTED_EDGE ( 'NONE', *, *, #8897, .T. ) ;
#7231 = CARTESIAN_POINT ( 'NONE',  ( 8.000000000000000000, -4.775000000000000355, 15.00000000000000000 ) ) ;
#7232 = DIRECTION ( 'NONE',  ( 0.000000000000000000, -0.000000000000000000, 1.000000000000000000 ) ) ;
#7233 = FACE_OUTER_BOUND ( 'NONE', #46, .T. ) ;
#7234 = CARTESIAN_POINT ( 'NONE',  ( 0.5312032046437229482, 4.828349930872089857, 4.453051386907578291 ) ) ;
#7235 = VECTOR ( 'NONE', #1023, 1000.000000000000000 ) ;
#7236 = ORIENTED_EDGE ( 'NONE', *, *, #6413, .T. ) ;
#7237 = CARTESIAN_POINT ( 'NONE',  ( 0.4999999999999998890, 6.250000000000000000, -3.500000000000000000 ) ) ;
#7238 = FACE_OUTER_BOUND ( 'NONE', #4160, .T. ) ;
#7239 = FACE_OUTER_BOUND ( 'NONE', #8451, .T. ) ;
#7240 = CARTESIAN_POINT ( 'NONE',  ( -6.049999999999999822, -1.199999999999999956, 1.899999999999999911 ) ) ;
#7241 = DIRECTION ( 'NONE',  ( 0.000000000000000000, -0.000000000000000000, -1.000000000000000000 ) ) ;
#7242 = PLANE ( 'NONE',  #78 ) ;
#7243 = EDGE_CURVE ( 'NONE', #131, #8418, #10083, .T. ) ;
#7244 = SURFACE_STYLE_FILL_AREA ( #630 ) ;
#7245 = CARTESIAN_POINT ( 'NONE',  ( -9.500000000000000000, 6.349999999999999645, 5.000000000000000888 ) ) ;
#7246 = EDGE_CURVE ( 'NONE', #7017, #6156, #7530, .T. ) ;
#7247 = ORIENTED_EDGE ( 'NONE', *, *, #9865, .F. ) ;
#7248 = ORIENTED_EDGE ( 'NONE', *, *, #10201, .T. ) ;
#7249 = CARTESIAN_POINT ( 'NONE',  ( 0.000000000000000000, -7.500000000000000000, 11.00000000000000000 ) ) ;
#7250 = ORIENTED_EDGE ( 'NONE', *, *, #6063, .T. ) ;
#7251 = LINE ( 'NONE', #4685, #541 ) ;
#7252 = ORIENTED_EDGE ( 'NONE', *, *, #3879, .F. ) ;
#7253 = DIRECTION ( 'NONE',  ( -0.000000000000000000, -0.000000000000000000, 1.000000000000000000 ) ) ;
#7254 = ORIENTED_EDGE ( 'NONE', *, *, #7822, .T. ) ;
#7255 = ORIENTED_EDGE ( 'NONE', *, *, #9477, .T. ) ;
#7256 = DIRECTION ( 'NONE',  ( 0.000000000000000000, 0.000000000000000000, 1.000000000000000000 ) ) ;
#7257 = VERTEX_POINT ( 'NONE', #970 ) ;
#7258 = CARTESIAN_POINT ( 'NONE',  ( -6.900000000000001243, 6.339999999999999858, 2.100000000000000089 ) ) ;
#7259 = ORIENTED_EDGE ( 'NONE', *, *, #8650, .T. ) ;
#7260 = CIRCLE ( 'NONE', #7960, 38.37500000000000000 ) ;
#7261 = VERTEX_POINT ( 'NONE', #6655 ) ;
#7262 = LINE ( 'NONE', #7773, #2322 ) ;
#7263 = AXIS2_PLACEMENT_3D ( 'NONE', #406, #10510, #6370 ) ;
#7264 = ADVANCED_FACE ( 'NONE', ( #7588 ), #9979, .T. ) ;
#7265 = VERTEX_POINT ( 'NONE', #6045 ) ;
#7266 = PLANE ( 'NONE',  #8051 ) ;
#7267 = DIRECTION ( 'NONE',  ( 0.000000000000000000, 0.000000000000000000, -1.000000000000000000 ) ) ;
#7268 = DIRECTION ( 'NONE',  ( -0.000000000000000000, -1.000000000000000000, 0.000000000000000000 ) ) ;
#7269 = DIRECTION ( 'NONE',  ( -0.000000000000000000, 1.000000000000000000, 0.000000000000000000 ) ) ;
#7270 = FILL_AREA_STYLE ('',( #2388 ) ) ;
#7271 = VERTEX_POINT ( 'NONE', #254 ) ;
#7272 = CARTESIAN_POINT ( 'NONE',  ( -5.650000000000000355, -0.5000000000000000000, 10.30000000000000071 ) ) ;
#7273 = VECTOR ( 'NONE', #5975, 1000.000000000000114 ) ;
#7274 = CARTESIAN_POINT ( 'NONE',  ( -1.000000000000000000, 6.349999999999999645, 13.00000000000000178 ) ) ;
#7275 = EDGE_CURVE ( 'NONE', #7700, #2670, #307, .T. ) ;
#7276 = EDGE_CURVE ( 'NONE', #6685, #9049, #2791, .T. ) ;
#7277 = DIRECTION ( 'NONE',  ( -0.000000000000000000, -0.000000000000000000, -1.000000000000000000 ) ) ;
#7278 = ORIENTED_EDGE ( 'NONE', *, *, #3894, .T. ) ;
#7279 = CARTESIAN_POINT ( 'NONE',  ( 2.375000000000000000, 0.8000000000000000444, -9.599777700366560751 ) ) ;
#7280 = VECTOR ( 'NONE', #314, 1000.000000000000000 ) ;
#7281 = PRODUCT_CONTEXT ( 'NONE', #5718, 'mechanical' ) ;
#7282 = DIRECTION ( 'NONE',  ( 0.000000000000000000, 0.000000000000000000, -1.000000000000000000 ) ) ;
#7283 = CARTESIAN_POINT ( 'NONE',  ( -3.549999999999999822, 0.8000000000000000444, -0.5000000000000000000 ) ) ;
#7284 = VERTEX_POINT ( 'NONE', #6155 ) ;
#7285 = PRESENTATION_STYLE_ASSIGNMENT (( #563 ) ) ;
#7286 = DIRECTION ( 'NONE',  ( 0.000000000000000000, -1.000000000000000000, -0.000000000000000000 ) ) ;
#7287 = AXIS2_PLACEMENT_3D ( 'NONE', #7519, #1811, #7625 ) ;
#7288 = CARTESIAN_POINT ( 'NONE',  ( 8.074999999999999289, 3.975000000000000089, 1.399999999999998579 ) ) ;
#7289 = EDGE_CURVE ( 'NONE', #5066, #131, #2031, .T. ) ;
#7290 = CARTESIAN_POINT ( 'NONE',  ( 3.100000000000000533, -0.5000000000000011102, -0.9499999999999996225 ) ) ;
#7291 = DIRECTION ( 'NONE',  ( -0.000000000000000000, 1.000000000000000000, -0.000000000000000000 ) ) ;
#7292 = CARTESIAN_POINT ( 'NONE',  ( -0.5749999999999999556, 5.349999999999998757, 2.499999999999999556 ) ) ;
#7293 = CARTESIAN_POINT ( 'NONE',  ( -3.350000000000000089, 0.8000000000000000444, -3.399777700366560573 ) ) ;
#7294 = DIRECTION ( 'NONE',  ( 8.698137213908060106E-32, 2.115261143303811914E-47, 1.000000000000000000 ) ) ;
#7295 = CIRCLE ( 'NONE', #8691, 0.2000000000000000944 ) ;
#7296 = ORIENTED_EDGE ( 'NONE', *, *, #10063, .T. ) ;
#7297 = ORIENTED_EDGE ( 'NONE', *, *, #5469, .T. ) ;
#7298 = CARTESIAN_POINT ( 'NONE',  ( -8.074999999999999289, -4.775000000000000355, 31.88557667661039829 ) ) ;
#7299 = EDGE_LOOP ( 'NONE', ( #2582, #10381, #1263, #6878 ) ) ;
#7300 = FILL_AREA_STYLE ('',( #8997 ) ) ;
#7301 = ORIENTED_EDGE ( 'NONE', *, *, #1467, .T. ) ;
#7302 = EDGE_CURVE ( 'NONE', #5505, #1763, #8672, .T. ) ;
#7303 = AXIS2_PLACEMENT_3D ( 'NONE', #4929, #8265, #2598 ) ;
#7304 = DIRECTION ( 'NONE',  ( -0.000000000000000000, 0.000000000000000000, -1.000000000000000000 ) ) ;
#7305 = ORIENTED_EDGE ( 'NONE', *, *, #6089, .F. ) ;
#7306 = PLANE ( 'NONE',  #3464 ) ;
#7307 = ORIENTED_EDGE ( 'NONE', *, *, #2909, .F. ) ;
#7308 = CARTESIAN_POINT ( 'NONE',  ( -3.350000000000000089, 0.000000000000000000, -3.199777700366559952 ) ) ;
#7309 = VERTEX_POINT ( 'NONE', #3602 ) ;
#7310 = CARTESIAN_POINT ( 'NONE',  ( 0.000000000000000000, 13.03284903301680053, -7.024777700366560573 ) ) ;
#7311 = VECTOR ( 'NONE', #8351, 1000.000000000000114 ) ;
#7312 = ORIENTED_EDGE ( 'NONE', *, *, #461, .T. ) ;
#7313 = ORIENTED_EDGE ( 'NONE', *, *, #443, .T. ) ;
#7314 = MECHANICAL_DESIGN_GEOMETRIC_PRESENTATION_REPRESENTATION (  '', ( #4360 ), #8718 ) ;
#7315 = LINE ( 'NONE', #8140, #1616 ) ;
#7316 = ORIENTED_EDGE ( 'NONE', *, *, #1713, .F. ) ;
#7317 = DIRECTION ( 'NONE',  ( 0.000000000000000000, 0.000000000000000000, 1.000000000000000000 ) ) ;
#7318 = CARTESIAN_POINT ( 'NONE',  ( 0.7992622071480944834, 4.714350695609401676, 4.539659770001163608 ) ) ;
#7319 = DIRECTION ( 'NONE',  ( 0.000000000000000000, 0.000000000000000000, -1.000000000000000000 ) ) ;
#7320 = CARTESIAN_POINT ( 'NONE',  ( 0.000000000000000000, -1.199999999999999956, 1.900000000000000355 ) ) ;
#7321 = FACE_OUTER_BOUND ( 'NONE', #5772, .T. ) ;
#7322 = EDGE_CURVE ( 'NONE', #1436, #7836, #1869, .T. ) ;
#7323 = ORIENTED_EDGE ( 'NONE', *, *, #3605, .T. ) ;
#7324 = AXIS2_PLACEMENT_3D ( 'NONE', #4640, #5298, #372 ) ;
#7325 = DIRECTION ( 'NONE',  ( -1.000000000000000000, 0.000000000000000000, 0.000000000000000000 ) ) ;
#7326 = EDGE_CURVE ( 'NONE', #5293, #7601, #8726, .T. ) ;
#7327 = CARTESIAN_POINT ( 'NONE',  ( 1.171468787321539917, 3.419757060234977164, 4.338200708658269455 ) ) ;
#7328 = VECTOR ( 'NONE', #2489, 1000.000000000000000 ) ;
#7329 = LINE ( 'NONE', #8106, #6052 ) ;
#7330 = ORIENTED_EDGE ( 'NONE', *, *, #150, .F. ) ;
#7331 = PLANE ( 'NONE',  #6318 ) ;
#7332 = CARTESIAN_POINT ( 'NONE',  ( -1.000000000000000000, -6.450000000000000178, 13.00000000000000178 ) ) ;
#7333 = LINE ( 'NONE', #5589, #3026 ) ;
#7334 = CARTESIAN_POINT ( 'NONE',  ( -1.122972486168952067, 3.167473851507115246, 4.364634056333271062 ) ) ;
#7335 = EDGE_CURVE ( 'NONE', #9560, #1401, #2878, .T. ) ;
#7336 = ORIENTED_EDGE ( 'NONE', *, *, #10406, .F. ) ;
#7337 = DIRECTION ( 'NONE',  ( 0.000000000000000000, -0.000000000000000000, 1.000000000000000000 ) ) ;
#7338 = LINE ( 'NONE', #1581, #2852 ) ;
#7339 = VECTOR ( 'NONE', #9822, 1000.000000000000000 ) ;
#7340 = VECTOR ( 'NONE', #10611, 1000.000000000000000 ) ;
#7341 = EDGE_CURVE ( 'NONE', #1350, #4449, #7745, .T. ) ;
#7342 = DIRECTION ( 'NONE',  ( -0.000000000000000000, -1.000000000000000000, -0.000000000000000000 ) ) ;
#7343 = DIRECTION ( 'NONE',  ( -2.195852501236469969E-16, 0.000000000000000000, -1.000000000000000000 ) ) ;
#7344 = DIRECTION ( 'NONE',  ( -1.000000000000000000, 0.000000000000000000, 0.000000000000000000 ) ) ;
#7345 = FACE_OUTER_BOUND ( 'NONE', #9325, .T. ) ;
#7346 = VECTOR ( 'NONE', #8782, 1000.000000000000000 ) ;
#7347 = PLANE ( 'NONE',  #9718 ) ;
#7348 = CYLINDRICAL_SURFACE ( 'NONE', #9786, 0.4000000000000001887 ) ;
#7349 = VECTOR ( 'NONE', #1129, 1000.000000000000000 ) ;
#7350 = ORIENTED_EDGE ( 'NONE', *, *, #5762, .F. ) ;
#7351 = EDGE_CURVE ( 'NONE', #8947, #4063, #7637, .T. ) ;
#7352 = VERTEX_POINT ( 'NONE', #198 ) ;
#7353 = DIRECTION ( 'NONE',  ( 1.000000000000000000, -1.762930361765040079E-17, -0.000000000000000000 ) ) ;
#7354 = VERTEX_POINT ( 'NONE', #10240 ) ;
#7355 = CARTESIAN_POINT ( 'NONE',  ( 6.123233995736766036E-17, 6.349999999999999645, 13.00000000000000178 ) ) ;
#7356 = EDGE_CURVE ( 'NONE', #4162, #2255, #6208, .T. ) ;
#7357 = EDGE_CURVE ( 'NONE', #9114, #7491, #3657, .T. ) ;
#7358 = ORIENTED_EDGE ( 'NONE', *, *, #4103, .F. ) ;
#7359 = VECTOR ( 'NONE', #4128, 1000.000000000000000 ) ;
#7360 = VECTOR ( 'NONE', #629, 1000.000000000000000 ) ;
#7361 = CYLINDRICAL_SURFACE ( 'NONE', #783, 1.000000000000000000 ) ;
#7362 = VERTEX_POINT ( 'NONE', #6815 ) ;
#7363 = FACE_BOUND ( 'NONE', #152, .T. ) ;
#7364 = ORIENTED_EDGE ( 'NONE', *, *, #48, .T. ) ;
#7365 =( NAMED_UNIT ( * ) PLANE_ANGLE_UNIT ( ) SI_UNIT ( $, .RADIAN. ) );
#7366 = VECTOR ( 'NONE', #8132, 1000.000000000000000 ) ;
#7367 = ORIENTED_EDGE ( 'NONE', *, *, #4182, .T. ) ;
#7368 = CARTESIAN_POINT ( 'NONE',  ( -10.19772880358570077, 3.000000000000000444, 10.50735166954630095 ) ) ;
#7369 = VERTEX_POINT ( 'NONE', #10186 ) ;
#7370 = CARTESIAN_POINT ( 'NONE',  ( 8.050000000000000711, 6.450000000000000178, 10.50000000000000000 ) ) ;
#7371 = ORIENTED_EDGE ( 'NONE', *, *, #849, .F. ) ;
#7372 = VECTOR ( 'NONE', #9088, 1000.000000000000000 ) ;
#7373 = DIRECTION ( 'NONE',  ( -1.000000000000000000, 0.000000000000000000, 0.000000000000000000 ) ) ;
#7374 = VERTEX_POINT ( 'NONE', #6870 ) ;
#7375 = CARTESIAN_POINT ( 'NONE',  ( -4.000000000000000000, 5.750000000000000000, 3.283227176369309941 ) ) ;
#7376 = EDGE_CURVE ( 'NONE', #7265, #1385, #8515, .T. ) ;
#7377 = ORIENTED_EDGE ( 'NONE', *, *, #5611, .T. ) ;
#7378 = PLANE ( 'NONE',  #1652 ) ;
#7379 = DIRECTION ( 'NONE',  ( -1.000000000000000000, -7.658833257133525452E-16, 1.078782426441188335E-16 ) ) ;
#7380 = ADVANCED_FACE ( 'NONE', ( #10517 ), #3873, .T. ) ;
#7381 = LINE ( 'NONE', #658, #5680 ) ;
#7382 = CARTESIAN_POINT ( 'NONE',  ( 0.000000000000000000, -0.5000000000000000000, 0.000000000000000000 ) ) ;
#7383 = STYLED_ITEM ( 'NONE', ( #6892 ), #6603 ) ;
#7384 = ORIENTED_EDGE ( 'NONE', *, *, #1830, .F. ) ;
#7385 = VERTEX_POINT ( 'NONE', #7140 ) ;
#7386 = CARTESIAN_POINT ( 'NONE',  ( 9.500000000000000000, -6.349999999999999645, 13.00000000000000178 ) ) ;
#7387 = LINE ( 'NONE', #4220, #201 ) ;
#7388 = VECTOR ( 'NONE', #4368, 1000.000000000000000 ) ;
#7389 = DIRECTION ( 'NONE',  ( -1.000000000000000000, 0.000000000000000000, -0.000000000000000000 ) ) ;
#7390 = VERTEX_POINT ( 'NONE', #9588 ) ;
#7391 = CARTESIAN_POINT ( 'NONE',  ( 0.000000000000000000, 6.349999999999999645, 12.00000000000000000 ) ) ;
#7392 = LINE ( 'NONE', #832, #446 ) ;
#7393 = APPLICATION_CONTEXT ( 'automotive_design' ) ;
#7394 = DIRECTION ( 'NONE',  ( -1.000000000000000000, 0.000000000000000000, 0.000000000000000000 ) ) ;
#7395 = LINE ( 'NONE', #5645, #5919 ) ;
#7396 = VERTEX_POINT ( 'NONE', #5555 ) ;
#7397 = DIRECTION ( 'NONE',  ( -1.000000000000000000, -0.000000000000000000, 0.000000000000000000 ) ) ;
#7398 = VECTOR ( 'NONE', #5888, 1000.000000000000000 ) ;
#7399 = LINE ( 'NONE', #10610, #9046 ) ;
#7400 = DIRECTION ( 'NONE',  ( -0.000000000000000000, -1.000000000000000000, -0.000000000000000000 ) ) ;
#7401 = FACE_OUTER_BOUND ( 'NONE', #3053, .T. ) ;
#7402 = PLANE ( 'NONE',  #9442 ) ;
#7403 = VECTOR ( 'NONE', #2305, 1000.000000000000000 ) ;
#7404 = DIRECTION ( 'NONE',  ( 0.000000000000000000, 0.000000000000000000, -1.000000000000000000 ) ) ;
#7405 = SURFACE_SIDE_STYLE ('',( #10616 ) ) ;
#7406 = EDGE_CURVE ( 'NONE', #7141, #5199, #7908, .T. ) ;
#7407 = ORIENTED_EDGE ( 'NONE', *, *, #8621, .T. ) ;
#7408 = EDGE_LOOP ( 'NONE', ( #6699, #9200, #3889, #7838 ) ) ;
#7409 = CARTESIAN_POINT ( 'NONE',  ( -6.400000000000000355, -1.199999999999999956, 1.899999999999999023 ) ) ;
#7410 = ORIENTED_EDGE ( 'NONE', *, *, #2511, .T. ) ;
#7411 = DIRECTION ( 'NONE',  ( 1.000000000000000000, 0.000000000000000000, 0.000000000000000000 ) ) ;
#7412 = ORIENTED_EDGE ( 'NONE', *, *, #8424, .F. ) ;
#7413 = VECTOR ( 'NONE', #10503, 1000.000000000000000 ) ;
#7414 = ADVANCED_FACE ( 'NONE', ( #10619 ), #2360, .T. ) ;
#7415 = CARTESIAN_POINT ( 'NONE',  ( 7.500000000000000000, 0.000000000000000000, -0.9499999999999999556 ) ) ;
#7416 = ORIENTED_EDGE ( 'NONE', *, *, #2011, .T. ) ;
#7417 = LINE ( 'NONE', #10729, #1728 ) ;
#7418 = ORIENTED_EDGE ( 'NONE', *, *, #3, .F. ) ;
#7419 = CARTESIAN_POINT ( 'NONE',  ( -1.065963862904391712, 3.038007236034637071, 4.384541713886547676 ) ) ;
#7420 = ORIENTED_EDGE ( 'NONE', *, *, #9819, .F. ) ;
#7421 = CARTESIAN_POINT ( 'NONE',  ( 4.000000000000000000, 0.000000000000000000, -1.350000000000000089 ) ) ;
#7422 = CARTESIAN_POINT ( 'NONE',  ( -10.41980543215949950, 3.000000000000000000, 9.343524243637009619 ) ) ;
#7423 = ORIENTED_EDGE ( 'NONE', *, *, #10364, .F. ) ;
#7424 = CARTESIAN_POINT ( 'NONE',  ( 0.1538160926363233150, 4.888699137012120666, 4.553433856470400443 ) ) ;
#7425 = VERTEX_POINT ( 'NONE', #6427 ) ;
#7426 = EDGE_CURVE ( 'NONE', #9500, #9873, #2202, .T. ) ;
#7427 = ORIENTED_EDGE ( 'NONE', *, *, #7693, .F. ) ;
#7428 = CARTESIAN_POINT ( 'NONE',  ( 6.049999999999999822, -1.199999999999999956, 1.899999999999999689 ) ) ;
#7429 =( GEOMETRIC_REPRESENTATION_CONTEXT ( 3 ) GLOBAL_UNCERTAINTY_ASSIGNED_CONTEXT ( ( #1303 ) ) GLOBAL_UNIT_ASSIGNED_CONTEXT ( ( #134, #7463, #28 ) ) REPRESENTATION_CONTEXT ( 'NONE', 'WORKASPACE' ) );
#7430 = VERTEX_POINT ( 'NONE', #9647 ) ;
#7431 = CARTESIAN_POINT ( 'NONE',  ( 3.450000000000000178, 1.199999999999999956, 1.899999999999999911 ) ) ;
#7432 = LINE ( 'NONE', #8258, #3846 ) ;
#7433 = DIRECTION ( 'NONE',  ( 1.000000000000000000, 0.000000000000000000, -0.000000000000000000 ) ) ;
#7434 = CARTESIAN_POINT ( 'NONE',  ( -7.500000000000000000, 0.5000000000000000000, 0.000000000000000000 ) ) ;
#7435 = VERTEX_POINT ( 'NONE', #7085 ) ;
#7436 = ORIENTED_EDGE ( 'NONE', *, *, #5828, .F. ) ;
#7437 = CARTESIAN_POINT ( 'NONE',  ( 3.449999999999999734, 3.975000000000000089, 1.399999999999999689 ) ) ;
#7438 = DIRECTION ( 'NONE',  ( -0.000000000000000000, 1.000000000000000000, 0.000000000000000000 ) ) ;
#7439 = EDGE_CURVE ( 'NONE', #1939, #6890, #4627, .T. ) ;
#7440 = VECTOR ( 'NONE', #9687, 1000.000000000000000 ) ;
#7441 = EDGE_CURVE ( 'NONE', #9118, #7114, #5606, .T. ) ;
#7442 = DIRECTION ( 'NONE',  ( -1.257045997084639900E-16, 0.000000000000000000, -1.000000000000000000 ) ) ;
#7443 = EDGE_LOOP ( 'NONE', ( #6788, #1883, #1066 ) ) ;
#7444 = DIRECTION ( 'NONE',  ( 0.000000000000000000, -1.000000000000000000, -0.000000000000000000 ) ) ;
#7445 = DIRECTION ( 'NONE',  ( -0.000000000000000000, 0.000000000000000000, -1.000000000000000000 ) ) ;
#7446 = DIRECTION ( 'NONE',  ( 0.000000000000000000, 0.000000000000000000, -1.000000000000000000 ) ) ;
#7447 = AXIS2_PLACEMENT_3D ( 'NONE', #7795, #8626, #2793 ) ;
#7448 = LINE ( 'NONE', #66, #7840 ) ;
#7449 = VERTEX_POINT ( 'NONE', #3979 ) ;
#7450 = AXIS2_PLACEMENT_3D ( 'NONE', #4787, #8120, #675 ) ;
#7451 = LINE ( 'NONE', #13, #91 ) ;
#7452 = DIRECTION ( 'NONE',  ( 0.000000000000000000, 1.000000000000000000, 0.000000000000000000 ) ) ;
#7453 = DIRECTION ( 'NONE',  ( 0.000000000000000000, 0.000000000000000000, 1.000000000000000000 ) ) ;
#7454 = MECHANICAL_DESIGN_GEOMETRIC_PRESENTATION_REPRESENTATION (  '', ( #2762 ), #4150 ) ;
#7455 = PLANE ( 'NONE',  #2246 ) ;
#7456 = LINE ( 'NONE', #5976, #3536 ) ;
#7457 = DIRECTION ( 'NONE',  ( 0.000000000000000000, -0.000000000000000000, -1.000000000000000000 ) ) ;
#7458 = DIRECTION ( 'NONE',  ( 0.000000000000000000, 0.000000000000000000, 1.000000000000000000 ) ) ;
#7459 = EDGE_LOOP ( 'NONE', ( #10624, #7301, #681, #5574 ) ) ;
#7460 = EDGE_LOOP ( 'NONE', ( #8308, #7721, #10209, #9494 ) ) ;
#7461 = DIRECTION ( 'NONE',  ( 0.000000000000000000, -3.654614064557880066E-17, 1.000000000000000000 ) ) ;
#7462 = ORIENTED_EDGE ( 'NONE', *, *, #5817, .T. ) ;
#7463 =( NAMED_UNIT ( * ) PLANE_ANGLE_UNIT ( ) SI_UNIT ( $, .RADIAN. ) );
#7464 = VECTOR ( 'NONE', #3164, 1000.000000000000000 ) ;
#7465 = ORIENTED_EDGE ( 'NONE', *, *, #9347, .T. ) ;
#7466 = EDGE_CURVE ( 'NONE', #10421, #6488, #4793, .T. ) ;
#7467 = AXIS2_PLACEMENT_3D ( 'NONE', #7089, #3715, #9327 ) ;
#7468 = PLANE ( 'NONE',  #4215 ) ;
#7469 = ORIENTED_EDGE ( 'NONE', *, *, #1857, .T. ) ;
#7470 = DIRECTION ( 'NONE',  ( -2.168404344971010347E-16, 0.000000000000000000, -1.000000000000000000 ) ) ;
#7471 = VERTEX_POINT ( 'NONE', #6375 ) ;
#7472 = DIRECTION ( 'NONE',  ( 0.000000000000000000, 0.9902251923489520102, -0.1394778421021814763 ) ) ;
#7473 = ORIENTED_EDGE ( 'NONE', *, *, #5326, .T. ) ;
#7474 = CARTESIAN_POINT ( 'NONE',  ( 8.050000000000002487, -6.349999999999999645, 13.00000000000000178 ) ) ;
#7475 = DIRECTION ( 'NONE',  ( 0.000000000000000000, 0.000000000000000000, -1.000000000000000000 ) ) ;
#7476 = ORIENTED_EDGE ( 'NONE', *, *, #6467, .F. ) ;
#7477 = CARTESIAN_POINT ( 'NONE',  ( -9.500000000000000000, 6.349999999999999645, 13.00000000000000178 ) ) ;
#7478 = EDGE_CURVE ( 'NONE', #1753, #6880, #9693, .T. ) ;
#7479 = EDGE_LOOP ( 'NONE', ( #10458, #5069, #10669, #5586 ) ) ;
#7480 = EDGE_CURVE ( 'NONE', #7748, #9258, #1434, .T. ) ;
#7481 = CARTESIAN_POINT ( 'NONE',  ( 8.000000000000000000, -0.5000000000000002220, 7.700000000000000178 ) ) ;
#7482 = VECTOR ( 'NONE', #9994, 1000.000000000000000 ) ;
#7483 = ORIENTED_EDGE ( 'NONE', *, *, #716, .F. ) ;
#7484 = DIRECTION ( 'NONE',  ( -0.000000000000000000, 0.000000000000000000, 1.000000000000000000 ) ) ;
#7485 = ORIENTED_EDGE ( 'NONE', *, *, #1490, .T. ) ;
#7486 = CARTESIAN_POINT ( 'NONE',  ( 8.749999999999998224, -7.500000000000000000, 5.000000000000000888 ) ) ;
#7487 = LINE ( 'NONE', #5952, #5235 ) ;
#7488 = DIRECTION ( 'NONE',  ( -0.000000000000000000, 0.000000000000000000, 1.000000000000000000 ) ) ;
#7489 = DIRECTION ( 'NONE',  ( 0.000000000000000000, 0.000000000000000000, 1.000000000000000000 ) ) ;
#7490 = EDGE_CURVE ( 'NONE', #1974, #4592, #3766, .T. ) ;
#7491 = VERTEX_POINT ( 'NONE', #3929 ) ;
#7492 = DIRECTION ( 'NONE',  ( 0.000000000000000000, -1.000000000000000000, 0.000000000000000000 ) ) ;
#7493 = VECTOR ( 'NONE', #2874, 1000.000000000000000 ) ;
#7494 = ADVANCED_FACE ( 'NONE', ( #1276 ), #1486, .F. ) ;
#7495 = LINE ( 'NONE', #7550, #2794 ) ;
#7496 = B_SPLINE_CURVE_WITH_KNOTS ( 'NONE', 3,
 ( #6095, #9985, #6151, #410, #2027, #1119, #8620, #6667, #9371, #5330, #9174, #9425, #7686, #5845, #4974, #5024, #8361, #304 ),
 .UNSPECIFIED., .F., .F.,
 ( 4, 2, 2, 2, 2, 2, 2, 2, 4 ),
 ( 0.003683913205625029622, 0.004117541134158706449, 0.004551169062692384144, 0.004984796991226060972, 0.005418424919759738667, 0.005852052848293416362, 0.006285680776827094925, 0.006719308705360773487, 0.007152936633894452050 ),
 .UNSPECIFIED. ) ;
#7497 = LINE ( 'NONE', #60, #2073 ) ;
#7498 = VERTEX_POINT ( 'NONE', #683 ) ;
#7499 = LINE ( 'NONE', #8373, #4723 ) ;
#7500 = CARTESIAN_POINT ( 'NONE',  ( 8.074999999999999289, -3.975000000000000089, 31.88557667661039829 ) ) ;
#7501 = DIRECTION ( 'NONE',  ( 1.257045997084639900E-16, 0.000000000000000000, 1.000000000000000000 ) ) ;
#7502 = AXIS2_PLACEMENT_3D ( 'NONE', #3780, #9605, #6934 ) ;
#7503 = DIRECTION ( 'NONE',  ( -5.102127870520019996E-16, 1.000000000000000000, 0.000000000000000000 ) ) ;
#7504 = ORIENTED_EDGE ( 'NONE', *, *, #1101, .F. ) ;
#7505 = CARTESIAN_POINT ( 'NONE',  ( -8.750000000000000000, -6.450000000000000178, 10.50000000000000000 ) ) ;
#7506 = LINE ( 'NONE', #2662, #6604 ) ;
#7507 = VECTOR ( 'NONE', #5497, 1000.000000000000000 ) ;
#7508 = CARTESIAN_POINT ( 'NONE',  ( 10.50000000000000000, 7.500000000000000000, 15.00000000000000000 ) ) ;
#7509 = CARTESIAN_POINT ( 'NONE',  ( 10.58818515033610197, -3.000000000000000000, 9.343524243637009619 ) ) ;
#7510 = CARTESIAN_POINT ( 'NONE',  ( -6.049999999999999822, -0.5000000000000000000, 1.399999999999999911 ) ) ;
#7511 = FACE_OUTER_BOUND ( 'NONE', #29, .T. ) ;
#7512 = EDGE_LOOP ( 'NONE', ( #365, #7035, #10193, #3606 ) ) ;
#7513 = EDGE_CURVE ( 'NONE', #8531, #4637, #8020, .T. ) ;
#7514 = VECTOR ( 'NONE', #4946, 1000.000000000000000 ) ;
#7515 = ORIENTED_EDGE ( 'NONE', *, *, #5271, .T. ) ;
#7516 = CARTESIAN_POINT ( 'NONE',  ( 2.000000000000000000, -2.200000000000000178, 0.000000000000000000 ) ) ;
#7517 = VECTOR ( 'NONE', #4834, 1000.000000000000000 ) ;
#7518 = EDGE_LOOP ( 'NONE', ( #4205, #930, #4808, #3909, #7203, #5744 ) ) ;
#7519 = CARTESIAN_POINT ( 'NONE',  ( -5.599999999999999645, -3.000000000000000000, 9.000000000000001776 ) ) ;
#7520 = ORIENTED_EDGE ( 'NONE', *, *, #4532, .T. ) ;
#7521 = PLANE ( 'NONE',  #6105 ) ;
#7522 = VECTOR ( 'NONE', #6784, 1000.000000000000000 ) ;
#7523 = AXIS2_PLACEMENT_3D ( 'NONE', #8908, #10326, #7007 ) ;
#7524 = DIRECTION ( 'NONE',  ( 0.000000000000000000, 0.1394778421021800052, 0.9902251923489521213 ) ) ;
#7525 = VERTEX_POINT ( 'NONE', #576 ) ;
#7526 = ORIENTED_EDGE ( 'NONE', *, *, #3426, .F. ) ;
#7527 = CARTESIAN_POINT ( 'NONE',  ( -1.500000000000000000, -1.095399793800289956, 4.053523157353340345 ) ) ;
#7528 = ORIENTED_EDGE ( 'NONE', *, *, #10609, .T. ) ;
#7529 = CARTESIAN_POINT ( 'NONE',  ( -0.1809416124261529479, 4.491340697160222106, 4.425601168845341604 ) ) ;
#7530 = LINE ( 'NONE', #38, #2700 ) ;
#7531 = ORIENTED_EDGE ( 'NONE', *, *, #4334, .F. ) ;
#7532 = FACE_OUTER_BOUND ( 'NONE', #6293, .T. ) ;
#7533 = COLOUR_RGB ( '',0.5058823529411764497, 0.5294117647058823595, 0.5490196078431373028 ) ;
#7534 = VECTOR ( 'NONE', #5328, 1000.000000000000000 ) ;
#7535 = ORIENTED_EDGE ( 'NONE', *, *, #10667, .F. ) ;
#7536 = CARTESIAN_POINT ( 'NONE',  ( 0.000000000000000000, -1.199999999999999956, 1.900000000000000355 ) ) ;
#7537 = EDGE_CURVE ( 'NONE', #5410, #9717, #8075, .T. ) ;
#7538 = EDGE_CURVE ( 'NONE', #6513, #10633, #6262, .T. ) ;
#7539 = VECTOR ( 'NONE', #2065, 1000.000000000000114 ) ;
#7540 = EDGE_LOOP ( 'NONE', ( #1868, #7418, #2415, #5132 ) ) ;
#7541 = ORIENTED_EDGE ( 'NONE', *, *, #2702, .F. ) ;
#7542 = CARTESIAN_POINT ( 'NONE',  ( -3.450000000000000178, 3.975000000000000089, 1.899999999999999911 ) ) ;
#7543 = CARTESIAN_POINT ( 'NONE',  ( 0.000000000000000000, -3.199511259617451309, -4.073532465804426295 ) ) ;
#7544 = EDGE_CURVE ( 'NONE', #5447, #8724, #3116, .T. ) ;
#7545 = LINE ( 'NONE', #2543, #8830 ) ;
#7546 = CARTESIAN_POINT ( 'NONE',  ( -3.049999999999999822, 0.8000000000000000444, 0.000000000000000000 ) ) ;
#7547 = CARTESIAN_POINT ( 'NONE',  ( 3.100000000000000533, 3.975000000000000089, 1.899999999999999911 ) ) ;
#7548 = ORIENTED_EDGE ( 'NONE', *, *, #3291, .F. ) ;
#7549 = VECTOR ( 'NONE', #2001, 1000.000000000000114 ) ;
#7550 = CARTESIAN_POINT ( 'NONE',  ( 8.750000000000000000, -7.500000000000000000, 10.50000000000000000 ) ) ;
#7551 = EDGE_CURVE ( 'NONE', #5208, #9683, #8786, .T. ) ;
#7552 = CARTESIAN_POINT ( 'NONE',  ( -8.074999999999999289, 4.775000000000000355, 31.88557667661039829 ) ) ;
#7553 = VERTEX_POINT ( 'NONE', #5874 ) ;
#7554 = CARTESIAN_POINT ( 'NONE',  ( 8.750000000000000000, -7.500000000000000000, 10.50000000000000000 ) ) ;
#7555 = CIRCLE ( 'NONE', #626, 1.000000000000000888 ) ;
#7556 = CARTESIAN_POINT ( 'NONE',  ( 1.000000000000000000, -6.349999999999998757, 13.00000000000000355 ) ) ;
#7557 = DIRECTION ( 'NONE',  ( 0.000000000000000000, 0.1394778421021800052, 0.9902251923489521213 ) ) ;
#7558 = EDGE_CURVE ( 'NONE', #9654, #6097, #1752, .T. ) ;
#7559 = ADVANCED_FACE ( 'NONE', ( #5003 ), #3434, .F. ) ;
#7560 = LINE ( 'NONE', #1846, #10612 ) ;
#7561 = VERTEX_POINT ( 'NONE', #9851 ) ;
#7562 = CARTESIAN_POINT ( 'NONE',  ( 0.03865793539758149988, 2.119681090357983244, 4.232253979376381814 ) ) ;
#7563 = LINE ( 'NONE', #122, #1235 ) ;
#7564 = VECTOR ( 'NONE', #3367, 1000.000000000000000 ) ;
#7565 = SURFACE_STYLE_USAGE ( .BOTH. , #285 ) ;
#7566 = EDGE_CURVE ( 'NONE', #3838, #5077, #5053, .T. ) ;
#7567 = PLANE ( 'NONE',  #694 ) ;
#7568 = CARTESIAN_POINT ( 'NONE',  ( -3.549999999999999822, 0.8000000000000000444, -2.399777700366560573 ) ) ;
#7569 = FACE_OUTER_BOUND ( 'NONE', #217, .T. ) ;
#7570 = PLANE ( 'NONE',  #9958 ) ;
#7571 = ORIENTED_EDGE ( 'NONE', *, *, #9288, .F. ) ;
#7572 = VECTOR ( 'NONE', #5239, 1000.000000000000000 ) ;
#7573 = ORIENTED_EDGE ( 'NONE', *, *, #4237, .T. ) ;
#7574 = DIRECTION ( 'NONE',  ( 1.000000000000000000, -0.000000000000000000, -0.000000000000000000 ) ) ;
#7575 = ORIENTED_EDGE ( 'NONE', *, *, #10739, .F. ) ;
#7576 = PLANE ( 'NONE',  #8166 ) ;
#7577 = VERTEX_POINT ( 'NONE', #4031 ) ;
#7578 = PLANE ( 'NONE',  #4537 ) ;
#7579 = AXIS2_PLACEMENT_3D ( 'NONE', #8450, #4400, #10336 ) ;
#7580 = EDGE_CURVE ( 'NONE', #5121, #9267, #10068, .T. ) ;
#7581 = EDGE_CURVE ( 'NONE', #10388, #7017, #8338, .T. ) ;
#7582 = PLANE ( 'NONE',  #3270 ) ;
#7583 = CARTESIAN_POINT ( 'NONE',  ( -6.400000000000000355, 1.199999999999999956, 31.88557667661039829 ) ) ;
#7584 = LINE ( 'NONE', #3443, #10593 ) ;
#7585 = EDGE_LOOP ( 'NONE', ( #10305, #49, #6325, #2849 ) ) ;
#7586 = PLANE ( 'NONE',  #3386 ) ;
#7587 = ORIENTED_EDGE ( 'NONE', *, *, #6525, .T. ) ;
#7588 = FACE_OUTER_BOUND ( 'NONE', #7762, .T. ) ;
#7589 = EDGE_LOOP ( 'NONE', ( #259, #3149, #2601, #323 ) ) ;
#7590 = DIRECTION ( 'NONE',  ( 1.000000000000000000, 0.000000000000000000, 0.000000000000000000 ) ) ;
#7591 =( GEOMETRIC_REPRESENTATION_CONTEXT ( 3 ) GLOBAL_UNCERTAINTY_ASSIGNED_CONTEXT ( ( #2172 ) ) GLOBAL_UNIT_ASSIGNED_CONTEXT ( ( #455, #3917, #3105 ) ) REPRESENTATION_CONTEXT ( 'NONE', 'WORKASPACE' ) );
#7592 = VERTEX_POINT ( 'NONE', #6531 ) ;
#7593 = CARTESIAN_POINT ( 'NONE',  ( 0.000000000000000000, 4.775000000000000355, 0.000000000000000000 ) ) ;
#7594 = ORIENTED_EDGE ( 'NONE', *, *, #743, .T. ) ;
#7595 = ORIENTED_EDGE ( 'NONE', *, *, #1772, .T. ) ;
#7596 = LINE ( 'NONE', #1614, #5468 ) ;
#7597 = PLANE ( 'NONE',  #8727 ) ;
#7598 = DIRECTION ( 'NONE',  ( -1.000000000000000000, 0.000000000000000000, 1.030244909993949927E-14 ) ) ;
#7599 = CARTESIAN_POINT ( 'NONE',  ( -8.050000000000000711, -6.450000000000000178, 13.00000000000000178 ) ) ;
#7600 = LINE ( 'NONE', #8217, #10012 ) ;
#7601 = VERTEX_POINT ( 'NONE', #10017 ) ;
#7602 = DIRECTION ( 'NONE',  ( 1.000000000000000000, 0.000000000000000000, 0.000000000000000000 ) ) ;
#7603 = EDGE_CURVE ( 'NONE', #5269, #7849, #9106, .T. ) ;
#7604 = VECTOR ( 'NONE', #7269, 1000.000000000000000 ) ;
#7605 = ORIENTED_EDGE ( 'NONE', *, *, #524, .T. ) ;
#7606 = CARTESIAN_POINT ( 'NONE',  ( -3.049999999999999822, 0.8000000000000000444, -0.5000000000000000000 ) ) ;
#7607 = PLANE ( 'NONE',  #2690 ) ;
#7608 = CARTESIAN_POINT ( 'NONE',  ( -10.19772880358570077, -3.000000000000000444, 9.925437956591640187 ) ) ;
#7609 = CARTESIAN_POINT ( 'NONE',  ( -3.100000000000000533, 3.975000000000000089, 1.899999999999999023 ) ) ;
#7610 = VERTEX_POINT ( 'NONE', #4087 ) ;
#7611 = DIRECTION ( 'NONE',  ( -1.000000000000000000, -0.000000000000000000, -0.000000000000000000 ) ) ;
#7612 = EDGE_CURVE ( 'NONE', #3731, #1020, #2412, .T. ) ;
#7613 = CIRCLE ( 'NONE', #7263, 1.399999999999999911 ) ;
#7614 = DIRECTION ( 'NONE',  ( 0.000000000000000000, 0.000000000000000000, -1.000000000000000000 ) ) ;
#7615 = EDGE_CURVE ( 'NONE', #5633, #3508, #9050, .T. ) ;
#7616 = DIRECTION ( 'NONE',  ( 0.000000000000000000, -0.000000000000000000, -1.000000000000000000 ) ) ;
#7617 = LINE ( 'NONE', #6794, #7098 ) ;
#7618 = PLANE ( 'NONE',  #7162 ) ;
#7619 = AXIS2_PLACEMENT_3D ( 'NONE', #3973, #7291, #9099 ) ;
#7620 = CARTESIAN_POINT ( 'NONE',  ( -10.41980543215949950, -3.000000000000000000, 9.925437956591640187 ) ) ;
#7621 = PLANE ( 'NONE',  #3877 ) ;
#7622 = ORIENTED_EDGE ( 'NONE', *, *, #5264, .T. ) ;
#7623 = CARTESIAN_POINT ( 'NONE',  ( -0.5000000000000000000, -6.250000000000000000, -3.500000000000000000 ) ) ;
#7624 = VERTEX_POINT ( 'NONE', #8179 ) ;
#7625 = DIRECTION ( 'NONE',  ( 0.000000000000000000, -0.000000000000000000, 1.000000000000000000 ) ) ;
#7626 = ADVANCED_FACE ( 'NONE', ( #4190 ), #956, .T. ) ;
#7627 = EDGE_LOOP ( 'NONE', ( #10054, #6109, #4259, #1120 ) ) ;
#7628 = VECTOR ( 'NONE', #1444, 1000.000000000000000 ) ;
#7629 = LINE ( 'NONE', #5985, #4711 ) ;
#7630 = LINE ( 'NONE', #1970, #509 ) ;
#7631 = LINE ( 'NONE', #6150, #2669 ) ;
#7632 = CYLINDRICAL_SURFACE ( 'NONE', #4670, 38.37500000000000000 ) ;
#7633 = ORIENTED_EDGE ( 'NONE', *, *, #5531, .F. ) ;
#7634 = CARTESIAN_POINT ( 'NONE',  ( -5.150000000000000355, 0.000000000000000000, 0.000000000000000000 ) ) ;
#7635 = COLOUR_RGB ( '',1.000000000000000000, 1.000000000000000000, 1.000000000000000000 ) ;
#7636 = VERTEX_POINT ( 'NONE', #6643 ) ;
#7637 = LINE ( 'NONE', #1171, #8618 ) ;
#7638 = VERTEX_POINT ( 'NONE', #9964 ) ;
#7639 = DIRECTION ( 'NONE',  ( -0.000000000000000000, -0.000000000000000000, -1.000000000000000000 ) ) ;
#7640 = EDGE_CURVE ( 'NONE', #8888, #6825, #737, .T. ) ;
#7641 = EDGE_CURVE ( 'NONE', #1841, #10408, #4243, .T. ) ;
#7642 = VERTEX_POINT ( 'NONE', #4896 ) ;
#7643 = VECTOR ( 'NONE', #4789, 1000.000000000000000 ) ;
#7644 = DIRECTION ( 'NONE',  ( 0.000000000000000000, -3.576749435003730024E-16, -1.000000000000000000 ) ) ;
#7645 = ORIENTED_EDGE ( 'NONE', *, *, #5875, .T. ) ;
#7646 = ORIENTED_EDGE ( 'NONE', *, *, #5828, .T. ) ;
#7647 = CARTESIAN_POINT ( 'NONE',  ( -1.925000000000000044, -3.975000000000000089, 1.399999999999999023 ) ) ;
#7648 = LINE ( 'NONE', #5848, #5584 ) ;
#7649 = DIRECTION ( 'NONE',  ( -0.000000000000000000, -1.000000000000000000, -0.000000000000000000 ) ) ;
#7650 = CARTESIAN_POINT ( 'NONE',  ( 0.2155075173449889914, 4.486686376397277520, 4.425208877762699444 ) ) ;
#7651 = CARTESIAN_POINT ( 'NONE',  ( 10.50000000000000000, -7.500000000000000000, 13.00000000000000178 ) ) ;
#7652 = EDGE_CURVE ( 'NONE', #1316, #205, #8234, .T. ) ;
#7653 = VERTEX_POINT ( 'NONE', #5770 ) ;
#7654 = FACE_OUTER_BOUND ( 'NONE', #9547, .T. ) ;
#7655 = CIRCLE ( 'NONE', #4341, 36.99598795819999708 ) ;
#7656 = EDGE_LOOP ( 'NONE', ( #1007, #6887, #800, #2549 ) ) ;
#7657 = PLANE ( 'NONE',  #1271 ) ;
#7658 = EDGE_CURVE ( 'NONE', #6356, #4188, #8802, .T. ) ;
#7659 = CARTESIAN_POINT ( 'NONE',  ( -10.50000000000000000, -7.500000000000000000, 13.00000000000000178 ) ) ;
#7660 = CARTESIAN_POINT ( 'NONE',  ( 0.000000000000000000, 2.200000000000000178, 0.000000000000000000 ) ) ;
#7661 = CARTESIAN_POINT ( 'NONE',  ( 0.04639175257731656399, 2.511275773199482142, 4.314342745025240511 ) ) ;
#7662 = ORIENTED_EDGE ( 'NONE', *, *, #8697, .T. ) ;
#7663 = EDGE_CURVE ( 'NONE', #452, #6480, #9158, .T. ) ;
#7664 = AXIS2_PLACEMENT_3D ( 'NONE', #994, #4279, #2760 ) ;
#7665 = DIRECTION ( 'NONE',  ( 0.000000000000000000, -1.000000000000000000, -0.000000000000000000 ) ) ;
#7666 = DIRECTION ( 'NONE',  ( 0.000000000000000000, 1.000000000000000000, 0.000000000000000000 ) ) ;
#7667 = CARTESIAN_POINT ( 'NONE',  ( -0.03875935904638309892, 4.892244484529189918, 4.458278632147600007 ) ) ;
#7668 = CIRCLE ( 'NONE', #7502, 1.000000000000000888 ) ;
#7669 = DIRECTION ( 'NONE',  ( 1.000000000000000000, -0.000000000000000000, -0.000000000000000000 ) ) ;
#7670 = CARTESIAN_POINT ( 'NONE',  ( 2.375000000000000000, 0.000000000000000000, -9.599777700366560751 ) ) ;
#7671 = CARTESIAN_POINT ( 'NONE',  ( -2.000000000000000000, 0.000000000000000000, -0.9499999999999999556 ) ) ;
#7672 = ORIENTED_EDGE ( 'NONE', *, *, #7022, .T. ) ;
#7673 = ORIENTED_EDGE ( 'NONE', *, *, #2427, .F. ) ;
#7674 = DIRECTION ( 'NONE',  ( 1.000000000000000000, -0.000000000000000000, -0.000000000000000000 ) ) ;
#7675 = EDGE_CURVE ( 'NONE', #2384, #6645, #845, .T. ) ;
#7676 = VERTEX_POINT ( 'NONE', #7516 ) ;
#7677 = LINE ( 'NONE', #4402, #1873 ) ;
#7678 = VECTOR ( 'NONE', #7319, 1000.000000000000000 ) ;
#7679 = VERTEX_POINT ( 'NONE', #81 ) ;
#7680 = CARTESIAN_POINT ( 'NONE',  ( -3.450000000000000178, 1.199999999999999956, 1.899999999999999245 ) ) ;
#7681 = CARTESIAN_POINT ( 'NONE',  ( -3.100000000000000533, 3.975000000000000089, 1.399999999999999689 ) ) ;
#7682 = LINE ( 'NONE', #5223, #3189 ) ;
#7683 = EDGE_CURVE ( 'NONE', #8268, #2470, #2566, .T. ) ;
#7684 = AXIS2_PLACEMENT_3D ( 'NONE', #6026, #10218, #7775 ) ;
#7685 = DIRECTION ( 'NONE',  ( 0.000000000000000000, -1.000000000000000000, -0.000000000000000000 ) ) ;
#7686 = CARTESIAN_POINT ( 'NONE',  ( 0.9006412992729364575, 4.194571700373162848, 4.467473203717658770 ) ) ;
#7687 = VECTOR ( 'NONE', #3427, 1000.000000000000000 ) ;
#7688 = ORIENTED_EDGE ( 'NONE', *, *, #10201, .F. ) ;
#7689 = CARTESIAN_POINT ( 'NONE',  ( 0.000000000000000000, 1.199999999999999956, 1.899999999999999467 ) ) ;
#7690 = VERTEX_POINT ( 'NONE', #6909 ) ;
#7691 = CARTESIAN_POINT ( 'NONE',  ( -8.000000000000000000, 0.5000000000000002220, -3.499999999999999556 ) ) ;
#7692 = ADVANCED_FACE ( 'NONE', ( #1907 ), #5214, .T. ) ;
#7693 = EDGE_CURVE ( 'NONE', #7936, #7636, #3644, .T. ) ;
#7694 = ORIENTED_EDGE ( 'NONE', *, *, #3437, .T. ) ;
#7695 = DIRECTION ( 'NONE',  ( -1.000000000000000000, -0.000000000000000000, 0.000000000000000000 ) ) ;
#7696 = EDGE_LOOP ( 'NONE', ( #5294, #8436, #4104, #5178, #1646 ) ) ;
#7697 = VECTOR ( 'NONE', #6423, 1000.000000000000000 ) ;
#7698 = AXIS2_PLACEMENT_3D ( 'NONE', #2638, #7644, #6768 ) ;
#7699 = EDGE_CURVE ( 'NONE', #7271, #7592, #2016, .T. ) ;
#7700 = VERTEX_POINT ( 'NONE', #6961 ) ;
#7701 = MECHANICAL_DESIGN_GEOMETRIC_PRESENTATION_REPRESENTATION (  '', ( #4552 ), #2842 ) ;
#7702 = VERTEX_POINT ( 'NONE', #7732 ) ;
#7703 = CARTESIAN_POINT ( 'NONE',  ( 8.750000000000000000, 6.450000000000000178, 10.50000000000000000 ) ) ;
#7704 = CARTESIAN_POINT ( 'NONE',  ( -9.848823097076499167, 3.000000000000003553, 10.48239748035040186 ) ) ;
#7705 = VECTOR ( 'NONE', #8883, 1000.000000000000000 ) ;
#7706 = DIRECTION ( 'NONE',  ( 0.000000000000000000, 1.000000000000000000, 0.000000000000000000 ) ) ;
#7707 = LINE ( 'NONE', #2697, #7150 ) ;
#7708 = CARTESIAN_POINT ( 'NONE',  ( 8.000000000000000000, -3.975000000000000089, 1.400000000000000133 ) ) ;
#7709 = EDGE_LOOP ( 'NONE', ( #3020, #3395, #2474, #4484 ) ) ;
#7710 = CARTESIAN_POINT ( 'NONE',  ( -9.500000000000000000, 6.349999999999999645, 0.000000000000000000 ) ) ;
#7711 = VECTOR ( 'NONE', #9629, 1000.000000000000000 ) ;
#7712 = VECTOR ( 'NONE', #6902, 1000.000000000000000 ) ;
#7713 = ADVANCED_FACE ( 'NONE', ( #5321 ), #10121, .F. ) ;
#7714 = EDGE_CURVE ( 'NONE', #774, #5289, #1860, .T. ) ;
#7715 = ORIENTED_EDGE ( 'NONE', *, *, #7737, .T. ) ;
#7716 = CARTESIAN_POINT ( 'NONE',  ( 4.000000000000000000, -2.215285445989105373, 2.913994591726143391 ) ) ;
#7717 = CARTESIAN_POINT ( 'NONE',  ( 3.100000000000000533, -3.975000000000000089, 1.899999999999999689 ) ) ;
#7718 = CARTESIAN_POINT ( 'NONE',  ( 2.000000000000000000, 0.5000000000000000000, 1.399999999999999911 ) ) ;
#7719 = CARTESIAN_POINT ( 'NONE',  ( -4.650000000000000355, 7.529940238806680064, -1.350000000000000089 ) ) ;
#7720 = VECTOR ( 'NONE', #2055, 1000.000000000000000 ) ;
#7721 = ORIENTED_EDGE ( 'NONE', *, *, #210, .T. ) ;
#7722 = CARTESIAN_POINT ( 'NONE',  ( -0.5000000000000003331, -6.250000000000000000, -2.500000000000000000 ) ) ;
#7723 = SURFACE_STYLE_FILL_AREA ( #10166 ) ;
#7724 = FILL_AREA_STYLE_COLOUR ( '', #9083 ) ;
#7725 = AXIS2_PLACEMENT_3D ( 'NONE', #1472, #9782, #10497 ) ;
#7726 = CARTESIAN_POINT ( 'NONE',  ( 3.449999999999999734, -3.975000000000000089, 1.399999999999999689 ) ) ;
#7727 = ORIENTED_EDGE ( 'NONE', *, *, #75, .F. ) ;
#7728 = PLANE ( 'NONE',  #6664 ) ;
#7729 = CARTESIAN_POINT ( 'NONE',  ( -0.5000000000000001110, -6.250000000000000888, 0.000000000000000000 ) ) ;
#7730 = ORIENTED_EDGE ( 'NONE', *, *, #1693, .T. ) ;
#7731 = DIRECTION ( 'NONE',  ( -1.000000000000000000, 0.000000000000000000, -0.000000000000000000 ) ) ;
#7732 = CARTESIAN_POINT ( 'NONE',  ( 9.848823097076500943, 3.000000000000000000, 7.517602519649587478 ) ) ;
#7733 = EDGE_LOOP ( 'NONE', ( #10629, #4858, #1446, #8316 ) ) ;
#7734 = VECTOR ( 'NONE', #2041, 1000.000000000000000 ) ;
#7735 = CARTESIAN_POINT ( 'NONE',  ( 6.049999999999999822, 3.975000000000000089, 1.899999999999999911 ) ) ;
#7736 = DIRECTION ( 'NONE',  ( 0.000000000000000000, 0.000000000000000000, 1.000000000000000000 ) ) ;
#7737 = EDGE_CURVE ( 'NONE', #1340, #6928, #345, .T. ) ;
#7738 = DIRECTION ( 'NONE',  ( 0.000000000000000000, -0.000000000000000000, 1.000000000000000000 ) ) ;
#7739 = FACE_OUTER_BOUND ( 'NONE', #8241, .T. ) ;
#7740 = VECTOR ( 'NONE', #1384, 1000.000000000000000 ) ;
#7741 = DIRECTION ( 'NONE',  ( 0.000000000000000000, 0.000000000000000000, 1.000000000000000000 ) ) ;
#7742 = LINE ( 'NONE', #2485, #2486 ) ;
#7743 = ORIENTED_EDGE ( 'NONE', *, *, #1990, .T. ) ;
#7744 = ORIENTED_EDGE ( 'NONE', *, *, #1164, .T. ) ;
#7745 = LINE ( 'NONE', #6921, #8097 ) ;
#7746 = ORIENTED_EDGE ( 'NONE', *, *, #3891, .T. ) ;
#7747 = DIRECTION ( 'NONE',  ( 1.000000000000000000, 0.000000000000000000, -0.000000000000000000 ) ) ;
#7748 = VERTEX_POINT ( 'NONE', #2834 ) ;
#7749 = EDGE_CURVE ( 'NONE', #6890, #8273, #293, .T. ) ;
#7750 = VECTOR ( 'NONE', #6700, 1000.000000000000000 ) ;
#7751 = ADVANCED_FACE ( 'NONE', ( #2672 ), #6086, .T. ) ;
#7752 = EDGE_CURVE ( 'NONE', #2555, #6720, #7837, .T. ) ;
#7753 = CARTESIAN_POINT ( 'NONE',  ( -6.450000000000000178, 0.000000000000000000, -0.3499999999999999778 ) ) ;
#7754 = EDGE_LOOP ( 'NONE', ( #1495, #3645, #6546, #3904, #7195 ) ) ;
#7755 = STYLED_ITEM ( 'NONE', ( #4856 ), #8139 ) ;
#7756 = ORIENTED_EDGE ( 'NONE', *, *, #8209, .F. ) ;
#7757 = DIRECTION ( 'NONE',  ( 0.000000000000000000, -1.000000000000000000, 0.000000000000000000 ) ) ;
#7758 = CARTESIAN_POINT ( 'NONE',  ( 5.650000000000000355, 0.5000000000000000000, 10.30000000000000071 ) ) ;
#7759 = CARTESIAN_POINT ( 'NONE',  ( -9.500000000000000000, -6.349999999999999645, 0.000000000000000000 ) ) ;
#7760 = CARTESIAN_POINT ( 'NONE',  ( 6.400000000000002132, 1.199999999999999734, 1.899999999999999911 ) ) ;
#7761 = CARTESIAN_POINT ( 'NONE',  ( -1.475455405849774859, 3.844140225765714458, 4.428841253292785218 ) ) ;
#7762 = EDGE_LOOP ( 'NONE', ( #501, #9129, #7953, #2389 ) ) ;
#7763 = EDGE_CURVE ( 'NONE', #5699, #5017, #7016, .T. ) ;
#7764 = ORIENTED_EDGE ( 'NONE', *, *, #4465, .F. ) ;
#7765 = DIRECTION ( 'NONE',  ( 0.000000000000000000, 0.000000000000000000, 1.000000000000000000 ) ) ;
#7766 = CARTESIAN_POINT ( 'NONE',  ( -3.100000000000000533, 0.5000000000000000000, 1.399999999999999911 ) ) ;
#7767 = CARTESIAN_POINT ( 'NONE',  ( 0.000000000000000000, 8.941873587509319637E-16, 2.500000000000000000 ) ) ;
#7768 = ORIENTED_EDGE ( 'NONE', *, *, #1965, .T. ) ;
#7769 = DIRECTION ( 'NONE',  ( -2.551063935260009998E-16, -1.000000000000000000, 0.000000000000000000 ) ) ;
#7770 = EDGE_CURVE ( 'NONE', #8877, #6530, #238, .T. ) ;
#7771 = EDGE_CURVE ( 'NONE', #8150, #7039, #997, .T. ) ;
#7772 = CARTESIAN_POINT ( 'NONE',  ( 0.8705599140011952564, 4.209566910202942935, 4.480054386646830977 ) ) ;
#7773 = CARTESIAN_POINT ( 'NONE',  ( 3.100000000000000533, 0.5000000000000000000, -0.9499999999999995115 ) ) ;
#7774 = ORIENTED_EDGE ( 'NONE', *, *, #9720, .F. ) ;
#7775 = DIRECTION ( 'NONE',  ( 1.000000000000000000, 0.000000000000000000, -0.000000000000000000 ) ) ;
#7776 = LINE ( 'NONE', #8548, #10409 ) ;
#7777 = CARTESIAN_POINT ( 'NONE',  ( 10.05037900976999943, 3.000000000000000000, 10.50735166954630095 ) ) ;
#7778 = ORIENTED_EDGE ( 'NONE', *, *, #842, .F. ) ;
#7779 = CARTESIAN_POINT ( 'NONE',  ( -8.000000000000000000, 5.349999999999998757, 1.400000000000000133 ) ) ;
#7780 = ORIENTED_EDGE ( 'NONE', *, *, #1638, .F. ) ;
#7781 = VECTOR ( 'NONE', #1564, 1000.000000000000000 ) ;
#7782 = LINE ( 'NONE', #7125, #10355 ) ;
#7783 = VERTEX_POINT ( 'NONE', #3485 ) ;
#7784 = DIRECTION ( 'NONE',  ( 0.000000000000000000, 0.000000000000000000, -1.000000000000000000 ) ) ;
#7785 = FACE_OUTER_BOUND ( 'NONE', #6679, .T. ) ;
#7786 = VECTOR ( 'NONE', #1324, 1000.000000000000000 ) ;
#7787 = DIRECTION ( 'NONE',  ( 0.000000000000000000, -1.000000000000000000, -0.000000000000000000 ) ) ;
#7788 = LINE ( 'NONE', #3866, #427 ) ;
#7789 = FACE_OUTER_BOUND ( 'NONE', #3561, .T. ) ;
#7790 = CARTESIAN_POINT ( 'NONE',  ( -9.507689976714736702, -3.000000000000000000, 12.97795911615160236 ) ) ;
#7791 = EDGE_LOOP ( 'NONE', ( #2711, #10533, #7673, #10085 ) ) ;
#7792 = VERTEX_POINT ( 'NONE', #295 ) ;
#7793 = DIRECTION ( 'NONE',  ( 0.000000000000000000, -0.1394778421021800052, -0.9902251923489521213 ) ) ;
#7794 = ORIENTED_EDGE ( 'NONE', *, *, #9419, .F. ) ;
#7795 = CARTESIAN_POINT ( 'NONE',  ( -10.19772880358570077, 3.000000000000000000, 10.50735166954630095 ) ) ;
#7796 = VECTOR ( 'NONE', #8441, 1000.000000000000000 ) ;
#7797 = ADVANCED_FACE ( 'NONE', ( #6801 ), #5980, .T. ) ;
#7798 = ORIENTED_EDGE ( 'NONE', *, *, #7006, .F. ) ;
#7799 = DIRECTION ( 'NONE',  ( 0.000000000000000000, 0.000000000000000000, 1.000000000000000000 ) ) ;
#7800 = VECTOR ( 'NONE', #6865, 1000.000000000000000 ) ;
#7801 = DIRECTION ( 'NONE',  ( -0.000000000000000000, -1.000000000000000000, 0.000000000000000000 ) ) ;
#7802 = VERTEX_POINT ( 'NONE', #6858 ) ;
#7803 = ADVANCED_FACE ( 'NONE', ( #3590 ), #10226, .F. ) ;
#7804 = EDGE_LOOP ( 'NONE', ( #2693, #9277, #490, #3538 ) ) ;
#7805 = CARTESIAN_POINT ( 'NONE',  ( -9.848823097076500943, -3.000000000000000000, 7.517602519649587478 ) ) ;
#7806 = DIRECTION ( 'NONE',  ( 0.000000000000000000, 0.000000000000000000, 1.000000000000000000 ) ) ;
#7807 = DIRECTION ( 'NONE',  ( 0.000000000000000000, 1.000000000000000000, -0.000000000000000000 ) ) ;
#7808 = DIRECTION ( 'NONE',  ( 0.000000000000000000, -1.000000000000000000, -0.000000000000000000 ) ) ;
#7809 = CARTESIAN_POINT ( 'NONE',  ( -10.32091455230719923, 3.000000000000000000, 10.64710831150049941 ) ) ;
#7810 = EDGE_CURVE ( 'NONE', #8212, #1242, #7782, .T. ) ;
#7811 = AXIS2_PLACEMENT_3D ( 'NONE', #6377, #1334, #579 ) ;
#7812 = ORIENTED_EDGE ( 'NONE', *, *, #7873, .T. ) ;
#7813 = AXIS2_PLACEMENT_3D ( 'NONE', #4083, #8334, #7404 ) ;
#7814 = CLOSED_SHELL ( 'NONE', ( #3719, #5598, #6348, #8601, #1975, #5111, #2615, #7157, #6130, #4156, #3232, #7494, #2364, #9501, #4023, #10433, #5702, #6268, #2649, #4088, #3122, #4642, #8011, #77, #2986, #4861, #8482, #8274 ) ) ;
#7815 = ORIENTED_EDGE ( 'NONE', *, *, #6951, .F. ) ;
#7816 = DIRECTION ( 'NONE',  ( 1.000000000000000000, -0.000000000000000000, -0.000000000000000000 ) ) ;
#7817 = EDGE_CURVE ( 'NONE', #9821, #5834, #3967, .T. ) ;
#7818 = CARTESIAN_POINT ( 'NONE',  ( 1.496493395368842627, 3.370599853678611701, 4.430093230031624252 ) ) ;
#7819 = CARTESIAN_POINT ( 'NONE',  ( -1.360520278985308584, 4.128931911352914597, 4.491895840528749240 ) ) ;
#7820 = CARTESIAN_POINT ( 'NONE',  ( 0.000000000000000000, 6.795823926507079847E-16, 1.899999999999999911 ) ) ;
#7821 = ORIENTED_EDGE ( 'NONE', *, *, #3, .T. ) ;
#7822 = EDGE_CURVE ( 'NONE', #6540, #10487, #10556, .T. ) ;
#7823 = ADVANCED_FACE ( 'NONE', ( #2997 ), #9522, .T. ) ;
#7824 = LINE ( 'NONE', #5100, #2343 ) ;
#7825 = VECTOR ( 'NONE', #8118, 1000.000000000000000 ) ;
#7826 = CARTESIAN_POINT ( 'NONE',  ( 1.150954653980897247, 3.754595755415643055, 4.442955583345111314 ) ) ;
#7827 = CARTESIAN_POINT ( 'NONE',  ( -0.9999999999999997780, -6.349999999999998757, 10.50000000000000000 ) ) ;
#7828 = DIRECTION ( 'NONE',  ( 0.000000000000000000, 0.000000000000000000, 1.000000000000000000 ) ) ;
#7829 = VERTEX_POINT ( 'NONE', #7072 ) ;
#7830 = DIRECTION ( 'NONE',  ( -1.000000000000000000, 0.000000000000000000, 0.000000000000000000 ) ) ;
#7831 = CARTESIAN_POINT ( 'NONE',  ( 5.000000000000000000, 3.975000000000000089, 2.199777700366579936 ) ) ;
#7832 = LINE ( 'NONE', #10498, #10479 ) ;
#7833 = VECTOR ( 'NONE', #2283, 1000.000000000000000 ) ;
#7834 = ORIENTED_EDGE ( 'NONE', *, *, #1231, .F. ) ;
#7835 = CARTESIAN_POINT ( 'NONE',  ( -1.159671712353669948, 3.679181833240841026, 4.359424929456642950 ) ) ;
#7836 = VERTEX_POINT ( 'NONE', #8005 ) ;
#7837 = LINE ( 'NONE', #1809, #4264 ) ;
#7838 = ORIENTED_EDGE ( 'NONE', *, *, #5712, .F. ) ;
#7839 = CARTESIAN_POINT ( 'NONE',  ( 0.7249999999999999778, 2.815989715978069796, 3.502585681049720012 ) ) ;
#7840 = VECTOR ( 'NONE', #10604, 1000.000000000000114 ) ;
#7841 = LINE ( 'NONE', #1323, #7507 ) ;
#7842 = CARTESIAN_POINT ( 'NONE',  ( 8.000000000000000000, 0.000000000000000000, 7.700000000000000178 ) ) ;
#7843 = DIRECTION ( 'NONE',  ( -1.000000000000000000, 0.000000000000000000, 0.000000000000000000 ) ) ;
#7844 = ADVANCED_FACE ( 'NONE', ( #1370 ), #2238, .F. ) ;
#7845 = DIRECTION ( 'NONE',  ( -1.000000000000000000, -0.000000000000000000, -0.000000000000000000 ) ) ;
#7846 = PLANE ( 'NONE',  #10474 ) ;
#7847 = ADVANCED_FACE ( 'NONE', ( #7952 ), #2188, .T. ) ;
#7848 = ORIENTED_EDGE ( 'NONE', *, *, #1373, .F. ) ;
#7849 = VERTEX_POINT ( 'NONE', #4613 ) ;
#7850 = DIRECTION ( 'NONE',  ( -0.000000000000000000, 0.000000000000000000, -1.000000000000000000 ) ) ;
#7851 = VECTOR ( 'NONE', #10471, 1000.000000000000000 ) ;
#7852 = ORIENTED_EDGE ( 'NONE', *, *, #821, .F. ) ;
#7853 = CARTESIAN_POINT ( 'NONE',  ( -6.400000000000000355, 1.199999999999999734, 1.399999999999999245 ) ) ;
#7854 = ORIENTED_EDGE ( 'NONE', *, *, #2028, .F. ) ;
#7855 = VECTOR ( 'NONE', #2042, 1000.000000000000000 ) ;
#7856 = CARTESIAN_POINT ( 'NONE',  ( -10.05037900976999943, 3.000000000000000000, 10.50735166954630095 ) ) ;
#7857 = ORIENTED_EDGE ( 'NONE', *, *, #6907, .T. ) ;
#7858 = DIRECTION ( 'NONE',  ( -0.000000000000000000, 1.000000000000000000, 0.000000000000000000 ) ) ;
#7859 = ADVANCED_FACE ( 'NONE', ( #1262 ), #4665, .F. ) ;
#7860 = ORIENTED_EDGE ( 'NONE', *, *, #1197, .F. ) ;
#7861 = ORIENTED_EDGE ( 'NONE', *, *, #4482, .T. ) ;
#7862 = CARTESIAN_POINT ( 'NONE',  ( -7.500000000000000000, 2.200000000000000178, -0.9499999999999999556 ) ) ;
#7863 = DIRECTION ( 'NONE',  ( 0.000000000000000000, 0.1394778421021800052, 0.9902251923489521213 ) ) ;
#7864 = DIRECTION ( 'NONE',  ( 1.000000000000000000, 0.000000000000000000, 0.000000000000000000 ) ) ;
#7865 = FACE_OUTER_BOUND ( 'NONE', #1794, .T. ) ;
#7866 = CARTESIAN_POINT ( 'NONE',  ( 0.5750000000000008438, -5.350000000000000533, 1.400000000000000355 ) ) ;
#7867 = AXIS2_PLACEMENT_3D ( 'NONE', #6552, #1457, #4762 ) ;
#7868 = AXIS2_PLACEMENT_3D ( 'NONE', #10449, #8664, #4508 ) ;
#7869 = ORIENTED_EDGE ( 'NONE', *, *, #2807, .T. ) ;
#7870 = ADVANCED_FACE ( 'NONE', ( #4554 ), #9573, .T. ) ;
#7871 = AXIS2_PLACEMENT_3D ( 'NONE', #3008, #2199, #5501 ) ;
#7872 = VECTOR ( 'NONE', #2005, 1000.000000000000000 ) ;
#7873 = EDGE_CURVE ( 'NONE', #9757, #9917, #3803, .T. ) ;
#7874 = ORIENTED_EDGE ( 'NONE', *, *, #2823, .T. ) ;
#7875 = DIRECTION ( 'NONE',  ( -1.853337046983769999E-17, -1.000000000000000000, 0.000000000000000000 ) ) ;
#7876 = CARTESIAN_POINT ( 'NONE',  ( 1.428886822951749958, 3.025748228172949972, 4.306072360540689203 ) ) ;
#7877 = CARTESIAN_POINT ( 'NONE',  ( -1.100672442093260095, 4.509270854082253699, 4.427092701739702818 ) ) ;
#7878 = CYLINDRICAL_SURFACE ( 'NONE', #9405, 0.4000000000000001887 ) ;
#7879 = ORIENTED_EDGE ( 'NONE', *, *, #1306, .F. ) ;
#7880 = CARTESIAN_POINT ( 'NONE',  ( 9.500000000000000000, -3.000000000000000000, 5.000000000000000888 ) ) ;
#7881 = VECTOR ( 'NONE', #4650, 1000.000000000000000 ) ;
#7882 = VECTOR ( 'NONE', #7959, 1000.000000000000114 ) ;
#7883 = CARTESIAN_POINT ( 'NONE',  ( 0.9708041688838640049, 4.113112969314826728, 4.394730287972199001 ) ) ;
#7884 = ADVANCED_FACE ( 'NONE', ( #3054 ), #8115, .F. ) ;
#7885 = ADVANCED_FACE ( 'NONE', ( #9731 ), #5592, .F. ) ;
#7886 = FACE_OUTER_BOUND ( 'NONE', #8355, .T. ) ;
#7887 = ORIENTED_EDGE ( 'NONE', *, *, #2314, .F. ) ;
#7888 = LINE ( 'NONE', #8868, #8913 ) ;
#7889 = VECTOR ( 'NONE', #6520, 1000.000000000000000 ) ;
#7890 = DIRECTION ( 'NONE',  ( 1.000000000000000000, 0.000000000000000000, 0.000000000000000000 ) ) ;
#7891 = FACE_OUTER_BOUND ( 'NONE', #3507, .T. ) ;
#7892 = VERTEX_POINT ( 'NONE', #7651 ) ;
#7893 = CARTESIAN_POINT ( 'NONE',  ( 0.3254419613782509879, 2.135130056080018157, 4.233504087337468746 ) ) ;
#7894 = VERTEX_POINT ( 'NONE', #983 ) ;
#7895 = DIRECTION ( 'NONE',  ( -0.000000000000000000, 1.000000000000000000, 0.000000000000000000 ) ) ;
#7896 = ORIENTED_EDGE ( 'NONE', *, *, #7006, .T. ) ;
#7897 = CARTESIAN_POINT ( 'NONE',  ( -0.03875628892772198936, 4.884532576696193118, 4.552878892672807432 ) ) ;
#7898 = DIRECTION ( 'NONE',  ( 2.551063935260009998E-16, -1.000000000000000000, 0.000000000000000000 ) ) ;
#7899 = EDGE_CURVE ( 'NONE', #10398, #1812, #4270, .T. ) ;
#7900 = VECTOR ( 'NONE', #10110, 1000.000000000000000 ) ;
#7901 = CARTESIAN_POINT ( 'NONE',  ( -1.000000000000000000, 0.8000000000000000444, 9.799048451257604993E-17 ) ) ;
#7902 = SURFACE_STYLE_FILL_AREA ( #4563 ) ;
#7903 = LINE ( 'NONE', #10451, #2156 ) ;
#7904 = SURFACE_STYLE_USAGE ( .BOTH. , #3007 ) ;
#7905 = ORIENTED_EDGE ( 'NONE', *, *, #4756, .T. ) ;
#7906 = VECTOR ( 'NONE', #7472, 1000.000000000000000 ) ;
#7907 = ORIENTED_EDGE ( 'NONE', *, *, #754, .T. ) ;
#7908 = LINE ( 'NONE', #10456, #7740 ) ;
#7909 = ORIENTED_EDGE ( 'NONE', *, *, #4050, .T. ) ;
#7910 = LINE ( 'NONE', #8517, #9722 ) ;
#7911 = ORIENTED_EDGE ( 'NONE', *, *, #7147, .T. ) ;
#7912 = ADVANCED_FACE ( 'NONE', ( #8423 ), #5187, .F. ) ;
#7913 = PLANE ( 'NONE',  #7132 ) ;
#7914 = EDGE_CURVE ( 'NONE', #10247, #5308, #9287, .T. ) ;
#7915 = VECTOR ( 'NONE', #10642, 1000.000000000000000 ) ;
#7916 = CARTESIAN_POINT ( 'NONE',  ( 3.100000000000000533, -1.199999999999999956, -0.9499999999999995115 ) ) ;
#7917 = ORIENTED_EDGE ( 'NONE', *, *, #2536, .T. ) ;
#7918 = DIRECTION ( 'NONE',  ( 0.000000000000000000, 1.000000000000000000, -3.576749435003730024E-16 ) ) ;
#7919 = ORIENTED_EDGE ( 'NONE', *, *, #608, .F. ) ;
#7920 = DIRECTION ( 'NONE',  ( 0.000000000000000000, 0.000000000000000000, 1.000000000000000000 ) ) ;
#7921 = VERTEX_POINT ( 'NONE', #3513 ) ;
#7922 = PLANE ( 'NONE',  #9818 ) ;
#7923 = LINE ( 'NONE', #4428, #9762 ) ;
#7924 = CARTESIAN_POINT ( 'NONE',  ( 3.100000000000000533, 0.4999999999999998890, 1.399999999999999245 ) ) ;
#7925 = LINE ( 'NONE', #4586, #1592 ) ;
#7926 = CARTESIAN_POINT ( 'NONE',  ( -1.224022950411701949, 4.354873865297189006, 4.486129170876749228 ) ) ;
#7927 = VECTOR ( 'NONE', #2476, 1000.000000000000000 ) ;
#7928 = PRODUCT ( 'accuator', 'accuator', '', ( #4660 ) ) ;
#7929 = VERTEX_POINT ( 'NONE', #10097 ) ;
#7930 = AXIS2_PLACEMENT_3D ( 'NONE', #3383, #1645, #4953 ) ;
#7931 = VERTEX_POINT ( 'NONE', #10606 ) ;
#7932 = CARTESIAN_POINT ( 'NONE',  ( 6.399999999999999467, -3.975000000000000089, 1.399999999999999689 ) ) ;
#7933 = SURFACE_STYLE_USAGE ( .BOTH. , #3573 ) ;
#7934 = CARTESIAN_POINT ( 'NONE',  ( -0.9266472339867767305, 4.631162831502634525, 4.532824126601628478 ) ) ;
#7935 = CARTESIAN_POINT ( 'NONE',  ( 0.000000000000000000, 0.000000000000000000, -7.724777700366559863 ) ) ;
#7936 = VERTEX_POINT ( 'NONE', #1781 ) ;
#7937 = UNCERTAINTY_MEASURE_WITH_UNIT (LENGTH_MEASURE( 1.000000000000000082E-05 ), #7193, 'distance_accuracy_value', 'NONE');
#7938 = DIRECTION ( 'NONE',  ( 0.000000000000000000, 0.000000000000000000, 1.000000000000000000 ) ) ;
#7939 = PRESENTATION_LAYER_ASSIGNMENT (  '', '', ( #7755 ) ) ;
#7940 = ADVANCED_FACE ( 'NONE', ( #2645 ), #1836, .F. ) ;
#7941 = CARTESIAN_POINT ( 'NONE',  ( -4.000000000000000000, -2.215285445989092050, 2.913994591726146943 ) ) ;
#7942 = CARTESIAN_POINT ( 'NONE',  ( -7.500000000000000000, -2.200000000000000178, 0.000000000000000000 ) ) ;
#7943 = VERTEX_POINT ( 'NONE', #8477 ) ;
#7944 = DIRECTION ( 'NONE',  ( 0.000000000000000000, 0.000000000000000000, 1.000000000000000000 ) ) ;
#7945 = DIRECTION ( 'NONE',  ( 0.2922848563170860614, 0.000000000000000000, 0.9563313038731402482 ) ) ;
#7946 = CARTESIAN_POINT ( 'NONE',  ( -0.6949354017048436916, 4.330918398365117383, 4.489929083470887150 ) ) ;
#7947 = DIRECTION ( 'NONE',  ( 0.000000000000000000, 0.000000000000000000, 1.000000000000000000 ) ) ;
#7948 = ORIENTED_EDGE ( 'NONE', *, *, #9098, .F. ) ;
#7949 = DIRECTION ( 'NONE',  ( 0.000000000000000000, 1.000000000000000000, 0.000000000000000000 ) ) ;
#7950 = EDGE_CURVE ( 'NONE', #5831, #9059, #2595, .T. ) ;
#7951 = ORIENTED_EDGE ( 'NONE', *, *, #4726, .F. ) ;
#7952 = FACE_OUTER_BOUND ( 'NONE', #8673, .T. ) ;
#7953 = ORIENTED_EDGE ( 'NONE', *, *, #1512, .T. ) ;
#7954 = DIRECTION ( 'NONE',  ( 0.2164396139381028483, 0.000000000000000000, 0.9762960071199333623 ) ) ;
#7955 = ADVANCED_FACE ( 'NONE', ( #1034 ), #1580, .T. ) ;
#7956 = CARTESIAN_POINT ( 'NONE',  ( -1.477197233632530082, 3.174997082550636396, 4.318333589268864792 ) ) ;
#7957 =( REPRESENTATION_RELATIONSHIP ('NONE','NONE', #822, #6414 ) REPRESENTATION_RELATIONSHIP_WITH_TRANSFORMATION ( #9945 )SHAPE_REPRESENTATION_RELATIONSHIP( ) );
#7958 = DIRECTION ( 'NONE',  ( 0.000000000000000000, 0.1824522163763984128, -0.9832147215839172061 ) ) ;
#7959 = DIRECTION ( 'NONE',  ( 0.000000000000000000, 0.9902251923489505669, -0.1394778421021909687 ) ) ;
#7960 = AXIS2_PLACEMENT_3D ( 'NONE', #5593, #512, #3805 ) ;
#7961 = LINE ( 'NONE', #9531, #5189 ) ;
#7962 = FILL_AREA_STYLE_COLOUR ( '', #69 ) ;
#7963 = ORIENTED_EDGE ( 'NONE', *, *, #2557, .F. ) ;
#7964 = EDGE_CURVE ( 'NONE', #7802, #7284, #10151, .T. ) ;
#7965 = ORIENTED_EDGE ( 'NONE', *, *, #9798, .F. ) ;
#7966 = CARTESIAN_POINT ( 'NONE',  ( 0.000000000000000000, 6.450000000000000178, 13.00000000000000178 ) ) ;
#7967 = ORIENTED_EDGE ( 'NONE', *, *, #7080, .F. ) ;
#7968 = LINE ( 'NONE', #2308, #8864 ) ;
#7969 = EDGE_CURVE ( 'NONE', #8579, #1602, #7600, .T. ) ;
#7970 = ORIENTED_EDGE ( 'NONE', *, *, #369, .F. ) ;
#7971 = AXIS2_PLACEMENT_3D ( 'NONE', #4301, #191, #7191 ) ;
#7972 = CARTESIAN_POINT ( 'NONE',  ( -10.32091455230719923, -3.000000000000000000, 10.64710831150049941 ) ) ;
#7973 = FACE_OUTER_BOUND ( 'NONE', #9858, .T. ) ;
#7974 = ORIENTED_EDGE ( 'NONE', *, *, #793, .T. ) ;
#7975 = ORIENTED_EDGE ( 'NONE', *, *, #8631, .T. ) ;
#7976 = CARTESIAN_POINT ( 'NONE',  ( 8.000000000000000000, 0.5000000000000000000, 7.700000000000000178 ) ) ;
#7977 = EDGE_CURVE ( 'NONE', #1060, #1483, #4075, .T. ) ;
#7978 = AXIS2_PLACEMENT_3D ( 'NONE', #6355, #390, #10328 ) ;
#7979 = EDGE_LOOP ( 'NONE', ( #5332, #3463, #2040, #3384 ) ) ;
#7980 = DIRECTION ( 'NONE',  ( -1.000000000000000000, -0.000000000000000000, 0.000000000000000000 ) ) ;
#7981 = EDGE_CURVE ( 'NONE', #10066, #911, #3209, .T. ) ;
#7982 = DIRECTION ( 'NONE',  ( 0.000000000000000000, 0.000000000000000000, -1.000000000000000000 ) ) ;
#7983 = LINE ( 'NONE', #539, #1425 ) ;
#7984 = DIRECTION ( 'NONE',  ( 1.000000000000000000, -0.000000000000000000, -0.000000000000000000 ) ) ;
#7985 = ORIENTED_EDGE ( 'NONE', *, *, #8628, .F. ) ;
#7986 = VECTOR ( 'NONE', #8922, 1000.000000000000000 ) ;
#7987 = ORIENTED_EDGE ( 'NONE', *, *, #9096, .F. ) ;
#7988 = LINE ( 'NONE', #7375, #6647 ) ;
#7989 = EDGE_CURVE ( 'NONE', #8298, #1355, #9338, .T. ) ;
#7990 = CARTESIAN_POINT ( 'NONE',  ( 0.2954755973024665305, 4.868479466824711999, 4.552240851238034125 ) ) ;
#7991 = PRESENTATION_STYLE_ASSIGNMENT (( #3843 ) ) ;
#7992 = CARTESIAN_POINT ( 'NONE',  ( 9.500000000000000000, 0.000000000000000000, 13.00000000000000178 ) ) ;
#7993 = VERTEX_POINT ( 'NONE', #1082 ) ;
#7994 = DIRECTION ( 'NONE',  ( -0.000000000000000000, -0.000000000000000000, 1.000000000000000000 ) ) ;
#7995 = CARTESIAN_POINT ( 'NONE',  ( -8.000000000000000000, -0.5000000000000033307, 1.400000000000000133 ) ) ;
#7996 = PLANE ( 'NONE',  #10743 ) ;
#7997 = ORIENTED_EDGE ( 'NONE', *, *, #10299, .T. ) ;
#7998 = FACE_OUTER_BOUND ( 'NONE', #5188, .T. ) ;
#7999 = CARTESIAN_POINT ( 'NONE',  ( -0.5636524156597050306, 4.396537525038120009, 4.417885139797919081 ) ) ;
#8000 = DIRECTION ( 'NONE',  ( 0.000000000000000000, 1.000000000000000000, -3.576749435003730024E-16 ) ) ;
#8001 = ADVANCED_FACE ( 'NONE', ( #9231 ), #159, .F. ) ;
#8002 = ORIENTED_EDGE ( 'NONE', *, *, #10547, .T. ) ;
#8003 = LINE ( 'NONE', #8820, #3489 ) ;
#8004 = ORIENTED_EDGE ( 'NONE', *, *, #1101, .T. ) ;
#8005 = CARTESIAN_POINT ( 'NONE',  ( -1.000000000000000000, 6.450000000000000178, 13.00000000000000178 ) ) ;
#8006 = AXIS2_PLACEMENT_3D ( 'NONE', #1424, #4078, #6471 ) ;
#8007 = ORIENTED_EDGE ( 'NONE', *, *, #5279, .T. ) ;
#8008 = DIRECTION ( 'NONE',  ( 0.000000000000000000, -1.000000000000000000, 0.000000000000000000 ) ) ;
#8009 = CARTESIAN_POINT ( 'NONE',  ( 6.400000000000000355, 3.975000000000000089, 1.899999999999999911 ) ) ;
#8010 = CARTESIAN_POINT ( 'NONE',  ( -8.000000000000000000, -0.5000000000000002220, 7.700000000000000178 ) ) ;
#8011 = ADVANCED_FACE ( 'NONE', ( #4373 ), #3157, .F. ) ;
#8012 = VECTOR ( 'NONE', #530, 1000.000000000000000 ) ;
#8013 = LINE ( 'NONE', #7842, #5869 ) ;
#8014 = CYLINDRICAL_SURFACE ( 'NONE', #6129, 0.7000000000000000666 ) ;
#8015 = CARTESIAN_POINT ( 'NONE',  ( 3.350000000000000089, 0.8000000000000000444, -3.199777700366559952 ) ) ;
#8016 = CARTESIAN_POINT ( 'NONE',  ( 3.350000000000000089, 0.000000000000000000, -2.399777700366560573 ) ) ;
#8017 = ADVANCED_FACE ( 'NONE', ( #1524 ), #8164, .T. ) ;
#8018 = ORIENTED_EDGE ( 'NONE', *, *, #9222, .F. ) ;
#8019 = ORIENTED_EDGE ( 'NONE', *, *, #6019, .F. ) ;
#8020 = LINE ( 'NONE', #4569, #3924 ) ;
#8021 = ORIENTED_EDGE ( 'NONE', *, *, #2902, .F. ) ;
#8022 = CYLINDRICAL_SURFACE ( 'NONE', #10244, 7.650000000000000355 ) ;
#8023 = VECTOR ( 'NONE', #2657, 1000.000000000000000 ) ;
#8024 = ORIENTED_EDGE ( 'NONE', *, *, #8815, .T. ) ;
#8025 = EDGE_CURVE ( 'NONE', #8587, #686, #9606, .T. ) ;
#8026 = DIRECTION ( 'NONE',  ( -0.000000000000000000, 0.000000000000000000, 1.000000000000000000 ) ) ;
#8027 = EDGE_LOOP ( 'NONE', ( #7307, #1022, #7198, #9943 ) ) ;
#8028 = CARTESIAN_POINT ( 'NONE',  ( 9.913744736894729570, 3.000000000000000000, 11.81413169024230037 ) ) ;
#8029 = AXIS2_PLACEMENT_3D ( 'NONE', #3844, #1354, #1247 ) ;
#8030 = EDGE_CURVE ( 'NONE', #3930, #1152, #2916, .T. ) ;
#8031 = ORIENTED_EDGE ( 'NONE', *, *, #4956, .F. ) ;
#8032 = LINE ( 'NONE', #8955, #5275 ) ;
#8033 = ORIENTED_EDGE ( 'NONE', *, *, #7964, .F. ) ;
#8034 = CARTESIAN_POINT ( 'NONE',  ( -9.400000000000000355, -31.38557667661039829, -2.090092403041686989E-16 ) ) ;
#8035 = ORIENTED_EDGE ( 'NONE', *, *, #7186, .T. ) ;
#8036 = SURFACE_STYLE_FILL_AREA ( #10684 ) ;
#8037 = ORIENTED_EDGE ( 'NONE', *, *, #7551, .T. ) ;
#8038 = VECTOR ( 'NONE', #8454, 1000.000000000000000 ) ;
#8039 = ADVANCED_FACE ( 'NONE', ( #487 ), #6281, .T. ) ;
#8040 = DIRECTION ( 'NONE',  ( -1.000000000000000000, -0.000000000000000000, 0.000000000000000000 ) ) ;
#8041 = ORIENTED_EDGE ( 'NONE', *, *, #1503, .F. ) ;
#8042 = CARTESIAN_POINT ( 'NONE',  ( 6.049999999999999822, 3.975000000000000089, 1.899999999999999023 ) ) ;
#8043 = VECTOR ( 'NONE', #4381, 1000.000000000000000 ) ;
#8044 = CARTESIAN_POINT ( 'NONE',  ( 1.000000000000000000, 6.450000000000000178, 13.00000000000000178 ) ) ;
#8045 = FACE_OUTER_BOUND ( 'NONE', #923, .T. ) ;
#8046 = AXIS2_PLACEMENT_3D ( 'NONE', #3319, #786, #4786 ) ;
#8047 = ORIENTED_EDGE ( 'NONE', *, *, #5775, .T. ) ;
#8048 = DIRECTION ( 'NONE',  ( 0.000000000000000000, -1.000000000000000000, -0.000000000000000000 ) ) ;
#8049 = DIRECTION ( 'NONE',  ( -1.000000000000000000, 0.000000000000000000, 0.000000000000000000 ) ) ;
#8050 = EDGE_CURVE ( 'NONE', #2706, #3508, #2160, .T. ) ;
#8051 = AXIS2_PLACEMENT_3D ( 'NONE', #8694, #4920, #8255 ) ;
#8052 = VECTOR ( 'NONE', #8026, 1000.000000000000000 ) ;
#8053 = DIRECTION ( 'NONE',  ( 0.000000000000000000, -1.000000000000000000, -0.000000000000000000 ) ) ;
#8054 = ORIENTED_EDGE ( 'NONE', *, *, #3042, .F. ) ;
#8055 = FACE_OUTER_BOUND ( 'NONE', #6708, .T. ) ;
#8056 = SHAPE_REPRESENTATION_RELATIONSHIP ( 'NONE' , 'NONE' ,  #6765, #7055 ) ;
#8057 = CARTESIAN_POINT ( 'NONE',  ( 0.5000000000000000000, 0.000000000000000000, 0.000000000000000000 ) ) ;
#8058 = PLANE ( 'NONE',  #1464 ) ;
#8059 = CARTESIAN_POINT ( 'NONE',  ( -0.7557185497515830352, 2.695023566595203590, 4.279182253723583962 ) ) ;
#8060 = ORIENTED_EDGE ( 'NONE', *, *, #7749, .T. ) ;
#8061 = FILL_AREA_STYLE_COLOUR ( '', #2023 ) ;
#8062 =( GEOMETRIC_REPRESENTATION_CONTEXT ( 3 ) GLOBAL_UNCERTAINTY_ASSIGNED_CONTEXT ( ( #7168 ) ) GLOBAL_UNIT_ASSIGNED_CONTEXT ( ( #9100, #4081, #6422 ) ) REPRESENTATION_CONTEXT ( 'NONE', 'WORKASPACE' ) );
#8063 = ORIENTED_EDGE ( 'NONE', *, *, #9614, .F. ) ;
#8064 = CARTESIAN_POINT ( 'NONE',  ( 5.599999999999999645, -3.000000000000000000, 13.00000000000000178 ) ) ;
#8065 = LINE ( 'NONE', #6315, #1749 ) ;
#8066 = DIRECTION ( 'NONE',  ( 1.000000000000000000, 0.000000000000000000, 0.000000000000000000 ) ) ;
#8067 = VECTOR ( 'NONE', #992, 1000.000000000000000 ) ;
#8068 = VECTOR ( 'NONE', #2827, 1000.000000000000114 ) ;
#8069 = LINE ( 'NONE', #8828, #9866 ) ;
#8070 = CARTESIAN_POINT ( 'NONE',  ( 3.100000000000000533, -3.975000000000000089, 1.899999999999999911 ) ) ;
#8071 = FILL_AREA_STYLE_COLOUR ( '', #8513 ) ;
#8072 = DIRECTION ( 'NONE',  ( 0.000000000000000000, 0.000000000000000000, 1.000000000000000000 ) ) ;
#8073 = ORIENTED_EDGE ( 'NONE', *, *, #5875, .F. ) ;
#8074 = VERTEX_POINT ( 'NONE', #8586 ) ;
#8075 = LINE ( 'NONE', #9801, #5830 ) ;
#8076 = ORIENTED_EDGE ( 'NONE', *, *, #3651, .T. ) ;
#8077 = SURFACE_STYLE_USAGE ( .BOTH. , #8945 ) ;
#8078 = VECTOR ( 'NONE', #4983, 1000.000000000000000 ) ;
#8079 = ORIENTED_EDGE ( 'NONE', *, *, #2497, .T. ) ;
#8080 = EDGE_CURVE ( 'NONE', #6252, #10744, #10253, .T. ) ;
#8081 = DIRECTION ( 'NONE',  ( -1.000000000000000000, 1.762930361765040079E-17, 0.000000000000000000 ) ) ;
#8082 = ORIENTED_EDGE ( 'NONE', *, *, #8380, .F. ) ;
#8083 = PRESENTATION_STYLE_ASSIGNMENT (( #8130 ) ) ;
#8084 = EDGE_LOOP ( 'NONE', ( #10239, #8573, #8641, #4692, #9878, #3683, #9447, #1217, #6241, #4244 ) ) ;
#8085 = CARTESIAN_POINT ( 'NONE',  ( 8.970441590861199188, -7.500000000000000000, 5.000000000000000000 ) ) ;
#8086 = VERTEX_POINT ( 'NONE', #2973 ) ;
#8087 = CARTESIAN_POINT ( 'NONE',  ( 0.7249999999999999778, 2.815989715978069796, 3.502585681049720012 ) ) ;
#8088 = ORIENTED_EDGE ( 'NONE', *, *, #4286, .T. ) ;
#8089 =( NAMED_UNIT ( * ) SI_UNIT ( $, .STERADIAN. ) SOLID_ANGLE_UNIT ( ) );
#8090 = EDGE_CURVE ( 'NONE', #1124, #799, #1505, .T. ) ;
#8091 = ORIENTED_EDGE ( 'NONE', *, *, #3279, .F. ) ;
#8092 = COLOUR_RGB ( '',1.000000000000000000, 1.000000000000000000, 1.000000000000000000 ) ;
#8093 = EDGE_CURVE ( 'NONE', #9372, #4094, #2864, .T. ) ;
#8094 = DIRECTION ( 'NONE',  ( 1.000000000000000000, 0.000000000000000000, -0.000000000000000000 ) ) ;
#8095 = ORIENTED_EDGE ( 'NONE', *, *, #8910, .F. ) ;
#8096 = CARTESIAN_POINT ( 'NONE',  ( -8.050000000000000711, -6.450000000000000178, 10.50000000000000000 ) ) ;
#8097 = VECTOR ( 'NONE', #7032, 1000.000000000000000 ) ;
#8098 = CARTESIAN_POINT ( 'NONE',  ( 1.406443673853812637, 4.028923940934362236, 4.483763390349373879 ) ) ;
#8099 = DIRECTION ( 'NONE',  ( 1.000000000000000000, 0.000000000000000000, 0.000000000000000000 ) ) ;
#8100 = CARTESIAN_POINT ( 'NONE',  ( -1.700000000000000178, 6.450000000000000178, 13.00000000000000178 ) ) ;
#8101 = ADVANCED_FACE ( 'NONE', ( #321 ), #3781, .F. ) ;
#8102 = ORIENTED_EDGE ( 'NONE', *, *, #9528, .T. ) ;
#8103 = CARTESIAN_POINT ( 'NONE',  ( -5.150000000000000355, -6.360534678726040170, 4.779880661410884635 ) ) ;
#8104 = DIRECTION ( 'NONE',  ( 0.000000000000000000, -1.000000000000000000, 0.000000000000000000 ) ) ;
#8105 = AXIS2_PLACEMENT_3D ( 'NONE', #5270, #8611, #1159 ) ;
#8106 = CARTESIAN_POINT ( 'NONE',  ( -1.000000000000000000, -6.349999999999999645, 10.50000000000000000 ) ) ;
#8107 = VERTEX_POINT ( 'NONE', #7866 ) ;
#8108 = CARTESIAN_POINT ( 'NONE',  ( -3.100000000000000533, -3.975000000000000089, 1.899999999999999911 ) ) ;
#8109 = DIRECTION ( 'NONE',  ( -0.000000000000000000, 1.000000000000000000, 0.000000000000000000 ) ) ;
#8110 = DIRECTION ( 'NONE',  ( 1.000000000000000000, 0.000000000000000000, -0.000000000000000000 ) ) ;
#8111 = CARTESIAN_POINT ( 'NONE',  ( 0.5000000000000000000, -6.250000000000000000, -3.500000000000000000 ) ) ;
#8112 = VECTOR ( 'NONE', #1349, 1000.000000000000000 ) ;
#8113 = EDGE_CURVE ( 'NONE', #6837, #8074, #5243, .T. ) ;
#8114 = VERTEX_POINT ( 'NONE', #10419 ) ;
#8115 = PLANE ( 'NONE',  #2720 ) ;
#8116 = EDGE_CURVE ( 'NONE', #5182, #7931, #9552, .T. ) ;
#8117 = PLANE ( 'NONE',  #10038 ) ;
#8118 = DIRECTION ( 'NONE',  ( 2.235917554085669900E-31, 1.397729250962541600E-46, 1.000000000000000000 ) ) ;
#8119 = LINE ( 'NONE', #5818, #9771 ) ;
#8120 = DIRECTION ( 'NONE',  ( 0.000000000000000000, -1.000000000000000000, 0.000000000000000000 ) ) ;
#8121 = DIRECTION ( 'NONE',  ( 0.000000000000000000, -0.000000000000000000, -1.000000000000000000 ) ) ;
#8122 = DIRECTION ( 'NONE',  ( -0.000000000000000000, 1.000000000000000000, 0.000000000000000000 ) ) ;
#8123 = VERTEX_POINT ( 'NONE', #5406 ) ;
#8124 = ORIENTED_EDGE ( 'NONE', *, *, #3778, .T. ) ;
#8125 = CARTESIAN_POINT ( 'NONE',  ( -0.5000000000000004441, -0.5000000000000000000, 10.30000000000000071 ) ) ;
#8126 = VERTEX_POINT ( 'NONE', #7708 ) ;
#8127 = DIRECTION ( 'NONE',  ( 0.000000000000000000, 1.000000000000000000, 0.000000000000000000 ) ) ;
#8128 = ORIENTED_EDGE ( 'NONE', *, *, #8755, .T. ) ;
#8129 = VERTEX_POINT ( 'NONE', #1185 ) ;
#8130 = SURFACE_STYLE_USAGE ( .BOTH. , #6271 ) ;
#8131 = VERTEX_POINT ( 'NONE', #3566 ) ;
#8132 = DIRECTION ( 'NONE',  ( 1.000000000000000000, 0.000000000000000000, 0.000000000000000000 ) ) ;
#8133 = ORIENTED_EDGE ( 'NONE', *, *, #10033, .T. ) ;
#8134 = CARTESIAN_POINT ( 'NONE',  ( -3.450000000000000178, 1.199999999999999956, 1.899999999999999911 ) ) ;
#8135 = EDGE_CURVE ( 'NONE', #8751, #6480, #6126, .T. ) ;
#8136 = EDGE_LOOP ( 'NONE', ( #695, #7967, #3011, #4768 ) ) ;
#8137 = VECTOR ( 'NONE', #7954, 1000.000000000000000 ) ;
#8138 = ORIENTED_EDGE ( 'NONE', *, *, #4503, .T. ) ;
#8139 = MANIFOLD_SOLID_BREP ( 'accuator', #2088 ) ;
#8140 = CARTESIAN_POINT ( 'NONE',  ( -2.000000000000000000, 0.5000000000000000000, -0.9499999999999999556 ) ) ;
#8141 = EDGE_CURVE ( 'NONE', #7638, #1925, #10472, .T. ) ;
#8142 = VECTOR ( 'NONE', #10149, 1000.000000000000000 ) ;
#8143 = EDGE_LOOP ( 'NONE', ( #4952, #1517, #3897, #6454 ) ) ;
#8144 = LINE ( 'NONE', #6393, #1786 ) ;
#8145 = CARTESIAN_POINT ( 'NONE',  ( 8.074999999999999289, -3.975000000000000089, 31.88557667661039829 ) ) ;
#8146 = CARTESIAN_POINT ( 'NONE',  ( 6.049999999999999822, -3.975000000000000089, 1.899999999999999911 ) ) ;
#8147 = EDGE_CURVE ( 'NONE', #3712, #413, #3995, .T. ) ;
#8148 = DIRECTION ( 'NONE',  ( 1.000000000000000000, 0.000000000000000000, 0.000000000000000000 ) ) ;
#8149 = FACE_OUTER_BOUND ( 'NONE', #2187, .T. ) ;
#8150 = VERTEX_POINT ( 'NONE', #9009 ) ;
#8151 = DIRECTION ( 'NONE',  ( -0.000000000000000000, 0.000000000000000000, 1.000000000000000000 ) ) ;
#8152 = VECTOR ( 'NONE', #10492, 1000.000000000000000 ) ;
#8153 = CARTESIAN_POINT ( 'NONE',  ( 1.110824415501330042, 3.120327182758997342, 4.313792853761219348 ) ) ;
#8154 = ADVANCED_FACE ( 'NONE', ( #593 ), #4047, .F. ) ;
#8155 = DIRECTION ( 'NONE',  ( 1.000000000000000000, 0.000000000000000000, 0.000000000000000000 ) ) ;
#8156 = ORIENTED_EDGE ( 'NONE', *, *, #6482, .T. ) ;
#8157 = CARTESIAN_POINT ( 'NONE',  ( -8.000000000000000000, 5.349999999999999645, 1.399999999999999911 ) ) ;
#8158 = VECTOR ( 'NONE', #6728, 1000.000000000000000 ) ;
#8159 = CARTESIAN_POINT ( 'NONE',  ( 6.049999999999999822, -0.5000000000000000000, 1.399999999999999911 ) ) ;
#8160 = LINE ( 'NONE', #721, #5265 ) ;
#8161 = ADVANCED_FACE ( 'NONE', ( #5729 ), #3031, .T. ) ;
#8162 = CARTESIAN_POINT ( 'NONE',  ( -1.170780317471017851, 3.597796009748733592, 4.404085279076905834 ) ) ;
#8163 = ORIENTED_EDGE ( 'NONE', *, *, #6489, .F. ) ;
#8164 = PLANE ( 'NONE',  #5663 ) ;
#8165 = CARTESIAN_POINT ( 'NONE',  ( 1.999999999999999556, 2.200000000000000178, -0.9499999999999999556 ) ) ;
#8166 = AXIS2_PLACEMENT_3D ( 'NONE', #5113, #2414, #8452 ) ;
#8167 = DIRECTION ( 'NONE',  ( -0.000000000000000000, 1.000000000000000000, 0.000000000000000000 ) ) ;
#8168 = VECTOR ( 'NONE', #2787, 1000.000000000000000 ) ;
#8169 = DIRECTION ( 'NONE',  ( 0.000000000000000000, 0.000000000000000000, -1.000000000000000000 ) ) ;
#8170 = EDGE_CURVE ( 'NONE', #10259, #4275, #6442, .T. ) ;
#8171 = DIRECTION ( 'NONE',  ( -0.000000000000000000, -1.000000000000000000, -0.000000000000000000 ) ) ;
#8172 = DIRECTION ( 'NONE',  ( -1.000000000000000000, 0.000000000000000000, 0.000000000000000000 ) ) ;
#8173 = LINE ( 'NONE', #10013, #2953 ) ;
#8174 = DIRECTION ( 'NONE',  ( -0.000000000000000000, -0.000000000000000000, -1.000000000000000000 ) ) ;
#8175 = AXIS2_PLACEMENT_3D ( 'NONE', #10507, #3058, #8987 ) ;
#8176 = VERTEX_POINT ( 'NONE', #5519 ) ;
#8177 = AXIS2_PLACEMENT_3D ( 'NONE', #8606, #1102, #9307 ) ;
#8178 = EDGE_LOOP ( 'NONE', ( #316, #3497, #4271, #1422, #7407, #2534, #4125, #3474 ) ) ;
#8179 = CARTESIAN_POINT ( 'NONE',  ( 9.399999999999998579, 0.5000000000000001110, -1.445602896647339163E-16 ) ) ;
#8180 = VERTEX_POINT ( 'NONE', #3836 ) ;
#8181 = DIRECTION ( 'NONE',  ( -0.000000000000000000, 1.000000000000000000, 0.000000000000000000 ) ) ;
#8182 = MANIFOLD_SOLID_BREP ( 'cover', #9386 ) ;
#8183 = ORIENTED_EDGE ( 'NONE', *, *, #6402, .T. ) ;
#8184 = VECTOR ( 'NONE', #553, 1000.000000000000000 ) ;
#8185 = EDGE_CURVE ( 'NONE', #6480, #8751, #2112, .T. ) ;
#8186 = EDGE_CURVE ( 'NONE', #10566, #5011, #8354, .T. ) ;
#8187 = LINE ( 'NONE', #86, #2137 ) ;
#8188 = ORIENTED_EDGE ( 'NONE', *, *, #10143, .T. ) ;
#8189 = ORIENTED_EDGE ( 'NONE', *, *, #9463, .F. ) ;
#8190 = CARTESIAN_POINT ( 'NONE',  ( 3.350000000000000089, 0.8000000000000000444, -2.399777700366560573 ) ) ;
#8191 = VERTEX_POINT ( 'NONE', #8249 ) ;
#8192 = LINE ( 'NONE', #3938, #1326 ) ;
#8193 = AXIS2_PLACEMENT_3D ( 'NONE', #7181, #3102, #9681 ) ;
#8194 = ORIENTED_EDGE ( 'NONE', *, *, #5147, .F. ) ;
#8195 = EDGE_LOOP ( 'NONE', ( #5724, #8391, #6919, #1705 ) ) ;
#8196 = CIRCLE ( 'NONE', #8376, 1.500000000000000000 ) ;
#8197 = LINE ( 'NONE', #1665, #9434 ) ;
#8198 = ORIENTED_EDGE ( 'NONE', *, *, #9618, .T. ) ;
#8199 = DIRECTION ( 'NONE',  ( 0.000000000000000000, 0.000000000000000000, 1.000000000000000000 ) ) ;
#8200 = ORIENTED_EDGE ( 'NONE', *, *, #2300, .T. ) ;
#8201 = DIRECTION ( 'NONE',  ( 0.000000000000000000, -0.000000000000000000, 1.000000000000000000 ) ) ;
#8202 = LINE ( 'NONE', #705, #8544 ) ;
#8203 = CARTESIAN_POINT ( 'NONE',  ( 0.000000000000000000, -3.975000000000000089, 0.000000000000000000 ) ) ;
#8204 = DIRECTION ( 'NONE',  ( 0.000000000000000000, -1.275531967630000069E-16, -1.000000000000000000 ) ) ;
#8205 = EDGE_LOOP ( 'NONE', ( #8235, #8245, #1456, #7541 ) ) ;
#8206 = VECTOR ( 'NONE', #9769, 1000.000000000000000 ) ;
#8207 = DIRECTION ( 'NONE',  ( 1.000000000000000000, 0.000000000000000000, 0.000000000000000000 ) ) ;
#8208 = FACE_OUTER_BOUND ( 'NONE', #9695, .T. ) ;
#8209 = EDGE_CURVE ( 'NONE', #5687, #9523, #4913, .T. ) ;
#8210 = VECTOR ( 'NONE', #1479, 1000.000000000000000 ) ;
#8211 = CARTESIAN_POINT ( 'NONE',  ( 10.41980543215949950, -3.000000000000000444, 9.925437956591640187 ) ) ;
#8212 = VERTEX_POINT ( 'NONE', #1660 ) ;
#8213 = CARTESIAN_POINT ( 'NONE',  ( 8.050000000000000711, 6.450000000000000178, 0.000000000000000000 ) ) ;
#8214 = DIRECTION ( 'NONE',  ( 0.000000000000000000, -1.000000000000000000, -0.000000000000000000 ) ) ;
#8215 = CARTESIAN_POINT ( 'NONE',  ( 8.050000000000000711, -6.349999999999999645, 10.50000000000000000 ) ) ;
#8216 = ORIENTED_EDGE ( 'NONE', *, *, #1490, .F. ) ;
#8217 = CARTESIAN_POINT ( 'NONE',  ( -5.150000000000000355, -6.822590561394729747, 4.458817530261711681 ) ) ;
#8218 = LINE ( 'NONE', #6686, #1126 ) ;
#8219 = ADVANCED_FACE ( 'NONE', ( #5018 ), #4258, .T. ) ;
#8220 = AXIS2_PLACEMENT_3D ( 'NONE', #5795, #10236, #3350 ) ;
#8221 = VECTOR ( 'NONE', #3391, 1000.000000000000114 ) ;
#8222 = DIRECTION ( 'NONE',  ( 0.000000000000000000, 0.000000000000000000, 1.000000000000000000 ) ) ;
#8223 = EDGE_CURVE ( 'NONE', #5269, #5087, #6187, .T. ) ;
#8224 = EDGE_CURVE ( 'NONE', #4433, #848, #9922, .T. ) ;
#8225 = DIRECTION ( 'NONE',  ( 0.000000000000000000, 0.000000000000000000, 1.000000000000000000 ) ) ;
#8226 =( NAMED_UNIT ( * ) PLANE_ANGLE_UNIT ( ) SI_UNIT ( $, .RADIAN. ) );
#8227 = DIRECTION ( 'NONE',  ( 0.000000000000000000, 0.000000000000000000, 1.000000000000000000 ) ) ;
#8228 = VECTOR ( 'NONE', #9197, 1000.000000000000000 ) ;
#8229 = CARTESIAN_POINT ( 'NONE',  ( -5.150000000000000355, -6.429304672761169570, 4.385836643711150451 ) ) ;
#8230 = CARTESIAN_POINT ( 'NONE',  ( 0.000000000000000000, 0.8000000000000000444, -0.5000000000000000000 ) ) ;
#8231 = VECTOR ( 'NONE', #3280, 1000.000000000000000 ) ;
#8232 = ORIENTED_EDGE ( 'NONE', *, *, #2624, .F. ) ;
#8233 = ORIENTED_EDGE ( 'NONE', *, *, #5202, .F. ) ;
#8234 = LINE ( 'NONE', #26, #2014 ) ;
#8235 = ORIENTED_EDGE ( 'NONE', *, *, #6360, .T. ) ;
#8236 = SURFACE_STYLE_FILL_AREA ( #9052 ) ;
#8237 = EDGE_LOOP ( 'NONE', ( #7051, #10369, #2927, #305, #2725, #596, #7476, #2723, #8918, #2903, #2810, #1335, #6905, #6322, #2910, #4418, #4570, #1200, #6769, #7053, #9326, #9646, #3114, #1769 ) ) ;
#8238 = COLOUR_RGB ( '',1.000000000000000000, 1.000000000000000000, 1.000000000000000000 ) ;
#8239 = VECTOR ( 'NONE', #6582, 1000.000000000000000 ) ;
#8240 = CARTESIAN_POINT ( 'NONE',  ( -5.150000000000000355, 6.360534678726050828, 4.779880661410884635 ) ) ;
#8241 = EDGE_LOOP ( 'NONE', ( #1892, #1720, #9121, #1775, #781, #8633, #843, #10133, #10003 ) ) ;
#8242 = FACE_OUTER_BOUND ( 'NONE', #1302, .T. ) ;
#8243 = ORIENTED_EDGE ( 'NONE', *, *, #3686, .T. ) ;
#8244 = VECTOR ( 'NONE', #3632, 1000.000000000000114 ) ;
#8245 = ORIENTED_EDGE ( 'NONE', *, *, #2636, .F. ) ;
#8246 = DIRECTION ( 'NONE',  ( -0.000000000000000000, 0.000000000000000000, -1.000000000000000000 ) ) ;
#8247 = FACE_OUTER_BOUND ( 'NONE', #5923, .T. ) ;
#8248 = EDGE_LOOP ( 'NONE', ( #5489, #5002, #670, #9053 ) ) ;
#8249 = CARTESIAN_POINT ( 'NONE',  ( -8.000000000000000000, -0.5000000000000008882, 1.400000000000000133 ) ) ;
#8250 = ADVANCED_FACE ( 'NONE', ( #9273 ), #6763, .T. ) ;
#8251 = ADVANCED_FACE ( 'NONE', ( #8303 ), #3400, .F. ) ;
#8252 = VERTEX_POINT ( 'NONE', #862 ) ;
#8253 = VECTOR ( 'NONE', #5588, 1000.000000000000000 ) ;
#8254 = EDGE_LOOP ( 'NONE', ( #9029, #7860, #6025, #1506 ) ) ;
#8255 = DIRECTION ( 'NONE',  ( 0.000000000000000000, -0.000000000000000000, 1.000000000000000000 ) ) ;
#8256 = ORIENTED_EDGE ( 'NONE', *, *, #9905, .F. ) ;
#8257 = FACE_OUTER_BOUND ( 'NONE', #10183, .T. ) ;
#8258 = CARTESIAN_POINT ( 'NONE',  ( -3.450000000000000178, -1.199999999999999956, 1.899999999999999911 ) ) ;
#8259 = CARTESIAN_POINT ( 'NONE',  ( 0.000000000000000000, -3.975000000000000089, 1.900000000000001465 ) ) ;
#8260 = AXIS2_PLACEMENT_3D ( 'NONE', #938, #9186, #4329 ) ;
#8261 = ORIENTED_EDGE ( 'NONE', *, *, #4796, .F. ) ;
#8262 = ADVANCED_FACE ( 'NONE', ( #7532 ), #2583, .F. ) ;
#8263 = VERTEX_POINT ( 'NONE', #9981 ) ;
#8264 = LINE ( 'NONE', #6674, #3204 ) ;
#8265 = DIRECTION ( 'NONE',  ( -1.000000000000000000, 0.000000000000000000, 0.000000000000000000 ) ) ;
#8266 = VECTOR ( 'NONE', #1977, 1000.000000000000227 ) ;
#8267 = DIRECTION ( 'NONE',  ( 0.000000000000000000, -0.1394778421021800052, -0.9902251923489521213 ) ) ;
#8268 = VERTEX_POINT ( 'NONE', #2533 ) ;
#8269 = DIRECTION ( 'NONE',  ( 1.000000000000000000, 0.000000000000000000, 0.000000000000000000 ) ) ;
#8270 = LINE ( 'NONE', #776, #6850 ) ;
#8271 = DIRECTION ( 'NONE',  ( 0.000000000000000000, 1.000000000000000000, -0.000000000000000000 ) ) ;
#8272 = CARTESIAN_POINT ( 'NONE',  ( 6.399999999999999467, 5.349999999999999645, 1.399999999999999911 ) ) ;
#8273 = VERTEX_POINT ( 'NONE', #5838 ) ;
#8274 = ADVANCED_FACE ( 'NONE', ( #3448, #1824 ), #1716, .T. ) ;
#8275 = DIRECTION ( 'NONE',  ( 0.000000000000000000, -0.000000000000000000, -1.000000000000000000 ) ) ;
#8276 = VECTOR ( 'NONE', #9201, 1000.000000000000000 ) ;
#8277 = CARTESIAN_POINT ( 'NONE',  ( 6.400000000000000355, -0.5000000000000000000, 31.88557667661039829 ) ) ;
#8278 = DIRECTION ( 'NONE',  ( -0.000000000000000000, 0.000000000000000000, 1.000000000000000000 ) ) ;
#8279 = CARTESIAN_POINT ( 'NONE',  ( 9.400000000000002132, -0.5000000000000024425, -2.500000000000000444 ) ) ;
#8280 = DIRECTION ( 'NONE',  ( 0.000000000000000000, 0.000000000000000000, 1.000000000000000000 ) ) ;
#8281 = EDGE_CURVE ( 'NONE', #7921, #4018, #1770, .T. ) ;
#8282 = AXIS2_PLACEMENT_3D ( 'NONE', #9708, #4806, #752 ) ;
#8283 = DIRECTION ( 'NONE',  ( 0.000000000000000000, -1.000000000000000000, -0.000000000000000000 ) ) ;
#8284 =( LENGTH_UNIT ( ) NAMED_UNIT ( * ) SI_UNIT ( .MILLI., .METRE. ) );
#8285 = ORIENTED_EDGE ( 'NONE', *, *, #7066, .F. ) ;
#8286 = ORIENTED_EDGE ( 'NONE', *, *, #6967, .F. ) ;
#8287 = CARTESIAN_POINT ( 'NONE',  ( 0.03865793539758149988, 2.119681090357980136, 4.232253979376420006 ) ) ;
#8288 = ADVANCED_FACE ( 'NONE', ( #1979 ), #6873, .F. ) ;
#8289 = VERTEX_POINT ( 'NONE', #1871 ) ;
#8290 = FACE_OUTER_BOUND ( 'NONE', #6946, .T. ) ;
#8291 = ORIENTED_EDGE ( 'NONE', *, *, #10537, .T. ) ;
#8292 = CARTESIAN_POINT ( 'NONE',  ( 0.000000000000000000, -6.450000000000000178, 13.00000000000000178 ) ) ;
#8293 = ORIENTED_EDGE ( 'NONE', *, *, #4728, .T. ) ;
#8294 = EDGE_CURVE ( 'NONE', #1261, #5333, #5288, .T. ) ;
#8295 = LINE ( 'NONE', #9859, #8332 ) ;
#8296 = EDGE_LOOP ( 'NONE', ( #3412, #8339, #8951, #8350 ) ) ;
#8297 = CARTESIAN_POINT ( 'NONE',  ( -0.9746006676704019878, 2.908783600151329196, 4.296615288918868458 ) ) ;
#8298 = VERTEX_POINT ( 'NONE', #6048 ) ;
#8299 = PLANE ( 'NONE',  #5046 ) ;
#8300 = DIRECTION ( 'NONE',  ( 0.3243243243243243423, -3.631299142295939646E-16, -0.9459459459459459429 ) ) ;
#8301 = ADVANCED_FACE ( 'NONE', ( #2083 ), #1173, .T. ) ;
#8302 = ORIENTED_EDGE ( 'NONE', *, *, #5740, .F. ) ;
#8303 = FACE_OUTER_BOUND ( 'NONE', #10728, .T. ) ;
#8304 = ORIENTED_EDGE ( 'NONE', *, *, #3256, .T. ) ;
#8305 = APPLICATION_CONTEXT ( 'automotive_design' ) ;
#8306 = DIRECTION ( 'NONE',  ( -0.000000000000000000, -1.000000000000000000, -0.000000000000000000 ) ) ;
#8307 = EDGE_CURVE ( 'NONE', #1331, #2017, #9430, .T. ) ;
#8308 = ORIENTED_EDGE ( 'NONE', *, *, #9347, .F. ) ;
#8309 = FACE_OUTER_BOUND ( 'NONE', #5903, .T. ) ;
#8310 = AXIS2_PLACEMENT_3D ( 'NONE', #1135, #4216, #1080 ) ;
#8311 = VERTEX_POINT ( 'NONE', #9536 ) ;
#8312 = LINE ( 'NONE', #7486, #9134 ) ;
#8313 = LINE ( 'NONE', #2332, #9925 ) ;
#8314 = LINE ( 'NONE', #9074, #10725 ) ;
#8315 = DIRECTION ( 'NONE',  ( -1.000000000000000000, -0.000000000000000000, -0.000000000000000000 ) ) ;
#8316 = ORIENTED_EDGE ( 'NONE', *, *, #3093, .F. ) ;
#8317 = LINE ( 'NONE', #8972, #3376 ) ;
#8318 = CARTESIAN_POINT ( 'NONE',  ( -8.000000000000000000, 3.975000000000000089, 1.399999999999999911 ) ) ;
#8319 = AXIS2_PLACEMENT_3D ( 'NONE', #3811, #5441, #8779 ) ;
#8320 = EDGE_CURVE ( 'NONE', #10071, #6085, #7910, .T. ) ;
#8321 = FACE_OUTER_BOUND ( 'NONE', #7656, .T. ) ;
#8322 = VERTEX_POINT ( 'NONE', #9378 ) ;
#8323 = CARTESIAN_POINT ( 'NONE',  ( 0.000000000000000000, 1.199999999999999956, 1.899999999999999467 ) ) ;
#8324 = FACE_OUTER_BOUND ( 'NONE', #5004, .T. ) ;
#8325 = CARTESIAN_POINT ( 'NONE',  ( 1.925000000000000044, -3.975000000000000089, 0.000000000000000000 ) ) ;
#8326 = CARTESIAN_POINT ( 'NONE',  ( 2.000000000000000000, 0.5000000000000000000, -0.9499999999999999556 ) ) ;
#8327 = ORIENTED_EDGE ( 'NONE', *, *, #10518, .F. ) ;
#8328 = AXIS2_PLACEMENT_3D ( 'NONE', #10216, #230, #6740 ) ;
#8329 = CARTESIAN_POINT ( 'NONE',  ( 10.32091455230722055, -3.000000000000000000, 7.352891688499531675 ) ) ;
#8330 = LINE ( 'NONE', #5863, #3999 ) ;
#8331 = PLANE ( 'NONE',  #7165 ) ;
#8332 = VECTOR ( 'NONE', #9056, 1000.000000000000000 ) ;
#8333 = CARTESIAN_POINT ( 'NONE',  ( -5.150000000000000355, 7.529940238806680064, -1.350000000000000533 ) ) ;
#8334 = DIRECTION ( 'NONE',  ( 1.000000000000000000, 0.000000000000000000, 0.000000000000000000 ) ) ;
#8335 = CARTESIAN_POINT ( 'NONE',  ( -3.100000000000000533, -1.199999999999999956, 31.88557667661039829 ) ) ;
#8336 = VERTEX_POINT ( 'NONE', #10188 ) ;
#8337 = VERTEX_POINT ( 'NONE', #10402 ) ;
#8338 = LINE ( 'NONE', #1698, #6353 ) ;
#8339 = ORIENTED_EDGE ( 'NONE', *, *, #4181, .T. ) ;
#8340 = SURFACE_SIDE_STYLE ('',( #8236 ) ) ;
#8341 = VECTOR ( 'NONE', #9796, 1000.000000000000000 ) ;
#8342 = DIRECTION ( 'NONE',  ( 0.000000000000000000, 0.000000000000000000, 1.000000000000000000 ) ) ;
#8343 = EDGE_CURVE ( 'NONE', #3838, #1058, #5389, .T. ) ;
#8344 = EDGE_CURVE ( 'NONE', #4439, #8126, #471, .T. ) ;
#8345 = EDGE_CURVE ( 'NONE', #5846, #4505, #2957, .T. ) ;
#8346 = VECTOR ( 'NONE', #3555, 1000.000000000000000 ) ;
#8347 = ORIENTED_EDGE ( 'NONE', *, *, #7426, .F. ) ;
#8348 = FACE_OUTER_BOUND ( 'NONE', #2413, .T. ) ;
#8349 = ORIENTED_EDGE ( 'NONE', *, *, #7022, .F. ) ;
#8350 = ORIENTED_EDGE ( 'NONE', *, *, #5244, .F. ) ;
#8351 = DIRECTION ( 'NONE',  ( 0.000000000000000000, 0.1081912008832075917, 0.9941301041872986355 ) ) ;
#8352 = CARTESIAN_POINT ( 'NONE',  ( -5.150000000000000355, 7.650000000000000355, 0.000000000000000000 ) ) ;
#8353 = VERTEX_POINT ( 'NONE', #361 ) ;
#8354 = LINE ( 'NONE', #972, #7235 ) ;
#8355 = EDGE_LOOP ( 'NONE', ( #2178, #1620, #2070, #10724 ) ) ;
#8356 = EDGE_CURVE ( 'NONE', #9104, #4230, #6240, .T. ) ;
#8357 = ADVANCED_FACE ( 'NONE', ( #3659 ), #4417, .T. ) ;
#8358 = CARTESIAN_POINT ( 'NONE',  ( 0.000000000000000000, 0.5000000000000000000, -0.9499999999999999556 ) ) ;
#8359 = VECTOR ( 'NONE', #8438, 1000.000000000000000 ) ;
#8360 = EDGE_LOOP ( 'NONE', ( #640, #7768, #3725, #1539 ) ) ;
#8361 = CARTESIAN_POINT ( 'NONE',  ( 0.1063047336742131560, 4.491408998512917528, 4.502658294084665336 ) ) ;
#8362 = ORIENTED_EDGE ( 'NONE', *, *, #3559, .T. ) ;
#8363 = DIRECTION ( 'NONE',  ( 0.000000000000000000, 1.000000000000000000, 0.000000000000000000 ) ) ;
#8364 = CARTESIAN_POINT ( 'NONE',  ( -9.674497472730669401, 3.000000000000000000, 11.81413169024230037 ) ) ;
#8365 = CARTESIAN_POINT ( 'NONE',  ( -8.750000000000000000, -6.349999999999999645, 5.000000000000000000 ) ) ;
#8366 = CARTESIAN_POINT ( 'NONE',  ( 0.8125025262679640425, 2.739919489290663090, 4.282791319821519949 ) ) ;
#8367 = ORIENTED_EDGE ( 'NONE', *, *, #2782, .F. ) ;
#8368 = EDGE_CURVE ( 'NONE', #1350, #9915, #256, .T. ) ;
#8369 = VECTOR ( 'NONE', #5198, 1000.000000000000000 ) ;
#8370 = CARTESIAN_POINT ( 'NONE',  ( -8.074999999999999289, -3.975000000000000089, 15.00000000000000000 ) ) ;
#8371 = CARTESIAN_POINT ( 'NONE',  ( 9.500000000000000000, -6.349999999999999645, 5.000000000000000888 ) ) ;
#8372 = ORIENTED_EDGE ( 'NONE', *, *, #3024, .F. ) ;
#8373 = CARTESIAN_POINT ( 'NONE',  ( 1.699999999999999956, -6.450000000000000178, 10.50000000000000000 ) ) ;
#8374 = CARTESIAN_POINT ( 'NONE',  ( 6.399999999999999467, -3.975000000000000089, 1.899999999999999689 ) ) ;
#8375 = DIRECTION ( 'NONE',  ( -1.000000000000000000, -2.322262291782806607E-18, -1.648693864134141186E-17 ) ) ;
#8376 = AXIS2_PLACEMENT_3D ( 'NONE', #9559, #5416, #8756 ) ;
#8377 = LINE ( 'NONE', #4228, #3153 ) ;
#8378 = ORIENTED_EDGE ( 'NONE', *, *, #5615, .T. ) ;
#8379 = LINE ( 'NONE', #9190, #10489 ) ;
#8380 = EDGE_CURVE ( 'NONE', #564, #8627, #4516, .T. ) ;
#8381 = EDGE_CURVE ( 'NONE', #10567, #4188, #6923, .T. ) ;
#8382 = DIRECTION ( 'NONE',  ( 4.433182216385173072E-15, 0.000000000000000000, -1.000000000000000000 ) ) ;
#8383 = VECTOR ( 'NONE', #1459, 1000.000000000000000 ) ;
#8384 = FACE_OUTER_BOUND ( 'NONE', #6441, .T. ) ;
#8385 = FACE_OUTER_BOUND ( 'NONE', #61, .T. ) ;
#8386 = DIRECTION ( 'NONE',  ( -1.000000000000000000, 0.000000000000000000, -0.000000000000000000 ) ) ;
#8387 = CARTESIAN_POINT ( 'NONE',  ( 8.970441590861195635, -3.000000000000000444, 13.00000000000000355 ) ) ;
#8388 = DIRECTION ( 'NONE',  ( 0.000000000000000000, 1.000000000000000000, -0.000000000000000000 ) ) ;
#8389 = VERTEX_POINT ( 'NONE', #7853 ) ;
#8390 = VECTOR ( 'NONE', #9195, 1000.000000000000000 ) ;
#8391 = ORIENTED_EDGE ( 'NONE', *, *, #9685, .T. ) ;
#8392 = DIRECTION ( 'NONE',  ( 0.000000000000000000, 0.000000000000000000, 1.000000000000000000 ) ) ;
#8393 = AXIS2_PLACEMENT_3D ( 'NONE', #4443, #1504, #3689 ) ;
#8394 = ORIENTED_EDGE ( 'NONE', *, *, #2783, .T. ) ;
#8395 = PRESENTATION_STYLE_ASSIGNMENT (( #5773 ) ) ;
#8396 = LINE ( 'NONE', #5929, #1913 ) ;
#8397 = FACE_OUTER_BOUND ( 'NONE', #32, .T. ) ;
#8398 = AXIS2_PLACEMENT_3D ( 'NONE', #2923, #7816, #8591 ) ;
#8399 = VECTOR ( 'NONE', #5076, 1000.000000000000000 ) ;
#8400 = CARTESIAN_POINT ( 'NONE',  ( 3.049999999999999822, 0.8000000000000000444, -2.571758278209437520E-16 ) ) ;
#8401 = CARTESIAN_POINT ( 'NONE',  ( -3.100000000000000533, -1.199999999999999734, 1.899999999999999689 ) ) ;
#8402 = CARTESIAN_POINT ( 'NONE',  ( 3.449999999999999734, 5.349999999999999645, 1.399999999999999911 ) ) ;
#8403 = ORIENTED_EDGE ( 'NONE', *, *, #4666, .T. ) ;
#8404 = DIRECTION ( 'NONE',  ( -1.000000000000000000, 0.000000000000000000, 0.000000000000000000 ) ) ;
#8405 = ORIENTED_EDGE ( 'NONE', *, *, #9609, .F. ) ;
#8406 = LINE ( 'NONE', #4100, #4522 ) ;
#8407 = DIRECTION ( 'NONE',  ( -0.000000000000000000, -0.000000000000000000, -1.000000000000000000 ) ) ;
#8408 = VERTEX_POINT ( 'NONE', #10242 ) ;
#8409 = CARTESIAN_POINT ( 'NONE',  ( 0.7112894790559405322, 4.758678906051013513, 4.536295248942736613 ) ) ;
#8410 = VECTOR ( 'NONE', #1053, 1000.000000000000000 ) ;
#8411 = VECTOR ( 'NONE', #9369, 1000.000000000000000 ) ;
#8412 = EDGE_CURVE ( 'NONE', #8523, #3712, #4362, .T. ) ;
#8413 = VERTEX_POINT ( 'NONE', #2904 ) ;
#8414 = DIRECTION ( 'NONE',  ( 1.000000000000000000, 0.000000000000000000, 0.000000000000000000 ) ) ;
#8415 = VECTOR ( 'NONE', #6732, 1000.000000000000000 ) ;
#8416 = VERTEX_POINT ( 'NONE', #8729 ) ;
#8417 = EDGE_CURVE ( 'NONE', #9764, #5591, #3986, .T. ) ;
#8418 = VERTEX_POINT ( 'NONE', #6484 ) ;
#8419 = CARTESIAN_POINT ( 'NONE',  ( 5.150000000000000355, 6.429304672761169570, 4.385836643711150451 ) ) ;
#8420 = DIRECTION ( 'NONE',  ( 0.3294216623000940092, -0.000000000000000000, 0.9441829104614438695 ) ) ;
#8421 = DIRECTION ( 'NONE',  ( 1.000000000000000000, 0.000000000000000000, 0.000000000000000000 ) ) ;
#8422 = CARTESIAN_POINT ( 'NONE',  ( 2.000000000000000000, 2.200000000000000178, -0.9499999999999999556 ) ) ;
#8423 = FACE_OUTER_BOUND ( 'NONE', #3714, .T. ) ;
#8424 = EDGE_CURVE ( 'NONE', #1925, #6404, #4677, .T. ) ;
#8425 = ORIENTED_EDGE ( 'NONE', *, *, #9068, .T. ) ;
#8426 = VECTOR ( 'NONE', #8489, 1000.000000000000000 ) ;
#8427 = CARTESIAN_POINT ( 'NONE',  ( -0.03820277849353270055, 4.488245899000316896, 4.502271700575048996 ) ) ;
#8428 = LINE ( 'NONE', #9139, #7106 ) ;
#8429 = ORIENTED_EDGE ( 'NONE', *, *, #4503, .F. ) ;
#8430 = DIRECTION ( 'NONE',  ( 0.000000000000000000, 1.000000000000000000, 0.000000000000000000 ) ) ;
#8431 = EDGE_CURVE ( 'NONE', #1436, #6880, #5451, .T. ) ;
#8432 = VECTOR ( 'NONE', #4661, 1000.000000000000000 ) ;
#8433 = CARTESIAN_POINT ( 'NONE',  ( -7.485714285714290206, 0.5000000000000004441, -2.500000000000000000 ) ) ;
#8434 = LINE ( 'NONE', #7766, #4054 ) ;
#8435 = CARTESIAN_POINT ( 'NONE',  ( -10.05037900977000476, 3.000000000000000000, 11.42251280115220169 ) ) ;
#8436 = ORIENTED_EDGE ( 'NONE', *, *, #6399, .T. ) ;
#8437 = CARTESIAN_POINT ( 'NONE',  ( -3.450000000000000178, -1.199999999999999956, 1.899999999999999689 ) ) ;
#8438 = DIRECTION ( 'NONE',  ( -1.000000000000000000, -0.000000000000000000, -0.000000000000000000 ) ) ;
#8439 = VECTOR ( 'NONE', #4115, 1000.000000000000000 ) ;
#8440 = DIRECTION ( 'NONE',  ( -0.000000000000000000, 0.000000000000000000, 1.000000000000000000 ) ) ;
#8441 = DIRECTION ( 'NONE',  ( -0.000000000000000000, -1.000000000000000000, 0.000000000000000000 ) ) ;
#8442 = LINE ( 'NONE', #4446, #3863 ) ;
#8443 = EDGE_CURVE ( 'NONE', #7700, #7498, #4493, .T. ) ;
#8444 = PLANE ( 'NONE',  #2080 ) ;
#8445 = DIRECTION ( 'NONE',  ( 1.000000000000000000, 0.000000000000000000, -0.000000000000000000 ) ) ;
#8446 = EDGE_CURVE ( 'NONE', #1953, #4533, #7968, .T. ) ;
#8447 = ORIENTED_EDGE ( 'NONE', *, *, #1244, .T. ) ;
#8448 = VECTOR ( 'NONE', #3553, 1000.000000000000000 ) ;
#8449 = ORIENTED_EDGE ( 'NONE', *, *, #4143, .F. ) ;
#8450 = CARTESIAN_POINT ( 'NONE',  ( 5.599999999999999645, -3.000000000000000000, 9.000000000000001776 ) ) ;
#8451 = EDGE_LOOP ( 'NONE', ( #3372, #1259, #9363, #10514 ) ) ;
#8452 = DIRECTION ( 'NONE',  ( 1.000000000000000000, 0.000000000000000000, -0.000000000000000000 ) ) ;
#8453 = CARTESIAN_POINT ( 'NONE',  ( -3.100000000000000533, 0.000000000000000000, -0.9499999999999999556 ) ) ;
#8454 = DIRECTION ( 'NONE',  ( 0.000000000000000000, -1.000000000000000000, -0.000000000000000000 ) ) ;
#8455 = AXIS2_PLACEMENT_3D ( 'NONE', #5371, #3860, #9633 ) ;
#8456 = LINE ( 'NONE', #1914, #9527 ) ;
#8457 = CARTESIAN_POINT ( 'NONE',  ( -8.750000000000000000, -3.000000000000000000, 5.000000000000000000 ) ) ;
#8458 = EDGE_CURVE ( 'NONE', #960, #4223, #7251, .T. ) ;
#8459 = DIRECTION ( 'NONE',  ( -0.000000000000000000, 1.000000000000000000, 0.000000000000000000 ) ) ;
#8460 = ORIENTED_EDGE ( 'NONE', *, *, #7322, .F. ) ;
#8461 = DIRECTION ( 'NONE',  ( 0.000000000000000000, 0.000000000000000000, 1.000000000000000000 ) ) ;
#8462 = VERTEX_POINT ( 'NONE', #7355 ) ;
#8463 = DIRECTION ( 'NONE',  ( -0.000000000000000000, 0.000000000000000000, 1.000000000000000000 ) ) ;
#8464 = EDGE_LOOP ( 'NONE', ( #7595, #8291, #67, #3830 ) ) ;
#8465 = CARTESIAN_POINT ( 'NONE',  ( 2.000000000000000000, 2.200000000000000178, -0.9499999999999999556 ) ) ;
#8466 = COLOUR_RGB ( '',0.2000000000000000111, 0.2000000000000000111, 0.2000000000000000111 ) ;
#8467 = ORIENTED_EDGE ( 'NONE', *, *, #6000, .T. ) ;
#8468 = EDGE_CURVE ( 'NONE', #6031, #3772, #3981, .T. ) ;
#8469 = CARTESIAN_POINT ( 'NONE',  ( -1.000000000000000000, 6.450000000000000178, 0.000000000000000000 ) ) ;
#8470 = EDGE_CURVE ( 'NONE', #8646, #3022, #2362, .T. ) ;
#8471 = ORIENTED_EDGE ( 'NONE', *, *, #9798, .T. ) ;
#8472 = ORIENTED_EDGE ( 'NONE', *, *, #3214, .F. ) ;
#8473 = DIRECTION ( 'NONE',  ( 1.000000000000000000, 0.000000000000000000, 2.168404344971010347E-16 ) ) ;
#8474 = LINE ( 'NONE', #10197, #401 ) ;
#8475 = DIRECTION ( 'NONE',  ( 0.000000000000000000, 0.000000000000000000, -1.000000000000000000 ) ) ;
#8476 = DIRECTION ( 'NONE',  ( 0.000000000000000000, -1.000000000000000000, -0.000000000000000000 ) ) ;
#8477 = CARTESIAN_POINT ( 'NONE',  ( 6.400000000000000355, -1.199999999999999956, -0.9499999999999995115 ) ) ;
#8478 = VERTEX_POINT ( 'NONE', #3014 ) ;
#8479 = CARTESIAN_POINT ( 'NONE',  ( -10.41980543215949950, 3.000000000000000000, 9.925437956591640187 ) ) ;
#8480 = EDGE_CURVE ( 'NONE', #9225, #10298, #4034, .T. ) ;
#8481 = VECTOR ( 'NONE', #3357, 1000.000000000000000 ) ;
#8482 = ADVANCED_FACE ( 'NONE', ( #3875 ), #7199, .F. ) ;
#8483 = ORIENTED_EDGE ( 'NONE', *, *, #9348, .T. ) ;
#8484 = DIRECTION ( 'NONE',  ( -0.000000000000000000, -0.000000000000000000, -1.000000000000000000 ) ) ;
#8485 = LINE ( 'NONE', #884, #5119 ) ;
#8486 = CARTESIAN_POINT ( 'NONE',  ( -4.650000000000000355, -2.815888994540020729, -1.350000000000000089 ) ) ;
#8487 = CARTESIAN_POINT ( 'NONE',  ( -6.049999999999999822, 1.199999999999999956, 1.899999999999999245 ) ) ;
#8488 = EDGE_LOOP ( 'NONE', ( #8832, #6953, #1552, #3071 ) ) ;
#8489 = DIRECTION ( 'NONE',  ( 1.000000000000000000, 0.000000000000000000, -0.000000000000000000 ) ) ;
#8490 = VECTOR ( 'NONE', #4351, 1000.000000000000000 ) ;
#8491 = LINE ( 'NONE', #4336, #6440 ) ;
#8492 = ADVANCED_FACE ( 'NONE', ( #1386, #6326 ), #8022, .T. ) ;
#8493 = SURFACE_STYLE_FILL_AREA ( #5206 ) ;
#8494 = EDGE_CURVE ( 'NONE', #7284, #3930, #8892, .T. ) ;
#8495 = ADVANCED_FACE ( 'NONE', ( #9746 ), #1437, .T. ) ;
#8496 = DIRECTION ( 'NONE',  ( -0.000000000000000000, 1.000000000000000000, 0.000000000000000000 ) ) ;
#8497 = DIRECTION ( 'NONE',  ( 0.000000000000000000, -0.1394778421021805881, -0.9902251923489521213 ) ) ;
#8498 = VECTOR ( 'NONE', #1001, 1000.000000000000000 ) ;
#8499 = CARTESIAN_POINT ( 'NONE',  ( 6.049999999999999822, -3.975000000000000089, 1.900000000000000355 ) ) ;
#8500 = ORIENTED_EDGE ( 'NONE', *, *, #4783, .F. ) ;
#8501 = VERTEX_POINT ( 'NONE', #4296 ) ;
#8502 = DIRECTION ( 'NONE',  ( 1.000000000000000000, 1.762930361765040079E-17, 0.000000000000000000 ) ) ;
#8503 = ORIENTED_EDGE ( 'NONE', *, *, #6798, .T. ) ;
#8504 = ORIENTED_EDGE ( 'NONE', *, *, #8343, .F. ) ;
#8505 = ADVANCED_FACE ( 'NONE', ( #959 ), #1647, .F. ) ;
#8506 = VECTOR ( 'NONE', #2498, 1000.000000000000000 ) ;
#8507 = DIRECTION ( 'NONE',  ( -1.853337046983769999E-17, 1.000000000000000000, 0.000000000000000000 ) ) ;
#8508 = PLANE ( 'NONE',  #6391 ) ;
#8509 = CARTESIAN_POINT ( 'NONE',  ( -4.650000000000000355, 0.000000000000000000, -1.350000000000000089 ) ) ;
#8510 = CARTESIAN_POINT ( 'NONE',  ( 3.049999999999999378, 0.000000000000000000, -3.160108415453631089E-16 ) ) ;
#8511 = ORIENTED_EDGE ( 'NONE', *, *, #5086, .T. ) ;
#8512 = FACE_OUTER_BOUND ( 'NONE', #3276, .T. ) ;
#8513 = COLOUR_RGB ( '',0.5058823529411764497, 0.5294117647058823595, 0.5490196078431373028 ) ;
#8514 = VERTEX_POINT ( 'NONE', #9160 ) ;
#8515 = LINE ( 'NONE', #7691, #8448 ) ;
#8516 = ORIENTED_EDGE ( 'NONE', *, *, #3172, .T. ) ;
#8517 = CARTESIAN_POINT ( 'NONE',  ( -8.000000000000000000, -1.199999999999999956, 1.400000000000000133 ) ) ;
#8518 = ORIENTED_EDGE ( 'NONE', *, *, #10726, .F. ) ;
#8519 = ADVANCED_FACE ( 'NONE', ( #8290 ), #7576, .T. ) ;
#8520 = PRESENTATION_LAYER_ASSIGNMENT (  '', '', ( #2437 ) ) ;
#8521 =( GEOMETRIC_REPRESENTATION_CONTEXT ( 3 ) GLOBAL_UNCERTAINTY_ASSIGNED_CONTEXT ( ( #1093 ) ) GLOBAL_UNIT_ASSIGNED_CONTEXT ( ( #5427, #5536, #4715 ) ) REPRESENTATION_CONTEXT ( 'NONE', 'WORKASPACE' ) );
#8522 = FACE_OUTER_BOUND ( 'NONE', #4893, .T. ) ;
#8523 = VERTEX_POINT ( 'NONE', #10072 ) ;
#8524 = EDGE_LOOP ( 'NONE', ( #8285, #9974, #6800, #43 ) ) ;
#8525 = CARTESIAN_POINT ( 'NONE',  ( -10.05037900976999943, -3.000000000000000000, 11.81413169024230037 ) ) ;
#8526 = DIRECTION ( 'NONE',  ( -0.000000000000000000, 1.000000000000000000, 0.000000000000000000 ) ) ;
#8527 = AXIS2_PLACEMENT_3D ( 'NONE', #4297, #10124, #3646 ) ;
#8528 = CARTESIAN_POINT ( 'NONE',  ( 4.650000000000000355, 0.000000000000000000, -1.350000000000000089 ) ) ;
#8529 = LINE ( 'NONE', #3565, #2113 ) ;
#8530 = DIRECTION ( 'NONE',  ( -1.000000000000000000, -0.000000000000000000, -1.030244909993949927E-14 ) ) ;
#8531 = VERTEX_POINT ( 'NONE', #5055 ) ;
#8532 = DIRECTION ( 'NONE',  ( 0.000000000000000000, -0.000000000000000000, 1.000000000000000000 ) ) ;
#8533 = AXIS2_PLACEMENT_3D ( 'NONE', #10155, #2704, #5393 ) ;
#8534 = ORIENTED_EDGE ( 'NONE', *, *, #2977, .T. ) ;
#8535 = CARTESIAN_POINT ( 'NONE',  ( 0.7249999999999999778, 0.2499999999999522327, 2.850814340887965148 ) ) ;
#8536 = LINE ( 'NONE', #6289, #7214 ) ;
#8537 = FACE_OUTER_BOUND ( 'NONE', #8681, .T. ) ;
#8538 = DIRECTION ( 'NONE',  ( -1.000000000000000000, -0.000000000000000000, 0.000000000000000000 ) ) ;
#8539 = VERTEX_POINT ( 'NONE', #4090 ) ;
#8540 = VECTOR ( 'NONE', #8645, 1000.000000000000000 ) ;
#8541 = CARTESIAN_POINT ( 'NONE',  ( -7.500000000000000000, 0.000000000000000000, -0.9499999999999999556 ) ) ;
#8542 = EDGE_CURVE ( 'NONE', #8478, #8129, #1701, .T. ) ;
#8543 = DIRECTION ( 'NONE',  ( 0.000000000000000000, 0.9966936339593722716, 0.08125146167830397947 ) ) ;
#8544 = VECTOR ( 'NONE', #9020, 1000.000000000000000 ) ;
#8545 = CARTESIAN_POINT ( 'NONE',  ( -7.485714285714290206, -31.38557667661039829, -2.500000000000000000 ) ) ;
#8546 = ORIENTED_EDGE ( 'NONE', *, *, #6418, .F. ) ;
#8547 = DIRECTION ( 'NONE',  ( -1.000000000000000000, -0.000000000000000000, -0.000000000000000000 ) ) ;
#8548 = CARTESIAN_POINT ( 'NONE',  ( -1.000000000000000000, 6.349999999999999645, 13.00000000000000178 ) ) ;
#8549 = DIRECTION ( 'NONE',  ( -1.000000000000000000, -0.000000000000000000, -0.000000000000000000 ) ) ;
#8550 = EDGE_LOOP ( 'NONE', ( #2335, #4598, #7180, #9680, #5565 ) ) ;
#8551 = EDGE_CURVE ( 'NONE', #3769, #749, #10723, .T. ) ;
#8552 = ORIENTED_EDGE ( 'NONE', *, *, #2087, .F. ) ;
#8553 = ORIENTED_EDGE ( 'NONE', *, *, #9299, .T. ) ;
#8554 = LINE ( 'NONE', #10228, #9342 ) ;
#8555 = AXIS2_PLACEMENT_3D ( 'NONE', #10148, #6004, #9334 ) ;
#8556 = PRODUCT_RELATED_PRODUCT_CATEGORY ( 'part', '', ( #5382 ) ) ;
#8557 = EDGE_CURVE ( 'NONE', #10237, #1128, #6939, .T. ) ;
#8558 = CARTESIAN_POINT ( 'NONE',  ( 0.03865793539758150682, 2.119681090357957931, 4.232253979376690012 ) ) ;
#8559 = PLANE ( 'NONE',  #1435 ) ;
#8560 = DIRECTION ( 'NONE',  ( -0.000000000000000000, -0.000000000000000000, 1.000000000000000000 ) ) ;
#8561 = DIRECTION ( 'NONE',  ( -1.000000000000000000, -0.000000000000000000, 0.000000000000000000 ) ) ;
#8562 = VECTOR ( 'NONE', #2883, 1000.000000000000000 ) ;
#8563 = CARTESIAN_POINT ( 'NONE',  ( -8.750000000000000000, 0.000000000000000000, 13.00000000000000178 ) ) ;
#8564 = LINE ( 'NONE', #6918, #5248 ) ;
#8565 = CIRCLE ( 'NONE', #6810, 1.000000000000000888 ) ;
#8566 = ORIENTED_EDGE ( 'NONE', *, *, #4298, .F. ) ;
#8567 = CARTESIAN_POINT ( 'NONE',  ( -0.8471302529455737584, 4.231657154229437445, 4.481842146863497689 ) ) ;
#8568 = EDGE_CURVE ( 'NONE', #477, #1939, #1057, .T. ) ;
#8569 = ORIENTED_EDGE ( 'NONE', *, *, #5496, .T. ) ;
#8570 =( NAMED_UNIT ( * ) SI_UNIT ( $, .STERADIAN. ) SOLID_ANGLE_UNIT ( ) );
#8571 = EDGE_LOOP ( 'NONE', ( #7252, #2203, #2468, #6286 ) ) ;
#8572 = DIRECTION ( 'NONE',  ( -1.000000000000000000, -0.000000000000000000, 0.000000000000000000 ) ) ;
#8573 = ORIENTED_EDGE ( 'NONE', *, *, #5376, .T. ) ;
#8574 = CIRCLE ( 'NONE', #8398, 38.37500000000000000 ) ;
#8575 = VECTOR ( 'NONE', #387, 1000.000000000000000 ) ;
#8576 = DIRECTION ( 'NONE',  ( -1.000000000000000000, -1.170492871219469200E-16, 1.648693864134138721E-17 ) ) ;
#8577 = ORIENTED_EDGE ( 'NONE', *, *, #7145, .T. ) ;
#8578 = EDGE_CURVE ( 'NONE', #8114, #7031, #847, .T. ) ;
#8579 = VERTEX_POINT ( 'NONE', #83 ) ;
#8580 = DIRECTION ( 'NONE',  ( -0.000000000000000000, 1.000000000000000000, 0.000000000000000000 ) ) ;
#8581 = CARTESIAN_POINT ( 'NONE',  ( 5.150000000000000355, 6.429304672761169570, 4.385836643711150451 ) ) ;
#8582 = ADVANCED_FACE ( 'NONE', ( #1591 ), #4141, .F. ) ;
#8583 = PRESENTATION_LAYER_ASSIGNMENT (  '', '', ( #3706 ) ) ;
#8584 = CARTESIAN_POINT ( 'NONE',  ( 0.000000000000000000, 0.5000000000000000000, 2.500000000000000000 ) ) ;
#8585 = LINE ( 'NONE', #8685, #4879 ) ;
#8586 = CARTESIAN_POINT ( 'NONE',  ( 9.500000000000000000, 3.000000000000003553, 5.000000000000000888 ) ) ;
#8587 = VERTEX_POINT ( 'NONE', #2520 ) ;
#8588 = AXIS2_PLACEMENT_3D ( 'NONE', #5857, #939, #7557 ) ;
#8589 = VECTOR ( 'NONE', #8924, 1000.000000000000000 ) ;
#8590 = ORIENTED_EDGE ( 'NONE', *, *, #3902, .T. ) ;
#8591 = DIRECTION ( 'NONE',  ( 0.000000000000000000, 0.000000000000000000, -1.000000000000000000 ) ) ;
#8592 = CARTESIAN_POINT ( 'NONE',  ( -1.924999999999999822, -4.775000000000000355, 0.000000000000000000 ) ) ;
#8593 =( REPRESENTATION_RELATIONSHIP ('NONE','NONE', #822, #9403 ) REPRESENTATION_RELATIONSHIP_WITH_TRANSFORMATION ( #4988 )SHAPE_REPRESENTATION_RELATIONSHIP( ) );
#8594 = DIRECTION ( 'NONE',  ( -0.000000000000000000, 3.654614064557880066E-17, -1.000000000000000000 ) ) ;
#8595 = DIRECTION ( 'NONE',  ( -1.000000000000000000, -0.000000000000000000, 0.000000000000000000 ) ) ;
#8596 = VECTOR ( 'NONE', #9993, 1000.000000000000000 ) ;
#8597 = EDGE_LOOP ( 'NONE', ( #9711, #4746, #6710, #4965, #9694 ) ) ;
#8598 = PLANE ( 'NONE',  #3542 ) ;
#8599 = CARTESIAN_POINT ( 'NONE',  ( 0.2155075173449889914, 4.486686376397277520, 4.425208877762699444 ) ) ;
#8600 = DIRECTION ( 'NONE',  ( 1.000000000000000000, 0.000000000000000000, 0.000000000000000000 ) ) ;
#8601 = ADVANCED_FACE ( 'NONE', ( #2466 ), #9966, .T. ) ;
#8602 = AXIS2_PLACEMENT_3D ( 'NONE', #10159, #6682, #1844 ) ;
#8603 = PRESENTATION_STYLE_ASSIGNMENT (( #10380 ) ) ;
#8604 = ORIENTED_EDGE ( 'NONE', *, *, #9672, .F. ) ;
#8605 = PLANE ( 'NONE',  #9423 ) ;
#8606 = CARTESIAN_POINT ( 'NONE',  ( 0.000000000000000000, 0.000000000000000000, 0.000000000000000000 ) ) ;
#8607 = CARTESIAN_POINT ( 'NONE',  ( -8.000000000000000000, 5.349999999999999645, 1.399999999999999911 ) ) ;
#8608 = EDGE_CURVE ( 'NONE', #287, #7213, #10019, .T. ) ;
#8609 = ORIENTED_EDGE ( 'NONE', *, *, #543, .T. ) ;
#8610 = ORIENTED_EDGE ( 'NONE', *, *, #544, .F. ) ;
#8611 = DIRECTION ( 'NONE',  ( -1.000000000000000000, 0.000000000000000000, 0.000000000000000000 ) ) ;
#8612 = ORIENTED_EDGE ( 'NONE', *, *, #1175, .T. ) ;
#8613 = CARTESIAN_POINT ( 'NONE',  ( -1.429086258971969947, 3.984029979133632882, 4.384285198611850731 ) ) ;
#8614 = LINE ( 'NONE', #243, #10637 ) ;
#8615 = EDGE_CURVE ( 'NONE', #4869, #8715, #7677, .T. ) ;
#8616 = DIRECTION ( 'NONE',  ( 1.000000000000000000, 0.000000000000000000, -0.000000000000000000 ) ) ;
#8617 = DIRECTION ( 'NONE',  ( 0.000000000000000000, 4.440892098500625373E-15, 1.000000000000000000 ) ) ;
#8618 = VECTOR ( 'NONE', #10351, 1000.000000000000000 ) ;
#8619 = CARTESIAN_POINT ( 'NONE',  ( -1.500000000000000222, -3.810255724411284017, 4.375480035134341250 ) ) ;
#8620 = CARTESIAN_POINT ( 'NONE',  ( 1.047755182362058113, 2.986797327219540943, 4.349535401754996755 ) ) ;
#8621 = EDGE_CURVE ( 'NONE', #4473, #898, #1909, .T. ) ;
#8622 = ORIENTED_EDGE ( 'NONE', *, *, #6019, .T. ) ;
#8623 = ORIENTED_EDGE ( 'NONE', *, *, #7356, .T. ) ;
#8624 =( NAMED_UNIT ( * ) PLANE_ANGLE_UNIT ( ) SI_UNIT ( $, .RADIAN. ) );
#8625 = VERTEX_POINT ( 'NONE', #400 ) ;
#8626 = DIRECTION ( 'NONE',  ( 0.000000000000000000, 0.000000000000000000, -1.000000000000000000 ) ) ;
#8627 = VERTEX_POINT ( 'NONE', #5374 ) ;
#8628 = EDGE_CURVE ( 'NONE', #7354, #1597, #10283, .T. ) ;
#8629 = LINE ( 'NONE', #5236, #9094 ) ;
#8630 = CARTESIAN_POINT ( 'NONE',  ( 10.58818515033610197, 3.000000000000000000, 9.343524243637009619 ) ) ;
#8631 = EDGE_CURVE ( 'NONE', #3289, #6540, #8554, .T. ) ;
#8632 = AXIS2_PLACEMENT_3D ( 'NONE', #4882, #6831, #6466 ) ;
#8633 = ORIENTED_EDGE ( 'NONE', *, *, #8381, .T. ) ;
#8634 = CARTESIAN_POINT ( 'NONE',  ( -6.049999999999999822, -3.975000000000000089, 1.900000000000000355 ) ) ;
#8635 = DIRECTION ( 'NONE',  ( -0.000000000000000000, 0.000000000000000000, 1.000000000000000000 ) ) ;
#8636 = CARTESIAN_POINT ( 'NONE',  ( 0.7249999999999999778, 0.03030552704494679506, -0.5013095140065779720 ) ) ;
#8637 = LINE ( 'NONE', #7103, #2984 ) ;
#8638 = CARTESIAN_POINT ( 'NONE',  ( -1.291635102406881286, 2.733312509181001548, 4.330042087035498533 ) ) ;
#8639 = EDGE_LOOP ( 'NONE', ( #735, #8472, #10146, #2527 ) ) ;
#8640 = EDGE_CURVE ( 'NONE', #8252, #4193, #8658, .T. ) ;
#8641 = ORIENTED_EDGE ( 'NONE', *, *, #3894, .F. ) ;
#8642 = PLANE ( 'NONE',  #4211 ) ;
#8643 = CARTESIAN_POINT ( 'NONE',  ( 1.478424144091369907, 3.212026628007219831, 4.321256354298968816 ) ) ;
#8644 = CARTESIAN_POINT ( 'NONE',  ( -0.9266503225261480958, 4.638921010782633303, 4.437656264513232252 ) ) ;
#8645 = DIRECTION ( 'NONE',  ( 0.000000000000000000, -1.000000000000000000, -0.000000000000000000 ) ) ;
#8646 = VERTEX_POINT ( 'NONE', #2837 ) ;
#8647 = LINE ( 'NONE', #4333, #4234 ) ;
#8648 = DIRECTION ( 'NONE',  ( -1.000000000000000000, -0.000000000000000000, -0.000000000000000000 ) ) ;
#8649 = EDGE_CURVE ( 'NONE', #1753, #10487, #6145, .T. ) ;
#8650 = EDGE_CURVE ( 'NONE', #5769, #2264, #2779, .T. ) ;
#8651 = CARTESIAN_POINT ( 'NONE',  ( 3.100000000000000533, -1.199999999999999956, 31.88557667661039829 ) ) ;
#8652 = DIRECTION ( 'NONE',  ( 0.000000000000000000, 1.000000000000000000, 0.000000000000000000 ) ) ;
#8653 = ORIENTED_EDGE ( 'NONE', *, *, #10667, .T. ) ;
#8654 = DIRECTION ( 'NONE',  ( 1.000000000000000000, 0.000000000000000000, -0.000000000000000000 ) ) ;
#8655 = ORIENTED_EDGE ( 'NONE', *, *, #5219, .T. ) ;
#8656 = CARTESIAN_POINT ( 'NONE',  ( -0.1735881848869730015, 2.521164451030801779, 4.264990192549555914 ) ) ;
#8657 = ORIENTED_EDGE ( 'NONE', *, *, #9017, .F. ) ;
#8658 = CIRCLE ( 'NONE', #10203, 0.9499999999999998446 ) ;
#8659 = DIRECTION ( 'NONE',  ( 1.000000000000000000, -0.000000000000000000, 0.000000000000000000 ) ) ;
#8660 = ORIENTED_EDGE ( 'NONE', *, *, #532, .F. ) ;
#8661 = FACE_OUTER_BOUND ( 'NONE', #971, .T. ) ;
#8662 = ADVANCED_FACE ( 'NONE', ( #5273 ), #1209, .T. ) ;
#8663 = AXIS2_PLACEMENT_3D ( 'NONE', #146, #7590, #10736 ) ;
#8664 = DIRECTION ( 'NONE',  ( 0.000000000000000000, -0.9902251923489522323, 0.1394778421021800330 ) ) ;
#8665 = AXIS2_PLACEMENT_3D ( 'NONE', #9497, #1290, #6986 ) ;
#8666 = CARTESIAN_POINT ( 'NONE',  ( 10.05037900977001719, -3.000000000000000000, 11.42251280115220702 ) ) ;
#8667 = DIRECTION ( 'NONE',  ( 0.000000000000000000, 0.000000000000000000, -1.000000000000000000 ) ) ;
#8668 = LINE ( 'NONE', #4675, #1736 ) ;
#8669 = DIRECTION ( 'NONE',  ( 0.000000000000000000, 0.000000000000000000, 1.000000000000000000 ) ) ;
#8670 = ORIENTED_EDGE ( 'NONE', *, *, #3062, .F. ) ;
#8671 = ORIENTED_EDGE ( 'NONE', *, *, #10393, .F. ) ;
#8672 = LINE ( 'NONE', #2901, #283 ) ;
#8673 = EDGE_LOOP ( 'NONE', ( #3845, #2127, #2143, #5262, #5658, #1131, #3775, #9481 ) ) ;
#8674 = ORIENTED_EDGE ( 'NONE', *, *, #4957, .T. ) ;
#8675 = EDGE_CURVE ( 'NONE', #1009, #8625, #9524, .T. ) ;
#8676 = CARTESIAN_POINT ( 'NONE',  ( -0.7249999999999999778, -0.002582515898414913282, 2.850000086897570117 ) ) ;
#8677 = ORIENTED_EDGE ( 'NONE', *, *, #5615, .F. ) ;
#8678 = VECTOR ( 'NONE', #3827, 1000.000000000000000 ) ;
#8679 = LINE ( 'NONE', #1229, #8506 ) ;
#8680 = EDGE_LOOP ( 'NONE', ( #9199, #7794 ) ) ;
#8681 = EDGE_LOOP ( 'NONE', ( #8698, #1054, #296, #2138, #9173 ) ) ;
#8682 = CARTESIAN_POINT ( 'NONE',  ( 6.400000000000001243, -1.199999999999999734, 1.899999999999999689 ) ) ;
#8683 = CARTESIAN_POINT ( 'NONE',  ( 3.100000000000000533, 5.349999999999999645, 1.399999999999999911 ) ) ;
#8684 = DIRECTION ( 'NONE',  ( 1.000000000000000000, 0.000000000000000000, -0.000000000000000000 ) ) ;
#8685 = CARTESIAN_POINT ( 'NONE',  ( -0.7249999999999982014, 2.815989715978066688, 3.502585681049720456 ) ) ;
#8686 = CARTESIAN_POINT ( 'NONE',  ( -0.7122108379389442412, 2.240251384110312216, 4.296864567916355959 ) ) ;
#8687 = EDGE_CURVE ( 'NONE', #8336, #5066, #1264, .T. ) ;
#8688 = VECTOR ( 'NONE', #10520, 1000.000000000000000 ) ;
#8689 = ORIENTED_EDGE ( 'NONE', *, *, #10210, .F. ) ;
#8690 = VECTOR ( 'NONE', #5120, 1000.000000000000000 ) ;
#8691 = AXIS2_PLACEMENT_3D ( 'NONE', #6646, #1755, #5057 ) ;
#8692 = ORIENTED_EDGE ( 'NONE', *, *, #9609, .T. ) ;
#8693 = FACE_OUTER_BOUND ( 'NONE', #7589, .T. ) ;
#8694 = CARTESIAN_POINT ( 'NONE',  ( 7.500000000000000000, -2.200000000000000178, -0.9499999999999999556 ) ) ;
#8695 = CARTESIAN_POINT ( 'NONE',  ( -1.267039243804058524, 2.688356477934863875, 4.374455656905667844 ) ) ;
#8696 = CARTESIAN_POINT ( 'NONE',  ( 10.41980543215949950, 3.000000000000000444, 9.925437956591640187 ) ) ;
#8697 = EDGE_CURVE ( 'NONE', #7642, #7525, #4781, .T. ) ;
#8698 = ORIENTED_EDGE ( 'NONE', *, *, #9463, .T. ) ;
#8699 = CYLINDRICAL_SURFACE ( 'NONE', #787, 0.9499999999999998446 ) ;
#8700 = STYLED_ITEM ( 'NONE', ( #226 ), #488 ) ;
#8701 = CARTESIAN_POINT ( 'NONE',  ( -0.01848440657814181404, 4.488622676165976877, 4.502832144413750903 ) ) ;
#8702 = DIRECTION ( 'NONE',  ( -0.000000000000000000, -1.000000000000000000, 0.000000000000000000 ) ) ;
#8703 = CARTESIAN_POINT ( 'NONE',  ( 3.450000000000000178, 3.975000000000000089, 1.899999999999999911 ) ) ;
#8704 = ORIENTED_EDGE ( 'NONE', *, *, #3180, .F. ) ;
#8705 = CARTESIAN_POINT ( 'NONE',  ( 9.500000000000000000, 6.349999999999999645, 5.000000000000000888 ) ) ;
#8706 = APPLICATION_PROTOCOL_DEFINITION ( 'draft international standard', 'automotive_design', 1998, #9065 ) ;
#8707 = FACE_BOUND ( 'NONE', #7804, .T. ) ;
#8708 = VECTOR ( 'NONE', #9119, 1000.000000000000000 ) ;
#8709 = VERTEX_POINT ( 'NONE', #2943 ) ;
#8710 = CARTESIAN_POINT ( 'NONE',  ( -1.065966357875629988, 3.044274416678245831, 4.307663600910784929 ) ) ;
#8711 = EDGE_CURVE ( 'NONE', #4612, #10247, #5494, .T. ) ;
#8712 = ORIENTED_EDGE ( 'NONE', *, *, #1886, .F. ) ;
#8713 = CARTESIAN_POINT ( 'NONE',  ( -6.400000000000000355, -0.5000000000000000000, 31.88557667661039829 ) ) ;
#8714 = ADVANCED_FACE ( 'NONE', ( #7238 ), #8117, .T. ) ;
#8715 = VERTEX_POINT ( 'NONE', #2128 ) ;
#8716 = DIRECTION ( 'NONE',  ( -1.000000000000000000, -0.000000000000000000, 0.000000000000000000 ) ) ;
#8717 = DIRECTION ( 'NONE',  ( 1.000000000000000000, -0.000000000000000000, -0.000000000000000000 ) ) ;
#8718 =( GEOMETRIC_REPRESENTATION_CONTEXT ( 3 ) GLOBAL_UNCERTAINTY_ASSIGNED_CONTEXT ( ( #2928 ) ) GLOBAL_UNIT_ASSIGNED_CONTEXT ( ( #4924, #4061, #6615 ) ) REPRESENTATION_CONTEXT ( 'NONE', 'WORKASPACE' ) );
#8719 = LINE ( 'NONE', #3809, #3002 ) ;
#8720 = DIRECTION ( 'NONE',  ( -1.000000000000000000, 0.000000000000000000, 0.000000000000000000 ) ) ;
#8721 = FACE_OUTER_BOUND ( 'NONE', #9630, .T. ) ;
#8722 = CARTESIAN_POINT ( 'NONE',  ( 0.5749999999999999556, 5.349999999999999645, 2.500000000000000000 ) ) ;
#8723 = PLANE ( 'NONE',  #1612 ) ;
#8724 = VERTEX_POINT ( 'NONE', #10506 ) ;
#8725 = ORIENTED_EDGE ( 'NONE', *, *, #7107, .T. ) ;
#8726 = LINE ( 'NONE', #5285, #10522 ) ;
#8727 = AXIS2_PLACEMENT_3D ( 'NONE', #265, #156, #3458 ) ;
#8728 = ORIENTED_EDGE ( 'NONE', *, *, #904, .F. ) ;
#8729 = CARTESIAN_POINT ( 'NONE',  ( 1.925000000000000044, -3.975000000000000089, 1.399999999999999023 ) ) ;
#8730 = ORIENTED_EDGE ( 'NONE', *, *, #7817, .T. ) ;
#8731 = CARTESIAN_POINT ( 'NONE',  ( -1.000000000000000000, 6.450000000000000178, 10.50000000000000000 ) ) ;
#8732 = AXIS2_PLACEMENT_3D ( 'NONE', #7758, #5463, #9603 ) ;
#8733 = DIRECTION ( 'NONE',  ( -0.000000000000000000, 3.654614064557880066E-17, -1.000000000000000000 ) ) ;
#8734 = EDGE_LOOP ( 'NONE', ( #5796, #2441, #7377, #897 ) ) ;
#8735 = CARTESIAN_POINT ( 'NONE',  ( -2.000000000000000000, 0.5000000000000000000, -0.9499999999999999556 ) ) ;
#8736 = ORIENTED_EDGE ( 'NONE', *, *, #10125, .T. ) ;
#8737 = LINE ( 'NONE', #5618, #8952 ) ;
#8738 = VERTEX_POINT ( 'NONE', #1372 ) ;
#8739 = LINE ( 'NONE', #6166, #4250 ) ;
#8740 = DIRECTION ( 'NONE',  ( -1.000000000000000000, -0.000000000000000000, 0.000000000000000000 ) ) ;
#8741 = EDGE_CURVE ( 'NONE', #5622, #2122, #1476, .T. ) ;
#8742 = DIRECTION ( 'NONE',  ( -0.000000000000000000, -1.000000000000000000, -0.000000000000000000 ) ) ;
#8743 = LINE ( 'NONE', #3671, #1773 ) ;
#8744 = CARTESIAN_POINT ( 'NONE',  ( -0.2313178563959160938, 4.880366250357651481, 4.552323960039741380 ) ) ;
#8745 = VECTOR ( 'NONE', #6502, 1000.000000000000000 ) ;
#8746 = VECTOR ( 'NONE', #6254, 1000.000000000000000 ) ;
#8747 = VERTEX_POINT ( 'NONE', #10557 ) ;
#8748 = EDGE_CURVE ( 'NONE', #10307, #5357, #6367, .T. ) ;
#8749 = VECTOR ( 'NONE', #9252, 1000.000000000000000 ) ;
#8750 = VECTOR ( 'NONE', #1718, 1000.000000000000000 ) ;
#8751 = VERTEX_POINT ( 'NONE', #7897 ) ;
#8752 = CARTESIAN_POINT ( 'NONE',  ( -5.150000000000000355, -6.360534678722278734, 4.779880661432485134 ) ) ;
#8753 = DIRECTION ( 'NONE',  ( 0.000000000000000000, 1.000000000000000000, -3.576749435003730024E-16 ) ) ;
#8754 = FILL_AREA_STYLE_COLOUR ( '', #8238 ) ;
#8755 = EDGE_CURVE ( 'NONE', #9272, #8579, #10608, .T. ) ;
#8756 = DIRECTION ( 'NONE',  ( 0.000000000000000000, 0.000000000000000000, 1.000000000000000000 ) ) ;
#8757 = ORIENTED_EDGE ( 'NONE', *, *, #8675, .T. ) ;
#8758 = CARTESIAN_POINT ( 'NONE',  ( -6.400000000000000355, 1.199999999999999956, 31.88557667661039829 ) ) ;
#8759 = AXIS2_PLACEMENT_3D ( 'NONE', #9034, #7501, #2450 ) ;
#8760 = VECTOR ( 'NONE', #1166, 1000.000000000000000 ) ;
#8761 = FACE_OUTER_BOUND ( 'NONE', #3997, .T. ) ;
#8762 = EDGE_CURVE ( 'NONE', #5731, #3876, #7128, .T. ) ;
#8763 = ORIENTED_EDGE ( 'NONE', *, *, #7737, .F. ) ;
#8764 = PLANE ( 'NONE',  #258 ) ;
#8765 = AXIS2_PLACEMENT_3D ( 'NONE', #7386, #7325, #3360 ) ;
#8766 = CARTESIAN_POINT ( 'NONE',  ( 2.375000000000000000, 0.8000000000000000444, -4.899777700366559685 ) ) ;
#8767 = LINE ( 'NONE', #4608, #7711 ) ;
#8768 = ORIENTED_EDGE ( 'NONE', *, *, #124, .T. ) ;
#8769 = CARTESIAN_POINT ( 'NONE',  ( -0.03875935904638130175, 4.892244484529191695, 4.458278632147599119 ) ) ;
#8770 = ORIENTED_EDGE ( 'NONE', *, *, #6636, .F. ) ;
#8771 = CARTESIAN_POINT ( 'NONE',  ( 1.500000000000000000, -3.799436604322960598, 4.474893045553059778 ) ) ;
#8772 = ORIENTED_EDGE ( 'NONE', *, *, #1577, .F. ) ;
#8773 = DIRECTION ( 'NONE',  ( -0.000000000000000000, -1.000000000000000000, 0.000000000000000000 ) ) ;
#8774 = CARTESIAN_POINT ( 'NONE',  ( -0.2302512544522927751, 4.888058592259576507, 4.457943608624779230 ) ) ;
#8775 = VECTOR ( 'NONE', #7232, 1000.000000000000000 ) ;
#8776 = DIRECTION ( 'NONE',  ( 0.000000000000000000, 1.000000000000000000, 0.000000000000000000 ) ) ;
#8777 = EDGE_CURVE ( 'NONE', #7936, #10693, #9790, .T. ) ;
#8778 = EDGE_CURVE ( 'NONE', #6156, #1279, #3158, .T. ) ;
#8779 = DIRECTION ( 'NONE',  ( 0.000000000000000000, 0.000000000000000000, -1.000000000000000000 ) ) ;
#8780 = LINE ( 'NONE', #3005, #7534 ) ;
#8781 = LINE ( 'NONE', #1327, #3635 ) ;
#8782 = DIRECTION ( 'NONE',  ( 1.000000000000000000, 0.000000000000000000, -0.000000000000000000 ) ) ;
#8783 = ORIENTED_EDGE ( 'NONE', *, *, #8949, .T. ) ;
#8784 = AXIS2_PLACEMENT_3D ( 'NONE', #4058, #10694, #6555 ) ;
#8785 = VERTEX_POINT ( 'NONE', #5648 ) ;
#8786 = LINE ( 'NONE', #1332, #3405 ) ;
#8787 = VERTEX_POINT ( 'NONE', #672 ) ;
#8788 = VERTEX_POINT ( 'NONE', #457 ) ;
#8789 = LINE ( 'NONE', #3287, #1583 ) ;
#8790 = VECTOR ( 'NONE', #9060, 1000.000000000000114 ) ;
#8791 = EDGE_CURVE ( 'NONE', #5357, #10620, #2240, .T. ) ;
#8792 = DIRECTION ( 'NONE',  ( -1.000000000000000000, 0.000000000000000000, 1.630765106641810118E-16 ) ) ;
#8793 = ORIENTED_EDGE ( 'NONE', *, *, #3306, .F. ) ;
#8794 = ORIENTED_EDGE ( 'NONE', *, *, #1196, .F. ) ;
#8795 = CARTESIAN_POINT ( 'NONE',  ( -1.500000000000000000, -3.799436604322960598, 4.474893045553059778 ) ) ;
#8796 = ORIENTED_EDGE ( 'NONE', *, *, #8468, .F. ) ;
#8797 = DIRECTION ( 'NONE',  ( -1.121211035145589621E-17, -1.000000000000000000, -3.844152120499172977E-18 ) ) ;
#8798 = CARTESIAN_POINT ( 'NONE',  ( 0.000000000000000000, -0.5000000000000000000, -0.9499999999999999556 ) ) ;
#8799 = CARTESIAN_POINT ( 'NONE',  ( -10.50000000000000000, -7.500000000000000000, 15.00000000000000000 ) ) ;
#8800 = LINE ( 'NONE', #1291, #10099 ) ;
#8801 = CARTESIAN_POINT ( 'NONE',  ( -0.7249999999999999778, -0.4648070691295288492, -0.4315705929554869980 ) ) ;
#8802 = CIRCLE ( 'NONE', #7930, 38.37500000000000000 ) ;
#8803 = VERTEX_POINT ( 'NONE', #9575 ) ;
#8804 = VECTOR ( 'NONE', #3068, 1000.000000000000000 ) ;
#8805 = EDGE_LOOP ( 'NONE', ( #4976, #5559, #4686, #4982 ) ) ;
#8806 = LINE ( 'NONE', #5411, #6469 ) ;
#8807 = CARTESIAN_POINT ( 'NONE',  ( 1.406440581764970110, 4.036691036219980155, 4.388486157600349102 ) ) ;
#8808 = CARTESIAN_POINT ( 'NONE',  ( -0.9805444992393960169, 2.406509711484273062, 4.255669612167522153 ) ) ;
#8809 = CARTESIAN_POINT ( 'NONE',  ( -0.5749999999999999556, -5.349999999999999645, 2.500000000000000000 ) ) ;
#8810 = VERTEX_POINT ( 'NONE', #6251 ) ;
#8811 = UNCERTAINTY_MEASURE_WITH_UNIT (LENGTH_MEASURE( 1.000000000000000082E-05 ), #1192, 'distance_accuracy_value', 'NONE');
#8812 = DIRECTION ( 'NONE',  ( 0.000000000000000000, 0.000000000000000000, -1.000000000000000000 ) ) ;
#8813 = AXIS2_PLACEMENT_3D ( 'NONE', #9842, #5701, #5138 ) ;
#8814 = CARTESIAN_POINT ( 'NONE',  ( 0.8915319834920369946, 2.813667365348427207, 4.288800755631238637 ) ) ;
#8815 = EDGE_CURVE ( 'NONE', #7829, #1963, #10390, .T. ) ;
#8816 = ORIENTED_EDGE ( 'NONE', *, *, #9833, .T. ) ;
#8817 = CARTESIAN_POINT ( 'NONE',  ( -0.1809391169803545030, 4.485073516579345387, 4.502479281826345492 ) ) ;
#8818 = DIRECTION ( 'NONE',  ( -0.000000000000000000, 0.1394778421021800052, 0.9902251923489521213 ) ) ;
#8819 = ORIENTED_EDGE ( 'NONE', *, *, #3159, .T. ) ;
#8820 = CARTESIAN_POINT ( 'NONE',  ( 4.000000000000000000, 0.000000000000000000, -1.350000000000000089 ) ) ;
#8821 = EDGE_LOOP ( 'NONE', ( #4735, #4463, #2504, #2150 ) ) ;
#8822 = ORIENTED_EDGE ( 'NONE', *, *, #1445, .T. ) ;
#8823 = CARTESIAN_POINT ( 'NONE',  ( 7.500000000000000000, 0.5000000000000000000, 0.000000000000000000 ) ) ;
#8824 = EDGE_CURVE ( 'NONE', #5552, #5924, #4615, .T. ) ;
#8825 = DIRECTION ( 'NONE',  ( 0.000000000000000000, 3.576749435003730024E-16, 1.000000000000000000 ) ) ;
#8826 = EDGE_CURVE ( 'NONE', #631, #8709, #7260, .T. ) ;
#8827 = DIRECTION ( 'NONE',  ( 1.000000000000000000, 0.000000000000000000, 0.000000000000000000 ) ) ;
#8828 = CARTESIAN_POINT ( 'NONE',  ( -3.450000000000000178, -3.975000000000000089, 1.899999999999999911 ) ) ;
#8829 = DIRECTION ( 'NONE',  ( 0.000000000000000000, 0.000000000000000000, 1.000000000000000000 ) ) ;
#8830 = VECTOR ( 'NONE', #10198, 1000.000000000000000 ) ;
#8831 = CARTESIAN_POINT ( 'NONE',  ( -8.000000000000000000, -5.349999999999999645, 15.00000000000000000 ) ) ;
#8832 = ORIENTED_EDGE ( 'NONE', *, *, #3426, .T. ) ;
#8833 = VERTEX_POINT ( 'NONE', #8932 ) ;
#8834 = CARTESIAN_POINT ( 'NONE',  ( -8.074999999999999289, -4.775000000000000355, 31.88557667661039829 ) ) ;
#8835 = ORIENTED_EDGE ( 'NONE', *, *, #4701, .T. ) ;
#8836 = DIRECTION ( 'NONE',  ( 0.000000000000000000, 0.000000000000000000, 1.000000000000000000 ) ) ;
#8837 = EDGE_CURVE ( 'NONE', #5448, #5825, #10446, .T. ) ;
#8838 = ORIENTED_EDGE ( 'NONE', *, *, #7658, .T. ) ;
#8839 = VECTOR ( 'NONE', #5297, 1000.000000000000000 ) ;
#8840 = DIRECTION ( 'NONE',  ( 1.000000000000000000, 0.000000000000000000, -0.000000000000000000 ) ) ;
#8841 = VERTEX_POINT ( 'NONE', #8823 ) ;
#8842 = CARTESIAN_POINT ( 'NONE',  ( 6.049999999999999822, -1.199999999999999956, 31.88557667661039829 ) ) ;
#8843 = VERTEX_POINT ( 'NONE', #4668 ) ;
#8844 = CARTESIAN_POINT ( 'NONE',  ( -1.924999999999999600, 3.975000000000000089, 31.88557667661039829 ) ) ;
#8845 = PRESENTATION_LAYER_ASSIGNMENT (  '', '', ( #1377 ) ) ;
#8846 = ORIENTED_EDGE ( 'NONE', *, *, #1947, .T. ) ;
#8847 = CARTESIAN_POINT ( 'NONE',  ( 8.050000000000000711, -6.450000000000000178, 13.00000000000000178 ) ) ;
#8848 = ORIENTED_EDGE ( 'NONE', *, *, #6369, .T. ) ;
#8849 = FILL_AREA_STYLE_COLOUR ( '', #8466 ) ;
#8850 = EDGE_CURVE ( 'NONE', #5215, #9503, #3265, .T. ) ;
#8851 = EDGE_CURVE ( 'NONE', #1727, #10681, #3862, .T. ) ;
#8852 = ORIENTED_EDGE ( 'NONE', *, *, #9663, .T. ) ;
#8853 = AXIS2_PLACEMENT_3D ( 'NONE', #587, #2208, #4691 ) ;
#8854 = ORIENTED_EDGE ( 'NONE', *, *, #3375, .F. ) ;
#8855 = LINE ( 'NONE', #9016, #3174 ) ;
#8856 = CARTESIAN_POINT ( 'NONE',  ( 0.2954725052136240038, 4.876246562110330807, 4.456963618489009349 ) ) ;
#8857 = CARTESIAN_POINT ( 'NONE',  ( -1.314461724807929999, 4.220651693485423905, 4.403571117395851608 ) ) ;
#8858 = FACE_OUTER_BOUND ( 'NONE', #6734, .T. ) ;
#8859 = ORIENTED_EDGE ( 'NONE', *, *, #9729, .F. ) ;
#8860 = CIRCLE ( 'NONE', #9374, 0.4000000000000001887 ) ;
#8861 =( REPRESENTATION_RELATIONSHIP ('NONE','NONE', #822, #6765 ) REPRESENTATION_RELATIONSHIP_WITH_TRANSFORMATION ( #6569 )SHAPE_REPRESENTATION_RELATIONSHIP( ) );
#8862 = FACE_OUTER_BOUND ( 'NONE', #3224, .T. ) ;
#8863 = CARTESIAN_POINT ( 'NONE',  ( 0.2661925750545590663, 2.523368183558786892, 4.265155570561439013 ) ) ;
#8864 = VECTOR ( 'NONE', #4795, 1000.000000000000000 ) ;
#8865 =( GEOMETRIC_REPRESENTATION_CONTEXT ( 3 ) GLOBAL_UNCERTAINTY_ASSIGNED_CONTEXT ( ( #5200 ) ) GLOBAL_UNIT_ASSIGNED_CONTEXT ( ( #1052, #1804, #5106 ) ) REPRESENTATION_CONTEXT ( 'NONE', 'WORKASPACE' ) );
#8866 = FACE_OUTER_BOUND ( 'NONE', #6814, .T. ) ;
#8867 = EDGE_LOOP ( 'NONE', ( #4926, #8041, #10585, #8405, #8327, #580, #5790, #5368 ) ) ;
#8868 = CARTESIAN_POINT ( 'NONE',  ( 2.375000000000000000, 0.000000000000000000, -9.599777700366560751 ) ) ;
#8869 = DIRECTION ( 'NONE',  ( 0.000000000000000000, 0.000000000000000000, 1.000000000000000000 ) ) ;
#8870 = CARTESIAN_POINT ( 'NONE',  ( -8.050000000000000711, -6.450000000000000178, 13.00000000000000178 ) ) ;
#8871 = CARTESIAN_POINT ( 'NONE',  ( -6.450000000000000178, 0.000000000000000000, 0.6000000000000000888 ) ) ;
#8872 = CARTESIAN_POINT ( 'NONE',  ( -1.171530998059489903, 3.462965283949988482, 4.341799125030457063 ) ) ;
#8873 = ORIENTED_EDGE ( 'NONE', *, *, #7246, .T. ) ;
#8874 = DIRECTION ( 'NONE',  ( 1.000000000000000000, 0.000000000000000000, 0.000000000000000000 ) ) ;
#8875 = ADVANCED_FACE ( 'NONE', ( #823 ), #2333, .F. ) ;
#8876 = VECTOR ( 'NONE', #836, 1000.000000000000000 ) ;
#8877 = VERTEX_POINT ( 'NONE', #5631 ) ;
#8878 = CARTESIAN_POINT ( 'NONE',  ( -5.150000000000000355, -7.650000000000000355, -3.503246160812049846E-43 ) ) ;
#8879 = FACE_OUTER_BOUND ( 'NONE', #3090, .T. ) ;
#8880 = CARTESIAN_POINT ( 'NONE',  ( 1.925000000000000044, -4.775000000000000355, 31.88557667661039829 ) ) ;
#8881 = COLOUR_RGB ( '',1.000000000000000000, 1.000000000000000000, 1.000000000000000000 ) ;
#8882 = CARTESIAN_POINT ( 'NONE',  ( -1.700000000000000178, -6.349999999999999645, 13.00000000000000178 ) ) ;
#8883 = DIRECTION ( 'NONE',  ( -0.000000000000000000, -0.000000000000000000, -1.000000000000000000 ) ) ;
#8884 = EDGE_CURVE ( 'NONE', #8126, #10021, #5741, .T. ) ;
#8885 = LINE ( 'NONE', #572, #5717 ) ;
#8886 = DIRECTION ( 'NONE',  ( -0.000000000000000000, 1.000000000000000000, -0.000000000000000000 ) ) ;
#8887 = VERTEX_POINT ( 'NONE', #4060 ) ;
#8888 = VERTEX_POINT ( 'NONE', #5799 ) ;
#8889 = CARTESIAN_POINT ( 'NONE',  ( -9.848823097076502719, -3.000000000000000000, 7.517602519649590143 ) ) ;
#8890 = EDGE_CURVE ( 'NONE', #6097, #7201, #7381, .T. ) ;
#8891 = ORIENTED_EDGE ( 'NONE', *, *, #5803, .F. ) ;
#8892 = LINE ( 'NONE', #1488, #5551 ) ;
#8893 = VECTOR ( 'NONE', #9216, 1000.000000000000000 ) ;
#8894 = ORIENTED_EDGE ( 'NONE', *, *, #6992, .T. ) ;
#8895 = CARTESIAN_POINT ( 'NONE',  ( 0.000000000000000000, -2.200000000000000178, 0.000000000000000000 ) ) ;
#8896 = EDGE_LOOP ( 'NONE', ( #5388, #1632, #3942, #10493 ) ) ;
#8897 = EDGE_CURVE ( 'NONE', #9218, #4018, #4868, .T. ) ;
#8898 = CARTESIAN_POINT ( 'NONE',  ( 4.650000000000000355, 2.132480364127286254, -1.349999999999999867 ) ) ;
#8899 = VECTOR ( 'NONE', #982, 1000.000000000000000 ) ;
#8900 = VERTEX_POINT ( 'NONE', #1460 ) ;
#8901 = LINE ( 'NONE', #1764, #7906 ) ;
#8902 = ORIENTED_EDGE ( 'NONE', *, *, #9400, .F. ) ;
#8903 = LINE ( 'NONE', #4753, #2191 ) ;
#8904 = VERTEX_POINT ( 'NONE', #6614 ) ;
#8905 =( NAMED_UNIT ( * ) PLANE_ANGLE_UNIT ( ) SI_UNIT ( $, .RADIAN. ) );
#8906 = ORIENTED_EDGE ( 'NONE', *, *, #1571, .T. ) ;
#8907 = VECTOR ( 'NONE', #5240, 1000.000000000000000 ) ;
#8908 = CARTESIAN_POINT ( 'NONE',  ( -9.500000000000000000, -6.349999999999999645, 13.00000000000000178 ) ) ;
#8909 = EDGE_CURVE ( 'NONE', #479, #1055, #9934, .T. ) ;
#8910 = EDGE_CURVE ( 'NONE', #8389, #8539, #9132, .T. ) ;
#8911 = VERTEX_POINT ( 'NONE', #1617 ) ;
#8912 = PLANE ( 'NONE',  #7867 ) ;
#8913 = VECTOR ( 'NONE', #9676, 1000.000000000000000 ) ;
#8914 = FACE_OUTER_BOUND ( 'NONE', #2540, .T. ) ;
#8915 = LINE ( 'NONE', #8146, #8206 ) ;
#8916 = CIRCLE ( 'NONE', #5246, 1.000000000000000888 ) ;
#8917 = FACE_OUTER_BOUND ( 'NONE', #4520, .T. ) ;
#8918 = ORIENTED_EDGE ( 'NONE', *, *, #2038, .F. ) ;
#8919 = PLANE ( 'NONE',  #4928 ) ;
#8920 = CARTESIAN_POINT ( 'NONE',  ( 1.021754715242407352, 2.956205488910712997, 4.377874203476550541 ) ) ;
#8921 = VECTOR ( 'NONE', #6433, 1000.000000000000000 ) ;
#8922 = DIRECTION ( 'NONE',  ( -0.000000000000000000, -0.000000000000000000, 1.000000000000000000 ) ) ;
#8923 = ORIENTED_EDGE ( 'NONE', *, *, #5033, .T. ) ;
#8924 = DIRECTION ( 'NONE',  ( 0.000000000000000000, -0.000000000000000000, -1.000000000000000000 ) ) ;
#8925 = APPLICATION_PROTOCOL_DEFINITION ( 'draft international standard', 'automotive_design', 1998, #5718 ) ;
#8926 = LINE ( 'NONE', #4777, #3039 ) ;
#8927 = DIRECTION ( 'NONE',  ( 0.000000000000000000, -0.000000000000000000, 1.000000000000000000 ) ) ;
#8928 = CARTESIAN_POINT ( 'NONE',  ( -5.650000000000000355, 0.4999999999999998890, 10.30000000000000071 ) ) ;
#8929 = VERTEX_POINT ( 'NONE', #4166 ) ;
#8930 = SURFACE_STYLE_FILL_AREA ( #671 ) ;
#8931 = VECTOR ( 'NONE', #10676, 1000.000000000000000 ) ;
#8932 = CARTESIAN_POINT ( 'NONE',  ( 8.750000000000000000, -6.450000000000000178, 10.50000000000000000 ) ) ;
#8933 = LINE ( 'NONE', #8009, #7825 ) ;
#8934 = CARTESIAN_POINT ( 'NONE',  ( -3.450000000000000178, 1.199999999999999956, 1.899999999999999911 ) ) ;
#8935 = CIRCLE ( 'NONE', #3716, 4.500000000000000888 ) ;
#8936 = EDGE_CURVE ( 'NONE', #7676, #1978, #1672, .T. ) ;
#8937 = PLANE ( 'NONE',  #7450 ) ;
#8938 = CARTESIAN_POINT ( 'NONE',  ( 5.650000000000000355, -0.5000000000000000000, 10.30000000000000071 ) ) ;
#8939 = DIRECTION ( 'NONE',  ( -1.000000000000000000, -0.000000000000000000, -0.000000000000000000 ) ) ;
#8940 = CARTESIAN_POINT ( 'NONE',  ( -1.925000000000000044, -3.975000000000000089, 31.88557667661039829 ) ) ;
#8941 = ORIENTED_EDGE ( 'NONE', *, *, #9995, .F. ) ;
#8942 = EDGE_LOOP ( 'NONE', ( #2368, #10120, #8349, #2789 ) ) ;
#8943 = DIRECTION ( 'NONE',  ( 1.000000000000000000, 0.000000000000000000, -0.000000000000000000 ) ) ;
#8944 = ORIENTED_EDGE ( 'NONE', *, *, #2157, .T. ) ;
#8945 = SURFACE_SIDE_STYLE ('',( #3070 ) ) ;
#8946 = VECTOR ( 'NONE', #7169, 1000.000000000000000 ) ;
#8947 = VERTEX_POINT ( 'NONE', #10696 ) ;
#8948 = EDGE_CURVE ( 'NONE', #5926, #1925, #2917, .T. ) ;
#8949 = EDGE_CURVE ( 'NONE', #5352, #1132, #10590, .T. ) ;
#8950 = LINE ( 'NONE', #6215, #1452 ) ;
#8951 = ORIENTED_EDGE ( 'NONE', *, *, #649, .T. ) ;
#8952 = VECTOR ( 'NONE', #643, 1000.000000000000000 ) ;
#8953 = DIRECTION ( 'NONE',  ( 0.000000000000000000, 0.000000000000000000, -1.000000000000000000 ) ) ;
#8954 = ORIENTED_EDGE ( 'NONE', *, *, #6992, .F. ) ;
#8955 = CARTESIAN_POINT ( 'NONE',  ( -8.000000000000000000, 0.000000000000000000, 15.00000000000000000 ) ) ;
#8956 = VERTEX_POINT ( 'NONE', #2278 ) ;
#8957 = CYLINDRICAL_SURFACE ( 'NONE', #5824, 0.4000000000000001887 ) ;
#8958 = ORIENTED_EDGE ( 'NONE', *, *, #2703, .T. ) ;
#8959 = ORIENTED_EDGE ( 'NONE', *, *, #7693, .T. ) ;
#8960 = EDGE_CURVE ( 'NONE', #8646, #6880, #8314, .T. ) ;
#8961 = ADVANCED_FACE ( 'NONE', ( #9021 ), #9772, .T. ) ;
#8962 = EDGE_CURVE ( 'NONE', #3455, #7636, #1510, .T. ) ;
#8963 = PLANE ( 'NONE',  #8393 ) ;
#8964 = VERTEX_POINT ( 'NONE', #4004 ) ;
#8965 = CARTESIAN_POINT ( 'NONE',  ( -3.049999999999999822, 0.000000000000000000, -2.199777700366559952 ) ) ;
#8966 = AXIS2_PLACEMENT_3D ( 'NONE', #3236, #5124, #6543 ) ;
#8967 = CARTESIAN_POINT ( 'NONE',  ( 1.299845457927162551, 4.242432080204151745, 4.501172246854332926 ) ) ;
#8968 = LINE ( 'NONE', #7221, #6976 ) ;
#8969 = CARTESIAN_POINT ( 'NONE',  ( 4.000000000000000000, 8.985357054628929168E-16, 41.22500000000000142 ) ) ;
#8970 = CARTESIAN_POINT ( 'NONE',  ( -9.500000000000000000, -6.349999999999999645, 13.00000000000000178 ) ) ;
#8971 = ORIENTED_EDGE ( 'NONE', *, *, #7537, .F. ) ;
#8972 = CARTESIAN_POINT ( 'NONE',  ( 3.100000000000000533, -0.5000000000000000000, 1.399999999999999911 ) ) ;
#8973 = CARTESIAN_POINT ( 'NONE',  ( -0.5749999999999999556, -0.5000000000000006661, 2.500000000000000444 ) ) ;
#8974 = VECTOR ( 'NONE', #469, 1000.000000000000000 ) ;
#8975 = B_SPLINE_SURFACE_WITH_KNOTS ( 'NONE', 3, 1, ( 
 ( #4909, #1546 ),
 ( #9975, #857 ),
 ( #10027, #4254 ),
 ( #5012, #2528 ),
 ( #6541, #2421 ),
 ( #9116, #9058 ),
 ( #2578, #4098 ),
 ( #910, #90 ),
 ( #1601, #9004 ),
 ( #8297, #3396 ),
 ( #3284, #7419 ),
 ( #1655, #4963 ),
 ( #5884, #4852 ),
 ( #6709, #9214 ),
 ( #5065, #967 ),
 ( #142, #2120 ),
 ( #4548, #3496 ),
 ( #4305, #8567 ),
 ( #2737, #7946 ),
 ( #7999, #2992 ),
 ( #4607, #2630 ),
 ( #9268, #8817 ),
 ( #7120, #7067 ) ),
 .UNSPECIFIED., .F., .F., .F.,
 ( 4, 1, 1, 1, 1, 1, 1, 1, 1, 1, 1, 1, 1, 1, 1, 1, 1, 1, 1, 1, 4 ),
 ( 2, 2 ),
 ( -1.613499667207918264E-09, 0.03290973864845950225, 0.06253256029717789433, 0.09396826658295300005, 0.1253172305943520137, 0.1410240481615709918, 0.1449262338212720103, 0.1488278124253440138, 0.1566389318810240128, 0.1879840671213260095, 0.2192954312539280026, 0.2505307345153450216, 0.2818161828535200031, 0.3130205195012800146, 0.3286746454764479797, 0.3442453536253129998, 0.3755688076313389856, 0.4068402705392930030, 0.4225038407058330225, 0.4380838465636009982, 0.5000000001021205343 ),
 ( 0.000000000000000000, 1.000000000000000000 ),
 .UNSPECIFIED. ) ;
#8976 = DIRECTION ( 'NONE',  ( 0.000000000000000000, 1.000000000000000000, 0.000000000000000000 ) ) ;
#8977 = ORIENTED_EDGE ( 'NONE', *, *, #8936, .F. ) ;
#8978 = CARTESIAN_POINT ( 'NONE',  ( 0.000000000000000000, 1.199999999999999956, 1.899999999999999467 ) ) ;
#8979 = LINE ( 'NONE', #6462, #2521 ) ;
#8980 = CARTESIAN_POINT ( 'NONE',  ( 4.000000000000000000, -5.750000000000000000, 3.283227176369309941 ) ) ;
#8981 = VECTOR ( 'NONE', #4831, 1000.000000000000000 ) ;
#8982 = ORIENTED_EDGE ( 'NONE', *, *, #6238, .T. ) ;
#8983 = DIRECTION ( 'NONE',  ( 0.000000000000000000, 0.000000000000000000, -1.000000000000000000 ) ) ;
#8984 = DIRECTION ( 'NONE',  ( -1.000000000000000000, -0.000000000000000000, -0.000000000000000000 ) ) ;
#8985 = EDGE_CURVE ( 'NONE', #7033, #311, #5684, .T. ) ;
#8986 = ADVANCED_FACE ( 'NONE', ( #6505, #9826 ), #2696, .T. ) ;
#8987 = DIRECTION ( 'NONE',  ( -1.000000000000000000, 0.000000000000000000, 1.030244909993949927E-14 ) ) ;
#8988 = LINE ( 'NONE', #1529, #10122 ) ;
#8989 = CARTESIAN_POINT ( 'NONE',  ( 9.674497472730669401, 3.000000000000000000, 12.39604540319700021 ) ) ;
#8990 = FACE_OUTER_BOUND ( 'NONE', #8993, .T. ) ;
#8991 = LINE ( 'NONE', #790, #10238 ) ;
#8992 = LINE ( 'NONE', #2563, #6308 ) ;
#8993 = EDGE_LOOP ( 'NONE', ( #2081, #6012, #6364, #6924 ) ) ;
#8994 = ORIENTED_EDGE ( 'NONE', *, *, #9156, .T. ) ;
#8995 = DIRECTION ( 'NONE',  ( -0.000000000000000000, 3.776434533376479869E-16, 1.000000000000000000 ) ) ;
#8996 = ORIENTED_EDGE ( 'NONE', *, *, #4021, .F. ) ;
#8997 = FILL_AREA_STYLE_COLOUR ( '', #10589 ) ;
#8998 = ORIENTED_EDGE ( 'NONE', *, *, #1175, .F. ) ;
#8999 = VECTOR ( 'NONE', #1526, 1000.000000000000114 ) ;
#9000 = DIRECTION ( 'NONE',  ( -0.000000000000000000, 1.000000000000000000, 0.000000000000000000 ) ) ;
#9001 = EDGE_LOOP ( 'NONE', ( #4304, #8449, #7605 ) ) ;
#9002 = CARTESIAN_POINT ( 'NONE',  ( 9.674497472730669401, 3.000000000000000000, 11.81413169024230037 ) ) ;
#9003 = ORIENTED_EDGE ( 'NONE', *, *, #1176, .F. ) ;
#9004 = CARTESIAN_POINT ( 'NONE',  ( -0.9093132885508897756, 2.828078770565977340, 4.367423051590297867 ) ) ;
#9005 = EDGE_CURVE ( 'NONE', #7257, #5831, #5241, .T. ) ;
#9006 = ORIENTED_EDGE ( 'NONE', *, *, #8470, .T. ) ;
#9007 = CARTESIAN_POINT ( 'NONE',  ( -4.650000000000000355, 2.132480364127279593, -1.350000000000000089 ) ) ;
#9008 = EDGE_LOOP ( 'NONE', ( #2320, #9108, #3467, #3190 ) ) ;
#9009 = CARTESIAN_POINT ( 'NONE',  ( 10.32091455230722232, -3.000000000000000000, 7.352891688499537004 ) ) ;
#9010 = VECTOR ( 'NONE', #2075, 1000.000000000000000 ) ;
#9011 = ADVANCED_FACE ( 'NONE', ( #9387 ), #6671, .T. ) ;
#9012 = ORIENTED_EDGE ( 'NONE', *, *, #489, .T. ) ;
#9013 = ADVANCED_BREP_SHAPE_REPRESENTATION ( '', ( #8182, #8177 ), #8865 ) ;
#9014 = AXIS2_PLACEMENT_3D ( 'NONE', #6421, #9736, #5599 ) ;
#9015 = ORIENTED_EDGE ( 'NONE', *, *, #8294, .T. ) ;
#9016 = CARTESIAN_POINT ( 'NONE',  ( -3.100000000000000533, 1.199999999999999956, 1.899999999999999023 ) ) ;
#9017 = EDGE_CURVE ( 'NONE', #10145, #4062, #3409, .T. ) ;
#9018 = EDGE_LOOP ( 'NONE', ( #1765, #4678, #8183, #9864 ) ) ;
#9019 = CARTESIAN_POINT ( 'NONE',  ( 0.000000000000000000, 6.450000000000000178, 0.000000000000000000 ) ) ;
#9020 = DIRECTION ( 'NONE',  ( -1.000000000000000000, -0.000000000000000000, 0.000000000000000000 ) ) ;
#9021 = FACE_OUTER_BOUND ( 'NONE', #1293, .T. ) ;
#9022 = DIRECTION ( 'NONE',  ( 1.000000000000000000, -0.000000000000000000, -0.000000000000000000 ) ) ;
#9023 = ORIENTED_EDGE ( 'NONE', *, *, #2228, .T. ) ;
#9024 = ADVANCED_FACE ( 'NONE', ( #3564 ), #1725, .T. ) ;
#9025 = CARTESIAN_POINT ( 'NONE',  ( 0.5000000000000002220, -0.5000000000000021094, 0.000000000000000000 ) ) ;
#9026 = VECTOR ( 'NONE', #6490, 1000.000000000000000 ) ;
#9027 = CARTESIAN_POINT ( 'NONE',  ( 0.6779172945086373581, 2.640515239096612898, 4.352149977399890624 ) ) ;
#9028 = CARTESIAN_POINT ( 'NONE',  ( -5.150000000000000355, -7.650000000000000355, -8.755194069481296579E-16 ) ) ;
#9029 = ORIENTED_EDGE ( 'NONE', *, *, #10102, .F. ) ;
#9030 = DIRECTION ( 'NONE',  ( 0.000000000000000000, 0.000000000000000000, 1.000000000000000000 ) ) ;
#9031 = EDGE_CURVE ( 'NONE', #8462, #327, #3607, .T. ) ;
#9032 = CIRCLE ( 'NONE', #1049, 38.37500000000000000 ) ;
#9033 = CARTESIAN_POINT ( 'NONE',  ( 4.000000000000000000, -1.261997984930318450, 2.870756609130827641 ) ) ;
#9034 = CARTESIAN_POINT ( 'NONE',  ( -6.900000000000000355, 6.339999999999999858, 2.100000000000000089 ) ) ;
#9035 = FACE_OUTER_BOUND ( 'NONE', #10225, .T. ) ;
#9036 = ORIENTED_EDGE ( 'NONE', *, *, #8824, .T. ) ;
#9037 = CARTESIAN_POINT ( 'NONE',  ( -1.699999999999999956, 0.000000000000000000, 13.00000000000000178 ) ) ;
#9038 = CARTESIAN_POINT ( 'NONE',  ( 2.375000000000000000, 0.8000000000000000444, -4.899777700366563238 ) ) ;
#9039 = LINE ( 'NONE', #5704, #6775 ) ;
#9040 = CARTESIAN_POINT ( 'NONE',  ( 0.000000000000000000, 0.5000000000000000000, 0.000000000000000000 ) ) ;
#9041 = PLANE ( 'NONE',  #1455 ) ;
#9042 = EDGE_CURVE ( 'NONE', #8408, #3840, #9336, .T. ) ;
#9043 = FACE_OUTER_BOUND ( 'NONE', #4412, .T. ) ;
#9044 = LINE ( 'NONE', #1586, #5610 ) ;
#9045 = EDGE_CURVE ( 'NONE', #7577, #3166, #4643, .T. ) ;
#9046 = VECTOR ( 'NONE', #7342, 1000.000000000000000 ) ;
#9047 = ORIENTED_EDGE ( 'NONE', *, *, #5496, .F. ) ;
#9048 = PRODUCT_DEFINITION_FORMATION_WITH_SPECIFIED_SOURCE ( 'ANY', '', #7928, .NOT_KNOWN. ) ;
#9049 = VERTEX_POINT ( 'NONE', #5136 ) ;
#9050 = LINE ( 'NONE', #7409, #8276 ) ;
#9051 = EDGE_LOOP ( 'NONE', ( #3540, #8763, #3886, #3755, #7727, #2830, #5890, #4496 ) ) ;
#9052 = FILL_AREA_STYLE ('',( #5927 ) ) ;
#9053 = ORIENTED_EDGE ( 'NONE', *, *, #6811, .F. ) ;
#9054 = CARTESIAN_POINT ( 'NONE',  ( 0.000000000000000000, 6.795823926507079847E-16, 1.899999999999999911 ) ) ;
#9055 = ORIENTED_EDGE ( 'NONE', *, *, #5385, .T. ) ;
#9056 = DIRECTION ( 'NONE',  ( -1.000000000000000000, 0.000000000000000000, -0.000000000000000000 ) ) ;
#9057 = EDGE_LOOP ( 'NONE', ( #6300, #3208, #9850, #10467 ) ) ;
#9058 = CARTESIAN_POINT ( 'NONE',  ( -0.7557160547803447592, 2.688756385951597050, 4.356060366699316511 ) ) ;
#9059 = VERTEX_POINT ( 'NONE', #6058 ) ;
#9060 = DIRECTION ( 'NONE',  ( 3.234629275487279840E-05, -0.08125146163589479220, 0.9966936334379526974 ) ) ;
#9061 = AXIS2_PLACEMENT_3D ( 'NONE', #3770, #6213, #6267 ) ;
#9062 = EDGE_LOOP ( 'NONE', ( #197, #6760, #8958, #8996 ) ) ;
#9063 =( NAMED_UNIT ( * ) SI_UNIT ( $, .STERADIAN. ) SOLID_ANGLE_UNIT ( ) );
#9064 = ORIENTED_EDGE ( 'NONE', *, *, #460, .F. ) ;
#9065 = APPLICATION_CONTEXT ( 'automotive_design' ) ;
#9066 = AXIS2_PLACEMENT_3D ( 'NONE', #10418, #3030, #9551 ) ;
#9067 = FACE_OUTER_BOUND ( 'NONE', #9215, .T. ) ;
#9068 = EDGE_CURVE ( 'NONE', #6488, #7892, #7545, .T. ) ;
#9069 = ORIENTED_EDGE ( 'NONE', *, *, #461, .F. ) ;
#9070 = DIRECTION ( 'NONE',  ( 0.000000000000000000, 0.000000000000000000, -1.000000000000000000 ) ) ;
#9071 = EDGE_LOOP ( 'NONE', ( #4556, #7000, #7834, #2640 ) ) ;
#9072 = LINE ( 'NONE', #50, #1484 ) ;
#9073 = CARTESIAN_POINT ( 'NONE',  ( -8.050000000000000711, 6.349999999999999645, 13.00000000000000178 ) ) ;
#9074 = CARTESIAN_POINT ( 'NONE',  ( -1.700000000000000178, 6.349999999999999645, 13.00000000000000178 ) ) ;
#9075 = CARTESIAN_POINT ( 'NONE',  ( -10.05037900976999943, 3.000000000000000000, 10.50735166954630095 ) ) ;
#9076 = ORIENTED_EDGE ( 'NONE', *, *, #1594, .F. ) ;
#9077 = VECTOR ( 'NONE', #368, 1000.000000000000000 ) ;
#9078 = VERTEX_POINT ( 'NONE', #1834 ) ;
#9079 = PLANE ( 'NONE',  #1820 ) ;
#9080 = LINE ( 'NONE', #6620, #5042 ) ;
#9081 = EDGE_CURVE ( 'NONE', #7921, #3332, #6723, .T. ) ;
#9082 = VECTOR ( 'NONE', #8484, 1000.000000000000000 ) ;
#9083 = COLOUR_RGB ( '',1.000000000000000000, 1.000000000000000000, 1.000000000000000000 ) ;
#9084 = EDGE_CURVE ( 'NONE', #3069, #10202, #4319, .T. ) ;
#9085 = CARTESIAN_POINT ( 'NONE',  ( 6.900000000000000355, 6.339999999999999858, 10.00000000000000000 ) ) ;
#9086 = ORIENTED_EDGE ( 'NONE', *, *, #6402, .F. ) ;
#9087 = PLANE ( 'NONE',  #9594 ) ;
#9088 = DIRECTION ( 'NONE',  ( 0.000000000000000000, -1.000000000000000000, -0.000000000000000000 ) ) ;
#9089 = CARTESIAN_POINT ( 'NONE',  ( -10.50000000000000000, 7.500000000000000000, 15.00000000000000000 ) ) ;
#9090 = DIRECTION ( 'NONE',  ( 0.000000000000000000, 0.000000000000000000, -1.000000000000000000 ) ) ;
#9091 = ORIENTED_EDGE ( 'NONE', *, *, #10142, .F. ) ;
#9092 = PLANE ( 'NONE',  #1803 ) ;
#9093 = AXIS2_PLACEMENT_3D ( 'NONE', #62, #3418, #7765 ) ;
#9094 = VECTOR ( 'NONE', #261, 1000.000000000000000 ) ;
#9095 = DIRECTION ( 'NONE',  ( 0.000000000000000000, 0.000000000000000000, 1.000000000000000000 ) ) ;
#9096 = EDGE_CURVE ( 'NONE', #1383, #749, #5849, .T. ) ;
#9097 = CARTESIAN_POINT ( 'NONE',  ( 10.50000000000000000, -7.500000000000000000, 15.00000000000000000 ) ) ;
#9098 = EDGE_CURVE ( 'NONE', #8462, #3166, #926, .T. ) ;
#9099 = DIRECTION ( 'NONE',  ( 0.000000000000000000, 0.000000000000000000, 1.000000000000000000 ) ) ;
#9100 =( LENGTH_UNIT ( ) NAMED_UNIT ( * ) SI_UNIT ( .MILLI., .METRE. ) );
#9101 = AXIS2_PLACEMENT_3D ( 'NONE', #5977, #3535, #5922 ) ;
#9102 = LINE ( 'NONE', #4135, #5547 ) ;
#9103 = VECTOR ( 'NONE', #2417, 1000.000000000000000 ) ;
#9104 = VERTEX_POINT ( 'NONE', #105 ) ;
#9105 = ORIENTED_EDGE ( 'NONE', *, *, #1196, .T. ) ;
#9106 = LINE ( 'NONE', #2618, #9319 ) ;
#9107 = ORIENTED_EDGE ( 'NONE', *, *, #433, .F. ) ;
#9108 = ORIENTED_EDGE ( 'NONE', *, *, #9502, .F. ) ;
#9109 = ADVANCED_FACE ( 'NONE', ( #10042, #2593 ), #5899, .F. ) ;
#9110 = VECTOR ( 'NONE', #2397, 1000.000000000000000 ) ;
#9111 = EDGE_CURVE ( 'NONE', #8785, #8787, #211, .T. ) ;
#9112 = AXIS2_PLACEMENT_3D ( 'NONE', #667, #8269, #3959 ) ;
#9113 = LINE ( 'NONE', #9807, #9103 ) ;
#9114 = VERTEX_POINT ( 'NONE', #157 ) ;
#9115 = VERTEX_POINT ( 'NONE', #6776 ) ;
#9116 = CARTESIAN_POINT ( 'NONE',  ( -0.7557185497515830352, 2.695023566595219133, 4.279182253723387674 ) ) ;
#9117 = VECTOR ( 'NONE', #5477, 1000.000000000000000 ) ;
#9118 = VERTEX_POINT ( 'NONE', #1880 ) ;
#9119 = DIRECTION ( 'NONE',  ( -0.000000000000000000, -1.000000000000000000, 0.000000000000000000 ) ) ;
#9120 = LINE ( 'NONE', #4911, #7398 ) ;
#9121 = ORIENTED_EDGE ( 'NONE', *, *, #902, .T. ) ;
#9122 = CARTESIAN_POINT ( 'NONE',  ( 1.229949781435328404, 2.639214002983946372, 4.323034263047105696 ) ) ;
#9123 = ORIENTED_EDGE ( 'NONE', *, *, #7322, .T. ) ;
#9124 = EDGE_CURVE ( 'NONE', #4567, #9915, #6829, .T. ) ;
#9125 = VECTOR ( 'NONE', #3151, 1000.000000000000000 ) ;
#9126 = DIRECTION ( 'NONE',  ( 1.000000000000000000, 0.000000000000000000, -0.000000000000000000 ) ) ;
#9127 = ORIENTED_EDGE ( 'NONE', *, *, #1536, .T. ) ;
#9128 = DIRECTION ( 'NONE',  ( -1.000000000000000000, -0.000000000000000000, -0.000000000000000000 ) ) ;
#9129 = ORIENTED_EDGE ( 'NONE', *, *, #954, .T. ) ;
#9130 = DIRECTION ( 'NONE',  ( -0.000000000000000000, -0.000000000000000000, -1.000000000000000000 ) ) ;
#9131 = LINE ( 'NONE', #3948, #7158 ) ;
#9132 = LINE ( 'NONE', #3950, #4813 ) ;
#9133 = LINE ( 'NONE', #7382, #1084 ) ;
#9134 = VECTOR ( 'NONE', #8363, 1000.000000000000000 ) ;
#9135 = EDGE_LOOP ( 'NONE', ( #8372, #9036, #985, #2148 ) ) ;
#9136 = CARTESIAN_POINT ( 'NONE',  ( 4.000000000000000000, -5.750000000000000000, 3.283227176369309941 ) ) ;
#9137 = CARTESIAN_POINT ( 'NONE',  ( -4.000000000000001776, -2.258797326885943590, -4.206036415801495565 ) ) ;
#9138 = VECTOR ( 'NONE', #8463, 1000.000000000000000 ) ;
#9139 = CARTESIAN_POINT ( 'NONE',  ( -8.750000000000000000, -6.450000000000000178, 13.00000000000000178 ) ) ;
#9140 = ORIENTED_EDGE ( 'NONE', *, *, #6064, .T. ) ;
#9141 = CARTESIAN_POINT ( 'NONE',  ( 8.000000000000000000, -4.775000000000000355, 31.88557667661039829 ) ) ;
#9142 = CONTEXT_DEPENDENT_SHAPE_REPRESENTATION ( #8861, #9832 ) ;
#9143 = DIRECTION ( 'NONE',  ( 0.000000000000000000, -0.000000000000000000, 1.000000000000000000 ) ) ;
#9144 = LINE ( 'NONE', #2502, #7359 ) ;
#9145 = CARTESIAN_POINT ( 'NONE',  ( -0.03820277849353270055, 4.488245899000316896, 4.502271700575048996 ) ) ;
#9146 = EDGE_CURVE ( 'NONE', #4471, #7624, #6005, .T. ) ;
#9147 = ORIENTED_EDGE ( 'NONE', *, *, #123, .F. ) ;
#9148 = CARTESIAN_POINT ( 'NONE',  ( -0.5749999999999999556, 5.349999999999998757, 1.400000000000000133 ) ) ;
#9149 = AXIS2_PLACEMENT_3D ( 'NONE', #3698, #9362, #1056 ) ;
#9150 = ADVANCED_FACE ( 'NONE', ( #3779 ), #6112, .T. ) ;
#9151 = PLANE ( 'NONE',  #5905 ) ;
#9152 = CARTESIAN_POINT ( 'NONE',  ( 4.000000000000000000, 2.737844099826320488, 2.947789617253376182 ) ) ;
#9153 = DIRECTION ( 'NONE',  ( 0.000000000000000000, 0.000000000000000000, 1.000000000000000000 ) ) ;
#9154 = CARTESIAN_POINT ( 'NONE',  ( -5.150000000000000355, -6.429304672761169570, 4.385836643711150451 ) ) ;
#9155 = VERTEX_POINT ( 'NONE', #9604 ) ;
#9156 = EDGE_CURVE ( 'NONE', #4540, #5001, #2914, .T. ) ;
#9157 = ORIENTED_EDGE ( 'NONE', *, *, #6164, .F. ) ;
#9158 = LINE ( 'NONE', #8287, #10174 ) ;
#9159 = ORIENTED_EDGE ( 'NONE', *, *, #3939, .F. ) ;
#9160 = CARTESIAN_POINT ( 'NONE',  ( 6.400000000000000355, 1.199999999999999956, -0.9499999999999996225 ) ) ;
#9161 = ADVANCED_FACE ( 'NONE', ( #2862 ), #7102, .F. ) ;
#9162 = CARTESIAN_POINT ( 'NONE',  ( -0.7249999999999999778, -0.4648070691295291823, -0.4315705929554868314 ) ) ;
#9163 = ORIENTED_EDGE ( 'NONE', *, *, #3000, .T. ) ;
#9164 = CARTESIAN_POINT ( 'NONE',  ( -9.500000000000000000, -3.000000000000000000, 13.00000000000000178 ) ) ;
#9165 = VERTEX_POINT ( 'NONE', #1347 ) ;
#9166 = ORIENTED_EDGE ( 'NONE', *, *, #7603, .T. ) ;
#9167 = CARTESIAN_POINT ( 'NONE',  ( -8.000000000000000000, 4.775000000000000355, 15.00000000000000000 ) ) ;
#9168 = SURFACE_STYLE_FILL_AREA ( #1712 ) ;
#9169 = ORIENTED_EDGE ( 'NONE', *, *, #4095, .F. ) ;
#9170 = DIRECTION ( 'NONE',  ( 0.000000000000000000, 0.000000000000000000, -1.000000000000000000 ) ) ;
#9171 = ORIENTED_EDGE ( 'NONE', *, *, #6968, .F. ) ;
#9172 = LINE ( 'NONE', #3403, #2835 ) ;
#9173 = ORIENTED_EDGE ( 'NONE', *, *, #7763, .T. ) ;
#9174 = CARTESIAN_POINT ( 'NONE',  ( 1.133220914697073090, 3.829025531184315767, 4.427471135309634320 ) ) ;
#9175 = ADVANCED_FACE ( 'NONE', ( #371 ), #1991, .T. ) ;
#9176 = VECTOR ( 'NONE', #2350, 1000.000000000000000 ) ;
#9177 = EDGE_LOOP ( 'NONE', ( #9332, #5284, #7571, #5213 ) ) ;
#9178 = FACE_OUTER_BOUND ( 'NONE', #5984, .T. ) ;
#9179 = CARTESIAN_POINT ( 'NONE',  ( -6.450000000000000178, 0.000000000000000000, 0.6000000000000000888 ) ) ;
#9180 = CARTESIAN_POINT ( 'NONE',  ( 0.000000000000000000, 6.349999999999999645, 0.000000000000000000 ) ) ;
#9181 = CARTESIAN_POINT ( 'NONE',  ( -0.03729289042025628331, 4.494495739719096328, 4.425853709151984283 ) ) ;
#9182 = ORIENTED_EDGE ( 'NONE', *, *, #1986, .T. ) ;
#9183 = CARTESIAN_POINT ( 'NONE',  ( -3.100000000000000533, 0.5000000000000000000, -0.9499999999999997335 ) ) ;
#9184 = ORIENTED_EDGE ( 'NONE', *, *, #3167, .T. ) ;
#9185 = LINE ( 'NONE', #4276, #7522 ) ;
#9186 = DIRECTION ( 'NONE',  ( 1.000000000000000000, 0.000000000000000000, 0.000000000000000000 ) ) ;
#9187 = FACE_OUTER_BOUND ( 'NONE', #7069, .T. ) ;
#9188 = DIRECTION ( 'NONE',  ( -2.195852501236469969E-16, 0.000000000000000000, -1.000000000000000000 ) ) ;
#9189 = ORIENTED_EDGE ( 'NONE', *, *, #6354, .T. ) ;
#9190 = CARTESIAN_POINT ( 'NONE',  ( -6.400000000000000355, 3.975000000000000089, 1.899999999999999911 ) ) ;
#9191 = CARTESIAN_POINT ( 'NONE',  ( -3.350000000000000089, 0.8000000000000000444, -2.199777700366559952 ) ) ;
#9192 = CARTESIAN_POINT ( 'NONE',  ( 8.074999999999999289, -3.975000000000000089, 15.00000000000000000 ) ) ;
#9193 = VECTOR ( 'NONE', #2600, 1000.000000000000000 ) ;
#9194 = DIRECTION ( 'NONE',  ( 0.000000000000000000, 0.000000000000000000, 1.000000000000000000 ) ) ;
#9195 = DIRECTION ( 'NONE',  ( -1.000000000000000000, -0.000000000000000000, -0.000000000000000000 ) ) ;
#9196 = CARTESIAN_POINT ( 'NONE',  ( -3.100000000000000533, 0.4999999999999997780, 1.399999999999999689 ) ) ;
#9197 = DIRECTION ( 'NONE',  ( 1.000000000000000000, 0.000000000000000000, 0.000000000000000000 ) ) ;
#9198 = EDGE_CURVE ( 'NONE', #6551, #3769, #7045, .T. ) ;
#9199 = ORIENTED_EDGE ( 'NONE', *, *, #8223, .F. ) ;
#9200 = ORIENTED_EDGE ( 'NONE', *, *, #5664, .T. ) ;
#9201 = DIRECTION ( 'NONE',  ( 1.000000000000000000, 0.000000000000000000, -0.000000000000000000 ) ) ;
#9202 = VECTOR ( 'NONE', #6101, 1000.000000000000114 ) ;
#9203 = ORIENTED_EDGE ( 'NONE', *, *, #4758, .F. ) ;
#9204 = CARTESIAN_POINT ( 'NONE',  ( -5.599999999999999645, 3.000000000000000000, 9.000000000000001776 ) ) ;
#9205 = VECTOR ( 'NONE', #7845, 1000.000000000000000 ) ;
#9206 = PLANE ( 'NONE',  #10597 ) ;
#9207 = PLANE ( 'NONE',  #746 ) ;
#9208 = EDGE_CURVE ( 'NONE', #9908, #2255, #10251, .T. ) ;
#9209 = CARTESIAN_POINT ( 'NONE',  ( 8.000000000000000000, 5.349999999999999645, 0.000000000000000000 ) ) ;
#9210 = CARTESIAN_POINT ( 'NONE',  ( 7.500000000000000000, -0.5000000000000019984, 0.000000000000000000 ) ) ;
#9211 = CARTESIAN_POINT ( 'NONE',  ( 0.000000000000000000, 0.000000000000000000, 0.000000000000000000 ) ) ;
#9212 = EDGE_CURVE ( 'NONE', #3422, #4062, #10213, .T. ) ;
#9213 = VERTEX_POINT ( 'NONE', #8636 ) ;
#9214 = CARTESIAN_POINT ( 'NONE',  ( -1.159669217382431672, 3.672914652597227381, 4.436303042432467869 ) ) ;
#9215 = EDGE_LOOP ( 'NONE', ( #6425, #562, #9805, #6383 ) ) ;
#9216 = DIRECTION ( 'NONE',  ( -0.000000000000000000, -1.000000000000000000, 0.000000000000000000 ) ) ;
#9217 = DIRECTION ( 'NONE',  ( 0.000000000000000000, 0.1394778421021805048, 0.9902251923489521213 ) ) ;
#9218 = VERTEX_POINT ( 'NONE', #7924 ) ;
#9219 = CARTESIAN_POINT ( 'NONE',  ( 5.150000000000000355, 0.000000000000000000, -0.3499999999999999778 ) ) ;
#9220 = VECTOR ( 'NONE', #8648, 1000.000000000000000 ) ;
#9221 = ORIENTED_EDGE ( 'NONE', *, *, #5007, .T. ) ;
#9222 = EDGE_CURVE ( 'NONE', #7017, #9432, #6169, .T. ) ;
#9223 = DIRECTION ( 'NONE',  ( 8.673617379884040402E-17, 0.000000000000000000, -1.000000000000000000 ) ) ;
#9224 = AXIS2_PLACEMENT_3D ( 'NONE', #6352, #8049, #611 ) ;
#9225 = VERTEX_POINT ( 'NONE', #485 ) ;
#9226 = ORIENTED_EDGE ( 'NONE', *, *, #1061, .T. ) ;
#9227 = FACE_OUTER_BOUND ( 'NONE', #5993, .T. ) ;
#9228 = DIRECTION ( 'NONE',  ( 0.000000000000000000, 1.000000000000000000, 0.000000000000000000 ) ) ;
#9229 = CARTESIAN_POINT ( 'NONE',  ( 9.500000000000000000, 6.349999999999999645, 13.00000000000000178 ) ) ;
#9230 = CARTESIAN_POINT ( 'NONE',  ( 1.171468787321539917, 3.419757060234967838, 4.338200708658380478 ) ) ;
#9231 = FACE_OUTER_BOUND ( 'NONE', #165, .T. ) ;
#9232 = EDGE_LOOP ( 'NONE', ( #7485, #1826, #4361, #9323, #5992, #1138, #6697, #7974, #8504 ) ) ;
#9233 = VECTOR ( 'NONE', #5067, 1000.000000000000000 ) ;
#9234 = DIRECTION ( 'NONE',  ( 0.000000000000000000, 0.9902251923489520102, -0.1394778421021814763 ) ) ;
#9235 = ADVANCED_FACE ( 'NONE', ( #3670 ), #2803, .F. ) ;
#9236 = ADVANCED_FACE ( 'NONE', ( #1183 ), #4585, .F. ) ;
#9237 = LINE ( 'NONE', #1788, #1553 ) ;
#9238 = EDGE_LOOP ( 'NONE', ( #6701, #8768, #8670, #6852, #7778, #3067, #1918, #8471 ) ) ;
#9239 = CARTESIAN_POINT ( 'NONE',  ( -8.000000000000000000, 0.5000000000000000000, 1.399999999999999911 ) ) ;
#9240 = CARTESIAN_POINT ( 'NONE',  ( -8.050000000000000711, 6.450000000000000178, 10.50000000000000000 ) ) ;
#9241 = LINE ( 'NONE', #7718, #10657 ) ;
#9242 = AXIS2_PLACEMENT_3D ( 'NONE', #3951, #267, #10199 ) ;
#9243 = CARTESIAN_POINT ( 'NONE',  ( 2.375000000000000000, 0.000000000000000000, -4.899777700366559685 ) ) ;
#9244 = ORIENTED_EDGE ( 'NONE', *, *, #3108, .F. ) ;
#9245 = UNCERTAINTY_MEASURE_WITH_UNIT (LENGTH_MEASURE( 1.000000000000000082E-05 ), #5783, 'distance_accuracy_value', 'NONE');
#9246 = LINE ( 'NONE', #9951, #10315 ) ;
#9247 = DIRECTION ( 'NONE',  ( -0.000000000000000000, 0.000000000000000000, 1.000000000000000000 ) ) ;
#9248 = EDGE_CURVE ( 'NONE', #251, #1132, #5347, .T. ) ;
#9249 = CIRCLE ( 'NONE', #2637, 5.000000000000000000 ) ;
#9250 = CARTESIAN_POINT ( 'NONE',  ( -9.500000000000000000, 6.349999999999999645, 5.000000000000000888 ) ) ;
#9251 = DIRECTION ( 'NONE',  ( -1.000000000000000000, 0.000000000000000000, 0.000000000000000000 ) ) ;
#9252 = DIRECTION ( 'NONE',  ( 0.000000000000000000, 0.000000000000000000, -1.000000000000000000 ) ) ;
#9253 = ORIENTED_EDGE ( 'NONE', *, *, #7351, .F. ) ;
#9254 = VECTOR ( 'NONE', #9712, 1000.000000000000000 ) ;
#9255 = EDGE_LOOP ( 'NONE', ( #1073, #7259, #6002, #2537, #3310, #7 ) ) ;
#9256 = DIRECTION ( 'NONE',  ( 1.000000000000000000, 0.000000000000000000, -0.000000000000000000 ) ) ;
#9257 = PRESENTATION_LAYER_ASSIGNMENT (  '', '', ( #4375 ) ) ;
#9258 = VERTEX_POINT ( 'NONE', #4528 ) ;
#9259 = DIRECTION ( 'NONE',  ( -0.000000000000000000, 1.000000000000000000, 0.000000000000000000 ) ) ;
#9260 = ORIENTED_EDGE ( 'NONE', *, *, #10477, .T. ) ;
#9261 = ADVANCED_FACE ( 'NONE', ( #10365 ), #9550, .T. ) ;
#9262 = DIRECTION ( 'NONE',  ( 0.000000000000000000, 1.000000000000000000, 0.000000000000000000 ) ) ;
#9263 = VECTOR ( 'NONE', #6822, 1000.000000000000000 ) ;
#9264 = CARTESIAN_POINT ( 'NONE',  ( -5.599999999999999645, 3.000000000000000000, 9.000000000000001776 ) ) ;
#9265 = DIRECTION ( 'NONE',  ( 1.000000000000000000, 0.000000000000000000, 0.000000000000000000 ) ) ;
#9266 = DIRECTION ( 'NONE',  ( 0.000000000000000000, 0.000000000000000000, -1.000000000000000000 ) ) ;
#9267 = VERTEX_POINT ( 'NONE', #7681 ) ;
#9268 = CARTESIAN_POINT ( 'NONE',  ( -0.1809416119515927235, 4.491340697222967471, 4.425601168850416656 ) ) ;
#9269 = ORIENTED_EDGE ( 'NONE', *, *, #8949, .F. ) ;
#9270 = LINE ( 'NONE', #2424, #7927 ) ;
#9271 = EDGE_CURVE ( 'NONE', #7390, #8888, #4407, .T. ) ;
#9272 = VERTEX_POINT ( 'NONE', #9320 ) ;
#9273 = FACE_OUTER_BOUND ( 'NONE', #9018, .T. ) ;
#9274 = EDGE_CURVE ( 'NONE', #8964, #5825, #7630, .T. ) ;
#9275 = AXIS2_PLACEMENT_3D ( 'NONE', #4662, #9517, #8000 ) ;
#9276 = AXIS2_PLACEMENT_3D ( 'NONE', #5118, #9265, #8617 ) ;
#9277 = ORIENTED_EDGE ( 'NONE', *, *, #460, .T. ) ;
#9278 = ADVANCED_FACE ( 'NONE', ( #4248 ), #7582, .T. ) ;
#9279 = DIRECTION ( 'NONE',  ( 0.000000000000000000, 0.000000000000000000, -1.000000000000000000 ) ) ;
#9280 = VECTOR ( 'NONE', #8151, 1000.000000000000000 ) ;
#9281 = EDGE_LOOP ( 'NONE', ( #10248, #9965, #3628 ) ) ;
#9282 = ORIENTED_EDGE ( 'NONE', *, *, #5972, .F. ) ;
#9283 = CARTESIAN_POINT ( 'NONE',  ( 9.500000000000000000, 6.349999999999999645, 10.00000000000000000 ) ) ;
#9284 = CARTESIAN_POINT ( 'NONE',  ( -1.000000000000000000, 0.8000000000000000444, -0.5000000000000000000 ) ) ;
#9285 = CARTESIAN_POINT ( 'NONE',  ( 0.000000000000000000, 6.349999999999999645, 12.00000000000000000 ) ) ;
#9286 = CARTESIAN_POINT ( 'NONE',  ( 1.499999999999999556, 8.985357054628929168E-16, 41.22500000000000142 ) ) ;
#9287 = LINE ( 'NONE', #5956, #6715 ) ;
#9288 = EDGE_CURVE ( 'NONE', #5017, #6034, #2785, .T. ) ;
#9289 = ORIENTED_EDGE ( 'NONE', *, *, #4252, .F. ) ;
#9290 = ADVANCED_FACE ( 'NONE', ( #5277 ), #8508, .T. ) ;
#9291 = EDGE_CURVE ( 'NONE', #682, #1945, #1063, .T. ) ;
#9292 = DIRECTION ( 'NONE',  ( 1.000000000000000000, -0.000000000000000000, 0.000000000000000000 ) ) ;
#9293 = ORIENTED_EDGE ( 'NONE', *, *, #4826, .F. ) ;
#9294 = PLANE ( 'NONE',  #4544 ) ;
#9295 = VECTOR ( 'NONE', #3991, 1000.000000000000114 ) ;
#9296 = CARTESIAN_POINT ( 'NONE',  ( 9.500000000000000000, -6.349999999999999645, 0.000000000000000000 ) ) ;
#9297 = CARTESIAN_POINT ( 'NONE',  ( -3.049999999999999378, 0.000000000000000000, -2.199777700366558619 ) ) ;
#9298 = LINE ( 'NONE', #10161, #8023 ) ;
#9299 = EDGE_CURVE ( 'NONE', #4774, #3329, #10023, .T. ) ;
#9300 = ORIENTED_EDGE ( 'NONE', *, *, #6146, .T. ) ;
#9301 = PLANE ( 'NONE',  #439 ) ;
#9302 = DIRECTION ( 'NONE',  ( 0.3294216623000917887, 0.000000000000000000, -0.9441829104614445356 ) ) ;
#9303 = MECHANICAL_DESIGN_GEOMETRIC_PRESENTATION_REPRESENTATION (  '', ( #7383 ), #6510 ) ;
#9304 = CARTESIAN_POINT ( 'NONE',  ( -9.674497472730669401, 3.000000000000000000, 12.39604540319700021 ) ) ;
#9305 = LINE ( 'NONE', #10010, #7796 ) ;
#9306 = CARTESIAN_POINT ( 'NONE',  ( -1.500000000000000000, 1.770447840360080516, 2.890861957720189945 ) ) ;
#9307 = DIRECTION ( 'NONE',  ( 1.000000000000000000, 0.000000000000000000, 0.000000000000000000 ) ) ;
#9308 = DIRECTION ( 'NONE',  ( -1.000000000000000000, -0.000000000000000000, 0.000000000000000000 ) ) ;
#9309 = ORIENTED_EDGE ( 'NONE', *, *, #1731, .F. ) ;
#9310 = VECTOR ( 'NONE', #9919, 1000.000000000000000 ) ;
#9311 = ADVANCED_FACE ( 'NONE', ( #3545 ), #3596, .F. ) ;
#9312 = ORIENTED_EDGE ( 'NONE', *, *, #1395, .F. ) ;
#9313 = CARTESIAN_POINT ( 'NONE',  ( -31.38557667661039829, -5.250000000000000000, -2.500000000000000000 ) ) ;
#9314 = EDGE_CURVE ( 'NONE', #1355, #1350, #8456, .T. ) ;
#9315 = ORIENTED_EDGE ( 'NONE', *, *, #6549, .F. ) ;
#9316 = CARTESIAN_POINT ( 'NONE',  ( -8.074999999999999289, -4.775000000000000355, 1.399999999999998579 ) ) ;
#9317 = ORIENTED_EDGE ( 'NONE', *, *, #655, .T. ) ;
#9318 = CARTESIAN_POINT ( 'NONE',  ( 3.100000000000000533, -0.5000000000000000000, 10.30000000000000071 ) ) ;
#9319 = VECTOR ( 'NONE', #7574, 1000.000000000000000 ) ;
#9320 = CARTESIAN_POINT ( 'NONE',  ( -5.150000000000000355, -7.650000000000000355, 2.272745727739696256E-15 ) ) ;
#9321 = FACE_OUTER_BOUND ( 'NONE', #9835, .T. ) ;
#9322 = LINE ( 'NONE', #8563, #3807 ) ;
#9323 = ORIENTED_EDGE ( 'NONE', *, *, #3192, .T. ) ;
#9324 = CARTESIAN_POINT ( 'NONE',  ( -0.7249999999999999778, 2.815989715978069796, 3.502585681049720012 ) ) ;
#9325 = EDGE_LOOP ( 'NONE', ( #7764, #4954, #1018, #3694 ) ) ;
#9326 = ORIENTED_EDGE ( 'NONE', *, *, #5664, .F. ) ;
#9327 = DIRECTION ( 'NONE',  ( 0.000000000000000000, 0.000000000000000000, 1.000000000000000000 ) ) ;
#9328 = STYLED_ITEM ( 'NONE', ( #7285 ), #7870 ) ;
#9329 = ORIENTED_EDGE ( 'NONE', *, *, #9970, .F. ) ;
#9330 = DIRECTION ( 'NONE',  ( 0.000000000000000000, 0.000000000000000000, 1.000000000000000000 ) ) ;
#9331 = ORIENTED_EDGE ( 'NONE', *, *, #3369, .F. ) ;
#9332 = ORIENTED_EDGE ( 'NONE', *, *, #7050, .F. ) ;
#9333 = CARTESIAN_POINT ( 'NONE',  ( 6.049999999999999822, 1.199999999999999956, 1.899999999999999245 ) ) ;
#9334 = DIRECTION ( 'NONE',  ( 0.000000000000000000, 0.000000000000000000, 1.000000000000000000 ) ) ;
#9335 = EDGE_CURVE ( 'NONE', #308, #5834, #2574, .T. ) ;
#9336 = LINE ( 'NONE', #6883, #6553 ) ;
#9337 = CARTESIAN_POINT ( 'NONE',  ( 0.1217662226139880205, 2.515722223048241002, 4.264536951369805706 ) ) ;
#9338 = LINE ( 'NONE', #6725, #6536 ) ;
#9339 = VERTEX_POINT ( 'NONE', #5932 ) ;
#9340 = LINE ( 'NONE', #10405, #3834 ) ;
#9341 = EDGE_CURVE ( 'NONE', #7610, #7894, #1760, .T. ) ;
#9342 = VECTOR ( 'NONE', #348, 1000.000000000000000 ) ;
#9343 = ORIENTED_EDGE ( 'NONE', *, *, #8223, .T. ) ;
#9344 = DIRECTION ( 'NONE',  ( 0.000000000000000000, 0.000000000000000000, 1.000000000000000000 ) ) ;
#9345 = DIRECTION ( 'NONE',  ( -0.000000000000000000, 1.000000000000000000, -0.000000000000000000 ) ) ;
#9346 = PLANE ( 'NONE',  #10138 ) ;
#9347 = EDGE_CURVE ( 'NONE', #2372, #10314, #5060, .T. ) ;
#9348 = EDGE_CURVE ( 'NONE', #5238, #9165, #138, .T. ) ;
#9349 = CARTESIAN_POINT ( 'NONE',  ( 3.549999999999999822, 0.8000000000000000444, -3.199777700366559952 ) ) ;
#9350 = ORIENTED_EDGE ( 'NONE', *, *, #661, .T. ) ;
#9351 = LINE ( 'NONE', #3528, #8426 ) ;
#9352 = VECTOR ( 'NONE', #7787, 1000.000000000000000 ) ;
#9353 = CARTESIAN_POINT ( 'NONE',  ( -6.450000000000000178, 0.000000000000000000, -0.3499999999999999778 ) ) ;
#9354 = ADVANCED_FACE ( 'NONE', ( #6755 ), #3491, .T. ) ;
#9355 = CARTESIAN_POINT ( 'NONE',  ( 1.925000000000000044, -4.775000000000000355, 31.88557667661039829 ) ) ;
#9356 = EDGE_LOOP ( 'NONE', ( #2998, #3074, #5014, #9091 ) ) ;
#9357 = CARTESIAN_POINT ( 'NONE',  ( -4.000000000000000000, -2.815888994540020285, -1.350000000000000089 ) ) ;
#9358 = VECTOR ( 'NONE', #5261, 1000.000000000000000 ) ;
#9359 = DIRECTION ( 'NONE',  ( 0.000000000000000000, 0.000000000000000000, 1.000000000000000000 ) ) ;
#9360 = VERTEX_POINT ( 'NONE', #10130 ) ;
#9361 = ORIENTED_EDGE ( 'NONE', *, *, #5097, .F. ) ;
#9362 = DIRECTION ( 'NONE',  ( 0.000000000000000000, 3.576749435003730024E-16, 1.000000000000000000 ) ) ;
#9363 = ORIENTED_EDGE ( 'NONE', *, *, #4465, .T. ) ;
#9364 = LINE ( 'NONE', #402, #10422 ) ;
#9365 = PRESENTATION_LAYER_ASSIGNMENT (  '', '', ( #2762 ) ) ;
#9366 = DIRECTION ( 'NONE',  ( -0.000000000000000000, 0.000000000000000000, 1.000000000000000000 ) ) ;
#9367 = ADVANCED_FACE ( 'NONE', ( #2625 ), #301, .F. ) ;
#9368 = EDGE_CURVE ( 'NONE', #5846, #3329, #6969, .T. ) ;
#9369 = DIRECTION ( 'NONE',  ( 0.000000000000000000, 1.000000000000000000, -0.000000000000000000 ) ) ;
#9370 = DIRECTION ( 'NONE',  ( -0.000000000000000000, -0.1394778421021800052, -0.9902251923489521213 ) ) ;
#9371 = CARTESIAN_POINT ( 'NONE',  ( 1.177970399875732710, 3.398223229518615440, 4.385129581707392532 ) ) ;
#9372 = VERTEX_POINT ( 'NONE', #7078 ) ;
#9373 = DIRECTION ( 'NONE',  ( 0.000000000000000000, 0.000000000000000000, 1.000000000000000000 ) ) ;
#9374 = AXIS2_PLACEMENT_3D ( 'NONE', #1916, #140, #1167 ) ;
#9375 = EDGE_LOOP ( 'NONE', ( #8054, #9169 ) ) ;
#9376 = DIRECTION ( 'NONE',  ( 1.000000000000000000, 0.000000000000000000, -0.000000000000000000 ) ) ;
#9377 = ORIENTED_EDGE ( 'NONE', *, *, #2300, .F. ) ;
#9378 = CARTESIAN_POINT ( 'NONE',  ( -8.750000000000000000, -6.450000000000000178, 13.00000000000000178 ) ) ;
#9379 = ORIENTED_EDGE ( 'NONE', *, *, #9005, .T. ) ;
#9380 = AXIS2_PLACEMENT_3D ( 'NONE', #1278, #2741, #8836 ) ;
#9381 = CARTESIAN_POINT ( 'NONE',  ( -7.500000000000000000, -0.5000000000000000000, -0.9499999999999999556 ) ) ;
#9382 = ORIENTED_EDGE ( 'NONE', *, *, #9335, .T. ) ;
#9383 = ORIENTED_EDGE ( 'NONE', *, *, #2124, .F. ) ;
#9384 = LINE ( 'NONE', #1932, #5997 ) ;
#9385 = DIRECTION ( 'NONE',  ( 1.000000000000000000, 0.000000000000000000, -0.000000000000000000 ) ) ;
#9386 = CLOSED_SHELL ( 'NONE', ( #2047, #9490, #4500, #3654, #3918, #980, #8961, #9235, #2035, #7885, #8250, #9150, #6717, #8262, #10268, #5931, #7847, #181, #9591, #9109, #1699, #5509, #2819, #6218, #9793, #3500, #4602, #2759, #8101, #9367, #9733, #9161, #4366, #6523, #8495, #918, #1110, #3849, #3065, #8714, #8154, #7713, #8001, #4527, #2306, #5971, #4938, #5868, #7380, #3227, #260, #1270, #2194, #4423, #10165, #1674, #4411, #4204, #8161, #3032, #6886, #3302, #5338, #6499, #4424, #4575, #5616, #170, #8251, #9855, #1796, #7559, #6676, #6888, #8219, #9877, #1239, #5286, #9011, #2919, #1714, #7940, #5148, #8662, #9766, #9971, #8505, #9354, #5336, #9555, #9236, #10634, #3146, #4035, #9576, #196, #4331, #5674, #7414, #10219, #381, #1759, #9933, #9290, #6075, #728, #2838, #4807, #6639, #9278, #10256, #10371, #9175, #6677, #4082, #4312, #2183, #1140, #10678, #6189, #8875, #3095, #2126, #6197, #3787, #7692, #8017, #7844, #9716, #6444, #9742, #3363, #3740, #3557, #4838, #7823, #346, #4396, #10008, #7797, #10234, #188, #10486, #3619, #5361, #7626, #1431, #4941, #2401, #9539, #2327, #3611, #581, #4170, #273, #458, #7803, #4619, #7751, #4975, #10525, #7912, #6834, #2699, #1255, #9927, #7884, #2216, #4311, #4784, #2508, #9261, #10324, #8357, #4283, #10069, #15, #1662, #2339, #10211, #6577, #3036, #5840, #7225, #4702, #1308, #518, #10271, #1187, #5867, #5135, #9562, #2727, #2195, #3415, #10462, #4674, #8519, #6307, #805, #742, #6848, #1756, #3121, #1439, #10635, #8288, #5071 ) ) ;
#9387 = FACE_OUTER_BOUND ( 'NONE', #1587, .T. ) ;
#9388 = DIRECTION ( 'NONE',  ( -0.000000000000000000, -0.000000000000000000, 1.000000000000000000 ) ) ;
#9389 = CARTESIAN_POINT ( 'NONE',  ( -3.100000000000000533, -3.975000000000000089, 1.899999999999999911 ) ) ;
#9390 = ORIENTED_EDGE ( 'NONE', *, *, #3293, .F. ) ;
#9391 = EDGE_CURVE ( 'NONE', #6083, #2966, #8013, .T. ) ;
#9392 = ORIENTED_EDGE ( 'NONE', *, *, #1072, .F. ) ;
#9393 = DIRECTION ( 'NONE',  ( 0.000000000000000000, -1.000000000000000000, 3.576749435003730024E-16 ) ) ;
#9394 = CARTESIAN_POINT ( 'NONE',  ( 0.03866102748642403358, 2.111913995072362216, 4.327531212125443894 ) ) ;
#9395 = CARTESIAN_POINT ( 'NONE',  ( -3.100000000000000533, 1.199999999999999956, 31.88557667661039829 ) ) ;
#9396 = CARTESIAN_POINT ( 'NONE',  ( -6.900000000000000355, 6.339999999999999858, 10.00000000000000000 ) ) ;
#9397 = VERTEX_POINT ( 'NONE', #3649 ) ;
#9398 = VECTOR ( 'NONE', #6124, 1000.000000000000000 ) ;
#9399 = LINE ( 'NONE', #1894, #10321 ) ;
#9400 = EDGE_CURVE ( 'NONE', #9258, #8353, #3060, .T. ) ;
#9401 = CARTESIAN_POINT ( 'NONE',  ( -1.500000000000000000, 8.985357054628929168E-16, 41.22500000000000142 ) ) ;
#9402 = EDGE_CURVE ( 'NONE', #5171, #10421, #6149, .T. ) ;
#9403 = SHAPE_REPRESENTATION ( 'contact pins', ( #8177 ), #4679 ) ;
#9404 = PLANE ( 'NONE',  #10650 ) ;
#9405 = AXIS2_PLACEMENT_3D ( 'NONE', #438, #7058, #549 ) ;
#9406 = CARTESIAN_POINT ( 'NONE',  ( 9.400000000000002132, -31.38557667661039829, -2.500000000000000000 ) ) ;
#9407 = ORIENTED_EDGE ( 'NONE', *, *, #206, .F. ) ;
#9408 = DIRECTION ( 'NONE',  ( 0.000000000000000000, -1.000000000000000000, -0.000000000000000000 ) ) ;
#9409 = DIRECTION ( 'NONE',  ( 0.000000000000000000, 3.996802888650563546E-14, -1.000000000000000000 ) ) ;
#9410 = CARTESIAN_POINT ( 'NONE',  ( 6.400000000000000355, -1.199999999999999956, 31.88557667661039829 ) ) ;
#9411 = EDGE_LOOP ( 'NONE', ( #6783, #9648, #7469, #6055, #1535, #5851, #9752, #7211, #8073, #10423, #3082, #2867, #10617, #10636 ) ) ;
#9412 = CARTESIAN_POINT ( 'NONE',  ( 8.074999999999999289, -4.775000000000000355, 0.000000000000000000 ) ) ;
#9413 = ORIENTED_EDGE ( 'NONE', *, *, #6103, .T. ) ;
#9414 = DIRECTION ( 'NONE',  ( -1.000000000000000000, -0.000000000000000000, 0.000000000000000000 ) ) ;
#9415 = ORIENTED_EDGE ( 'NONE', *, *, #4218, .T. ) ;
#9416 = EDGE_CURVE ( 'NONE', #10711, #9571, #1369, .T. ) ;
#9417 = VECTOR ( 'NONE', #104, 1000.000000000000000 ) ;
#9418 = CARTESIAN_POINT ( 'NONE',  ( 3.549999999999999822, 0.000000000000000000, -3.199777700366559952 ) ) ;
#9419 = EDGE_CURVE ( 'NONE', #5087, #5269, #7613, .T. ) ;
#9420 = CARTESIAN_POINT ( 'NONE',  ( -4.650000000000000355, 7.529940238806680064, -1.350000000000000089 ) ) ;
#9421 = CARTESIAN_POINT ( 'NONE',  ( -31.38557667661039829, 6.250000000000000000, 0.000000000000000000 ) ) ;
#9422 = DIRECTION ( 'NONE',  ( 0.3294216623000930655, 0.000000000000000000, 0.9441829104614440915 ) ) ;
#9423 = AXIS2_PLACEMENT_3D ( 'NONE', #1853, #9251, #1746 ) ;
#9424 = CARTESIAN_POINT ( 'NONE',  ( -2.000000000000000000, -2.200000000000000178, 0.000000000000000000 ) ) ;
#9425 = CARTESIAN_POINT ( 'NONE',  ( 0.9984000626696927227, 4.084007985643923533, 4.454897391503263471 ) ) ;
#9426 = VECTOR ( 'NONE', #5917, 1000.000000000000000 ) ;
#9427 = ORIENTED_EDGE ( 'NONE', *, *, #1595, .T. ) ;
#9428 = ORIENTED_EDGE ( 'NONE', *, *, #1706, .F. ) ;
#9429 = ORIENTED_EDGE ( 'NONE', *, *, #6053, .F. ) ;
#9430 = LINE ( 'NONE', #4571, #3466 ) ;
#9431 = EDGE_CURVE ( 'NONE', #1812, #9841, #10343, .T. ) ;
#9432 = VERTEX_POINT ( 'NONE', #2247 ) ;
#9433 = VECTOR ( 'NONE', #47, 1000.000000000000000 ) ;
#9434 = VECTOR ( 'NONE', #757, 1000.000000000000000 ) ;
#9435 = CARTESIAN_POINT ( 'NONE',  ( 1.925000000000000044, 3.975000000000000089, 31.88557667661039829 ) ) ;
#9436 = DIRECTION ( 'NONE',  ( 2.168404344971010347E-16, 0.000000000000000000, -1.000000000000000000 ) ) ;
#9437 = ORIENTED_EDGE ( 'NONE', *, *, #5000, .T. ) ;
#9438 = AXIS2_PLACEMENT_3D ( 'NONE', #10384, #7947, #8654 ) ;
#9439 = ORIENTED_EDGE ( 'NONE', *, *, #4873, .T. ) ;
#9440 = CARTESIAN_POINT ( 'NONE',  ( 3.100000000000000533, 0.5000000000000000000, -0.9499999999999998446 ) ) ;
#9441 = DIRECTION ( 'NONE',  ( -0.000000000000000000, 1.000000000000000000, -0.000000000000000000 ) ) ;
#9442 = AXIS2_PLACEMENT_3D ( 'NONE', #4890, #3322, #6635 ) ;
#9443 = CARTESIAN_POINT ( 'NONE',  ( 6.049999999999999822, -1.199999999999999956, 1.899999999999999911 ) ) ;
#9444 = DIRECTION ( 'NONE',  ( 0.000000000000000000, -0.000000000000000000, -1.000000000000000000 ) ) ;
#9445 = DIRECTION ( 'NONE',  ( 0.3294216623000930655, -0.000000000000000000, -0.9441829104614440915 ) ) ;
#9446 = EDGE_CURVE ( 'NONE', #686, #8408, #9529, .T. ) ;
#9447 = ORIENTED_EDGE ( 'NONE', *, *, #8985, .T. ) ;
#9448 = STYLED_ITEM ( 'NONE', ( #7991 ), #5426 ) ;
#9449 = EDGE_LOOP ( 'NONE', ( #7987, #2207, #3406, #10605 ) ) ;
#9450 = PLANE ( 'NONE',  #1959 ) ;
#9451 = CARTESIAN_POINT ( 'NONE',  ( 0.9241190810923856080, 2.363828391811392038, 4.348038789349794264 ) ) ;
#9452 = CARTESIAN_POINT ( 'NONE',  ( -0.5749999999999999556, 5.349999999999999645, 15.00000000000000000 ) ) ;
#9453 = PLANE ( 'NONE',  #2289 ) ;
#9454 = VECTOR ( 'NONE', #3831, 1000.000000000000000 ) ;
#9455 = ORIENTED_EDGE ( 'NONE', *, *, #3486, .F. ) ;
#9456 = UNCERTAINTY_MEASURE_WITH_UNIT (LENGTH_MEASURE( 1.000000000000000082E-05 ), #2721, 'distance_accuracy_value', 'NONE');
#9457 = LINE ( 'NONE', #281, #7900 ) ;
#9458 = LINE ( 'NONE', #1305, #4179 ) ;
#9459 = CARTESIAN_POINT ( 'NONE',  ( -8.750000000000000000, -6.349999999999999645, 13.00000000000000178 ) ) ;
#9460 = CARTESIAN_POINT ( 'NONE',  ( -7.485714285714290206, -0.5000000000000027756, -3.499999999999999556 ) ) ;
#9461 = ORIENTED_EDGE ( 'NONE', *, *, #2947, .T. ) ;
#9462 = LINE ( 'NONE', #2063, #4918 ) ;
#9463 = EDGE_CURVE ( 'NONE', #5017, #8724, #6256, .T. ) ;
#9464 = EDGE_CURVE ( 'NONE', #6585, #7748, #7133, .T. ) ;
#9465 = LINE ( 'NONE', #6797, #3016 ) ;
#9466 = ORIENTED_EDGE ( 'NONE', *, *, #1730, .F. ) ;
#9467 = LINE ( 'NONE', #2580, #2976 ) ;
#9468 = ORIENTED_EDGE ( 'NONE', *, *, #649, .F. ) ;
#9469 = CARTESIAN_POINT ( 'NONE',  ( -9.500000000000000000, -6.349999999999999645, 10.50000000000000000 ) ) ;
#9470 = EDGE_CURVE ( 'NONE', #8336, #8418, #4509, .T. ) ;
#9471 = ORIENTED_EDGE ( 'NONE', *, *, #9156, .F. ) ;
#9472 = CIRCLE ( 'NONE', #4943, 0.4000000000000001887 ) ;
#9473 = CARTESIAN_POINT ( 'NONE',  ( 0.5749999999999999556, 5.349999999999999645, 2.500000000000000000 ) ) ;
#9474 = CARTESIAN_POINT ( 'NONE',  ( -9.674497472730669401, -3.000000000000000000, 12.39604540319700021 ) ) ;
#9475 = DIRECTION ( 'NONE',  ( -0.000000000000000000, -1.000000000000000000, 0.000000000000000000 ) ) ;
#9476 = CARTESIAN_POINT ( 'NONE',  ( -1.000000000000000000, -6.349999999999999645, 12.00000000000000000 ) ) ;
#9477 = EDGE_CURVE ( 'NONE', #7802, #10631, #3707, .T. ) ;
#9478 = VECTOR ( 'NONE', #6056, 1000.000000000000114 ) ;
#9479 = CARTESIAN_POINT ( 'NONE',  ( -5.450000000000000178, 1.714505518806294391E-16, -1.750000000000000000 ) ) ;
#9480 = DIRECTION ( 'NONE',  ( 0.000000000000000000, 0.000000000000000000, 1.000000000000000000 ) ) ;
#9481 = ORIENTED_EDGE ( 'NONE', *, *, #1843, .T. ) ;
#9482 = EDGE_LOOP ( 'NONE', ( #6206, #738 ) ) ;
#9483 = EDGE_CURVE ( 'NONE', #7257, #6551, #6200, .T. ) ;
#9484 = EDGE_CURVE ( 'NONE', #4046, #6844, #8069, .T. ) ;
#9485 = ORIENTED_EDGE ( 'NONE', *, *, #4589, .T. ) ;
#9486 = CARTESIAN_POINT ( 'NONE',  ( 0.000000000000000000, -0.5000000000000000000, 2.500000000000000000 ) ) ;
#9487 = ORIENTED_EDGE ( 'NONE', *, *, #9402, .T. ) ;
#9488 = PLANE ( 'NONE',  #9778 ) ;
#9489 = ORIENTED_EDGE ( 'NONE', *, *, #8090, .T. ) ;
#9490 = ADVANCED_FACE ( 'NONE', ( #2894 ), #1268, .F. ) ;
#9491 = LINE ( 'NONE', #364, #1045 ) ;
#9492 = ORIENTED_EDGE ( 'NONE', *, *, #2020, .T. ) ;
#9493 =( GEOMETRIC_REPRESENTATION_CONTEXT ( 3 ) GLOBAL_UNCERTAINTY_ASSIGNED_CONTEXT ( ( #4541 ) ) GLOBAL_UNIT_ASSIGNED_CONTEXT ( ( #2426, #1399, #9063 ) ) REPRESENTATION_CONTEXT ( 'NONE', 'WORKASPACE' ) );
#9494 = ORIENTED_EDGE ( 'NONE', *, *, #489, .F. ) ;
#9495 = DIRECTION ( 'NONE',  ( -0.9441829104614442025, 0.000000000000000000, -0.3294216623000931210 ) ) ;
#9496 = LINE ( 'NONE', #2913, #7855 ) ;
#9497 = CARTESIAN_POINT ( 'NONE',  ( 0.000000000000000000, -7.500000000000000000, 12.00000000000000000 ) ) ;
#9498 = CARTESIAN_POINT ( 'NONE',  ( -9.500000000000000000, 6.349999999999999645, 5.000000000000000888 ) ) ;
#9499 = DIRECTION ( 'NONE',  ( 0.000000000000000000, 0.000000000000000000, 1.000000000000000000 ) ) ;
#9500 = VERTEX_POINT ( 'NONE', #4672 ) ;
#9501 = ADVANCED_FACE ( 'NONE', ( #6319 ), #1378, .T. ) ;
#9502 = EDGE_CURVE ( 'NONE', #898, #2855, #5819, .T. ) ;
#9503 = VERTEX_POINT ( 'NONE', #8279 ) ;
#9504 = LINE ( 'NONE', #10482, #10300 ) ;
#9505 = CARTESIAN_POINT ( 'NONE',  ( 1.499709536884419991, 3.617160020231450002, 4.354282542756338970 ) ) ;
#9506 = CARTESIAN_POINT ( 'NONE',  ( -1.389389038517018671, 2.892516678983104050, 4.391102971334769123 ) ) ;
#9507 = CARTESIAN_POINT ( 'NONE',  ( 8.000000000000000000, -0.5000000000000000000, 1.399999999999999911 ) ) ;
#9508 = ORIENTED_EDGE ( 'NONE', *, *, #4756, .F. ) ;
#9509 = DIRECTION ( 'NONE',  ( 1.000000000000000000, -0.000000000000000000, -0.000000000000000000 ) ) ;
#9510 = CARTESIAN_POINT ( 'NONE',  ( -1.000000000000000000, -6.450000000000000178, 10.50000000000000000 ) ) ;
#9511 = VECTOR ( 'NONE', #7433, 1000.000000000000000 ) ;
#9512 = CARTESIAN_POINT ( 'NONE',  ( -8.000000000000000000, 3.975000000000000089, 1.399999999999999911 ) ) ;
#9513 = DIRECTION ( 'NONE',  ( -0.000000000000000000, 1.000000000000000000, 0.000000000000000000 ) ) ;
#9514 = VERTEX_POINT ( 'NONE', #19 ) ;
#9515 = CARTESIAN_POINT ( 'NONE',  ( -10.41980543215949950, 3.000000000000000000, 9.343524243637009619 ) ) ;
#9516 = DIRECTION ( 'NONE',  ( 1.000000000000000000, 0.000000000000000000, 0.000000000000000000 ) ) ;
#9517 = DIRECTION ( 'NONE',  ( 0.000000000000000000, -3.576749435003730024E-16, -1.000000000000000000 ) ) ;
#9518 = ORIENTED_EDGE ( 'NONE', *, *, #10255, .F. ) ;
#9519 = CARTESIAN_POINT ( 'NONE',  ( 1.500257396573350110, 3.473851937016708469, 4.342599906732710124 ) ) ;
#9520 = VERTEX_POINT ( 'NONE', #3163 ) ;
#9521 = VECTOR ( 'NONE', #10745, 1000.000000000000000 ) ;
#9522 = PLANE ( 'NONE',  #3239 ) ;
#9523 = VERTEX_POINT ( 'NONE', #731 ) ;
#9524 = LINE ( 'NONE', #2071, #4467 ) ;
#9525 = CARTESIAN_POINT ( 'NONE',  ( 7.500000000000000000, 2.200000000000000178, -0.9499999999999999556 ) ) ;
#9526 = DIRECTION ( 'NONE',  ( 1.000000000000000000, 2.431855340154410242E-16, -8.698137213908060106E-32 ) ) ;
#9527 = VECTOR ( 'NONE', #8560, 1000.000000000000000 ) ;
#9528 = EDGE_CURVE ( 'NONE', #4801, #8298, #10220, .T. ) ;
#9529 = LINE ( 'NONE', #8666, #9010 ) ;
#9530 = LINE ( 'NONE', #2248, #601 ) ;
#9531 = CARTESIAN_POINT ( 'NONE',  ( 0.5749999999999990674, 5.349999999999999645, 1.399999999999999911 ) ) ;
#9532 = ORIENTED_EDGE ( 'NONE', *, *, #10661, .T. ) ;
#9533 = EDGE_LOOP ( 'NONE', ( #5025, #4120, #7350, #1029 ) ) ;
#9534 = CARTESIAN_POINT ( 'NONE',  ( 0.000000000000000000, 0.000000000000000000, -7.724777700366559863 ) ) ;
#9535 = ORIENTED_EDGE ( 'NONE', *, *, #10142, .T. ) ;
#9536 = CARTESIAN_POINT ( 'NONE',  ( -8.750000000000000000, -6.349999999999999645, 10.50000000000000000 ) ) ;
#9537 = VECTOR ( 'NONE', #3377, 1000.000000000000000 ) ;
#9538 = ORIENTED_EDGE ( 'NONE', *, *, #5303, .F. ) ;
#9539 = ADVANCED_FACE ( 'NONE', ( #1480 ), #2457, .T. ) ;
#9540 = CARTESIAN_POINT ( 'NONE',  ( 3.100000000000000533, 3.975000000000000089, 1.899999999999999911 ) ) ;
#9541 = EDGE_CURVE ( 'NONE', #8353, #5769, #3321, .T. ) ;
#9542 = DIRECTION ( 'NONE',  ( 0.000000000000000000, -1.000000000000000000, 3.576749435003730024E-16 ) ) ;
#9543 = ORIENTED_EDGE ( 'NONE', *, *, #6932, .T. ) ;
#9544 = AXIS2_PLACEMENT_3D ( 'NONE', #9085, #7442, #1625 ) ;
#9545 = LINE ( 'NONE', #2091, #6580 ) ;
#9546 = ORIENTED_EDGE ( 'NONE', *, *, #9483, .T. ) ;
#9547 = EDGE_LOOP ( 'NONE', ( #5681, #1240, #280, #2922 ) ) ;
#9548 = CARTESIAN_POINT ( 'NONE',  ( 9.500000000000000000, 6.349999999999999645, 10.50000000000000000 ) ) ;
#9549 = CARTESIAN_POINT ( 'NONE',  ( 6.049999999999999822, 1.199999999999999956, 1.899999999999999911 ) ) ;
#9550 = PLANE ( 'NONE',  #5690 ) ;
#9551 = DIRECTION ( 'NONE',  ( 1.000000000000000000, 0.000000000000000000, -0.000000000000000000 ) ) ;
#9552 = LINE ( 'NONE', #2099, #8112 ) ;
#9553 = AXIS2_PLACEMENT_3D ( 'NONE', #6210, #7034, #5232 ) ;
#9554 = ORIENTED_EDGE ( 'NONE', *, *, #9291, .F. ) ;
#9555 = ADVANCED_FACE ( 'NONE', ( #6526 ), #7455, .F. ) ;
#9556 = VECTOR ( 'NONE', #3639, 1000.000000000000000 ) ;
#9557 = ORIENTED_EDGE ( 'NONE', *, *, #9005, .F. ) ;
#9558 = CARTESIAN_POINT ( 'NONE',  ( -8.000000000000000000, 5.349999999999999645, 15.00000000000000000 ) ) ;
#9559 = CARTESIAN_POINT ( 'NONE',  ( 0.000000000000000000, 0.000000000000000000, -0.5000000000000000000 ) ) ;
#9560 = VERTEX_POINT ( 'NONE', #2512 ) ;
#9561 = FACE_OUTER_BOUND ( 'NONE', #5123, .T. ) ;
#9562 = ADVANCED_FACE ( 'NONE', ( #3268 ), #838, .T. ) ;
#9563 = EDGE_CURVE ( 'NONE', #7201, #1009, #10613, .T. ) ;
#9564 = VECTOR ( 'NONE', #10100, 1000.000000000000000 ) ;
#9565 = DIRECTION ( 'NONE',  ( 0.000000000000000000, -0.000000000000000000, 1.000000000000000000 ) ) ;
#9566 = CARTESIAN_POINT ( 'NONE',  ( 8.074999999999999289, -4.775000000000000355, 15.00000000000000000 ) ) ;
#9567 = EDGE_LOOP ( 'NONE', ( #1708, #6771, #2082, #102 ) ) ;
#9568 = DIRECTION ( 'NONE',  ( 0.3294216623000923438, 0.000000000000000000, -0.9441829104614443136 ) ) ;
#9569 = DIRECTION ( 'NONE',  ( 0.000000000000000000, 0.000000000000000000, 1.000000000000000000 ) ) ;
#9570 = VECTOR ( 'NONE', #5590, 1000.000000000000000 ) ;
#9571 = VERTEX_POINT ( 'NONE', #9152 ) ;
#9572 = ORIENTED_EDGE ( 'NONE', *, *, #325, .T. ) ;
#9573 = PLANE ( 'NONE',  #1003 ) ;
#9574 = ORIENTED_EDGE ( 'NONE', *, *, #1525, .T. ) ;
#9575 = CARTESIAN_POINT ( 'NONE',  ( -8.000000000000000000, 0.5000000000000000000, 7.700000000000000178 ) ) ;
#9576 = ADVANCED_FACE ( 'NONE', ( #1584 ), #2405, .T. ) ;
#9577 = EDGE_CURVE ( 'NONE', #4501, #3399, #1691, .T. ) ;
#9578 = CARTESIAN_POINT ( 'NONE',  ( -0.9266503225261480958, 4.638921010782627974, 4.437656264513294424 ) ) ;
#9579 = VECTOR ( 'NONE', #158, 1000.000000000000000 ) ;
#9580 = FACE_OUTER_BOUND ( 'NONE', #8639, .T. ) ;
#9581 = DIRECTION ( 'NONE',  ( -0.000000000000000000, 0.000000000000000000, -1.000000000000000000 ) ) ;
#9582 = CARTESIAN_POINT ( 'NONE',  ( 4.000000000000000000, 5.750000000000000000, 3.283227176369309941 ) ) ;
#9583 = LINE ( 'NONE', #466, #9205 ) ;
#9584 = CARTESIAN_POINT ( 'NONE',  ( 0.000000000000000000, 6.349999999999999645, 13.00000000000000178 ) ) ;
#9585 = ORIENTED_EDGE ( 'NONE', *, *, #4783, .T. ) ;
#9586 = EDGE_CURVE ( 'NONE', #3552, #7471, #4655, .T. ) ;
#9587 = ORIENTED_EDGE ( 'NONE', *, *, #6576, .F. ) ;
#9588 = CARTESIAN_POINT ( 'NONE',  ( -6.049999999999999822, 3.975000000000000089, 1.899999999999999023 ) ) ;
#9589 = VECTOR ( 'NONE', #6613, 1000.000000000000000 ) ;
#9590 = ORIENTED_EDGE ( 'NONE', *, *, #5255, .F. ) ;
#9591 = ADVANCED_FACE ( 'NONE', ( #7401 ), #8937, .T. ) ;
#9592 = ORIENTED_EDGE ( 'NONE', *, *, #113, .F. ) ;
#9593 = LINE ( 'NONE', #9540, #1075 ) ;
#9594 = AXIS2_PLACEMENT_3D ( 'NONE', #7279, #4876, #3910 ) ;
#9595 = AXIS2_PLACEMENT_3D ( 'NONE', #837, #3581, #6739 ) ;
#9596 = CARTESIAN_POINT ( 'NONE',  ( 0.000000000000000000, -5.349999999999999645, 2.500000000000001776 ) ) ;
#9597 = VERTEX_POINT ( 'NONE', #6473 ) ;
#9598 = LINE ( 'NONE', #2149, #699 ) ;
#9599 = VERTEX_POINT ( 'NONE', #9795 ) ;
#9600 = CARTESIAN_POINT ( 'NONE',  ( 0.000000000000000000, 0.8000000000000000444, -0.5000000000000000000 ) ) ;
#9601 = ORIENTED_EDGE ( 'NONE', *, *, #6616, .F. ) ;
#9602 = PLANE ( 'NONE',  #112 ) ;
#9603 = DIRECTION ( 'NONE',  ( 0.000000000000000000, 0.000000000000000000, 1.000000000000000000 ) ) ;
#9604 = CARTESIAN_POINT ( 'NONE',  ( -2.707541993964410310, 0.8000000000000000444, -3.399777700366561017 ) ) ;
#9605 = DIRECTION ( 'NONE',  ( 0.000000000000000000, 1.000000000000000000, 0.000000000000000000 ) ) ;
#9606 = LINE ( 'NONE', #3672, #3414 ) ;
#9607 = VECTOR ( 'NONE', #4811, 1000.000000000000000 ) ;
#9608 = AXIS2_PLACEMENT_3D ( 'NONE', #5129, #5339, #7799 ) ;
#9609 = EDGE_CURVE ( 'NONE', #2359, #8191, #2355, .T. ) ;
#9610 = ORIENTED_EDGE ( 'NONE', *, *, #7341, .T. ) ;
#9611 = VECTOR ( 'NONE', #9000, 1000.000000000000000 ) ;
#9612 = ORIENTED_EDGE ( 'NONE', *, *, #1595, .F. ) ;
#9613 = DIRECTION ( 'NONE',  ( -1.000000000000000000, -0.000000000000000000, 0.000000000000000000 ) ) ;
#9614 = EDGE_CURVE ( 'NONE', #546, #2887, #5920, .T. ) ;
#9615 =( NAMED_UNIT ( * ) PLANE_ANGLE_UNIT ( ) SI_UNIT ( $, .RADIAN. ) );
#9616 = SURFACE_STYLE_FILL_AREA ( #10319 ) ;
#9617 = CARTESIAN_POINT ( 'NONE',  ( 1.999999999999999556, 2.200000000000000178, 0.000000000000000000 ) ) ;
#9618 = EDGE_CURVE ( 'NONE', #8747, #3763, #9305, .T. ) ;
#9619 = EDGE_CURVE ( 'NONE', #818, #10202, #5155, .T. ) ;
#9620 = CARTESIAN_POINT ( 'NONE',  ( 0.000000000000000000, 6.795823926507079847E-16, 1.899999999999999911 ) ) ;
#9621 = AXIS2_PLACEMENT_3D ( 'NONE', #330, #4227, #3420 ) ;
#9622 = VECTOR ( 'NONE', #8497, 1000.000000000000114 ) ;
#9623 = CARTESIAN_POINT ( 'NONE',  ( 0.8125025262679640425, 2.739919489290676857, 4.282791319821349418 ) ) ;
#9624 = DIRECTION ( 'NONE',  ( 0.9441829104614438695, 0.000000000000000000, -0.3294216623000940092 ) ) ;
#9625 = ORIENTED_EDGE ( 'NONE', *, *, #6938, .F. ) ;
#9626 = DIRECTION ( 'NONE',  ( -1.000000000000000000, 0.000000000000000000, 0.000000000000000000 ) ) ;
#9627 = EDGE_CURVE ( 'NONE', #7943, #8911, #3480, .T. ) ;
#9628 = CARTESIAN_POINT ( 'NONE',  ( -9.500000000000000000, -6.349999999999999645, 13.00000000000000178 ) ) ;
#9629 = DIRECTION ( 'NONE',  ( 1.000000000000000000, -0.000000000000000000, 0.000000000000000000 ) ) ;
#9630 = EDGE_LOOP ( 'NONE', ( #3795, #8102, #8982, #5713 ) ) ;
#9631 = CARTESIAN_POINT ( 'NONE',  ( 0.000000000000000000, -1.199999999999999956, -0.9499999999999999556 ) ) ;
#9632 = ORIENTED_EDGE ( 'NONE', *, *, #10153, .T. ) ;
#9633 = DIRECTION ( 'NONE',  ( -2.168404344971010347E-16, 0.000000000000000000, -1.000000000000000000 ) ) ;
#9634 = ORIENTED_EDGE ( 'NONE', *, *, #1865, .F. ) ;
#9635 = CARTESIAN_POINT ( 'NONE',  ( 1.699999999999999734, 6.450000000000000178, 13.00000000000000178 ) ) ;
#9636 = CARTESIAN_POINT ( 'NONE',  ( -8.000000000000000000, -0.5000000000000000000, 1.399999999999999911 ) ) ;
#9637 = VECTOR ( 'NONE', #7256, 1000.000000000000000 ) ;
#9638 = DIRECTION ( 'NONE',  ( -1.000000000000000000, 0.000000000000000000, 0.000000000000000000 ) ) ;
#9639 = FILL_AREA_STYLE_COLOUR ( '', #2237 ) ;
#9640 = FACE_OUTER_BOUND ( 'NONE', #1493, .T. ) ;
#9641 = EDGE_CURVE ( 'NONE', #7074, #4029, #9704, .T. ) ;
#9642 = DIRECTION ( 'NONE',  ( 0.000000000000000000, 3.576749435003730024E-16, 1.000000000000000000 ) ) ;
#9643 = EDGE_CURVE ( 'NONE', #6179, #2046, #4338, .T. ) ;
#9644 = ORIENTED_EDGE ( 'NONE', *, *, #3963, .F. ) ;
#9645 = AXIS2_PLACEMENT_3D ( 'NONE', #5402, #9495, #7043 ) ;
#9646 = ORIENTED_EDGE ( 'NONE', *, *, #2448, .F. ) ;
#9647 = CARTESIAN_POINT ( 'NONE',  ( 9.674497472730669401, -3.000000000000000000, 12.39604540319700021 ) ) ;
#9648 = ORIENTED_EDGE ( 'NONE', *, *, #3389, .F. ) ;
#9649 = PRESENTATION_STYLE_ASSIGNMENT (( #8077 ) ) ;
#9650 = VERTEX_POINT ( 'NONE', #7508 ) ;
#9651 = LINE ( 'NONE', #8479, #375 ) ;
#9652 = VECTOR ( 'NONE', #1658, 1000.000000000000000 ) ;
#9653 = DIRECTION ( 'NONE',  ( -1.000000000000000000, -0.000000000000000000, 0.000000000000000000 ) ) ;
#9654 = VERTEX_POINT ( 'NONE', #5104 ) ;
#9655 = LINE ( 'NONE', #6707, #9026 ) ;
#9656 = ORIENTED_EDGE ( 'NONE', *, *, #6576, .T. ) ;
#9657 = LINE ( 'NONE', #9812, #98 ) ;
#9658 = ORIENTED_EDGE ( 'NONE', *, *, #5191, .T. ) ;
#9659 = LINE ( 'NONE', #8087, #9823 ) ;
#9660 = CARTESIAN_POINT ( 'NONE',  ( 1.700000000000000178, -6.349999999999999645, 13.00000000000000178 ) ) ;
#9661 = AXIS2_PLACEMENT_3D ( 'NONE', #10175, #2726, #9256 ) ;
#9662 = ORIENTED_EDGE ( 'NONE', *, *, #10434, .F. ) ;
#9663 = EDGE_CURVE ( 'NONE', #2085, #8180, #6024, .T. ) ;
#9664 = ORIENTED_EDGE ( 'NONE', *, *, #9563, .T. ) ;
#9665 = CARTESIAN_POINT ( 'NONE',  ( 9.399999999999998579, -0.5000000000000014433, -1.445602896647339163E-16 ) ) ;
#9666 = CARTESIAN_POINT ( 'NONE',  ( 1.042580572369750103, 4.566030830744479907, 4.431650275526078708 ) ) ;
#9667 = CARTESIAN_POINT ( 'NONE',  ( -1.100669353553888730, 4.501512674802254921, 4.522260563828099045 ) ) ;
#9668 = DIRECTION ( 'NONE',  ( 0.000000000000000000, -1.000000000000000000, 0.000000000000000000 ) ) ;
#9669 = ORIENTED_EDGE ( 'NONE', *, *, #1338, .F. ) ;
#9670 = FACE_OUTER_BOUND ( 'NONE', #2688, .T. ) ;
#9671 = CARTESIAN_POINT ( 'NONE',  ( 4.650000000000000355, 0.000000000000000000, -1.350000000000000089 ) ) ;
#9672 = EDGE_CURVE ( 'NONE', #803, #4573, #1050, .T. ) ;
#9673 = EDGE_CURVE ( 'NONE', #1483, #3733, #893, .T. ) ;
#9674 = DIRECTION ( 'NONE',  ( 1.000000000000000000, -0.000000000000000000, -0.000000000000000000 ) ) ;
#9675 = EDGE_LOOP ( 'NONE', ( #7278, #6601, #5782, #8198 ) ) ;
#9676 = DIRECTION ( 'NONE',  ( 0.7071067811865470176, 0.000000000000000000, 0.7071067811865480168 ) ) ;
#9677 = CARTESIAN_POINT ( 'NONE',  ( 0.000000000000000000, 0.000000000000000000, 0.000000000000000000 ) ) ;
#9678 = LINE ( 'NONE', #668, #1139 ) ;
#9679 = LINE ( 'NONE', #4498, #6136 ) ;
#9680 = ORIENTED_EDGE ( 'NONE', *, *, #2588, .T. ) ;
#9681 = DIRECTION ( 'NONE',  ( 8.673617379884040402E-17, 0.000000000000000000, -1.000000000000000000 ) ) ;
#9682 = ORIENTED_EDGE ( 'NONE', *, *, #8960, .F. ) ;
#9683 = VERTEX_POINT ( 'NONE', #7726 ) ;
#9684 = CARTESIAN_POINT ( 'NONE',  ( 1.000000000000000000, -6.450000000000000178, 10.50000000000000000 ) ) ;
#9685 = EDGE_CURVE ( 'NONE', #338, #9503, #5047, .T. ) ;
#9686 = LINE ( 'NONE', #2841, #411 ) ;
#9687 = DIRECTION ( 'NONE',  ( -0.000000000000000000, 0.000000000000000000, -1.000000000000000000 ) ) ;
#9688 = DIRECTION ( 'NONE',  ( 0.000000000000000000, -1.000000000000000000, -0.000000000000000000 ) ) ;
#9689 = CYLINDRICAL_SURFACE ( 'NONE', #357, 0.2000000000000000944 ) ;
#9690 = FACE_OUTER_BOUND ( 'NONE', #3197, .T. ) ;
#9691 = ORIENTED_EDGE ( 'NONE', *, *, #9431, .T. ) ;
#9692 = ORIENTED_EDGE ( 'NONE', *, *, #532, .T. ) ;
#9693 = LINE ( 'NONE', #5504, #2714 ) ;
#9694 = ORIENTED_EDGE ( 'NONE', *, *, #1357, .T. ) ;
#9695 = EDGE_LOOP ( 'NONE', ( #8216, #10519, #9543, #8035 ) ) ;
#9696 = EDGE_CURVE ( 'NONE', #1242, #8252, #4184, .T. ) ;
#9697 = MECHANICAL_DESIGN_GEOMETRIC_PRESENTATION_REPRESENTATION (  '', ( #10047 ), #4472 ) ;
#9698 = ADVANCED_FACE ( 'NONE', ( #8385 ), #286, .T. ) ;
#9699 = CARTESIAN_POINT ( 'NONE',  ( 5.150000000000000355, 6.360534678722284951, 4.779880661432485134 ) ) ;
#9700 = ORIENTED_EDGE ( 'NONE', *, *, #124, .F. ) ;
#9701 = SURFACE_STYLE_FILL_AREA ( #6435 ) ;
#9702 = ORIENTED_EDGE ( 'NONE', *, *, #6535, .F. ) ;
#9703 = LINE ( 'NONE', #3936, #9637 ) ;
#9704 = CIRCLE ( 'NONE', #3278, 38.37500000000000000 ) ;
#9705 = ORIENTED_EDGE ( 'NONE', *, *, #865, .F. ) ;
#9706 = CARTESIAN_POINT ( 'NONE',  ( -6.400000000000000355, -1.199999999999999734, 1.899999999999999467 ) ) ;
#9707 = EDGE_LOOP ( 'NONE', ( #1393, #3222, #2529 ) ) ;
#9708 = CARTESIAN_POINT ( 'NONE',  ( -8.000000000000000000, -0.5000000000000000000, 10.30000000000000071 ) ) ;
#9709 = ORIENTED_EDGE ( 'NONE', *, *, #1911, .F. ) ;
#9710 = CARTESIAN_POINT ( 'NONE',  ( 2.000000000000000000, -2.200000000000000178, -0.9499999999999999556 ) ) ;
#9711 = ORIENTED_EDGE ( 'NONE', *, *, #3985, .F. ) ;
#9712 = DIRECTION ( 'NONE',  ( 0.000000000000000000, -0.000000000000000000, 1.000000000000000000 ) ) ;
#9713 = CARTESIAN_POINT ( 'NONE',  ( -4.758176668902170627E-17, -0.06864853355179399708, -0.4873713725152050702 ) ) ;
#9714 = DIRECTION ( 'NONE',  ( 2.168404344971010347E-16, -0.000000000000000000, 1.000000000000000000 ) ) ;
#9715 = PLANE ( 'NONE',  #9242 ) ;
#9716 = ADVANCED_FACE ( 'NONE', ( #3582 ), #125, .T. ) ;
#9717 = VERTEX_POINT ( 'NONE', #6900 ) ;
#9718 = AXIS2_PLACEMENT_3D ( 'NONE', #3217, #5709, #8121 ) ;
#9719 = LINE ( 'NONE', #5583, #5967 ) ;
#9720 = EDGE_CURVE ( 'NONE', #8273, #477, #7617, .T. ) ;
#9721 = CARTESIAN_POINT ( 'NONE',  ( 0.04639263245340284614, 2.509065590455802575, 4.341454565846770919 ) ) ;
#9722 = VECTOR ( 'NONE', #7695, 1000.000000000000000 ) ;
#9723 = PLANE ( 'NONE',  #10403 ) ;
#9724 = VERTEX_POINT ( 'NONE', #1852 ) ;
#9725 = DIRECTION ( 'NONE',  ( 0.000000000000000000, 0.000000000000000000, -1.000000000000000000 ) ) ;
#9726 = FACE_OUTER_BOUND ( 'NONE', #10564, .T. ) ;
#9727 = CARTESIAN_POINT ( 'NONE',  ( 0.7250000000000001998, -0.6248573008720179622, -4.436184497988939768 ) ) ;
#9728 = CARTESIAN_POINT ( 'NONE',  ( 0.5574774630653299701, 2.197203359571169301, 4.238556834721417310 ) ) ;
#9729 = EDGE_CURVE ( 'NONE', #7182, #9821, #2416, .T. ) ;
#9730 = ORIENTED_EDGE ( 'NONE', *, *, #10622, .F. ) ;
#9731 = FACE_OUTER_BOUND ( 'NONE', #3753, .T. ) ;
#9732 = DIRECTION ( 'NONE',  ( 0.000000000000000000, 0.9902251923489521213, -0.1394778421021800052 ) ) ;
#9733 = ADVANCED_FACE ( 'NONE', ( #4235 ), #7567, .F. ) ;
#9734 = DIRECTION ( 'NONE',  ( 0.000000000000000000, 0.3586157030623740027, -0.9334852851100970961 ) ) ;
#9735 = LINE ( 'NONE', #9097, #8210 ) ;
#9736 = DIRECTION ( 'NONE',  ( -0.000000000000000000, 1.000000000000000000, -0.000000000000000000 ) ) ;
#9737 = CARTESIAN_POINT ( 'NONE',  ( -4.000000000000000000, 0.000000000000000000, -1.350000000000000089 ) ) ;
#9738 = PLANE ( 'NONE',  #6417 ) ;
#9739 = PRODUCT_DEFINITION_SHAPE ( 'NONE', 'NONE',  #10746 ) ;
#9740 = LINE ( 'NONE', #7245, #5078 ) ;
#9741 = ORIENTED_EDGE ( 'NONE', *, *, #4110, .F. ) ;
#9742 = ADVANCED_FACE ( 'NONE', ( #177 ), #10114, .F. ) ;
#9743 = ORIENTED_EDGE ( 'NONE', *, *, #6489, .T. ) ;
#9744 = DIRECTION ( 'NONE',  ( 0.000000000000000000, -0.000000000000000000, 1.000000000000000000 ) ) ;
#9745 = EDGE_LOOP ( 'NONE', ( #8873, #4119, #9105, #8018 ) ) ;
#9746 = FACE_OUTER_BOUND ( 'NONE', #7709, .T. ) ;
#9747 = VECTOR ( 'NONE', #5887, 1000.000000000000000 ) ;
#9748 = EDGE_CURVE ( 'NONE', #7561, #8787, #6753, .T. ) ;
#9749 = EDGE_CURVE ( 'NONE', #5581, #6252, #10435, .T. ) ;
#9750 = EDGE_LOOP ( 'NONE', ( #4736, #8037, #2639, #8852 ) ) ;
#9751 = CARTESIAN_POINT ( 'NONE',  ( -9.674497472730669401, 3.000000000000000000, 11.81413169024230037 ) ) ;
#9752 = ORIENTED_EDGE ( 'NONE', *, *, #4701, .F. ) ;
#9753 = DIRECTION ( 'NONE',  ( 1.000000000000000000, 0.000000000000000000, 0.000000000000000000 ) ) ;
#9754 = VECTOR ( 'NONE', #6672, 1000.000000000000000 ) ;
#9755 = VERTEX_POINT ( 'NONE', #1310 ) ;
#9756 = LINE ( 'NONE', #8795, #4590 ) ;
#9757 = VERTEX_POINT ( 'NONE', #9460 ) ;
#9758 = CARTESIAN_POINT ( 'NONE',  ( -4.000000000000000000, 2.737844099826320043, 2.947789617253369521 ) ) ;
#9759 = ORIENTED_EDGE ( 'NONE', *, *, #1687, .T. ) ;
#9760 = CARTESIAN_POINT ( 'NONE',  ( 1.925000000000000044, 3.975000000000000089, 31.88557667661039829 ) ) ;
#9761 = ORIENTED_EDGE ( 'NONE', *, *, #1176, .T. ) ;
#9762 = VECTOR ( 'NONE', #4526, 1000.000000000000000 ) ;
#9763 = FACE_OUTER_BOUND ( 'NONE', #3622, .T. ) ;
#9764 = VERTEX_POINT ( 'NONE', #2006 ) ;
#9765 = LINE ( 'NONE', #8965, #9607 ) ;
#9766 = ADVANCED_FACE ( 'NONE', ( #7886 ), #6952, .F. ) ;
#9767 = AXIS2_PLACEMENT_3D ( 'NONE', #3898, #10539, #7217 ) ;
#9768 = DIRECTION ( 'NONE',  ( 1.000000000000000000, 0.000000000000000000, 0.000000000000000000 ) ) ;
#9769 = DIRECTION ( 'NONE',  ( 0.000000000000000000, 0.000000000000000000, -1.000000000000000000 ) ) ;
#9770 = EDGE_CURVE ( 'NONE', #7425, #5981, #10273, .T. ) ;
#9771 = VECTOR ( 'NONE', #4727, 1000.000000000000000 ) ;
#9772 = PLANE ( 'NONE',  #10378 ) ;
#9773 = PLANE ( 'NONE',  #740 ) ;
#9774 = ORIENTED_EDGE ( 'NONE', *, *, #5576, .T. ) ;
#9775 = DIRECTION ( 'NONE',  ( 0.000000000000000000, -0.000000000000000000, 1.000000000000000000 ) ) ;
#9776 = DIRECTION ( 'NONE',  ( -1.000000000000000000, -0.000000000000000000, -0.000000000000000000 ) ) ;
#9777 = MECHANICAL_DESIGN_GEOMETRIC_PRESENTATION_REPRESENTATION (  '', ( #6118 ), #245 ) ;
#9778 = AXIS2_PLACEMENT_3D ( 'NONE', #363, #2691, #4421 ) ;
#9779 = DIRECTION ( 'NONE',  ( 0.000000000000000000, 0.000000000000000000, -1.000000000000000000 ) ) ;
#9780 = ORIENTED_EDGE ( 'NONE', *, *, #1072, .T. ) ;
#9781 = CARTESIAN_POINT ( 'NONE',  ( 1.074999999999999956, 0.8000000000000000444, -10.89977770036660054 ) ) ;
#9782 = DIRECTION ( 'NONE',  ( 0.000000000000000000, 0.000000000000000000, -1.000000000000000000 ) ) ;
#9783 = CARTESIAN_POINT ( 'NONE',  ( 8.750000000000000000, 6.450000000000001066, 13.00000000000000178 ) ) ;
#9784 = EDGE_CURVE ( 'NONE', #7642, #8191, #5314, .T. ) ;
#9785 = DIRECTION ( 'NONE',  ( -0.000000000000000000, 1.000000000000000000, 0.000000000000000000 ) ) ;
#9786 = AXIS2_PLACEMENT_3D ( 'NONE', #9154, #3380, #1748 ) ;
#9787 = EDGE_LOOP ( 'NONE', ( #7436, #6539, #1808, #1702 ) ) ;
#9788 = DIRECTION ( 'NONE',  ( 0.000000000000000000, 0.000000000000000000, -1.000000000000000000 ) ) ;
#9789 = VECTOR ( 'NONE', #2575, 1000.000000000000000 ) ;
#9790 = LINE ( 'NONE', #9684, #1188 ) ;
#9791 = CARTESIAN_POINT ( 'NONE',  ( 0.000000000000000000, 0.8000000000000000444, -2.168404344971008868E-16 ) ) ;
#9792 = DIRECTION ( 'NONE',  ( 1.000000000000000000, 0.000000000000000000, -0.000000000000000000 ) ) ;
#9793 = ADVANCED_FACE ( 'NONE', ( #3046 ), #7996, .T. ) ;
#9794 = VECTOR ( 'NONE', #3423, 1000.000000000000000 ) ;
#9795 = CARTESIAN_POINT ( 'NONE',  ( 8.000000000000000000, -0.5000000000000008882, 1.400000000000000133 ) ) ;
#9796 = DIRECTION ( 'NONE',  ( 0.000000000000000000, -0.000000000000000000, 1.000000000000000000 ) ) ;
#9797 = PRESENTATION_STYLE_ASSIGNMENT (( #5871 ) ) ;
#9798 = EDGE_CURVE ( 'NONE', #4505, #511, #3454, .T. ) ;
#9799 = ORIENTED_EDGE ( 'NONE', *, *, #8186, .F. ) ;
#9800 = VERTEX_POINT ( 'NONE', #5364 ) ;
#9801 = CARTESIAN_POINT ( 'NONE',  ( -10.41980543215949950, 3.000000000000000000, 9.925437956591640187 ) ) ;
#9802 = VERTEX_POINT ( 'NONE', #9566 ) ;
#9803 = CARTESIAN_POINT ( 'NONE',  ( -1.700000000000000178, 6.450000000000000178, 13.00000000000000178 ) ) ;
#9804 = VECTOR ( 'NONE', #8048, 1000.000000000000000 ) ;
#9805 = ORIENTED_EDGE ( 'NONE', *, *, #5748, .T. ) ;
#9806 = EDGE_CURVE ( 'NONE', #4029, #6313, #2061, .T. ) ;
#9807 = CARTESIAN_POINT ( 'NONE',  ( -6.900000000000001243, 6.349999999999999645, 13.00000000000000178 ) ) ;
#9808 = ORIENTED_EDGE ( 'NONE', *, *, #2038, .T. ) ;
#9809 = AXIS2_PLACEMENT_3D ( 'NONE', #1819, #8461, #5936 ) ;
#9810 = EDGE_CURVE ( 'NONE', #3840, #2964, #3744, .T. ) ;
#9811 = VERTEX_POINT ( 'NONE', #4546 ) ;
#9812 = CARTESIAN_POINT ( 'NONE',  ( -2.375000000000000000, 0.8000000000000000444, -4.899777700366559685 ) ) ;
#9813 = VERTEX_POINT ( 'NONE', #7942 ) ;
#9814 = CARTESIAN_POINT ( 'NONE',  ( 1.699999999999999956, 6.450000000000000178, 10.50000000000000000 ) ) ;
#9815 = ORIENTED_EDGE ( 'NONE', *, *, #1986, .F. ) ;
#9816 = DIRECTION ( 'NONE',  ( -1.000000000000000000, 0.000000000000000000, 0.000000000000000000 ) ) ;
#9817 = ORIENTED_EDGE ( 'NONE', *, *, #2592, .F. ) ;
#9818 = AXIS2_PLACEMENT_3D ( 'NONE', #4427, #7757, #6984 ) ;
#9819 = EDGE_CURVE ( 'NONE', #7430, #391, #500, .T. ) ;
#9820 = CARTESIAN_POINT ( 'NONE',  ( 10.05037900976999943, -3.000000000000000000, 11.81413169024230037 ) ) ;
#9821 = VERTEX_POINT ( 'NONE', #7008 ) ;
#9822 = DIRECTION ( 'NONE',  ( 0.000000000000000000, 0.000000000000000000, 1.000000000000000000 ) ) ;
#9823 = VECTOR ( 'NONE', #2212, 1000.000000000000114 ) ;
#9824 = DIRECTION ( 'NONE',  ( 0.000000000000000000, 0.000000000000000000, -1.000000000000000000 ) ) ;
#9825 = CARTESIAN_POINT ( 'NONE',  ( 6.900000000000000355, 6.339999999999999858, 10.00000000000000000 ) ) ;
#9826 = FACE_OUTER_BOUND ( 'NONE', #1550, .T. ) ;
#9827 = DIRECTION ( 'NONE',  ( -1.000000000000000000, 0.000000000000000000, 0.000000000000000000 ) ) ;
#9828 = ORIENTED_EDGE ( 'NONE', *, *, #4479, .T. ) ;
#9829 = LINE ( 'NONE', #1676, #8078 ) ;
#9830 = CARTESIAN_POINT ( 'NONE',  ( 1.110826912690757284, 3.114054430190932976, 4.390739316296721206 ) ) ;
#9831 = ADVANCED_FACE ( 'NONE', ( #337 ), #3794, .T. ) ;
#9832 = PRODUCT_DEFINITION_SHAPE ( 'NONE', 'NONE',  #10747 ) ;
#9833 = EDGE_CURVE ( 'NONE', #6542, #2054, #6459, .T. ) ;
#9834 = DIRECTION ( 'NONE',  ( -5.102127870520019996E-16, 1.000000000000000000, 0.000000000000000000 ) ) ;
#9835 = EDGE_LOOP ( 'NONE', ( #10683, #7548, #5780, #4348 ) ) ;
#9836 = LINE ( 'NONE', #10600, #6989 ) ;
#9837 = LINE ( 'NONE', #5643, #8775 ) ;
#9838 = LINE ( 'NONE', #1629, #4229 ) ;
#9839 = CARTESIAN_POINT ( 'NONE',  ( -1.022898914407780024, 2.976362178323954222, 4.348876573571980764 ) ) ;
#9840 = VECTOR ( 'NONE', #3941, 1000.000000000000000 ) ;
#9841 = VERTEX_POINT ( 'NONE', #4773 ) ;
#9842 = CARTESIAN_POINT ( 'NONE',  ( 0.000000000000000000, -7.500000000000000000, 12.00000000000000000 ) ) ;
#9843 = LINE ( 'NONE', #5043, #7189 ) ;
#9844 = CARTESIAN_POINT ( 'NONE',  ( -8.000000000000000000, -5.349999999999999645, 1.399999999999999911 ) ) ;
#9845 = DIRECTION ( 'NONE',  ( -1.000000000000000000, 0.000000000000000000, 0.000000000000000000 ) ) ;
#9846 = DIRECTION ( 'NONE',  ( 0.000000000000000000, 0.000000000000000000, 1.000000000000000000 ) ) ;
#9847 = DIRECTION ( 'NONE',  ( 3.234629275487279840E-05, -0.08125146163589479220, 0.9966936334379526974 ) ) ;
#9848 = CARTESIAN_POINT ( 'NONE',  ( -8.000000000000000000, -0.5000000000000052180, -3.499999999999999556 ) ) ;
#9849 = EDGE_LOOP ( 'NONE', ( #3738, #482, #6047, #10399, #6816, #10243 ) ) ;
#9850 = ORIENTED_EDGE ( 'NONE', *, *, #10434, .T. ) ;
#9851 = CARTESIAN_POINT ( 'NONE',  ( -10.32091455230722232, -3.000000000000000000, 7.352891688499536116 ) ) ;
#9852 = ORIENTED_EDGE ( 'NONE', *, *, #7218, .T. ) ;
#9853 = CARTESIAN_POINT ( 'NONE',  ( 4.000000000000000000, 0.000000000000000000, -1.350000000000000089 ) ) ;
#9854 = VERTEX_POINT ( 'NONE', #5749 ) ;
#9855 = ADVANCED_FACE ( 'NONE', ( #1516 ), #3957, .F. ) ;
#9856 = VECTOR ( 'NONE', #707, 1000.000000000000000 ) ;
#9857 = CARTESIAN_POINT ( 'NONE',  ( -2.000000000000000000, -2.200000000000000178, -0.9499999999999999556 ) ) ;
#9858 = EDGE_LOOP ( 'NONE', ( #5064, #2853, #3641, #10460 ) ) ;
#9859 = CARTESIAN_POINT ( 'NONE',  ( 0.000000000000000000, 1.199999999999999956, -0.9499999999999999556 ) ) ;
#9860 = ORIENTED_EDGE ( 'NONE', *, *, #8748, .T. ) ;
#9861 = SURFACE_STYLE_USAGE ( .BOTH. , #4043 ) ;
#9862 = ORIENTED_EDGE ( 'NONE', *, *, #3891, .F. ) ;
#9863 = CARTESIAN_POINT ( 'NONE',  ( 8.050000000000000711, 6.349999999999999645, 13.00000000000000178 ) ) ;
#9864 = ORIENTED_EDGE ( 'NONE', *, *, #4102, .T. ) ;
#9865 = EDGE_CURVE ( 'NONE', #3772, #6438, #6512, .T. ) ;
#9866 = VECTOR ( 'NONE', #570, 1000.000000000000000 ) ;
#9867 = ORIENTED_EDGE ( 'NONE', *, *, #10672, .T. ) ;
#9868 = EDGE_CURVE ( 'NONE', #5199, #4376, #4067, .T. ) ;
#9869 = DIRECTION ( 'NONE',  ( -1.000000000000000000, -0.000000000000000000, 0.000000000000000000 ) ) ;
#9870 = AXIS2_PLACEMENT_3D ( 'NONE', #5707, #4026, #4889 ) ;
#9871 = ORIENTED_EDGE ( 'NONE', *, *, #5918, .T. ) ;
#9872 = LINE ( 'NONE', #10586, #7339 ) ;
#9873 = VERTEX_POINT ( 'NONE', #773 ) ;
#9874 = CARTESIAN_POINT ( 'NONE',  ( 0.000000000000000000, 0.5000000000000000000, 0.000000000000000000 ) ) ;
#9875 = LINE ( 'NONE', #1833, #2646 ) ;
#9876 = LINE ( 'NONE', #5685, #4192 ) ;
#9877 = ADVANCED_FACE ( 'NONE', ( #8866 ), #3148, .T. ) ;
#9878 = ORIENTED_EDGE ( 'NONE', *, *, #2650, .F. ) ;
#9879 = VERTEX_POINT ( 'NONE', #613 ) ;
#9880 = CARTESIAN_POINT ( 'NONE',  ( -1.500000000000000000, -2.258797326885940038, -4.206036415801490236 ) ) ;
#9881 = VECTOR ( 'NONE', #6, 1000.000000000000000 ) ;
#9882 = EDGE_CURVE ( 'NONE', #8887, #3591, #7329, .T. ) ;
#9883 = EDGE_CURVE ( 'NONE', #8389, #8810, #4930, .T. ) ;
#9884 = CARTESIAN_POINT ( 'NONE',  ( 9.507689976714740254, 3.000000000000000000, 12.39604540319700021 ) ) ;
#9885 = DIRECTION ( 'NONE',  ( 0.000000000000000000, -1.275531967630000069E-16, -1.000000000000000000 ) ) ;
#9886 = ORIENTED_EDGE ( 'NONE', *, *, #3155, .T. ) ;
#9887 = DIRECTION ( 'NONE',  ( 1.000000000000000000, 0.000000000000000000, -0.000000000000000000 ) ) ;
#9888 = STYLED_ITEM ( 'NONE', ( #10512 ), #10433 ) ;
#9889 = CARTESIAN_POINT ( 'NONE',  ( 0.7249999999999999778, 2.737844099826319599, 2.947789617253376182 ) ) ;
#9890 = DIRECTION ( 'NONE',  ( -1.000000000000000000, -0.000000000000000000, 0.000000000000000000 ) ) ;
#9891 = CARTESIAN_POINT ( 'NONE',  ( -0.8890822608390762660, 2.805705591565790691, 4.335513853661100647 ) ) ;
#9892 = EDGE_CURVE ( 'NONE', #8788, #5352, #4712, .T. ) ;
#9893 = EDGE_LOOP ( 'NONE', ( #741, #858, #1696, #8677 ) ) ;
#9894 = EDGE_CURVE ( 'NONE', #8413, #10412, #3309, .T. ) ;
#9895 = DIRECTION ( 'NONE',  ( 1.000000000000000000, 0.000000000000000000, -0.000000000000000000 ) ) ;
#9896 = VECTOR ( 'NONE', #7747, 1000.000000000000000 ) ;
#9897 = DIRECTION ( 'NONE',  ( -0.000000000000000000, -0.000000000000000000, 1.000000000000000000 ) ) ;
#9898 = DIRECTION ( 'NONE',  ( -1.000000000000000000, 0.000000000000000000, -0.000000000000000000 ) ) ;
#9899 = DIRECTION ( 'NONE',  ( 0.000000000000000000, -0.000000000000000000, -1.000000000000000000 ) ) ;
#9900 = CYLINDRICAL_SURFACE ( 'NONE', #952, 38.37500000000000000 ) ;
#9901 = LINE ( 'NONE', #5601, #8341 ) ;
#9902 = CARTESIAN_POINT ( 'NONE',  ( -3.350000000000000089, 0.8000000000000000444, -3.199777700366559952 ) ) ;
#9903 = VECTOR ( 'NONE', #349, 1000.000000000000000 ) ;
#9904 = ORIENTED_EDGE ( 'NONE', *, *, #2110, .T. ) ;
#9905 = EDGE_CURVE ( 'NONE', #4344, #9272, #3908, .T. ) ;
#9906 = ORIENTED_EDGE ( 'NONE', *, *, #7108, .T. ) ;
#9907 = DIRECTION ( 'NONE',  ( 0.000000000000000000, -0.000000000000000000, 1.000000000000000000 ) ) ;
#9908 = VERTEX_POINT ( 'NONE', #6621 ) ;
#9909 = DIRECTION ( 'NONE',  ( 0.000000000000000000, 0.000000000000000000, -1.000000000000000000 ) ) ;
#9910 = ORIENTED_EDGE ( 'NONE', *, *, #5558, .T. ) ;
#9911 = VECTOR ( 'NONE', #9954, 1000.000000000000000 ) ;
#9912 = LINE ( 'NONE', #5779, #3878 ) ;
#9913 = ORIENTED_EDGE ( 'NONE', *, *, #376, .F. ) ;
#9914 = PLANE ( 'NONE',  #10230 ) ;
#9915 = VERTEX_POINT ( 'NONE', #8211 ) ;
#9916 = FACE_OUTER_BOUND ( 'NONE', #3387, .T. ) ;
#9917 = VERTEX_POINT ( 'NONE', #665 ) ;
#9918 = DIRECTION ( 'NONE',  ( 1.000000000000000000, 0.000000000000000000, 0.000000000000000000 ) ) ;
#9919 = DIRECTION ( 'NONE',  ( 0.000000000000000000, -0.000000000000000000, 1.000000000000000000 ) ) ;
#9920 = AXIS2_PLACEMENT_3D ( 'NONE', #7935, #605, #495 ) ;
#9921 = ORIENTED_EDGE ( 'NONE', *, *, #6746, .F. ) ;
#9922 = LINE ( 'NONE', #200, #10582 ) ;
#9923 = B_SPLINE_CURVE_WITH_KNOTS ( 'NONE', 3,
 ( #10043, #9337, #10150, #4320, #53, #8366, #3358, #5137, #6777, #5955, #4269, #9230, #2544, #1935, #3410, #5900, #3460, #4167, #4372, #9990, #7650, #2752, #874, #5850, #9181, #1881 ),
 .UNSPECIFIED., .F., .F.,
 ( 4, 1, 1, 1, 1, 1, 1, 1, 1, 1, 1, 1, 1, 1, 1, 1, 1, 1, 1, 1, 1, 1, 1, 4 ),
 ( 0.000000000000000000, 0.03269434782548796825, 0.06261822133475902774, 0.09385201060867398581, 0.1252016088651050074, 0.1330141106023250419, 0.1408371729278109497, 0.1565696722309070088, 0.1875970724292049807, 0.2188897123847479698, 0.2344900395175479879, 0.2423093627434039776, 0.2501622550911889453, 0.2814275122165239562, 0.3127213083274900107, 0.3438959979492719476, 0.3595408246754739912, 0.3750574876081890219, 0.4372106009014179451, 0.4685309762410430068, 0.4840790434724130398, 0.4918419304465050379, 0.4996042330793060149, 0.5000000000000007772 ),
 .UNSPECIFIED. ) ;
#9924 = ORIENTED_EDGE ( 'NONE', *, *, #10084, .F. ) ;
#9925 = VECTOR ( 'NONE', #1671, 1000.000000000000000 ) ;
#9926 = CARTESIAN_POINT ( 'NONE',  ( 0.000000000000000000, -5.349999999999999645, 12.00000000000000000 ) ) ;
#9927 = ADVANCED_FACE ( 'NONE', ( #4874 ), #6566, .T. ) ;
#9928 = ORIENTED_EDGE ( 'NONE', *, *, #8909, .T. ) ;
#9929 = CARTESIAN_POINT ( 'NONE',  ( -2.375000000000000000, 0.000000000000000000, -4.899777700366559685 ) ) ;
#9930 = ORIENTED_EDGE ( 'NONE', *, *, #8381, .F. ) ;
#9931 = DIRECTION ( 'NONE',  ( -1.000000000000000000, -0.000000000000000000, -0.000000000000000000 ) ) ;
#9932 = FACE_OUTER_BOUND ( 'NONE', #5009, .T. ) ;
#9933 = ADVANCED_FACE ( 'NONE', ( #6403 ), #9723, .F. ) ;
#9934 = LINE ( 'NONE', #8203, #9511 ) ;
#9935 = AXIS2_PLACEMENT_3D ( 'NONE', #2678, #1863, #190 ) ;
#9936 = ORIENTED_EDGE ( 'NONE', *, *, #8080, .F. ) ;
#9937 = PLANE ( 'NONE',  #3199 ) ;
#9938 = DIRECTION ( 'NONE',  ( 1.000000000000000000, -0.000000000000000000, 0.000000000000000000 ) ) ;
#9939 = ADVANCED_FACE ( 'NONE', ( #2284 ), #10704, .T. ) ;
#9940 = CIRCLE ( 'NONE', #5793, 0.4000000000000001887 ) ;
#9941 = AXIS2_PLACEMENT_3D ( 'NONE', #4390, #946, #1851 ) ;
#9942 = DIRECTION ( 'NONE',  ( 0.000000000000000000, -0.1394778421021805881, -0.9902251923489521213 ) ) ;
#9943 = ORIENTED_EDGE ( 'NONE', *, *, #4218, .F. ) ;
#9944 = DIRECTION ( 'NONE',  ( 0.000000000000000000, 0.000000000000000000, -1.000000000000000000 ) ) ;
#9945 = ITEM_DEFINED_TRANSFORMATION ( 'NONE', 'NONE', #5902,  #8177 ) ;
#9946 = LINE ( 'NONE', #4127, #5983 ) ;
#9947 = CARTESIAN_POINT ( 'NONE',  ( -4.650000000000000355, 0.000000000000000000, -1.350000000000000089 ) ) ;
#9948 = EDGE_CURVE ( 'NONE', #4094, #391, #829, .T. ) ;
#9949 = CARTESIAN_POINT ( 'NONE',  ( 3.550000000000000266, 0.8000000000000000444, -2.399777700366560573 ) ) ;
#9950 = ORIENTED_EDGE ( 'NONE', *, *, #2100, .T. ) ;
#9951 = CARTESIAN_POINT ( 'NONE',  ( 1.925000000000000044, 4.775000000000000355, 15.00000000000000000 ) ) ;
#9952 = VECTOR ( 'NONE', #5225, 1000.000000000000114 ) ;
#9953 = AXIS2_PLACEMENT_3D ( 'NONE', #813, #7373, #4261 ) ;
#9954 = DIRECTION ( 'NONE',  ( -1.000000000000000000, -0.000000000000000000, 0.000000000000000000 ) ) ;
#9955 = CARTESIAN_POINT ( 'NONE',  ( -3.100000000000000533, -1.199999999999999734, 1.399999999999998801 ) ) ;
#9956 =( NAMED_UNIT ( * ) SI_UNIT ( $, .STERADIAN. ) SOLID_ANGLE_UNIT ( ) );
#9957 = DIRECTION ( 'NONE',  ( 1.000000000000000000, 0.000000000000000000, 0.000000000000000000 ) ) ;
#9958 = AXIS2_PLACEMENT_3D ( 'NONE', #1103, #1955, #10065 ) ;
#9959 = FACE_OUTER_BOUND ( 'NONE', #27, .T. ) ;
#9960 = CARTESIAN_POINT ( 'NONE',  ( 0.000000000000000000, -0.5000000000000000000, 0.000000000000000000 ) ) ;
#9961 = AXIS2_PLACEMENT_3D ( 'NONE', #6863, #5061, #5278 ) ;
#9962 = ORIENTED_EDGE ( 'NONE', *, *, #10255, .T. ) ;
#9963 = ORIENTED_EDGE ( 'NONE', *, *, #6418, .T. ) ;
#9964 = CARTESIAN_POINT ( 'NONE',  ( 1.500000000000000000, 8.985357054628929168E-16, 2.850000000000005418 ) ) ;
#9965 = ORIENTED_EDGE ( 'NONE', *, *, #878, .T. ) ;
#9966 = CYLINDRICAL_SURFACE ( 'NONE', #149, 0.2000000000000000944 ) ;
#9967 = DIRECTION ( 'NONE',  ( -1.000000000000000000, -1.750590458773384430E-15, 2.465788403294154626E-16 ) ) ;
#9968 = AXIS2_PLACEMENT_3D ( 'NONE', #1258, #5429, #558 ) ;
#9969 = AXIS2_PLACEMENT_3D ( 'NONE', #9239, #10050, #1888 ) ;
#9970 = EDGE_CURVE ( 'NONE', #1600, #3983, #1468, .T. ) ;
#9971 = ADVANCED_FACE ( 'NONE', ( #4521 ), #5804, .F. ) ;
#9972 = CARTESIAN_POINT ( 'NONE',  ( -0.7249999999999999778, 0.4975562980872507701, 2.815944880362410085 ) ) ;
#9973 = ORIENTED_EDGE ( 'NONE', *, *, #7663, .F. ) ;
#9974 = ORIENTED_EDGE ( 'NONE', *, *, #3558, .T. ) ;
#9975 = CARTESIAN_POINT ( 'NONE',  ( -0.02948253080886020089, 2.514951933992469080, 4.264479065201478569 ) ) ;
#9976 = AXIS2_PLACEMENT_3D ( 'NONE', #9136, #4007, #10700 ) ;
#9977 = ORIENTED_EDGE ( 'NONE', *, *, #10258, .F. ) ;
#9978 = CARTESIAN_POINT ( 'NONE',  ( 1.500000000000000000, -4.205728427473870212, 4.418519338019010867 ) ) ;
#9979 = PLANE ( 'NONE',  #5649 ) ;
#9980 = EDGE_LOOP ( 'NONE', ( #4246, #6343 ) ) ;
#9981 = CARTESIAN_POINT ( 'NONE',  ( -3.449999999999999734, 1.199999999999999734, 1.399999999999999245 ) ) ;
#9982 = ORIENTED_EDGE ( 'NONE', *, *, #6500, .F. ) ;
#9983 = CARTESIAN_POINT ( 'NONE',  ( 2.375000000000000000, 0.8000000000000000444, -4.899777700366559685 ) ) ;
#9984 = ORIENTED_EDGE ( 'NONE', *, *, #9198, .F. ) ;
#9985 = CARTESIAN_POINT ( 'NONE',  ( 0.1898920430936048009, 2.512007021783981386, 4.314392496695653278 ) ) ;
#9986 = ORIENTED_EDGE ( 'NONE', *, *, #5420, .F. ) ;
#9987 = CARTESIAN_POINT ( 'NONE',  ( -4.000000000000000000, 1.770447840360079850, 2.890861957720189501 ) ) ;
#9988 = DIRECTION ( 'NONE',  ( -1.000000000000000000, 0.000000000000000000, -2.602085213965209853E-15 ) ) ;
#9989 = DIRECTION ( 'NONE',  ( 0.000000000000000000, 0.000000000000000000, -1.000000000000000000 ) ) ;
#9990 = CARTESIAN_POINT ( 'NONE',  ( 0.4640916363783310072, 4.450502207186137760, 4.422251040657830146 ) ) ;
#9991 = VECTOR ( 'NONE', #9345, 1000.000000000000000 ) ;
#9992 = EDGE_LOOP ( 'NONE', ( #2106, #10445, #5726, #6216 ) ) ;
#9993 = DIRECTION ( 'NONE',  ( -0.000000000000000000, 1.000000000000000000, 0.000000000000000000 ) ) ;
#9994 = DIRECTION ( 'NONE',  ( -0.000000000000000000, 1.000000000000000000, 0.000000000000000000 ) ) ;
#9995 = EDGE_CURVE ( 'NONE', #8322, #5433, #8428, .T. ) ;
#9996 = AXIS2_PLACEMENT_3D ( 'NONE', #7298, #3819, #9744 ) ;
#9997 = LINE ( 'NONE', #8371, #3982 ) ;
#9998 = ORIENTED_EDGE ( 'NONE', *, *, #10504, .T. ) ;
#9999 = DIRECTION ( 'NONE',  ( 0.000000000000000000, 0.000000000000000000, -1.000000000000000000 ) ) ;
#10000 = CARTESIAN_POINT ( 'NONE',  ( -10.41980543215949950, 3.000000000000000444, 9.343524243637009619 ) ) ;
#10001 = CARTESIAN_POINT ( 'NONE',  ( 0.000000000000000000, -3.975000000000000089, 0.000000000000000000 ) ) ;
#10002 = DIRECTION ( 'NONE',  ( 0.000000000000000000, 1.000000000000000000, -3.576749435003730024E-16 ) ) ;
#10003 = ORIENTED_EDGE ( 'NONE', *, *, #5109, .F. ) ;
#10004 = CARTESIAN_POINT ( 'NONE',  ( 5.599999999999999645, 3.000000000000000000, 9.000000000000001776 ) ) ;
#10005 = EDGE_CURVE ( 'NONE', #5181, #1331, #3609, .T. ) ;
#10006 = AXIS2_PLACEMENT_3D ( 'NONE', #3169, #5659, #6481 ) ;
#10007 = CARTESIAN_POINT ( 'NONE',  ( -3.449999999999999734, 3.975000000000000089, 1.899999999999999023 ) ) ;
#10008 = ADVANCED_FACE ( 'NONE', ( #4422 ), #421, .F. ) ;
#10009 = DIRECTION ( 'NONE',  ( 0.000000000000000000, 0.9902251923489521213, -0.1394778421021800052 ) ) ;
#10010 = CARTESIAN_POINT ( 'NONE',  ( -3.100000000000000533, -1.199999999999999956, -0.9499999999999995115 ) ) ;
#10011 = DIRECTION ( 'NONE',  ( -1.000000000000000000, -0.000000000000000000, 0.000000000000000000 ) ) ;
#10012 = VECTOR ( 'NONE', #782, 1000.000000000000000 ) ;
#10013 = CARTESIAN_POINT ( 'NONE',  ( -6.049999999999999822, 5.349999999999999645, 1.399999999999999911 ) ) ;
#10014 = PLANE ( 'NONE',  #1114 ) ;
#10015 = EDGE_LOOP ( 'NONE', ( #2153, #1547 ) ) ;
#10016 = ORIENTED_EDGE ( 'NONE', *, *, #9770, .F. ) ;
#10017 = CARTESIAN_POINT ( 'NONE',  ( 8.750000000000000000, -6.349999999999999645, 10.50000000000000000 ) ) ;
#10018 = ORIENTED_EDGE ( 'NONE', *, *, #10089, .F. ) ;
#10019 = LINE ( 'NONE', #3436, #6388 ) ;
#10020 = EDGE_CURVE ( 'NONE', #8114, #1994, #6235, .T. ) ;
#10021 = VERTEX_POINT ( 'NONE', #1733 ) ;
#10022 = DIRECTION ( 'NONE',  ( 0.000000000000000000, 1.000000000000000000, 0.000000000000000000 ) ) ;
#10023 = LINE ( 'NONE', #10179, #9352 ) ;
#10024 = FACE_OUTER_BOUND ( 'NONE', #8195, .T. ) ;
#10025 = LINE ( 'NONE', #10627, #3629 ) ;
#10026 = ORIENTED_EDGE ( 'NONE', *, *, #4872, .T. ) ;
#10027 = CARTESIAN_POINT ( 'NONE',  ( -0.1735881848869730015, 2.521164451030819098, 4.264990192549339199 ) ) ;
#10028 = ORIENTED_EDGE ( 'NONE', *, *, #4690, .T. ) ;
#10029 = CARTESIAN_POINT ( 'NONE',  ( 3.449999999999999734, -0.5000000000000000000, 1.399999999999999911 ) ) ;
#10030 = LINE ( 'NONE', #4101, #4951 ) ;
#10031 = VERTEX_POINT ( 'NONE', #3723 ) ;
#10032 = CARTESIAN_POINT ( 'NONE',  ( 1.338453265276966508, 2.803713954680339349, 4.334978647614162739 ) ) ;
#10033 = EDGE_CURVE ( 'NONE', #205, #3937, #3663, .T. ) ;
#10034 = EDGE_CURVE ( 'NONE', #1939, #5448, #2548, .T. ) ;
#10035 = ORIENTED_EDGE ( 'NONE', *, *, #2104, .F. ) ;
#10036 = CARTESIAN_POINT ( 'NONE',  ( -1.000000000000000000, 0.000000000000000000, -1.618033988749892238 ) ) ;
#10037 = VERTEX_POINT ( 'NONE', #2797 ) ;
#10038 = AXIS2_PLACEMENT_3D ( 'NONE', #2999, #2294, #6412 ) ;
#10039 = ORIENTED_EDGE ( 'NONE', *, *, #9081, .F. ) ;
#10040 = DIRECTION ( 'NONE',  ( 0.000000000000000000, 0.000000000000000000, 1.000000000000000000 ) ) ;
#10041 = FACE_OUTER_BOUND ( 'NONE', #291, .T. ) ;
#10042 = FACE_BOUND ( 'NONE', #2111, .T. ) ;
#10043 = CARTESIAN_POINT ( 'NONE',  ( 0.04639013526397560427, 2.515338343023850953, 4.264508103311463572 ) ) ;
#10044 = DIRECTION ( 'NONE',  ( 8.673617379884040402E-17, 0.000000000000000000, -1.000000000000000000 ) ) ;
#10045 = ORIENTED_EDGE ( 'NONE', *, *, #4144, .F. ) ;
#10046 = PLANE ( 'NONE',  #7303 ) ;
#10047 = STYLED_ITEM ( 'NONE', ( #3760 ), #9501 ) ;
#10048 = DIRECTION ( 'NONE',  ( -0.000000000000000000, -1.000000000000000000, -0.000000000000000000 ) ) ;
#10049 = EDGE_LOOP ( 'NONE', ( #3034, #3382, #826, #4855 ) ) ;
#10050 = DIRECTION ( 'NONE',  ( 0.000000000000000000, 1.000000000000000000, 3.654614064557880066E-17 ) ) ;
#10051 = LINE ( 'NONE', #10, #801 ) ;
#10052 = LINE ( 'NONE', #9395, #1631 ) ;
#10053 = DIRECTION ( 'NONE',  ( 0.000000000000000000, -0.000000000000000000, -1.000000000000000000 ) ) ;
#10054 = ORIENTED_EDGE ( 'NONE', *, *, #3676, .F. ) ;
#10055 = VECTOR ( 'NONE', #1801, 1000.000000000000000 ) ;
#10056 = EDGE_CURVE ( 'NONE', #9879, #3952, #9491, .T. ) ;
#10057 = CARTESIAN_POINT ( 'NONE',  ( -0.8023163051664029544, 2.288825453685962685, 4.246070089648261714 ) ) ;
#10058 = LINE ( 'NONE', #6631, #9911 ) ;
#10059 = LINE ( 'NONE', #10168, #6291 ) ;
#10060 = VECTOR ( 'NONE', #7389, 1000.000000000000000 ) ;
#10061 = DIRECTION ( 'NONE',  ( 0.000000000000000000, -1.000000000000000000, 0.000000000000000000 ) ) ;
#10062 = FACE_BOUND ( 'NONE', #440, .T. ) ;
#10063 = EDGE_CURVE ( 'NONE', #6221, #9908, #5292, .T. ) ;
#10064 = DIRECTION ( 'NONE',  ( -1.000000000000000000, 0.000000000000000000, -0.000000000000000000 ) ) ;
#10065 = DIRECTION ( 'NONE',  ( 0.000000000000000000, 0.000000000000000000, -1.000000000000000000 ) ) ;
#10066 = VERTEX_POINT ( 'NONE', #10246 ) ;
#10067 = ORIENTED_EDGE ( 'NONE', *, *, #4826, .T. ) ;
#10068 = LINE ( 'NONE', #3223, #7750 ) ;
#10069 = ADVANCED_FACE ( 'NONE', ( #8321 ), #880, .T. ) ;
#10070 = AXIS2_PLACEMENT_3D ( 'NONE', #9204, #5716, #1754 ) ;
#10071 = VERTEX_POINT ( 'NONE', #5035 ) ;
#10072 = CARTESIAN_POINT ( 'NONE',  ( -1.500000000000000222, -4.205728427473867548, 4.418519338019010867 ) ) ;
#10073 = EDGE_LOOP ( 'NONE', ( #7688, #147, #7798, #7633 ) ) ;
#10074 = PLANE ( 'NONE',  #4022 ) ;
#10075 = AXIS2_PLACEMENT_3D ( 'NONE', #9636, #8825, #4725 ) ;
#10076 = DIRECTION ( 'NONE',  ( 0.000000000000000000, 1.000000000000000000, 0.000000000000000000 ) ) ;
#10077 = CARTESIAN_POINT ( 'NONE',  ( -0.7249999999999999778, 8.985357054628929168E-16, 41.22500000000000142 ) ) ;
#10078 = EDGE_CURVE ( 'NONE', #749, #5511, #10304, .T. ) ;
#10079 = LINE ( 'NONE', #354, #9 ) ;
#10080 = ORIENTED_EDGE ( 'NONE', *, *, #1661, .T. ) ;
#10081 = FACE_OUTER_BOUND ( 'NONE', #9135, .T. ) ;
#10082 = ORIENTED_EDGE ( 'NONE', *, *, #3389, .T. ) ;
#10083 = LINE ( 'NONE', #8352, #638 ) ;
#10084 = EDGE_CURVE ( 'NONE', #1453, #7676, #8679, .T. ) ;
#10085 = ORIENTED_EDGE ( 'NONE', *, *, #928, .T. ) ;
#10086 = CARTESIAN_POINT ( 'NONE',  ( 1.288898439677932828, 4.266891261057388363, 4.475813653097861611 ) ) ;
#10087 = ORIENTED_EDGE ( 'NONE', *, *, #4286, .F. ) ;
#10088 = DIRECTION ( 'NONE',  ( 0.000000000000000000, 0.000000000000000000, 1.000000000000000000 ) ) ;
#10089 = EDGE_CURVE ( 'NONE', #3399, #6385, #7497, .T. ) ;
#10090 = VECTOR ( 'NONE', #1711, 1000.000000000000000 ) ;
#10091 = ORIENTED_EDGE ( 'NONE', *, *, #4343, .T. ) ;
#10092 = ORIENTED_EDGE ( 'NONE', *, *, #3810, .T. ) ;
#10093 = LINE ( 'NONE', #2488, #8439 ) ;
#10094 = CARTESIAN_POINT ( 'NONE',  ( -1.925000000000000044, 4.775000000000000355, 0.000000000000000000 ) ) ;
#10095 = DIRECTION ( 'NONE',  ( 0.000000000000000000, -0.1394778421021800330, -0.9902251923489522323 ) ) ;
#10096 = CARTESIAN_POINT ( 'NONE',  ( -6.049999999999999822, -3.975000000000000089, 1.399999999999999689 ) ) ;
#10097 = CARTESIAN_POINT ( 'NONE',  ( 6.400000000000000355, 3.975000000000000089, 1.899999999999999023 ) ) ;
#10098 = ORIENTED_EDGE ( 'NONE', *, *, #1048, .T. ) ;
#10099 = VECTOR ( 'NONE', #10366, 1000.000000000000000 ) ;
#10100 = DIRECTION ( 'NONE',  ( -0.000000000000000000, -1.000000000000000000, 0.000000000000000000 ) ) ;
#10101 = EDGE_CURVE ( 'NONE', #8074, #9500, #9997, .T. ) ;
#10102 = EDGE_CURVE ( 'NONE', #2589, #767, #4222, .T. ) ;
#10103 = ORIENTED_EDGE ( 'NONE', *, *, #9484, .F. ) ;
#10104 = CARTESIAN_POINT ( 'NONE',  ( 0.000000000000000000, -6.349999999999999645, 12.00000000000000000 ) ) ;
#10105 = CARTESIAN_POINT ( 'NONE',  ( 10.50000000000000000, 7.500000000000000000, 15.00000000000000000 ) ) ;
#10106 = CARTESIAN_POINT ( 'NONE',  ( -8.000000000000000000, -0.5000000000000000000, 10.30000000000000071 ) ) ;
#10107 = VECTOR ( 'NONE', #6882, 1000.000000000000000 ) ;
#10108 = DIRECTION ( 'NONE',  ( 0.000000000000000000, 0.000000000000000000, -1.000000000000000000 ) ) ;
#10109 = EDGE_LOOP ( 'NONE', ( #3181, #9163 ) ) ;
#10110 = DIRECTION ( 'NONE',  ( 0.000000000000000000, 1.000000000000000000, -0.000000000000000000 ) ) ;
#10111 = CARTESIAN_POINT ( 'NONE',  ( -6.049999999999999822, -1.199999999999999956, 1.899999999999999689 ) ) ;
#10112 = AXIS2_PLACEMENT_3D ( 'NONE', #1376, #6966, #6368 ) ;
#10113 = EDGE_CURVE ( 'NONE', #9165, #914, #114, .T. ) ;
#10114 = PLANE ( 'NONE',  #515 ) ;
#10115 = LINE ( 'NONE', #1954, #1633 ) ;
#10116 = CARTESIAN_POINT ( 'NONE',  ( -5.150000000000000355, -7.650000000000000355, -3.503246160812049846E-43 ) ) ;
#10117 = LINE ( 'NONE', #7777, #6486 ) ;
#10118 = EDGE_LOOP ( 'NONE', ( #3246, #7127, #97, #8447 ) ) ;
#10119 = AXIS2_PLACEMENT_3D ( 'NONE', #3599, #9128, #8669 ) ;
#10120 = ORIENTED_EDGE ( 'NONE', *, *, #9402, .F. ) ;
#10121 = PLANE ( 'NONE',  #4959 ) ;
#10122 = VECTOR ( 'NONE', #10714, 1000.000000000000000 ) ;
#10123 = ORIENTED_EDGE ( 'NONE', *, *, #4419, .T. ) ;
#10124 = DIRECTION ( 'NONE',  ( 0.9762960071199331402, 0.000000000000000000, 0.2164396139381040141 ) ) ;
#10125 = EDGE_CURVE ( 'NONE', #315, #2357, #9237, .T. ) ;
#10126 = DIRECTION ( 'NONE',  ( -2.235917554085669900E-31, 1.397729250962541600E-46, 1.000000000000000000 ) ) ;
#10127 = VECTOR ( 'NONE', #10222, 1000.000000000000000 ) ;
#10128 = VECTOR ( 'NONE', #2206, 1000.000000000000000 ) ;
#10129 = ADVANCED_FACE ( 'NONE', ( #1392 ), #6217, .T. ) ;
#10130 = CARTESIAN_POINT ( 'NONE',  ( 0.04639175257731656399, 2.511275773199482142, 4.314342745025240511 ) ) ;
#10131 = FACE_OUTER_BOUND ( 'NONE', #358, .T. ) ;
#10132 = DIRECTION ( 'NONE',  ( 1.000000000000000000, -0.000000000000000000, -0.000000000000000000 ) ) ;
#10133 = ORIENTED_EDGE ( 'NONE', *, *, #7086, .F. ) ;
#10134 = CARTESIAN_POINT ( 'NONE',  ( 0.000000000000000000, 0.000000000000000000, -0.9499999999999999556 ) ) ;
#10135 = ORIENTED_EDGE ( 'NONE', *, *, #6944, .T. ) ;
#10136 = ORIENTED_EDGE ( 'NONE', *, *, #9477, .F. ) ;
#10137 = DIRECTION ( 'NONE',  ( 0.000000000000000000, -0.000000000000000000, -1.000000000000000000 ) ) ;
#10138 = AXIS2_PLACEMENT_3D ( 'NONE', #3472, #4278, #6893 ) ;
#10139 = VECTOR ( 'NONE', #464, 1000.000000000000000 ) ;
#10140 = EDGE_LOOP ( 'NONE', ( #7975, #7254, #7911, #5609 ) ) ;
#10141 = EDGE_CURVE ( 'NONE', #3252, #8587, #1494, .T. ) ;
#10142 = EDGE_CURVE ( 'NONE', #2122, #7033, #7205, .T. ) ;
#10143 = EDGE_CURVE ( 'NONE', #8843, #6629, #3075, .T. ) ;
#10144 = FACE_OUTER_BOUND ( 'NONE', #8136, .T. ) ;
#10145 = VERTEX_POINT ( 'NONE', #8898 ) ;
#10146 = ORIENTED_EDGE ( 'NONE', *, *, #1947, .F. ) ;
#10147 = CARTESIAN_POINT ( 'NONE',  ( 3.450000000000000178, -1.199999999999999956, 1.899999999999999911 ) ) ;
#10148 = CARTESIAN_POINT ( 'NONE',  ( -5.150000000000000355, 8.985357054628929168E-16, 41.22500000000000142 ) ) ;
#10149 = DIRECTION ( 'NONE',  ( 1.000000000000000000, 0.000000000000000000, -0.000000000000000000 ) ) ;
#10150 = CARTESIAN_POINT ( 'NONE',  ( 0.2661925750545590663, 2.523368183558771349, 4.265155570561629084 ) ) ;
#10151 = LINE ( 'NONE', #5085, #10710 ) ;
#10152 = ORIENTED_EDGE ( 'NONE', *, *, #8458, .F. ) ;
#10153 = EDGE_CURVE ( 'NONE', #7031, #5011, #9545, .T. ) ;
#10154 = AXIS2_PLACEMENT_3D ( 'NONE', #2317, #7207, #2967 ) ;
#10155 = CARTESIAN_POINT ( 'NONE',  ( -5.150000000000000355, 8.985357054628929168E-16, 41.22500000000000142 ) ) ;
#10156 = VERTEX_POINT ( 'NONE', #6382 ) ;
#10157 = FACE_OUTER_BOUND ( 'NONE', #10730, .T. ) ;
#10158 = VECTOR ( 'NONE', #9130, 1000.000000000000000 ) ;
#10159 = CARTESIAN_POINT ( 'NONE',  ( -3.100000000000000533, 0.5000000000000000000, 31.88557667661039829 ) ) ;
#10160 = LINE ( 'NONE', #6016, #5960 ) ;
#10161 = CARTESIAN_POINT ( 'NONE',  ( 0.5749999999999999556, 5.349999999999999645, 2.500000000000000000 ) ) ;
#10162 = ORIENTED_EDGE ( 'NONE', *, *, #9484, .T. ) ;
#10163 = CARTESIAN_POINT ( 'NONE',  ( -3.549999999999999822, 0.000000000000000000, -2.399777700366560573 ) ) ;
#10164 = ADVANCED_FACE ( 'NONE', ( #5614 ), #3021, .T. ) ;
#10165 = ADVANCED_FACE ( 'NONE', ( #2263 ), #10573, .T. ) ;
#10166 = FILL_AREA_STYLE ('',( #386 ) ) ;
#10167 = VECTOR ( 'NONE', #1122, 1000.000000000000000 ) ;
#10168 = CARTESIAN_POINT ( 'NONE',  ( -1.500000000000000888, -0.6248573008720179622, -4.436184497988939768 ) ) ;
#10169 = CARTESIAN_POINT ( 'NONE',  ( 3.100000000000000533, 0.5000000000000000000, 31.88557667661039829 ) ) ;
#10170 = EDGE_LOOP ( 'NONE', ( #5435, #9743, #5322, #2806 ) ) ;
#10171 = FACE_BOUND ( 'NONE', #4803, .T. ) ;
#10172 = LINE ( 'NONE', #5266, #5257 ) ;
#10173 = EDGE_LOOP ( 'NONE', ( #3244, #1076, #3432, #7907 ) ) ;
#10174 = VECTOR ( 'NONE', #4139, 1000.000000000000114 ) ;
#10175 = CARTESIAN_POINT ( 'NONE',  ( -5.650000000000000355, 0.5000000000000000000, 7.700000000000000178 ) ) ;
#10176 = ORIENTED_EDGE ( 'NONE', *, *, #10102, .T. ) ;
#10177 = ORIENTED_EDGE ( 'NONE', *, *, #3375, .T. ) ;
#10178 = CARTESIAN_POINT ( 'NONE',  ( 0.000000000000000000, -3.199511259617441539, -4.073532465804428071 ) ) ;
#10179 = CARTESIAN_POINT ( 'NONE',  ( 4.000000000000000888, 7.529940238806680064, -1.350000000000000089 ) ) ;
#10180 = CARTESIAN_POINT ( 'NONE',  ( 8.572527594031481818E-17, 0.8000000000000003775, -8.424777700366560040 ) ) ;
#10181 = DIRECTION ( 'NONE',  ( -0.3294216623000930655, 0.000000000000000000, 0.9441829104614440915 ) ) ;
#10182 = LINE ( 'NONE', #2735, #9952 ) ;
#10183 = EDGE_LOOP ( 'NONE', ( #6270, #6507, #1318, #3292, #1361, #9709, #8941, #684 ) ) ;
#10184 = DIRECTION ( 'NONE',  ( -0.000000000000000000, -1.000000000000000000, -0.000000000000000000 ) ) ;
#10185 = EDGE_LOOP ( 'NONE', ( #2141, #1368, #1613, #2939 ) ) ;
#10186 = CARTESIAN_POINT ( 'NONE',  ( -9.674497472730669401, 3.000000000000000000, 11.81413169024230037 ) ) ;
#10187 = ORIENTED_EDGE ( 'NONE', *, *, #10741, .F. ) ;
#10188 = CARTESIAN_POINT ( 'NONE',  ( 5.150000000000000355, 6.822590561394729747, 4.458817530261704576 ) ) ;
#10189 = AXIS2_PLACEMENT_3D ( 'NONE', #7104, #5466, #7047 ) ;
#10190 = EDGE_CURVE ( 'NONE', #4540, #6983, #478, .T. ) ;
#10191 = VERTEX_POINT ( 'NONE', #4748 ) ;
#10192 = DIRECTION ( 'NONE',  ( 1.000000000000000000, 0.000000000000000000, 0.000000000000000000 ) ) ;
#10193 = ORIENTED_EDGE ( 'NONE', *, *, #2100, .F. ) ;
#10194 = EDGE_CURVE ( 'NONE', #4609, #2487, #3126, .T. ) ;
#10195 = ORIENTED_EDGE ( 'NONE', *, *, #9084, .F. ) ;
#10196 = DIRECTION ( 'NONE',  ( 1.000000000000000000, -0.000000000000000000, 0.000000000000000000 ) ) ;
#10197 = CARTESIAN_POINT ( 'NONE',  ( -3.449999999999999734, 5.349999999999999645, 1.399999999999999911 ) ) ;
#10198 = DIRECTION ( 'NONE',  ( 1.000000000000000000, 0.000000000000000000, -0.000000000000000000 ) ) ;
#10199 = DIRECTION ( 'NONE',  ( 0.000000000000000000, -0.9941301041872921962, 0.1081912008832670441 ) ) ;
#10200 = CARTESIAN_POINT ( 'NONE',  ( -0.03875628892772198936, 4.884532576696193118, 4.552878892672807432 ) ) ;
#10201 = EDGE_CURVE ( 'NONE', #10581, #4906, #7096, .T. ) ;
#10202 = VERTEX_POINT ( 'NONE', #10410 ) ;
#10203 = AXIS2_PLACEMENT_3D ( 'NONE', #4557, #5323, #2674 ) ;
#10204 = LINE ( 'NONE', #166, #760 ) ;
#10205 = EDGE_CURVE ( 'NONE', #2855, #8268, #9598, .T. ) ;
#10206 = LINE ( 'NONE', #6231, #10339 ) ;
#10207 = CARTESIAN_POINT ( 'NONE',  ( -4.758176668902170627E-17, 0.4975562980872505481, 2.815944880362406533 ) ) ;
#10208 = DIRECTION ( 'NONE',  ( -0.000000000000000000, 1.000000000000000000, 0.000000000000000000 ) ) ;
#10209 = ORIENTED_EDGE ( 'NONE', *, *, #9892, .T. ) ;
#10210 = EDGE_CURVE ( 'NONE', #5182, #8810, #9655, .T. ) ;
#10211 = ADVANCED_FACE ( 'NONE', ( #3333 ), #9914, .T. ) ;
#10212 = CARTESIAN_POINT ( 'NONE',  ( 2.707541993964409865, 0.8000000000000000444, -3.399777700366560573 ) ) ;
#10213 = CIRCLE ( 'NONE', #6212, 7.650000000000000355 ) ;
#10214 = CARTESIAN_POINT ( 'NONE',  ( -0.01848690376756906284, 4.494895428734040799, 4.425885681878249045 ) ) ;
#10215 = FACE_OUTER_BOUND ( 'NONE', #5735, .T. ) ;
#10216 = CARTESIAN_POINT ( 'NONE',  ( 0.5000000000000000000, 5.250000000000000000, -2.500000000000000000 ) ) ;
#10217 = ORIENTED_EDGE ( 'NONE', *, *, #2378, .F. ) ;
#10218 = DIRECTION ( 'NONE',  ( 0.000000000000000000, 0.000000000000000000, 1.000000000000000000 ) ) ;
#10219 = ADVANCED_FACE ( 'NONE', ( #8348 ), #7306, .F. ) ;
#10220 = CIRCLE ( 'NONE', #2930, 5.000000000000000000 ) ;
#10221 = DIRECTION ( 'NONE',  ( 0.000000000000000000, 0.1824522163763980243, 0.9832147215839172061 ) ) ;
#10222 = DIRECTION ( 'NONE',  ( -0.000000000000000000, 3.654614064557880066E-17, -1.000000000000000000 ) ) ;
#10223 = ORIENTED_EDGE ( 'NONE', *, *, #6104, .F. ) ;
#10224 = CARTESIAN_POINT ( 'NONE',  ( -1.110104651680380083, 3.853482128896081882, 4.373632455219640391 ) ) ;
#10225 = EDGE_LOOP ( 'NONE', ( #9377, #6410, #5737, #7184 ) ) ;
#10226 = PLANE ( 'NONE',  #8105 ) ;
#10227 = ORIENTED_EDGE ( 'NONE', *, *, #3985, .T. ) ;
#10228 = CARTESIAN_POINT ( 'NONE',  ( 0.000000000000000000, 6.450000000000000178, 10.50000000000000000 ) ) ;
#10229 = CARTESIAN_POINT ( 'NONE',  ( 1.000000000000000000, -6.349999999999999645, 10.50000000000000000 ) ) ;
#10230 = AXIS2_PLACEMENT_3D ( 'NONE', #9002, #1653, #5723 ) ;
#10231 = CARTESIAN_POINT ( 'NONE',  ( 0.000000000000000000, -6.349999999999999645, 12.00000000000000000 ) ) ;
#10232 = CARTESIAN_POINT ( 'NONE',  ( -6.049999999999999822, 3.975000000000000089, 1.899999999999999911 ) ) ;
#10233 = CARTESIAN_POINT ( 'NONE',  ( -9.674497472730669401, -3.000000000000000000, 11.81413169024230037 ) ) ;
#10234 = ADVANCED_FACE ( 'NONE', ( #1707 ), #33, .T. ) ;
#10235 = CARTESIAN_POINT ( 'NONE',  ( -4.000000000000000000, -1.095399793800289956, 4.053523157353340345 ) ) ;
#10236 = DIRECTION ( 'NONE',  ( 0.9441829104614438695, 0.000000000000000000, 0.3294216623000940092 ) ) ;
#10237 = VERTEX_POINT ( 'NONE', #6651 ) ;
#10238 = VECTOR ( 'NONE', #5765, 1000.000000000000000 ) ;
#10239 = ORIENTED_EDGE ( 'NONE', *, *, #7615, .T. ) ;
#10240 = CARTESIAN_POINT ( 'NONE',  ( -3.549999999999999822, 0.000000000000000000, -3.199777700366559952 ) ) ;
#10241 = ORIENTED_EDGE ( 'NONE', *, *, #6548, .T. ) ;
#10242 = CARTESIAN_POINT ( 'NONE',  ( 10.05037900977000476, -3.000000000000000000, 11.42251280115220347 ) ) ;
#10243 = ORIENTED_EDGE ( 'NONE', *, *, #9806, .T. ) ;
#10244 = AXIS2_PLACEMENT_3D ( 'NONE', #2256, #685, #5557 ) ;
#10245 = CARTESIAN_POINT ( 'NONE',  ( 6.400000000000000355, 6.795823926507079847E-16, 1.899999999999999911 ) ) ;
#10246 = CARTESIAN_POINT ( 'NONE',  ( -0.7249999999999996447, 1.652592182892416828, -4.756973892105110124 ) ) ;
#10247 = VERTEX_POINT ( 'NONE', #9164 ) ;
#10248 = ORIENTED_EDGE ( 'NONE', *, *, #4262, .T. ) ;
#10249 = LINE ( 'NONE', #5345, #9478 ) ;
#10250 = PLANE ( 'NONE',  #6458 ) ;
#10251 = LINE ( 'NONE', #319, #4300 ) ;
#10252 = CARTESIAN_POINT ( 'NONE',  ( 4.000000000000000000, 8.985357054628929168E-16, 2.850000000000005418 ) ) ;
#10253 = LINE ( 'NONE', #8801, #6011 ) ;
#10254 = ORIENTED_EDGE ( 'NONE', *, *, #3651, .F. ) ;
#10255 = EDGE_CURVE ( 'NONE', #8514, #3800, #8295, .T. ) ;
#10256 = ADVANCED_FACE ( 'NONE', ( #853 ), #3231, .T. ) ;
#10257 = VECTOR ( 'NONE', #945, 1000.000000000000000 ) ;
#10258 = EDGE_CURVE ( 'NONE', #7748, #479, #10025, .T. ) ;
#10259 = VERTEX_POINT ( 'NONE', #4147 ) ;
#10260 = FACE_OUTER_BOUND ( 'NONE', #4652, .T. ) ;
#10261 = CARTESIAN_POINT ( 'NONE',  ( 1.251884728683430037, 2.686929947459990142, 4.278457299852089335 ) ) ;
#10262 =( NAMED_UNIT ( * ) SI_UNIT ( $, .STERADIAN. ) SOLID_ANGLE_UNIT ( ) );
#10263 = CARTESIAN_POINT ( 'NONE',  ( -8.000000000000000000, -0.5000000000000052180, -3.499999999999999556 ) ) ;
#10264 = ORIENTED_EDGE ( 'NONE', *, *, #2724, .T. ) ;
#10265 = VECTOR ( 'NONE', #5356, 1000.000000000000000 ) ;
#10266 = FACE_OUTER_BOUND ( 'NONE', #1821, .T. ) ;
#10267 = CARTESIAN_POINT ( 'NONE',  ( 1.172160853033877181, 3.593035224637062708, 4.429784319107111124 ) ) ;
#10268 = ADVANCED_FACE ( 'NONE', ( #2576, #5882, #2369, #4850, #7363, #5062 ), #4907, .F. ) ;
#10269 = LINE ( 'NONE', #1150, #934 ) ;
#10270 = VECTOR ( 'NONE', #429, 1000.000000000000000 ) ;
#10271 = ADVANCED_FACE ( 'NONE', ( #8242 ), #802, .T. ) ;
#10272 = EDGE_CURVE ( 'NONE', #4223, #8833, #7417, .T. ) ;
#10273 = LINE ( 'NONE', #8703, #8152 ) ;
#10274 = ORIENTED_EDGE ( 'NONE', *, *, #4916, .T. ) ;
#10275 = DIRECTION ( 'NONE',  ( 0.000000000000000000, 0.000000000000000000, 1.000000000000000000 ) ) ;
#10276 =( NAMED_UNIT ( * ) PLANE_ANGLE_UNIT ( ) SI_UNIT ( $, .RADIAN. ) );
#10277 = DIRECTION ( 'NONE',  ( -1.000000000000000000, -0.000000000000000000, -0.000000000000000000 ) ) ;
#10278 = ORIENTED_EDGE ( 'NONE', *, *, #7580, .T. ) ;
#10279 = DIRECTION ( 'NONE',  ( 0.000000000000000000, 0.000000000000000000, -1.000000000000000000 ) ) ;
#10280 = EDGE_LOOP ( 'NONE', ( #7694, #4547, #8002, #7071, #6108, #9587, #1485, #2200, #2012, #9572, #7230, #2983, #2066, #3945, #399, #5491, #5459, #6378, #660, #9157, #3129, #4006, #4895, #10348, #4044, #4647, #470, #2259, #1179, #1656, #590, #9950, #1381, #753, #8304, #360, #7041, #6668 ) ) ;
#10281 = CARTESIAN_POINT ( 'NONE',  ( 8.074999999999999289, 3.975000000000000089, 31.88557667661039829 ) ) ;
#10282 = ORIENTED_EDGE ( 'NONE', *, *, #3939, .T. ) ;
#10283 = LINE ( 'NONE', #297, #3955 ) ;
#10284 = VECTOR ( 'NONE', #7379, 1000.000000000000000 ) ;
#10285 = CARTESIAN_POINT ( 'NONE',  ( -1.100672442093260095, 4.509270854082247482, 4.427092701739772984 ) ) ;
#10286 = EDGE_CURVE ( 'NONE', #5981, #1763, #3282, .T. ) ;
#10287 = CARTESIAN_POINT ( 'NONE',  ( 6.049999999999999822, 1.199999999999999956, 31.88557667661039829 ) ) ;
#10288 = CARTESIAN_POINT ( 'NONE',  ( -5.150000000000000355, -7.529940238806679176, -1.350000000000005640 ) ) ;
#10289 = DIRECTION ( 'NONE',  ( -1.000000000000000000, -4.132159918928750647E-16, 5.820340192983085494E-17 ) ) ;
#10290 = VECTOR ( 'NONE', #7444, 1000.000000000000000 ) ;
#10291 = LINE ( 'NONE', #5224, #8690 ) ;
#10292 = CARTESIAN_POINT ( 'NONE',  ( -2.375000000000000000, 0.8000000000000000444, -9.599777700366560751 ) ) ;
#10293 = VECTOR ( 'NONE', #2324, 1000.000000000000000 ) ;
#10294 = ORIENTED_EDGE ( 'NONE', *, *, #7641, .F. ) ;
#10295 = ORIENTED_EDGE ( 'NONE', *, *, #2663, .F. ) ;
#10296 = ORIENTED_EDGE ( 'NONE', *, *, #1117, .T. ) ;
#10297 = DIRECTION ( 'NONE',  ( 1.000000000000000000, 0.000000000000000000, -0.000000000000000000 ) ) ;
#10298 = VERTEX_POINT ( 'NONE', #9479 ) ;
#10299 = EDGE_CURVE ( 'NONE', #5926, #3876, #3494, .T. ) ;
#10300 = VECTOR ( 'NONE', #547, 1000.000000000000000 ) ;
#10301 = EDGE_CURVE ( 'NONE', #8408, #3252, #5280, .T. ) ;
#10302 = VECTOR ( 'NONE', #336, 1000.000000000000000 ) ;
#10303 = CARTESIAN_POINT ( 'NONE',  ( -8.750000000000000000, -6.349999999999999645, 5.000000000000000888 ) ) ;
#10304 = LINE ( 'NONE', #5853, #2422 ) ;
#10305 = ORIENTED_EDGE ( 'NONE', *, *, #9696, .F. ) ;
#10306 = AXIS2_PLACEMENT_3D ( 'NONE', #8016, #8886, #8072 ) ;
#10307 = VERTEX_POINT ( 'NONE', #8619 ) ;
#10308 = CARTESIAN_POINT ( 'NONE',  ( -8.000000000000000000, 0.4999999999999995559, 1.399999999999999911 ) ) ;
#10309 = CARTESIAN_POINT ( 'NONE',  ( 2.375000000000000000, 0.000000000000000000, -4.899777700366559685 ) ) ;
#10310 = AXIS2_PLACEMENT_3D ( 'NONE', #7026, #2133, #4622 ) ;
#10311 = CARTESIAN_POINT ( 'NONE',  ( 5.599999999999999645, -3.000000000000000000, 9.000000000000001776 ) ) ;
#10312 = PLANE ( 'NONE',  #567 ) ;
#10313 = CARTESIAN_POINT ( 'NONE',  ( -1.503833196700679720, 3.651052314000635679, 4.409114823221255364 ) ) ;
#10314 = VERTEX_POINT ( 'NONE', #8510 ) ;
#10315 = VECTOR ( 'NONE', #9895, 1000.000000000000000 ) ;
#10316 = ORIENTED_EDGE ( 'NONE', *, *, #4964, .T. ) ;
#10317 = LINE ( 'NONE', #4436, #5073 ) ;
#10318 = CARTESIAN_POINT ( 'NONE',  ( 1.349585609798082730, 2.843504311736502199, 4.387128642072314122 ) ) ;
#10319 = FILL_AREA_STYLE ('',( #8754 ) ) ;
#10320 = DIRECTION ( 'NONE',  ( 0.000000000000000000, 1.000000000000000000, -0.000000000000000000 ) ) ;
#10321 = VECTOR ( 'NONE', #5201, 1000.000000000000000 ) ;
#10322 = EDGE_LOOP ( 'NONE', ( #3456, #5150, #4797, #3233 ) ) ;
#10323 = CARTESIAN_POINT ( 'NONE',  ( -2.707541993964409865, 0.8000000000000000444, -3.399777700366560573 ) ) ;
#10324 = ADVANCED_FACE ( 'NONE', ( #2734 ), #4458, .F. ) ;
#10325 = SURFACE_SIDE_STYLE ('',( #7723 ) ) ;
#10326 = DIRECTION ( 'NONE',  ( 0.000000000000000000, 1.000000000000000000, 0.000000000000000000 ) ) ;
#10327 = VECTOR ( 'NONE', #4935, 1000.000000000000000 ) ;
#10328 = DIRECTION ( 'NONE',  ( 0.000000000000000000, 0.000000000000000000, -1.000000000000000000 ) ) ;
#10329 = ORIENTED_EDGE ( 'NONE', *, *, #8948, .T. ) ;
#10330 = FACE_BOUND ( 'NONE', #10015, .T. ) ;
#10331 = DIRECTION ( 'NONE',  ( 1.000000000000000000, 0.000000000000000000, 0.000000000000000000 ) ) ;
#10332 = ORIENTED_EDGE ( 'NONE', *, *, #9124, .F. ) ;
#10333 = CARTESIAN_POINT ( 'NONE',  ( 1.349582517709239982, 2.851271407022103688, 4.291851409323492739 ) ) ;
#10334 = ADVANCED_FACE ( 'NONE', ( #7789 ), #2627, .T. ) ;
#10335 = ORIENTED_EDGE ( 'NONE', *, *, #404, .F. ) ;
#10336 = DIRECTION ( 'NONE',  ( 0.000000000000000000, 0.000000000000000000, -1.000000000000000000 ) ) ;
#10337 = ORIENTED_EDGE ( 'NONE', *, *, #4888, .F. ) ;
#10338 = DIRECTION ( 'NONE',  ( -0.000000000000000000, 1.000000000000000000, 0.000000000000000000 ) ) ;
#10339 = VECTOR ( 'NONE', #1299, 1000.000000000000000 ) ;
#10340 = EDGE_CURVE ( 'NONE', #3422, #8531, #6809, .T. ) ;
#10341 = DIRECTION ( 'NONE',  ( 0.000000000000000000, 0.1394778421021800052, 0.9902251923489521213 ) ) ;
#10342 = CARTESIAN_POINT ( 'NONE',  ( 0.5749999999999999556, 5.349999999999999645, 2.500000000000000000 ) ) ;
#10343 = LINE ( 'NONE', #8882, #7440 ) ;
#10344 = DIRECTION ( 'NONE',  ( -1.853337046983769999E-17, 1.000000000000000000, 0.000000000000000000 ) ) ;
#10345 = STYLED_ITEM ( 'NONE', ( #94 ), #7264 ) ;
#10346 = DIRECTION ( 'NONE',  ( -0.000000000000000000, 1.000000000000000000, 0.000000000000000000 ) ) ;
#10347 = CARTESIAN_POINT ( 'NONE',  ( -10.05037900976999943, 3.000000000000000000, 10.50735166954630095 ) ) ;
#10348 = ORIENTED_EDGE ( 'NONE', *, *, #7977, .T. ) ;
#10349 = EDGE_CURVE ( 'NONE', #4230, #5066, #8860, .T. ) ;
#10350 = ORIENTED_EDGE ( 'NONE', *, *, #3518, .T. ) ;
#10351 = DIRECTION ( 'NONE',  ( -0.000000000000000000, 1.000000000000000000, 0.000000000000000000 ) ) ;
#10352 = ORIENTED_EDGE ( 'NONE', *, *, #7131, .T. ) ;
#10353 = DIRECTION ( 'NONE',  ( 0.000000000000000000, 0.3586157030623760567, 0.9334852851100962079 ) ) ;
#10354 = ORIENTED_EDGE ( 'NONE', *, *, #8850, .T. ) ;
#10355 = VECTOR ( 'NONE', #7895, 1000.000000000000000 ) ;
#10356 = CARTESIAN_POINT ( 'NONE',  ( -4.650000000000001243, 1.652592182892420603, -4.756973892105110124 ) ) ;
#10357 = CARTESIAN_POINT ( 'NONE',  ( 9.913744736894727794, -3.000000000000000000, 11.81413169024230037 ) ) ;
#10358 = ORIENTED_EDGE ( 'NONE', *, *, #8755, .F. ) ;
#10359 = ORIENTED_EDGE ( 'NONE', *, *, #234, .T. ) ;
#10360 = EDGE_CURVE ( 'NONE', #5978, #8738, #7584, .T. ) ;
#10361 = ORIENTED_EDGE ( 'NONE', *, *, #4102, .F. ) ;
#10362 = CARTESIAN_POINT ( 'NONE',  ( -10.19772880358570077, 3.000000000000000000, 10.50735166954630095 ) ) ;
#10363 = LINE ( 'NONE', #10309, #5063 ) ;
#10364 = EDGE_CURVE ( 'NONE', #9717, #8785, #10079, .T. ) ;
#10365 = FACE_OUTER_BOUND ( 'NONE', #5948, .T. ) ;
#10366 = DIRECTION ( 'NONE',  ( 0.000000000000000000, -1.000000000000000000, -0.000000000000000000 ) ) ;
#10367 = CARTESIAN_POINT ( 'NONE',  ( 8.750000000000000000, 2.999999999999999112, 5.000000000000000000 ) ) ;
#10368 = ORIENTED_EDGE ( 'NONE', *, *, #680, .F. ) ;
#10369 = ORIENTED_EDGE ( 'NONE', *, *, #4419, .F. ) ;
#10370 = CARTESIAN_POINT ( 'NONE',  ( 8.000000000000000000, 0.000000000000000000, 0.000000000000000000 ) ) ;
#10371 = ADVANCED_FACE ( 'NONE', ( #1065 ), #1817, .F. ) ;
#10372 = FACE_OUTER_BOUND ( 'NONE', #356, .T. ) ;
#10373 = CARTESIAN_POINT ( 'NONE',  ( -1.155260117272418841, 2.559086472258083500, 4.363913809145458345 ) ) ;
#10374 = CARTESIAN_POINT ( 'NONE',  ( 1.000000000000000000, 6.349999999999999645, 13.00000000000000178 ) ) ;
#10375 = ORIENTED_EDGE ( 'NONE', *, *, #111, .T. ) ;
#10376 = DIRECTION ( 'NONE',  ( 0.000000000000000000, 3.576749435003730024E-16, 1.000000000000000000 ) ) ;
#10377 = CARTESIAN_POINT ( 'NONE',  ( -5.150000000000000355, -3.804846164371670891, 4.425186540299621996 ) ) ;
#10378 = AXIS2_PLACEMENT_3D ( 'NONE', #6557, #6396, #5579 ) ;
#10379 = EDGE_CURVE ( 'NONE', #7676, #2855, #10291, .T. ) ;
#10380 = SURFACE_STYLE_USAGE ( .BOTH. , #7063 ) ;
#10381 = ORIENTED_EDGE ( 'NONE', *, *, #9416, .F. ) ;
#10382 = PLANE ( 'NONE',  #10490 ) ;
#10383 = PLANE ( 'NONE',  #5457 ) ;
#10384 = CARTESIAN_POINT ( 'NONE',  ( 10.19772880358570077, 3.000000000000000000, 10.50735166954630095 ) ) ;
#10385 = EDGE_CURVE ( 'NONE', #8322, #7114, #9322, .T. ) ;
#10386 = ORIENTED_EDGE ( 'NONE', *, *, #7023, .T. ) ;
#10387 = CARTESIAN_POINT ( 'NONE',  ( 1.042580572369750103, 4.566030830744476354, 4.431650275526116900 ) ) ;
#10388 = VERTEX_POINT ( 'NONE', #1017 ) ;
#10389 = ORIENTED_EDGE ( 'NONE', *, *, #9948, .F. ) ;
#10390 = LINE ( 'NONE', #5436, #4994 ) ;
#10391 = CARTESIAN_POINT ( 'NONE',  ( -0.7149180687743239559, 4.750574663952488841, 4.446751510494041604 ) ) ;
#10392 = LINE ( 'NONE', #2946, #8746 ) ;
#10393 = EDGE_CURVE ( 'NONE', #3983, #3455, #1118, .T. ) ;
#10394 = VECTOR ( 'NONE', #2560, 1000.000000000000000 ) ;
#10395 = CARTESIAN_POINT ( 'NONE',  ( 5.599999999999999645, -3.000000000000000000, 9.000000000000001776 ) ) ;
#10396 =( NAMED_UNIT ( * ) PLANE_ANGLE_UNIT ( ) SI_UNIT ( $, .RADIAN. ) );
#10397 = ADVANCED_FACE ( 'NONE', ( #3598 ), #7632, .T. ) ;
#10398 = VERTEX_POINT ( 'NONE', #2681 ) ;
#10399 = ORIENTED_EDGE ( 'NONE', *, *, #5446, .T. ) ;
#10400 = DIRECTION ( 'NONE',  ( -0.3294216623000930655, -0.000000000000000000, -0.9441829104614440915 ) ) ;
#10401 = ORIENTED_EDGE ( 'NONE', *, *, #6141, .F. ) ;
#10402 = CARTESIAN_POINT ( 'NONE',  ( -3.100000000000000533, 1.199999999999999956, -0.9499999999999995115 ) ) ;
#10403 = AXIS2_PLACEMENT_3D ( 'NONE', #10651, #5691, #9779 ) ;
#10404 = ORIENTED_EDGE ( 'NONE', *, *, #6821, .F. ) ;
#10405 = CARTESIAN_POINT ( 'NONE',  ( 0.000000000000000000, 0.7118782501609123292, -4.624469942108038190 ) ) ;
#10406 = EDGE_CURVE ( 'NONE', #1169, #6530, #5989, .T. ) ;
#10407 = CARTESIAN_POINT ( 'NONE',  ( 1.224646799147351975E-16, 5.350000000000000533, 13.00000000000000178 ) ) ;
#10408 = VERTEX_POINT ( 'NONE', #248 ) ;
#10409 = VECTOR ( 'NONE', #289, 1000.000000000000000 ) ;
#10410 = CARTESIAN_POINT ( 'NONE',  ( -9.500000000000000000, -6.349999999999999645, 5.000000000000000888 ) ) ;
#10411 = EDGE_CURVE ( 'NONE', #4449, #4567, #4409, .T. ) ;
#10412 = VERTEX_POINT ( 'NONE', #9424 ) ;
#10413 = DIRECTION ( 'NONE',  ( -0.000000000000000000, 1.000000000000000000, 0.000000000000000000 ) ) ;
#10414 = VERTEX_POINT ( 'NONE', #1379 ) ;
#10415 = LINE ( 'NONE', #10531, #812 ) ;
#10416 = CARTESIAN_POINT ( 'NONE',  ( 0.5749999999999992895, 5.349999999999998757, 1.400000000000000133 ) ) ;
#10417 = DIRECTION ( 'NONE',  ( 0.000000000000000000, -1.000000000000000000, 0.000000000000000000 ) ) ;
#10418 = CARTESIAN_POINT ( 'NONE',  ( -1.000000000000000000, 6.450000000000000178, 10.50000000000000000 ) ) ;
#10419 = CARTESIAN_POINT ( 'NONE',  ( -6.450000000000000178, 0.9499999999999999556, -0.3499999999999999223 ) ) ;
#10420 = VECTOR ( 'NONE', #8181, 1000.000000000000000 ) ;
#10421 = VERTEX_POINT ( 'NONE', #1272 ) ;
#10422 = VECTOR ( 'NONE', #6964, 1000.000000000000000 ) ;
#10423 = ORIENTED_EDGE ( 'NONE', *, *, #5303, .T. ) ;
#10424 = DIRECTION ( 'NONE',  ( 0.000000000000000000, 0.000000000000000000, -1.000000000000000000 ) ) ;
#10425 = DIRECTION ( 'NONE',  ( 0.000000000000000000, -3.576749435003730024E-16, -1.000000000000000000 ) ) ;
#10426 = CARTESIAN_POINT ( 'NONE',  ( -1.502319808670908641, 3.405814037483403389, 4.432951150278058527 ) ) ;
#10427 = DIRECTION ( 'NONE',  ( 1.000000000000000000, 0.000000000000000000, -0.000000000000000000 ) ) ;
#10428 = ORIENTED_EDGE ( 'NONE', *, *, #931, .T. ) ;
#10429 = UNCERTAINTY_MEASURE_WITH_UNIT (LENGTH_MEASURE( 1.000000000000000082E-05 ), #10513, 'distance_accuracy_value', 'NONE');
#10430 = DIRECTION ( 'NONE',  ( -0.000000000000000000, -1.000000000000000000, -0.000000000000000000 ) ) ;
#10431 =( GEOMETRIC_REPRESENTATION_CONTEXT ( 3 ) GLOBAL_UNCERTAINTY_ASSIGNED_CONTEXT ( ( #5418 ) ) GLOBAL_UNIT_ASSIGNED_CONTEXT ( ( #6022, #6237, #5204 ) ) REPRESENTATION_CONTEXT ( 'NONE', 'WORKASPACE' ) );
#10432 = LINE ( 'NONE', #7995, #8184 ) ;
#10433 = ADVANCED_FACE ( 'NONE', ( #4565 ), #9689, .T. ) ;
#10434 = EDGE_CURVE ( 'NONE', #7385, #6261, #9583, .T. ) ;
#10435 = LINE ( 'NONE', #3852, #2064 ) ;
#10436 = ORIENTED_EDGE ( 'NONE', *, *, #404, .T. ) ;
#10437 = LINE ( 'NONE', #2990, #7190 ) ;
#10438 = DIRECTION ( 'NONE',  ( 0.000000000000000000, 0.000000000000000000, 1.000000000000000000 ) ) ;
#10439 = PLANE ( 'NONE',  #2352 ) ;
#10440 = LINE ( 'NONE', #9727, #7539 ) ;
#10441 = ORIENTED_EDGE ( 'NONE', *, *, #1306, .T. ) ;
#10442 = FACE_OUTER_BOUND ( 'NONE', #3583, .T. ) ;
#10443 = ORIENTED_EDGE ( 'NONE', *, *, #5558, .F. ) ;
#10444 = DIRECTION ( 'NONE',  ( 1.000000000000000000, 0.000000000000000000, 0.000000000000000000 ) ) ;
#10445 = ORIENTED_EDGE ( 'NONE', *, *, #9868, .T. ) ;
#10446 = LINE ( 'NONE', #2190, #1527 ) ;
#10447 = CARTESIAN_POINT ( 'NONE',  ( -0.2525060740899139899, 2.130631348801138802, 4.233156104713827084 ) ) ;
#10448 = PRESENTATION_LAYER_ASSIGNMENT (  '', '', ( #4360 ) ) ;
#10449 = CARTESIAN_POINT ( 'NONE',  ( -1.500000000000000000, 1.875275783246570072, 3.635089631046799941 ) ) ;
#10450 = DIRECTION ( 'NONE',  ( 1.000000000000000000, 0.000000000000000000, -0.000000000000000000 ) ) ;
#10451 = CARTESIAN_POINT ( 'NONE',  ( 4.000000000000000000, -5.750000000000000000, 3.283227176369309941 ) ) ;
#10452 = DIRECTION ( 'NONE',  ( 0.000000000000000000, 0.000000000000000000, -1.000000000000000000 ) ) ;
#10453 = PLANE ( 'NONE',  #7871 ) ;
#10454 = ORIENTED_EDGE ( 'NONE', *, *, #4545, .F. ) ;
#10455 = ORIENTED_EDGE ( 'NONE', *, *, #5109, .T. ) ;
#10456 = CARTESIAN_POINT ( 'NONE',  ( -2.375000000000000000, 0.8000000000000000444, -0.5000000000000000000 ) ) ;
#10457 = CIRCLE ( 'NONE', #5760, 1.000000000000000888 ) ;
#10458 = ORIENTED_EDGE ( 'NONE', *, *, #1061, .F. ) ;
#10459 = DIRECTION ( 'NONE',  ( -0.000000000000000000, 1.000000000000000000, -0.000000000000000000 ) ) ;
#10460 = ORIENTED_EDGE ( 'NONE', *, *, #3195, .F. ) ;
#10461 = CARTESIAN_POINT ( 'NONE',  ( 8.000000000000000000, 0.000000000000000000, 0.000000000000000000 ) ) ;
#10462 = ADVANCED_FACE ( 'NONE', ( #6258 ), #9738, .T. ) ;
#10463 = CIRCLE ( 'NONE', #582, 7.650000000000000355 ) ;
#10464 = MECHANICAL_DESIGN_GEOMETRIC_PRESENTATION_REPRESENTATION (  '', ( #4375 ), #4724 ) ;
#10465 = PLANE ( 'NONE',  #3355 ) ;
#10466 = ORIENTED_EDGE ( 'NONE', *, *, #8147, .F. ) ;
#10467 = ORIENTED_EDGE ( 'NONE', *, *, #3042, .T. ) ;
#10468 = CARTESIAN_POINT ( 'NONE',  ( 1.499999999999999556, -3.804846164371794792, 4.425186540299632654 ) ) ;
#10469 = EDGE_LOOP ( 'NONE', ( #6799, #4209, #4898, #3341, #10690, #3503, #2761, #1604 ) ) ;
#10470 = CARTESIAN_POINT ( 'NONE',  ( 6.450000000000000178, -0.9499999999999999556, -0.3499999999999999778 ) ) ;
#10471 = DIRECTION ( 'NONE',  ( -0.000000000000000000, -1.000000000000000000, 0.000000000000000000 ) ) ;
#10472 = LINE ( 'NONE', #540, #7061 ) ;
#10473 = EDGE_CURVE ( 'NONE', #2054, #4018, #7961, .T. ) ;
#10474 = AXIS2_PLACEMENT_3D ( 'NONE', #2788, #355, #1667 ) ;
#10475 = AXIS2_PLACEMENT_3D ( 'NONE', #6160, #1227, #6106 ) ;
#10476 = ORIENTED_EDGE ( 'NONE', *, *, #2084, .F. ) ;
#10477 = EDGE_CURVE ( 'NONE', #240, #1669, #8668, .T. ) ;
#10478 = EDGE_CURVE ( 'NONE', #2653, #9802, #8885, .T. ) ;
#10479 = VECTOR ( 'NONE', #3913, 1000.000000000000000 ) ;
#10480 = COLOUR_RGB ( '',0.5058823529411764497, 0.5294117647058823595, 0.5490196078431373028 ) ;
#10481 = ORIENTED_EDGE ( 'NONE', *, *, #7822, .F. ) ;
#10482 = CARTESIAN_POINT ( 'NONE',  ( -3.100000000000000533, 5.349999999999999645, 1.399999999999999911 ) ) ;
#10483 = CARTESIAN_POINT ( 'NONE',  ( 0.5312032046437229482, 4.828349930872090745, 4.453051386907569409 ) ) ;
#10484 = CARTESIAN_POINT ( 'NONE',  ( -0.4714587859324937402, 4.841914515134174479, 4.549990042089097741 ) ) ;
#10485 = CARTESIAN_POINT ( 'NONE',  ( 7.500000000000000000, 0.000000000000000000, 0.000000000000000000 ) ) ;
#10486 = ADVANCED_FACE ( 'NONE', ( #2198 ), #3868, .F. ) ;
#10487 = VERTEX_POINT ( 'NONE', #5550 ) ;
#10488 = LINE ( 'NONE', #2173, #9117 ) ;
#10489 = VECTOR ( 'NONE', #3373, 1000.000000000000000 ) ;
#10490 = AXIS2_PLACEMENT_3D ( 'NONE', #2934, #7944, #502 ) ;
#10491 = PLANE ( 'NONE',  #1757 ) ;
#10492 = DIRECTION ( 'NONE',  ( -0.000000000000000000, -0.000000000000000000, -1.000000000000000000 ) ) ;
#10493 = ORIENTED_EDGE ( 'NONE', *, *, #8960, .T. ) ;
#10494 = CARTESIAN_POINT ( 'NONE',  ( -1.000000000000000000, 0.000000000000000000, 7.713101904062729997E-17 ) ) ;
#10495 = VECTOR ( 'NONE', #8207, 1000.000000000000000 ) ;
#10496 = DIRECTION ( 'NONE',  ( 0.000000000000000000, -1.000000000000000000, 0.000000000000000000 ) ) ;
#10497 = DIRECTION ( 'NONE',  ( -1.000000000000000000, 0.000000000000000000, -0.000000000000000000 ) ) ;
#10498 = CARTESIAN_POINT ( 'NONE',  ( -9.500000000000000000, -6.349999999999999645, 10.50000000000000000 ) ) ;
#10499 = EDGE_LOOP ( 'NONE', ( #2769, #3859, #7152, #5990 ) ) ;
#10500 = PLANE ( 'NONE',  #8193 ) ;
#10501 = EDGE_CURVE ( 'NONE', #7783, #7577, #4732, .T. ) ;
#10502 = ORIENTED_EDGE ( 'NONE', *, *, #3703, .F. ) ;
#10503 = DIRECTION ( 'NONE',  ( 0.000000000000000000, 1.000000000000000000, 0.000000000000000000 ) ) ;
#10504 = EDGE_CURVE ( 'NONE', #9813, #10408, #7027, .T. ) ;
#10505 = ORIENTED_EDGE ( 'NONE', *, *, #9368, .F. ) ;
#10506 = CARTESIAN_POINT ( 'NONE',  ( -0.5000000000000001110, -0.5000000000000009992, 0.000000000000000000 ) ) ;
#10507 = CARTESIAN_POINT ( 'NONE',  ( -10.58818515033610197, 3.000000000000000000, 9.343524243637009619 ) ) ;
#10508 = VECTOR ( 'NONE', #10654, 1000.000000000000000 ) ;
#10509 = FACE_OUTER_BOUND ( 'NONE', #7459, .T. ) ;
#10510 = DIRECTION ( 'NONE',  ( 1.000000000000000000, -0.000000000000000000, -0.000000000000000000 ) ) ;
#10511 = CARTESIAN_POINT ( 'NONE',  ( 0.5000000000000000000, 0.5000000000000000000, -3.500000000000000000 ) ) ;
#10512 = PRESENTATION_STYLE_ASSIGNMENT (( #7904 ) ) ;
#10513 =( LENGTH_UNIT ( ) NAMED_UNIT ( * ) SI_UNIT ( .MILLI., .METRE. ) );
#10514 = ORIENTED_EDGE ( 'NONE', *, *, #9643, .F. ) ;
#10515 = AXIS2_PLACEMENT_3D ( 'NONE', #7703, #4474, #483 ) ;
#10516 = ORIENTED_EDGE ( 'NONE', *, *, #5058, .T. ) ;
#10517 = FACE_OUTER_BOUND ( 'NONE', #9255, .T. ) ;
#10518 = EDGE_CURVE ( 'NONE', #8803, #2359, #8781, .T. ) ;
#10519 = ORIENTED_EDGE ( 'NONE', *, *, #7566, .T. ) ;
#10520 = DIRECTION ( 'NONE',  ( -0.000000000000000000, 3.776434533376479869E-16, 1.000000000000000000 ) ) ;
#10521 = ORIENTED_EDGE ( 'NONE', *, *, #7335, .T. ) ;
#10522 = VECTOR ( 'NONE', #9376, 1000.000000000000000 ) ;
#10523 = DIRECTION ( 'NONE',  ( 0.000000000000000000, -0.000000000000000000, -1.000000000000000000 ) ) ;
#10524 = ORIENTED_EDGE ( 'NONE', *, *, #5698, .F. ) ;
#10525 = ADVANCED_FACE ( 'NONE', ( #4623 ), #6203, .T. ) ;
#10526 =( LENGTH_UNIT ( ) NAMED_UNIT ( * ) SI_UNIT ( .MILLI., .METRE. ) );
#10527 = APPLICATION_CONTEXT ( 'automotive_design' ) ;
#10528 = ORIENTED_EDGE ( 'NONE', *, *, #3167, .F. ) ;
#10529 = DIRECTION ( 'NONE',  ( -0.000000000000000000, -1.000000000000000000, 0.000000000000000000 ) ) ;
#10530 = ORIENTED_EDGE ( 'NONE', *, *, #6014, .F. ) ;
#10531 = CARTESIAN_POINT ( 'NONE',  ( -10.50000000000000000, 7.500000000000000000, 15.00000000000000000 ) ) ;
#10532 = EDGE_CURVE ( 'NONE', #9854, #8904, #5500, .T. ) ;
#10533 = ORIENTED_EDGE ( 'NONE', *, *, #7087, .F. ) ;
#10534 = SURFACE_SIDE_STYLE ('',( #8036 ) ) ;
#10535 = ORIENTED_EDGE ( 'NONE', *, *, #8080, .T. ) ;
#10536 = CARTESIAN_POINT ( 'NONE',  ( -2.707541993964409865, 0.000000000000000000, -3.399777700366560573 ) ) ;
#10537 = EDGE_CURVE ( 'NONE', #4046, #2706, #4891, .T. ) ;
#10538 = ORIENTED_EDGE ( 'NONE', *, *, #9749, .F. ) ;
#10539 = DIRECTION ( 'NONE',  ( 0.000000000000000000, 1.000000000000000000, 0.000000000000000000 ) ) ;
#10540 = DIRECTION ( 'NONE',  ( 1.000000000000000000, -0.000000000000000000, -1.030244909993949927E-14 ) ) ;
#10541 = LINE ( 'NONE', #3300, #9589 ) ;
#10542 = ADVANCED_FACE ( 'NONE', ( #9959 ), #840, .F. ) ;
#10543 = SURFACE_SIDE_STYLE ('',( #3142 ) ) ;
#10544 = VERTEX_POINT ( 'NONE', #733 ) ;
#10545 = LINE ( 'NONE', #4542, #4757 ) ;
#10546 = DIRECTION ( 'NONE',  ( -1.000000000000000000, 0.000000000000000000, 0.000000000000000000 ) ) ;
#10547 = EDGE_CURVE ( 'NONE', #7624, #338, #6695, .T. ) ;
#10548 = CARTESIAN_POINT ( 'NONE',  ( 5.650000000000000355, 0.5000000000000000000, 10.30000000000000071 ) ) ;
#10549 = ORIENTED_EDGE ( 'NONE', *, *, #6821, .T. ) ;
#10550 = FACE_OUTER_BOUND ( 'NONE', #2398, .T. ) ;
#10551 = LINE ( 'NONE', #6407, #8253 ) ;
#10552 = PLANE ( 'NONE',  #9968 ) ;
#10553 = EDGE_CURVE ( 'NONE', #7449, #4230, #2514, .T. ) ;
#10554 = CARTESIAN_POINT ( 'NONE',  ( 1.345020031490320012, 4.165823940136343495, 4.399015194371123094 ) ) ;
#10555 = ORIENTED_EDGE ( 'NONE', *, *, #1218, .T. ) ;
#10556 = LINE ( 'NONE', #3754, #5653 ) ;
#10557 = CARTESIAN_POINT ( 'NONE',  ( -3.100000000000000533, -0.5000000000000011102, -0.9499999999999996225 ) ) ;
#10558 = PLANE ( 'NONE',  #5730 ) ;
#10559 = CARTESIAN_POINT ( 'NONE',  ( 0.000000000000000000, -0.5000000000000000000, 0.000000000000000000 ) ) ;
#10560 = CARTESIAN_POINT ( 'NONE',  ( -6.450000000000000178, 0.9499999999999999556, -0.3499999999999999223 ) ) ;
#10561 = VECTOR ( 'NONE', #6468, 1000.000000000000000 ) ;
#10562 = DIRECTION ( 'NONE',  ( 0.000000000000000000, -1.000000000000000000, -0.000000000000000000 ) ) ;
#10563 = ORIENTED_EDGE ( 'NONE', *, *, #7537, .T. ) ;
#10564 = EDGE_LOOP ( 'NONE', ( #9407, #3935, #10563, #10187 ) ) ;
#10565 = CARTESIAN_POINT ( 'NONE',  ( -10.50000000000000000, -7.500000000000000000, 15.00000000000000000 ) ) ;
#10566 = VERTEX_POINT ( 'NONE', #5821 ) ;
#10567 = VERTEX_POINT ( 'NONE', #76 ) ;
#10568 = VECTOR ( 'NONE', #6092, 1000.000000000000000 ) ;
#10569 = EDGE_CURVE ( 'NONE', #10670, #10566, #3294, .T. ) ;
#10570 = EDGE_CURVE ( 'NONE', #8579, #2670, #2767, .T. ) ;
#10571 = LINE ( 'NONE', #3880, #8921 ) ;
#10572 = ORIENTED_EDGE ( 'NONE', *, *, #2270, .T. ) ;
#10573 = PLANE ( 'NONE',  #2935 ) ;
#10574 = ORIENTED_EDGE ( 'NONE', *, *, #902, .F. ) ;
#10575 = CARTESIAN_POINT ( 'NONE',  ( 0.5000000000000001110, -6.250000000000000888, 0.000000000000000000 ) ) ;
#10576 = VECTOR ( 'NONE', #6581, 1000.000000000000000 ) ;
#10577 = ORIENTED_EDGE ( 'NONE', *, *, #9528, .F. ) ;
#10578 = CARTESIAN_POINT ( 'NONE',  ( -8.000000000000000000, 3.975000000000000089, 1.399999999999999689 ) ) ;
#10579 = ORIENTED_EDGE ( 'NONE', *, *, #8320, .T. ) ;
#10580 = PRESENTATION_STYLE_ASSIGNMENT (( #7155 ) ) ;
#10581 = VERTEX_POINT ( 'NONE', #3975 ) ;
#10582 = VECTOR ( 'NONE', #7639, 1000.000000000000000 ) ;
#10583 = VECTOR ( 'NONE', #9942, 1000.000000000000114 ) ;
#10584 = CARTESIAN_POINT ( 'NONE',  ( -6.400000000000000355, 3.975000000000000089, 1.899999999999999911 ) ) ;
#10585 = ORIENTED_EDGE ( 'NONE', *, *, #5733, .F. ) ;
#10586 = CARTESIAN_POINT ( 'NONE',  ( 1.000000000000000000, 6.349999999999999645, 13.00000000000000178 ) ) ;
#10587 = DIRECTION ( 'NONE',  ( -1.664968612062080058E-17, 0.1394778421021800330, 0.9902251923489522323 ) ) ;
#10588 = FACE_OUTER_BOUND ( 'NONE', #2261, .T. ) ;
#10589 = COLOUR_RGB ( '',0.5058823529411764497, 0.5294117647058823595, 0.5490196078431373028 ) ;
#10590 = LINE ( 'NONE', #3089, #9856 ) ;
#10591 = CARTESIAN_POINT ( 'NONE',  ( -0.5000000000000004441, -5.250000000000000000, -2.500000000000000000 ) ) ;
#10592 = ORIENTED_EDGE ( 'NONE', *, *, #6419, .T. ) ;
#10593 = VECTOR ( 'NONE', #6757, 1000.000000000000000 ) ;
#10594 = LINE ( 'NONE', #3847, #6327 ) ;
#10595 = DIRECTION ( 'NONE',  ( 0.000000000000000000, 0.000000000000000000, 1.000000000000000000 ) ) ;
#10596 = EDGE_CURVE ( 'NONE', #10071, #5633, #9901, .T. ) ;
#10597 = AXIS2_PLACEMENT_3D ( 'NONE', #5005, #6804, #8342 ) ;
#10598 = CARTESIAN_POINT ( 'NONE',  ( 1.699999999999999956, 0.000000000000000000, 13.00000000000000178 ) ) ;
#10599 = ORIENTED_EDGE ( 'NONE', *, *, #5219, .F. ) ;
#10600 = CARTESIAN_POINT ( 'NONE',  ( -8.050000000000000711, 0.000000000000000000, 13.00000000000000178 ) ) ;
#10601 = CONTEXT_DEPENDENT_SHAPE_REPRESENTATION ( #7957, #9739 ) ;
#10602 = CARTESIAN_POINT ( 'NONE',  ( -6.049999999999999822, 1.199999999999999956, 1.899999999999999911 ) ) ;
#10603 = CARTESIAN_POINT ( 'NONE',  ( -2.375000000000000888, 0.8000000000000000444, -9.599777700366560751 ) ) ;
#10604 = DIRECTION ( 'NONE',  ( -0.3294216623000917887, -0.000000000000000000, -0.9441829104614445356 ) ) ;
#10605 = ORIENTED_EDGE ( 'NONE', *, *, #8551, .T. ) ;
#10606 = CARTESIAN_POINT ( 'NONE',  ( -6.400000000000000355, 1.199999999999999956, -0.9499999999999995115 ) ) ;
#10607 = AXIS2_PLACEMENT_3D ( 'NONE', #6074, #7666, #9565 ) ;
#10608 = LINE ( 'NONE', #8878, #1359 ) ;
#10609 = EDGE_CURVE ( 'NONE', #8888, #2420, #8173, .T. ) ;
#10610 = CARTESIAN_POINT ( 'NONE',  ( -10.19772880358570077, 3.000000000000000000, 9.925437956591640187 ) ) ;
#10611 = DIRECTION ( 'NONE',  ( 0.000000000000000000, 0.000000000000000000, -1.000000000000000000 ) ) ;
#10612 = VECTOR ( 'NONE', #119, 1000.000000000000000 ) ;
#10613 = LINE ( 'NONE', #6634, #3792 ) ;
#10614 = FACE_OUTER_BOUND ( 'NONE', #2631, .T. ) ;
#10615 = B_SPLINE_SURFACE_WITH_KNOTS ( 'NONE', 3, 1, ( 
 ( #282, #4492 ),
 ( #3580, #6898 ),
 ( #10214, #8701 ),
 ( #2764, #1948 ),
 ( #1251, #5259 ),
 ( #8599, #2820 ),
 ( #4441, #6131 ),
 ( #3685, #4543 ),
 ( #7062, #7772 ),
 ( #7883, #335 ),
 ( #2931, #3633 ),
 ( #2877, #7826 ),
 ( #6948, #10267 ),
 ( #2002, #2392 ),
 ( #7327, #3200 ),
 ( #6296, #3954 ),
 ( #8153, #9830 ),
 ( #2174, #8920 ),
 ( #1465, #5689 ),
 ( #8814, #4600 ),
 ( #9623, #6509 ),
 ( #2987, #9027 ),
 ( #5478, #3092 ),
 ( #8863, #1413 ),
 ( #1358, #2226 ),
 ( #4656, #9721 ) ),
 .UNSPECIFIED., .F., .F., .F.,
 ( 4, 1, 1, 1, 1, 1, 1, 1, 1, 1, 1, 1, 1, 1, 1, 1, 1, 1, 1, 1, 1, 1, 1, 4 ),
 ( 2, 2 ),
 ( 0.4999999999999994449, 0.5003957669206939851, 0.5081580695534949621, 0.5159209565275869602, 0.5314690237589569932, 0.5627893990985820549, 0.6249425123918109781, 0.6404591753245260088, 0.6561040020507280524, 0.6872786916725099893, 0.7185724877834760438, 0.7498377449088110547, 0.7576906372565960224, 0.7655099604824520121, 0.7811102876152520302, 0.8124029275707950193, 0.8434303277690929912, 0.8591628270721890503, 0.8669858893976749581, 0.8747983911348949926, 0.9061479893913260142, 0.9373817786652409723, 0.9673056521745120317, 1.000000000000000000 ),
 ( 0.000000000000000000, 1.000000000000000000 ),
 .UNSPECIFIED. ) ;
#10616 = SURFACE_STYLE_FILL_AREA ( #5822 ) ;
#10617 = ORIENTED_EDGE ( 'NONE', *, *, #8884, .F. ) ;
#10618 = VERTEX_POINT ( 'NONE', #7293 ) ;
#10619 = FACE_OUTER_BOUND ( 'NONE', #9232, .T. ) ;
#10620 = VERTEX_POINT ( 'NONE', #5654 ) ;
#10621 = CARTESIAN_POINT ( 'NONE',  ( -1.699999999999999956, 6.450000000000000178, 10.50000000000000000 ) ) ;
#10622 = EDGE_CURVE ( 'NONE', #1593, #5344, #8991, .T. ) ;
#10623 = VECTOR ( 'NONE', #1766, 1000.000000000000000 ) ;
#10624 = ORIENTED_EDGE ( 'NONE', *, *, #150, .T. ) ;
#10625 = LINE ( 'NONE', #9972, #8221 ) ;
#10626 = ORIENTED_EDGE ( 'NONE', *, *, #9749, .T. ) ;
#10627 = CARTESIAN_POINT ( 'NONE',  ( -8.074999999999999289, -3.975000000000000089, 0.000000000000000000 ) ) ;
#10628 = AXIS2_PLACEMENT_3D ( 'NONE', #9286, #6724, #7489 ) ;
#10629 = ORIENTED_EDGE ( 'NONE', *, *, #644, .F. ) ;
#10630 = DIRECTION ( 'NONE',  ( -0.000000000000000000, -1.000000000000000000, -0.000000000000000000 ) ) ;
#10631 = VERTEX_POINT ( 'NONE', #1533 ) ;
#10632 = PLANE ( 'NONE',  #5128 ) ;
#10633 = VERTEX_POINT ( 'NONE', #4839 ) ;
#10634 = ADVANCED_FACE ( 'NONE', ( #3379 ), #7347, .T. ) ;
#10635 = ADVANCED_FACE ( 'NONE', ( #9043 ), #4999, .T. ) ;
#10636 = ORIENTED_EDGE ( 'NONE', *, *, #8344, .F. ) ;
#10637 = VECTOR ( 'NONE', #137, 1000.000000000000000 ) ;
#10638 = LINE ( 'NONE', #3896, #8575 ) ;
#10639 = EDGE_LOOP ( 'NONE', ( #6042, #4919, #8609, #306 ) ) ;
#10640 = LINE ( 'NONE', #2275, #9254 ) ;
#10641 = CIRCLE ( 'NONE', #3696, 1.000000000000000000 ) ;
#10642 = DIRECTION ( 'NONE',  ( 1.000000000000000000, 0.000000000000000000, -0.000000000000000000 ) ) ;
#10643 = CARTESIAN_POINT ( 'NONE',  ( -5.599999999999999645, -3.000000000000000000, 9.000000000000001776 ) ) ;
#10644 = DIRECTION ( 'NONE',  ( 1.000000000000000000, 0.000000000000000000, 0.000000000000000000 ) ) ;
#10645 = PRESENTATION_STYLE_ASSIGNMENT (( #1565 ) ) ;
#10646 = ORIENTED_EDGE ( 'NONE', *, *, #14, .F. ) ;
#10647 = LINE ( 'NONE', #9880, #1295 ) ;
#10648 = FACE_OUTER_BOUND ( 'NONE', #6374, .T. ) ;
#10649 = CIRCLE ( 'NONE', #949, 1.500000000000000000 ) ;
#10650 = AXIS2_PLACEMENT_3D ( 'NONE', #1454, #1198, #4494 ) ;
#10651 = CARTESIAN_POINT ( 'NONE',  ( 8.074999999999999289, 4.775000000000000355, 31.88557667661039829 ) ) ;
#10652 = ORIENTED_EDGE ( 'NONE', *, *, #4442, .T. ) ;
#10653 = DIRECTION ( 'NONE',  ( 0.000000000000000000, 1.000000000000000000, 0.000000000000000000 ) ) ;
#10654 = DIRECTION ( 'NONE',  ( 0.000000000000000000, 1.000000000000000000, -0.000000000000000000 ) ) ;
#10655 = LINE ( 'NONE', #4936, #780 ) ;
#10656 = CARTESIAN_POINT ( 'NONE',  ( 4.000000000000000000, 5.750000000000000000, 3.283227176369309941 ) ) ;
#10657 = VECTOR ( 'NONE', #168, 1000.000000000000000 ) ;
#10658 = EDGE_LOOP ( 'NONE', ( #6653, #3173, #4588, #8835 ) ) ;
#10659 = CARTESIAN_POINT ( 'NONE',  ( -2.375000000000000000, 0.8000000000000000444, -9.599777700366560751 ) ) ;
#10660 = CIRCLE ( 'NONE', #2328, 38.37500000000000000 ) ;
#10661 = EDGE_CURVE ( 'NONE', #5591, #7354, #9102, .T. ) ;
#10662 = CARTESIAN_POINT ( 'NONE',  ( 1.224646799147353207E-16, -7.500000000000000000, 13.00000000000000178 ) ) ;
#10663 = FACE_OUTER_BOUND ( 'NONE', #7042, .T. ) ;
#10664 = CARTESIAN_POINT ( 'NONE',  ( -2.375000000000000000, 0.000000000000000000, -9.599777700366560751 ) ) ;
#10665 = AXIS2_PLACEMENT_3D ( 'NONE', #4440, #4281, #7769 ) ;
#10666 = LINE ( 'NONE', #7509, #2843 ) ;
#10667 = EDGE_CURVE ( 'NONE', #1279, #3990, #21, .T. ) ;
#10668 = DIRECTION ( 'NONE',  ( -0.000000000000000000, 3.654614064557880066E-17, -1.000000000000000000 ) ) ;
#10669 = ORIENTED_EDGE ( 'NONE', *, *, #5264, .F. ) ;
#10670 = VERTEX_POINT ( 'NONE', #895 ) ;
#10671 = DIRECTION ( 'NONE',  ( 0.000000000000000000, 0.000000000000000000, -1.000000000000000000 ) ) ;
#10672 = EDGE_CURVE ( 'NONE', #6085, #1590, #4186, .T. ) ;
#10673 = EDGE_LOOP ( 'NONE', ( #5051, #9439, #1937, #4968 ) ) ;
#10674 = DIRECTION ( 'NONE',  ( -1.000000000000000000, -0.000000000000000000, -0.000000000000000000 ) ) ;
#10675 = ORIENTED_EDGE ( 'NONE', *, *, #1536, .F. ) ;
#10676 = DIRECTION ( 'NONE',  ( 0.000000000000000000, -1.000000000000000000, -0.000000000000000000 ) ) ;
#10677 = ORIENTED_EDGE ( 'NONE', *, *, #1387, .T. ) ;
#10678 = ADVANCED_FACE ( 'NONE', ( #339 ), #1747, .T. ) ;
#10679 = MECHANICAL_DESIGN_GEOMETRIC_PRESENTATION_REPRESENTATION (  '', ( #3903 ), #6332 ) ;
#10680 = EDGE_LOOP ( 'NONE', ( #6228, #8553, #9590, #5476 ) ) ;
#10681 = VERTEX_POINT ( 'NONE', #8387 ) ;
#10682 = FACE_OUTER_BOUND ( 'NONE', #9062, .T. ) ;
#10683 = ORIENTED_EDGE ( 'NONE', *, *, #2823, .F. ) ;
#10684 = FILL_AREA_STYLE ('',( #8849 ) ) ;
#10685 = VERTEX_POINT ( 'NONE', #9196 ) ;
#10686 = VECTOR ( 'NONE', #1030, 1000.000000000000000 ) ;
#10687 = DIRECTION ( 'NONE',  ( -1.000000000000000000, 0.000000000000000000, -0.000000000000000000 ) ) ;
#10688 = ADVANCED_FACE ( 'NONE', ( #4238 ), #950, .T. ) ;
#10689 = ADVANCED_FACE ( 'NONE', ( #7569 ), #8444, .F. ) ;
#10690 = ORIENTED_EDGE ( 'NONE', *, *, #3293, .T. ) ;
#10691 = CARTESIAN_POINT ( 'NONE',  ( -5.599999999999999645, 3.000000000000000000, 13.00000000000000178 ) ) ;
#10692 = VECTOR ( 'NONE', #8797, 1000.000000000000000 ) ;
#10693 = VERTEX_POINT ( 'NONE', #128 ) ;
#10694 = DIRECTION ( 'NONE',  ( 1.000000000000000000, 0.000000000000000000, 0.000000000000000000 ) ) ;
#10695 = LINE ( 'NONE', #4867, #7328 ) ;
#10696 = CARTESIAN_POINT ( 'NONE',  ( 8.074999999999999289, 3.975000000000000089, 0.000000000000000000 ) ) ;
#10697 = CARTESIAN_POINT ( 'NONE',  ( 8.050000000000000711, -6.450000000000000178, 10.50000000000000000 ) ) ;
#10698 = ORIENTED_EDGE ( 'NONE', *, *, #6000, .F. ) ;
#10699 = ORIENTED_EDGE ( 'NONE', *, *, #3062, .T. ) ;
#10700 = DIRECTION ( 'NONE',  ( 0.000000000000000000, 0.3586157030623760567, 0.9334852851100962079 ) ) ;
#10701 = DIRECTION ( 'NONE',  ( 1.182047154792029906E-16, -0.9902251923489522323, 0.1394778421021800330 ) ) ;
#10702 = AXIS2_PLACEMENT_3D ( 'NONE', #5492, #10444, #6310 ) ;
#10703 = EDGE_CURVE ( 'NONE', #875, #9802, #6796, .T. ) ;
#10704 = PLANE ( 'NONE',  #4846 ) ;
#10705 = ORIENTED_EDGE ( 'NONE', *, *, #4744, .F. ) ;
#10706 = CARTESIAN_POINT ( 'NONE',  ( 10.05037900976999943, 3.000000000000000000, 10.50735166954630095 ) ) ;
#10707 = DIRECTION ( 'NONE',  ( -0.9762960071199331402, 0.000000000000000000, 0.2164396139381040141 ) ) ;
#10708 = CARTESIAN_POINT ( 'NONE',  ( 2.000000000000000000, 0.5000000000000000000, 0.000000000000000000 ) ) ;
#10709 = PLANE ( 'NONE',  #6090 ) ;
#10710 = VECTOR ( 'NONE', #213, 1000.000000000000114 ) ;
#10711 = VERTEX_POINT ( 'NONE', #5049 ) ;
#10712 = CARTESIAN_POINT ( 'NONE',  ( -0.5000000000000003331, -0.5000000000000034417, -3.499999999999999556 ) ) ;
#10713 = DIRECTION ( 'NONE',  ( 0.000000000000000000, -1.000000000000000000, -0.000000000000000000 ) ) ;
#10714 = DIRECTION ( 'NONE',  ( 0.000000000000000000, 1.000000000000000000, 0.000000000000000000 ) ) ;
#10715 = DIRECTION ( 'NONE',  ( 0.000000000000000000, 0.000000000000000000, 1.000000000000000000 ) ) ;
#10716 = FACE_OUTER_BOUND ( 'NONE', #9238, .T. ) ;
#10717 = DIRECTION ( 'NONE',  ( 0.000000000000000000, -0.9832147215839173171, -0.1824522163763980520 ) ) ;
#10718 = DIRECTION ( 'NONE',  ( 0.000000000000000000, 0.000000000000000000, 1.000000000000000000 ) ) ;
#10719 = ORIENTED_EDGE ( 'NONE', *, *, #2084, .T. ) ;
#10720 = ORIENTED_EDGE ( 'NONE', *, *, #9673, .T. ) ;
#10721 = DIRECTION ( 'NONE',  ( -0.9441829104614446466, 0.000000000000000000, 0.3294216623000918442 ) ) ;
#10722 = ORIENTED_EDGE ( 'NONE', *, *, #6104, .T. ) ;
#10723 = LINE ( 'NONE', #2568, #4325 ) ;
#10724 = ORIENTED_EDGE ( 'NONE', *, *, #7159, .T. ) ;
#10725 = VECTOR ( 'NONE', #7488, 1000.000000000000000 ) ;
#10726 = EDGE_CURVE ( 'NONE', #10681, #5687, #6743, .T. ) ;
#10727 = DIRECTION ( 'NONE',  ( 0.000000000000000000, 3.576749435003730024E-16, 1.000000000000000000 ) ) ;
#10728 = EDGE_LOOP ( 'NONE', ( #5937, #3220, #3325, #5883 ) ) ;
#10729 = CARTESIAN_POINT ( 'NONE',  ( 8.750000000000000000, -6.450000000000000178, 13.00000000000000178 ) ) ;
#10730 = EDGE_LOOP ( 'NONE', ( #10443, #6174, #2799, #6172 ) ) ;
#10731 = CARTESIAN_POINT ( 'NONE',  ( -0.5000000000000001110, 0.5000000000000004441, -3.500000000000000000 ) ) ;
#10732 = ORIENTED_EDGE ( 'NONE', *, *, #9314, .T. ) ;
#10733 = LINE ( 'NONE', #859, #913 ) ;
#10734 = CARTESIAN_POINT ( 'NONE',  ( -2.375000000000000000, 0.8000000000000000444, -4.899777700366563238 ) ) ;
#10735 = ORIENTED_EDGE ( 'NONE', *, *, #3493, .F. ) ;
#10736 = DIRECTION ( 'NONE',  ( 0.000000000000000000, 0.000000000000000000, -1.000000000000000000 ) ) ;
#10737 = VECTOR ( 'NONE', #9581, 1000.000000000000000 ) ;
#10738 = ORIENTED_EDGE ( 'NONE', *, *, #1899, .F. ) ;
#10739 = EDGE_CURVE ( 'NONE', #5289, #4628, #7776, .T. ) ;
#10740 = EDGE_CURVE ( 'NONE', #6720, #4346, #9032, .T. ) ;
#10741 = EDGE_CURVE ( 'NONE', #5344, #9717, #6903, .T. ) ;
#10742 = FACE_OUTER_BOUND ( 'NONE', #5282, .T. ) ;
#10743 = AXIS2_PLACEMENT_3D ( 'NONE', #2932, #9624, #4495 ) ;
#10744 = VERTEX_POINT ( 'NONE', #1903 ) ;
#10745 = DIRECTION ( 'NONE',  ( -1.000000000000000000, -0.000000000000000000, 0.000000000000000000 ) ) ;
#10746 = NEXT_ASSEMBLY_USAGE_OCCURRENCE ( 'NAUO1', ' ', ' ', #5945, #4158, $ ) ;
#10747 = NEXT_ASSEMBLY_USAGE_OCCURRENCE ( 'NAUO2', ' ', ' ', #5945, #854, $ ) ;
#10748 = NEXT_ASSEMBLY_USAGE_OCCURRENCE ( 'NAUO3', ' ', ' ', #5945, #1637, $ ) ;
#10749 = NEXT_ASSEMBLY_USAGE_OCCURRENCE ( 'NAUO4', ' ', ' ', #5945, #1637, $ ) ;
ENDSEC;
END-ISO-10303-21;
