  0
SECTION
  2
HEADER
  9
$ACADVER
  1
AC1015
  9
$ACADMAINTVER
 70
    20
  9
$DWGCODEPAGE
  3
ANSI_1252
  9
$INSBASE
 10
0.0
 20
0.0
 30
0.0
  9
$EXTMIN
 10
-1096.119939761833
 20
-1000.0
 30
0.0
  9
$EXTMAX
 10
965.0890712325972
 20
368.9913932870189
 30
0.0
  9
$LIMMIN
 10
0.0
 20
0.0
  9
$LIMMAX
 10
420.0
 20
297.0
  9
$ORTHOMODE
 70
     1
  9
$REGENMODE
 70
     1
  9
$FILLMODE
 70
     1
  9
$QTEXTMODE
 70
     0
  9
$MIRRTEXT
 70
     1
  9
$LTSCALE
 40
0.5
  9
$ATTMODE
 70
     1
  9
$TEXTSIZE
 40
3.5
  9
$TRACEWID
 40
1.0
  9
$TEXTSTYLE
  7
STANDARD
  9
$CLAYER
  8
0
  9
$CELTYPE
  6
CONTINUOUS
  9
$CECOLOR
 62
     5
  9
$CELTSCALE
 40
1.0
  9
$DISPSILH
 70
     0
  9
$DIMSCALE
 40
1.0
  9
$DIMASZ
 40
3.72
  9
$DIMEXO
 40
0.0
  9
$DIMDLI
 40
7.0
  9
$DIMRND
 40
0.0
  9
$DIMDLE
 40
0.0
  9
$DIMEXE
 40
1.5
  9
$DIMTP
 40
0.0
  9
$DIMTM
 40
0.0
  9
$DIMTXT
 40
2.5
  9
$DIMCEN
 40
0.0
  9
$DIMTSZ
 40
0.0
  9
$DIMTOL
 70
     0
  9
$DIMLIM
 70
     0
  9
$DIMTIH
 70
     0
  9
$DIMTOH
 70
     0
  9
$DIMSE1
 70
     0
  9
$DIMSE2
 70
     0
  9
$DIMTAD
 70
     1
  9
$DIMZIN
 70
     8
  9
$DIMBLK
  1

  9
$DIMASO
 70
     1
  9
$DIMSHO
 70
     1
  9
$DIMPOST
  1

  9
$DIMAPOST
  1
"
  9
$DIMALT
 70
     0
  9
$DIMALTD
 70
     2
  9
$DIMALTF
 40
0.0393700787401575
  9
$DIMLFAC
 40
1.0
  9
$DIMTOFL
 70
     1
  9
$DIMTVP
 40
0.0
  9
$DIMTIX
 70
     0
  9
$DIMSOXD
 70
     0
  9
$DIMSAH
 70
     1
  9
$DIMBLK1
  1
_OPEN15
  9
$DIMBLK2
  1
_OPEN15
  9
$DIMSTYLE
  2
PHOENIX
  9
$DIMCLRD
 70
     1
  9
$DIMCLRE
 70
     1
  9
$DIMCLRT
 70
     5
  9
$DIMTFAC
 40
0.6
  9
$DIMGAP
 40
0.6
  9
$DIMJUST
 70
     0
  9
$DIMSD1
 70
     0
  9
$DIMSD2
 70
     0
  9
$DIMTOLJ
 70
     1
  9
$DIMTZIN
 70
     8
  9
$DIMALTZ
 70
     0
  9
$DIMALTTZ
 70
     0
  9
$DIMUPT
 70
     0
  9
$DIMDEC
 70
     4
  9
$DIMTDEC
 70
     4
  9
$DIMALTU
 70
     2
  9
$DIMALTTD
 70
     2
  9
$DIMTXSTY
  7
STANDARD
  9
$DIMAUNIT
 70
     0
  9
$DIMADEC
 70
     0
  9
$DIMALTRND
 40
0.0
  9
$DIMAZIN
 70
     0
  9
$DIMDSEP
 70
    46
  9
$DIMATFIT
 70
     0
  9
$DIMFRAC
 70
     0
  9
$DIMLDRBLK
  1
_OPEN15
  9
$DIMLUNIT
 70
     2
  9
$DIMLWD
 70
    -2
  9
$DIMLWE
 70
    -2
  9
$DIMTMOVE
 70
     0
  9
$LUNITS
 70
     2
  9
$LUPREC
 70
     4
  9
$SKETCHINC
 40
1.0
  9
$FILLETRAD
 40
10.0
  9
$AUNITS
 70
     0
  9
$AUPREC
 70
     0
  9
$MENU
  1
.
  9
$ELEVATION
 40
0.0
  9
$PELEVATION
 40
0.0
  9
$THICKNESS
 40
0.0
  9
$LIMCHECK
 70
     0
  9
$CHAMFERA
 40
10.0
  9
$CHAMFERB
 40
10.0
  9
$CHAMFERC
 40
20.0
  9
$CHAMFERD
 40
0.0
  9
$SKPOLY
 70
     1
  9
$TDCREATE
 40
2451654.318654202
  9
$TDUCREATE
 40
2451654.276987535
  9
$TDUPDATE
 40
2455876.553290382
  9
$TDUUPDATE
 40
2455876.511623715
  9
$TDINDWG
 40
0.2053112616
  9
$TDUSRTIMER
 40
0.2053111806
  9
$USRTIMER
 70
     1
  9
$ANGBASE
 50
0.0
  9
$ANGDIR
 70
     0
  9
$PDMODE
 70
    35
  9
$PDSIZE
 40
-2.0
  9
$PLINEWID
 40
0.0
  9
$SPLFRAME
 70
     0
  9
$SPLINETYPE
 70
     6
  9
$SPLINESEGS
 70
     8
  9
$HANDSEED
  5
5DBE
  9
$SURFTAB1
 70
     6
  9
$SURFTAB2
 70
     6
  9
$SURFTYPE
 70
     6
  9
$SURFU
 70
     6
  9
$SURFV
 70
     6
  9
$UCSBASE
  2

  9
$UCSNAME
  2

  9
$UCSORG
 10
0.0
 20
0.0
 30
0.0
  9
$UCSXDIR
 10
1.0
 20
0.0
 30
0.0
  9
$UCSYDIR
 10
0.0
 20
1.0
 30
0.0
  9
$UCSORTHOREF
  2

  9
$UCSORTHOVIEW
 70
     0
  9
$UCSORGTOP
 10
0.0
 20
0.0
 30
0.0
  9
$UCSORGBOTTOM
 10
0.0
 20
0.0
 30
0.0
  9
$UCSORGLEFT
 10
0.0
 20
0.0
 30
0.0
  9
$UCSORGRIGHT
 10
0.0
 20
0.0
 30
0.0
  9
$UCSORGFRONT
 10
0.0
 20
0.0
 30
0.0
  9
$UCSORGBACK
 10
0.0
 20
0.0
 30
0.0
  9
$PUCSBASE
  2

  9
$PUCSNAME
  2

  9
$PUCSORG
 10
0.0
 20
0.0
 30
0.0
  9
$PUCSXDIR
 10
1.0
 20
0.0
 30
0.0
  9
$PUCSYDIR
 10
0.0
 20
1.0
 30
0.0
  9
$PUCSORTHOREF
  2

  9
$PUCSORTHOVIEW
 70
     0
  9
$PUCSORGTOP
 10
0.0
 20
0.0
 30
0.0
  9
$PUCSORGBOTTOM
 10
0.0
 20
0.0
 30
0.0
  9
$PUCSORGLEFT
 10
0.0
 20
0.0
 30
0.0
  9
$PUCSORGRIGHT
 10
0.0
 20
0.0
 30
0.0
  9
$PUCSORGFRONT
 10
0.0
 20
0.0
 30
0.0
  9
$PUCSORGBACK
 10
0.0
 20
0.0
 30
0.0
  9
$USERI1
 70
     0
  9
$USERI2
 70
     0
  9
$USERI3
 70
     0
  9
$USERI4
 70
     0
  9
$USERI5
 70
     0
  9
$USERR1
 40
0.0
  9
$USERR2
 40
0.0
  9
$USERR3
 40
0.0
  9
$USERR4
 40
0.0
  9
$USERR5
 40
0.0
  9
$WORLDVIEW
 70
     1
  9
$SHADEDGE
 70
     3
  9
$SHADEDIF
 70
    70
  9
$TILEMODE
 70
     1
  9
$MAXACTVP
 70
    48
  9
$PINSBASE
 10
0.0
 20
0.0
 30
0.0
  9
$PLIMCHECK
 70
     0
  9
$PEXTMIN
 10
1.000000000000000E+20
 20
1.000000000000000E+20
 30
1.000000000000000E+20
  9
$PEXTMAX
 10
-1.000000000000000E+20
 20
-1.000000000000000E+20
 30
-1.000000000000000E+20
  9
$PLIMMIN
 10
0.0
 20
0.0
  9
$PLIMMAX
 10
420.0
 20
297.0
  9
$UNITMODE
 70
     0
  9
$VISRETAIN
 70
     1
  9
$PLINEGEN
 70
     0
  9
$PSLTSCALE
 70
     1
  9
$TREEDEPTH
 70
  3020
  9
$CMLSTYLE
  2
STANDARD
  9
$CMLJUST
 70
     0
  9
$CMLSCALE
 40
1.0
  9
$PROXYGRAPHICS
 70
     1
  9
$MEASUREMENT
 70
     1
  9
$CELWEIGHT
370
    -1
  9
$ENDCAPS
280
     0
  9
$JOINSTYLE
280
     0
  9
$LWDISPLAY
290
     0
  9
$INSUNITS
 70
     0
  9
$HYPERLINKBASE
  1

  9
$STYLESHEET
  1
HP_SW.CTB
  9
$XEDIT
290
     1
  9
$CEPSNTYPE
380
     0
  9
$PSTYLEMODE
290
     1
  9
$FINGERPRINTGUID
  2
{31EFE11B-6549-11D5-B8B8-0050DAD4D4EB}
  9
$VERSIONGUID
  2
{979C02DF-771E-434E-961F-27582FCAFC71}
  9
$EXTNAMES
290
     1
  9
$PSVPSCALE
 40
0.0
  9
$OLESTARTUP
290
     0
  0
ENDSEC
  0
SECTION
  2
CLASSES
  0
CLASS
  1
DICTIONARYVAR
  2
AcDbDictionaryVar
  3
ObjectDBX Classes
 90
        0
280
     0
281
     0
  0
CLASS
  1
PH_VARS
  2
PhoenixVars
  3
PHOENIX7010
 90
        0
280
     0
281
     0
  0
CLASS
  1
PH_GROUP
  2
PhGroup
  3
PHOENIX7010
 90
        0
280
     0
281
     0
  0
CLASS
  1
PH_ENTDIMREACTOR
  2
EntDimReactor
  3
PHOENIX7010
 90
        0
280
     0
281
     0
  0
CLASS
  1
PH_DIMENTREACTOR
  2
DimEntReactor
  3
PHOENIX7010
 90
        0
280
     0
281
     0
  0
CLASS
  1
ACDBDICTIONARYWDFLT
  2
AcDbDictionaryWithDefault
  3
ObjectDBX Classes
 90
        0
280
     0
281
     0
  0
CLASS
  1
ACDBPLACEHOLDER
  2
AcDbPlaceHolder
  3
ObjectDBX Classes
 90
        0
280
     0
281
     0
  0
CLASS
  1
LAYOUT
  2
AcDbLayout
  3
ObjectDBX Classes
 90
        0
280
     0
281
     0
  0
CLASS
  1
TABLESTYLE
  2
AcDbTableStyle
  3
ObjectDBX Classes
 90
     4095
280
     0
281
     0
  0
CLASS
  1
PLOTSETTINGS
  2
AcDbPlotSettings
  3
ObjectDBX Classes
 90
        0
280
     0
281
     0
  0
CLASS
  1
MATERIAL
  2
AcDbMaterial
  3
ObjectDBX Classes
 90
     1153
280
     0
281
     0
  0
CLASS
  1
VISUALSTYLE
  2
AcDbVisualStyle
  3
ObjectDBX Classes
 90
     4095
280
     0
281
     0
  0
CLASS
  1
SCALE
  2
AcDbScale
  3
ObjectDBX Classes
 90
     1153
280
     0
281
     0
  0
CLASS
  1
MLEADERSTYLE
  2
AcDbMLeaderStyle
  3
ACDB_MLEADERSTYLE_CLASS
 90
     4095
280
     0
281
     0
  0
CLASS
  1
CELLSTYLEMAP
  2
AcDbCellStyleMap
  3
ObjectDBX Classes
 90
     1152
280
     0
281
     0
  0
ENDSEC
  0
SECTION
  2
TABLES
  0
TABLE
  2
VPORT
  5
8
330
0
100
AcDbSymbolTable
 70
     4
  0
VPORT
  5
24C
330
8
100
AcDbSymbolTableRecord
100
AcDbViewportTableRecord
  2
OLAF
 70
     0
 10
0.0
 20
0.0
 11
0.75
 21
1.0
 12
209.0
 22
147.5
 13
0.0
 23
0.0
 14
10.0
 24
10.0
 15
10.0
 25
10.0
 16
0.0
 26
0.0
 36
1.0
 17
0.0
 27
0.0
 37
0.0
 40
299.7047824029182
 41
1.404853438351709
 42
50.0
 43
0.0
 44
0.0
 50
0.0
 51
0.0
 71
     0
 72
   600
 73
     1
 74
     1
 75
     0
 76
     0
 77
     0
 78
     0
281
     0
 65
     1
110
0.0
120
0.0
130
0.0
111
1.0
121
0.0
131
0.0
112
0.0
122
1.0
132
0.0
 79
     0
146
0.0
  0
VPORT
  5
24D
330
8
100
AcDbSymbolTableRecord
100
AcDbViewportTableRecord
  2
OLAF
 70
     0
 10
0.75
 20
0.0
 11
1.0
 21
0.5
 12
209.0020790824223
 22
147.5212285763364
 13
0.0
 23
0.0
 14
10.0
 24
10.0
 15
10.0
 25
10.0
 16
0.0
 26
0.0
 36
1.0
 17
0.0
 27
0.0
 37
0.0
 40
456.7496506768771
 41
0.9356678429200188
 42
50.0
 43
0.0
 44
0.0
 50
0.0
 51
0.0
 71
     0
 72
   600
 73
     1
 74
     1
 75
     0
 76
     0
 77
     0
 78
     0
281
     0
 65
     1
110
0.0
120
0.0
130
0.0
111
1.0
121
0.0
131
0.0
112
0.0
122
1.0
132
0.0
 79
     0
146
0.0
  0
VPORT
  5
24E
330
8
100
AcDbSymbolTableRecord
100
AcDbViewportTableRecord
  2
OLAF
 70
     0
 10
0.75
 20
0.5
 11
1.0
 21
1.0
 12
209.0020790824223
 22
147.5212285763364
 13
0.0
 23
0.0
 14
10.0
 24
10.0
 15
10.0
 25
10.0
 16
0.0
 26
0.0
 36
1.0
 17
0.0
 27
0.0
 37
0.0
 40
456.7496506768771
 41
0.9356678429200188
 42
50.0
 43
0.0
 44
0.0
 50
0.0
 51
0.0
 71
     0
 72
   600
 73
     1
 74
     1
 75
     0
 76
     0
 77
     0
 78
     0
281
     0
 65
     1
110
0.0
120
0.0
130
0.0
111
1.0
121
0.0
131
0.0
112
0.0
122
1.0
132
0.0
 79
     0
146
0.0
  0
VPORT
  5
53D0
330
8
100
AcDbSymbolTableRecord
100
AcDbViewportTableRecord
  2
*Active
 70
     0
 10
0.0
 20
0.0
 11
1.0
 21
1.0
 12
217.9822064683323
 22
142.1622169772503
 13
0.0
 23
0.0
 14
10.0
 24
10.0
 15
10.0
 25
10.0
 16
0.0
 26
0.0
 36
1.0
 17
0.0
 27
0.0
 37
0.0
 40
298.4453553416625
 41
2.175925925925926
 42
50.0
 43
0.0
 44
0.0
 50
0.0
 51
0.0
 71
     0
 72
   600
 73
     1
 74
     0
 75
     0
 76
     0
 77
     0
 78
     0
281
     0
 65
     1
110
0.0
120
0.0
130
0.0
111
1.0
121
0.0
131
0.0
112
0.0
122
1.0
132
0.0
 79
     0
146
0.0
  0
ENDTAB
  0
TABLE
  2
LTYPE
  5
5
330
0
100
AcDbSymbolTable
 70
     3
  0
LTYPE
  5
14
330
5
100
AcDbSymbolTableRecord
100
AcDbLinetypeTableRecord
  2
BYBLOCK
 70
     0
  3

 72
    65
 73
     0
 40
0.0
  0
LTYPE
  5
15
330
5
100
AcDbSymbolTableRecord
100
AcDbLinetypeTableRecord
  2
BYLAYER
 70
     0
  3

 72
    65
 73
     0
 40
0.0
  0
LTYPE
  5
16
330
5
100
AcDbSymbolTableRecord
100
AcDbLinetypeTableRecord
  2
CONTINUOUS
 70
     0
  3
Solid line
 72
    65
 73
     0
 40
0.0
  0
LTYPE
  5
158
330
5
100
AcDbSymbolTableRecord
100
AcDbLinetypeTableRecord
  2
ACAD_ISO04W100
 70
     0
  3
____ . ____ . ____ . ____ . ____ . ____ . ____ 
 72
    65
 73
     4
 40
30.5
 49
24.0
 74
     0
 49
-3.0
 74
     0
 49
0.5
 74
     0
 49
-3.0
 74
     0
  0
ENDTAB
  0
TABLE
  2
LAYER
  5
2
102
{ACAD_XDICTIONARY
360
53C1
102
}
330
0
100
AcDbSymbolTable
 70
     4
  0
LAYER
  5
F
102
{ACAD_XDICTIONARY
360
5CA9
102
}
330
2
100
AcDbSymbolTableRecord
100
AcDbLayerTableRecord
  2
0
 70
     0
 62
     7
  6
CONTINUOUS
370
    -3
390
1E15
  0
LAYER
  5
BA
330
2
100
AcDbSymbolTableRecord
100
AcDbLayerTableRecord
  2
DEFPOINTS
 70
     0
 62
    -7
  6
CONTINUOUS
290
     0
370
    -3
390
1E15
  0
LAYER
  5
53BF
102
{ACAD_XDICTIONARY
360
5CAB
102
}
330
2
100
AcDbSymbolTableRecord
100
AcDbLayerTableRecord
  2
Bearbeitung
 70
     0
 62
     7
  6
CONTINUOUS
370
    -3
390
1E15
1001
AcAecLayerStandard
1000

1000

  0
LAYER
  5
53FC
102
{ACAD_XDICTIONARY
360
5CAD
102
}
330
2
100
AcDbSymbolTableRecord
100
AcDbLayerTableRecord
  2
PH_HILFSELEMENTE
 70
     0
 62
    -7
  6
CONTINUOUS
370
    -3
390
1E15
  0
ENDTAB
  0
TABLE
  2
STYLE
  5
3
330
0
100
AcDbSymbolTable
 70
     1
  0
STYLE
  5
10
330
3
100
AcDbSymbolTableRecord
100
AcDbTextStyleTableRecord
  2
STANDARD
 70
     0
 40
0.0
 41
1.199999999999999
 50
0.0
 71
     0
 42
3.5
  3
ISOCP.shx
  4

  0
ENDTAB
  0
TABLE
  2
VIEW
  5
6
330
0
100
AcDbSymbolTable
 70
     0
  0
ENDTAB
  0
TABLE
  2
UCS
  5
7
330
0
100
AcDbSymbolTable
 70
     0
  0
ENDTAB
  0
TABLE
  2
APPID
  5
9
330
0
100
AcDbSymbolTable
 70
     7
  0
APPID
  5
11
330
9
100
AcDbSymbolTableRecord
100
AcDbRegAppTableRecord
  2
ACAD
 70
     0
  0
APPID
  5
7F
330
9
100
AcDbSymbolTableRecord
100
AcDbRegAppTableRecord
  2
PHOENIX7010
 70
     0
  0
APPID
  5
53C0
330
9
100
AcDbSymbolTableRecord
100
AcDbRegAppTableRecord
  2
AcAecLayerStandard
 70
     0
  0
APPID
  5
53CF
330
9
100
AcDbSymbolTableRecord
100
AcDbRegAppTableRecord
  2
ACAD_PSEXT
 70
     0
  0
APPID
  5
5A35
330
9
100
AcDbSymbolTableRecord
100
AcDbRegAppTableRecord
  2
AcadAnnoPO
 70
     0
  0
APPID
  5
5CA7
330
9
100
AcDbSymbolTableRecord
100
AcDbRegAppTableRecord
  2
ACAD_EXEMPT_FROM_CAD_STANDARDS
 70
     0
  0
APPID
  5
5D20
330
9
100
AcDbSymbolTableRecord
100
AcDbRegAppTableRecord
  2
ACAD_MLEADERVER
 70
     0
  0
ENDTAB
  0
TABLE
  2
DIMSTYLE
  5
A
330
0
100
AcDbSymbolTable
 70
     4
100
AcDbDimStyleTable
 71
     1
340
86
  0
DIMSTYLE
105
1D
330
A
100
AcDbSymbolTableRecord
100
AcDbDimStyleTableRecord
  2
STANDARD
 70
     0
 41
2.5
 42
0.625
 43
3.75
 44
1.25
 73
     0
 74
     0
 77
     1
 78
     8
140
2.5
141
2.5
143
0.0394
147
0.625
171
     4
172
     1
273
     8
274
     4
277
     6
340
10
  0
DIMSTYLE
105
86
102
{ACAD_REACTORS
330
87F
330
1003
330
22EB
102
}
330
A
100
AcDbSymbolTableRecord
100
AcDbDimStyleTableRecord
  2
PHOENIX
 70
     0
  4
"
 41
3.72
 42
0.0
 43
7.0
 44
1.5
 73
     0
 74
     0
 77
     1
 78
     8
140
3.5
141
0.0
143
0.0393700787401575
146
0.6666666666666666
147
2.0
172
     1
173
     1
176
     1
177
     1
178
     5
271
     2
272
     2
284
     8
288
     1
289
     0
340
10
341
80
343
80
344
80
  0
DIMSTYLE
105
53EB
330
A
100
AcDbSymbolTableRecord
100
AcDbDimStyleTableRecord
  2
phoenix$4
 70
     0
  4
"
 41
3.5
 42
0.0
 43
7.0
 44
1.5
 73
     0
 74
     0
 77
     1
 78
     8
 79
     2
140
3.5
141
0.0
143
0.0393700787401575
146
0.6666666666666666
147
2.0
176
     1
177
     1
178
     5
179
     2
271
     2
272
     2
278
    44
284
     8
288
     1
289
     0
340
10
371
    25
372
    25
  0
DIMSTYLE
105
53EC
330
A
100
AcDbSymbolTableRecord
100
AcDbDimStyleTableRecord
  2
ISO-25
 70
     0
 41
2.5
 42
0.625
 43
3.75
 44
1.25
 73
     0
 74
     0
 77
     1
 78
     8
140
2.5
141
2.5
143
0.03937007874016
147
0.625
171
     3
172
     1
271
     2
272
     2
274
     3
278
    44
283
     0
284
     8
340
10
  0
ENDTAB
  0
TABLE
  2
BLOCK_RECORD
  5
1
330
0
100
AcDbSymbolTable
 70
     5
  0
BLOCK_RECORD
  5
1A
330
1
100
AcDbSymbolTableRecord
100
AcDbBlockTableRecord
  2
*MODEL_SPACE
340
1E18
  0
BLOCK_RECORD
  5
17
330
1
100
AcDbSymbolTableRecord
100
AcDbBlockTableRecord
  2
*PAPER_SPACE
340
1E19
  0
BLOCK_RECORD
  5
80
330
1
100
AcDbSymbolTableRecord
100
AcDbBlockTableRecord
  2
_OPEN15
340
0
102
{BLKREFS
331
5382
331
5383
331
5394
331
5395
331
53A6
331
53A7
102
}
  0
BLOCK_RECORD
  5
B9
330
1
100
AcDbSymbolTableRecord
100
AcDbBlockTableRecord
  2
PH_GRPBLK
340
0
102
{BLKREFS
331
54C1
331
57A6
331
57AD
331
5C30
331
5C3C
331
5C95
331
5C96
331
5C99
331
5CA1
331
5CA2
331
5CA3
331
5CA6
331
5D7D
102
}
  0
BLOCK_RECORD
  5
880
330
1
100
AcDbSymbolTableRecord
100
AcDbBlockTableRecord
  2
*D2
340
0
  0
BLOCK_RECORD
  5
1004
330
1
100
AcDbSymbolTableRecord
100
AcDbBlockTableRecord
  2
*D3
340
0
  0
BLOCK_RECORD
  5
22EC
330
1
100
AcDbSymbolTableRecord
100
AcDbBlockTableRecord
  2
*D4
340
0
  0
ENDTAB
  0
ENDSEC
  0
SECTION
  2
BLOCKS
  0
BLOCK
  5
1B
330
1A
100
AcDbEntity
  8
0
100
AcDbBlockBegin
  2
*MODEL_SPACE
 70
     0
 10
0.0
 20
0.0
 30
0.0
  3
*MODEL_SPACE
  1

  0
ENDBLK
  5
1C
330
1A
100
AcDbEntity
  8
0
100
AcDbBlockEnd
  0
BLOCK
  5
18
330
17
100
AcDbEntity
 67
     1
  8
0
100
AcDbBlockBegin
  2
*PAPER_SPACE
 70
     0
 10
0.0
 20
0.0
 30
0.0
  3
*PAPER_SPACE
  1

  0
ENDBLK
  5
19
330
17
100
AcDbEntity
 67
     1
  8
0
100
AcDbBlockEnd
  0
BLOCK
  5
84
330
80
100
AcDbEntity
  8
0
 62
     7
100
AcDbBlockBegin
  2
_OPEN15
 70
     0
 10
1.0
 20
0.0
 30
0.0
  3
_OPEN15
  1

  0
LINE
  5
81
330
80
100
AcDbEntity
  8
0
  6
ByBlock
 62
     0
100
AcDbLine
 10
0.0
 20
0.0
 30
0.0
 11
1.0
 21
0.0
 31
0.0
  0
LINE
  5
82
330
80
100
AcDbEntity
  8
0
  6
ByBlock
 62
     0
100
AcDbLine
 10
1.0
 20
0.0
 30
0.0
 11
0.0
 21
0.1316524975873958
 31
0.0
  0
LINE
  5
83
330
80
100
AcDbEntity
  8
0
  6
ByBlock
 62
     0
100
AcDbLine
 10
1.0
 20
0.0
 30
0.0
 11
0.0
 21
-0.1316524975873958
 31
0.0
  0
ENDBLK
  5
85
330
80
100
AcDbEntity
  8
0
 62
     7
100
AcDbBlockEnd
  0
BLOCK
  5
BC
330
B9
100
AcDbEntity
  8
0
 62
     7
100
AcDbBlockBegin
  2
PH_GRPBLK
 70
     0
 10
0.0
 20
0.0
 30
0.0
  3
PH_GRPBLK
  1

  0
POINT
  5
BB
330
B9
100
AcDbEntity
  8
DEFPOINTS
  6
Continuous
 62
     0
100
AcDbPoint
 10
0.0
 20
0.0
 30
0.0
  0
ENDBLK
  5
BD
330
B9
100
AcDbEntity
  8
0
 62
     7
100
AcDbBlockEnd
  0
BLOCK
  5
1C20
330
880
100
AcDbEntity
  8
0
100
AcDbBlockBegin
  2
*D2
 70
     1
 10
0.0
 20
0.0
 30
0.0
  3
*D2
  1

  0
LINE
  5
53A3
330
880
100
AcDbEntity
  8
0
  6
Continuous
 62
     1
370
    -2
100
AcDbLine
 10
253.3347711958513
 20
214.7041782373822
 30
0.0
 11
261.834771195851
 21
214.7041782373822
 31
0.0
  0
LINE
  5
53A4
330
880
100
AcDbEntity
  8
0
  6
Continuous
 62
     1
370
    -2
100
AcDbLine
 10
253.3347711958513
 20
122.204178237382
 30
0.0
 11
261.834771195851
 21
122.204178237382
 31
0.0
  0
LINE
  5
53A5
330
880
100
AcDbEntity
  8
0
  6
Continuous
 62
     1
370
    -2
100
AcDbLine
 10
260.334771195851
 20
210.9841782373822
 30
0.0
 11
260.334771195851
 21
125.9241782373822
 31
0.0
  0
INSERT
  5
53A6
330
880
100
AcDbEntity
  8
0
  6
Continuous
 62
     1
370
    -2
100
AcDbBlockReference
  2
_OPEN15
 10
260.334771195851
 20
214.7041782373822
 30
0.0
 41
3.72
 42
3.72
 43
3.72
 50
90.0
  0
INSERT
  5
53A7
330
880
100
AcDbEntity
  8
0
  6
Continuous
 62
     1
370
    -2
100
AcDbBlockReference
  2
_OPEN15
 10
260.334771195851
 20
122.204178237382
 30
0.0
 41
3.72
 42
3.72
 43
3.72
 50
270.0
  0
MTEXT
  5
53A8
330
880
100
AcDbEntity
  8
0
  6
Continuous
 62
     5
100
AcDbMText
 10
258.4839209340842
 20
168.4541782373822
 30
0.0
 40
2.5
 41
0.0
 71
     5
 72
     1
  1
\A1;92.5{\H1.666667;±0.3}
 11
0.0000000000000001
 21
1.0
 31
0.0
 73
     1
 44
1.0
1001
ACAD
1000
MTEXTBEGIN
1070
    73
1070
     1
1070
    44
1040
1.0
1070
    74
1070
     0
1000
MTEXTEND
  0
POINT
  5
53A9
330
880
100
AcDbEntity
  8
DEFPOINTS
  6
Continuous
 62
     0
100
AcDbPoint
 10
253.3347711958513
 20
214.7041782373822
 30
0.0
  0
POINT
  5
53AA
330
880
100
AcDbEntity
  8
DEFPOINTS
  6
Continuous
 62
     0
100
AcDbPoint
 10
253.3347711958513
 20
122.204178237382
 30
0.0
  0
POINT
  5
53AB
330
880
100
AcDbEntity
  8
DEFPOINTS
  6
Continuous
 62
     0
100
AcDbPoint
 10
260.334771195851
 20
122.204178237382
 30
0.0
  0
ENDBLK
  5
1C2A
330
880
100
AcDbEntity
  8
0
100
AcDbBlockEnd
  0
BLOCK
  5
1D19
330
1004
100
AcDbEntity
  8
0
100
AcDbBlockBegin
  2
*D3
 70
     1
 10
0.0
 20
0.0
 30
0.0
  3
*D3
  1

  0
LINE
  5
537D
330
1004
100
AcDbEntity
  8
0
  6
Continuous
 62
     1
370
    -2
100
AcDbLine
 10
289.3981632130212
 20
214.7041782373822
 30
0.0
 11
289.3981632130212
 21
223.2041782373822
 31
0.0
  0
LINE
  5
537E
330
1004
100
AcDbEntity
  8
0
  6
Continuous
 62
     1
370
    -2
100
AcDbLine
 10
291.3981632130212
 20
214.7041782373822
 30
0.0
 11
291.3981632130212
 21
223.2041782373822
 31
0.0
  0
LINE
  5
537F
330
1004
100
AcDbEntity
  8
0
  6
Continuous
 62
     1
370
    -2
100
AcDbLine
 10
285.6781632130212
 20
221.7041782373822
 30
0.0
 11
281.9581632130212
 21
221.7041782373822
 31
0.0
  0
LINE
  5
5380
330
1004
100
AcDbEntity
  8
0
  6
Continuous
 62
     1
370
    -2
100
AcDbLine
 10
295.1181632130213
 20
221.7041782373822
 30
0.0
 11
307.320890615974
 21
221.7041782373822
 31
0.0
  0
LINE
  5
5381
330
1004
100
AcDbEntity
  8
0
  6
Continuous
 62
     1
370
    -2
100
AcDbLine
 10
289.3981632130212
 20
221.7041782373822
 30
0.0
 11
291.3981632130212
 21
221.7041782373822
 31
0.0
  0
INSERT
  5
5382
330
1004
100
AcDbEntity
  8
0
  6
Continuous
 62
     1
370
    -2
100
AcDbBlockReference
  2
_OPEN15
 10
289.3981632130212
 20
221.7041782373822
 30
0.0
 41
3.72
 42
3.72
 43
3.72
  0
INSERT
  5
5383
330
1004
100
AcDbEntity
  8
0
  6
Continuous
 62
     1
370
    -2
100
AcDbBlockReference
  2
_OPEN15
 10
291.3981632130212
 20
221.7041782373822
 30
0.0
 41
3.72
 42
3.72
 43
3.72
 50
180.0
  0
MTEXT
  5
5384
330
1004
100
AcDbEntity
  8
0
  6
Continuous
 62
     5
100
AcDbMText
 10
303.0795269144976
 20
223.5544243003743
 30
0.0
 40
2.5
 41
0.0
 71
     5
 72
     1
  1
\A1;2{\H1.666667;±0.1}
 73
     1
 44
1.0
1001
ACAD
1000
MTEXTBEGIN
1070
    73
1070
     1
1070
    44
1040
1.0
1070
    74
1070
     0
1000
MTEXTEND
  0
POINT
  5
5385
330
1004
100
AcDbEntity
  8
DEFPOINTS
  6
Continuous
 62
     0
100
AcDbPoint
 10
289.3981632130212
 20
214.7041782373822
 30
0.0
  0
POINT
  5
5386
330
1004
100
AcDbEntity
  8
DEFPOINTS
  6
Continuous
 62
     0
100
AcDbPoint
 10
291.3981632130212
 20
214.7041782373822
 30
0.0
  0
POINT
  5
5387
330
1004
100
AcDbEntity
  8
DEFPOINTS
  6
Continuous
 62
     0
100
AcDbPoint
 10
291.3981632130212
 20
221.7041782373822
 30
0.0
  0
ENDBLK
  5
1D25
330
1004
100
AcDbEntity
  8
0
100
AcDbBlockEnd
  0
BLOCK
  5
22F8
330
22EC
100
AcDbEntity
  8
0
 62
     5
100
AcDbBlockBegin
  2
*D4
 70
     1
 10
0.0
 20
0.0
 30
0.0
  3
*D4
  1

  0
LINE
  5
5391
330
22EC
100
AcDbEntity
  8
0
  6
Continuous
 62
     1
370
    -2
100
AcDbLine
 10
103.3347711958513
 20
214.7041782373822
 30
0.0
 11
103.3347711958513
 21
223.2041782373824
 31
0.0
  0
LINE
  5
5392
330
22EC
100
AcDbEntity
  8
0
  6
Continuous
 62
     1
370
    -2
100
AcDbLine
 10
253.3347711958513
 20
214.7041782373822
 30
0.0
 11
253.3347711958513
 21
223.2041782373824
 31
0.0
  0
LINE
  5
5393
330
22EC
100
AcDbEntity
  8
0
  6
Continuous
 62
     1
370
    -2
100
AcDbLine
 10
107.0547711958513
 20
221.7041782373824
 30
0.0
 11
249.6147711958513
 21
221.7041782373824
 31
0.0
  0
INSERT
  5
5394
330
22EC
100
AcDbEntity
  8
0
  6
Continuous
 62
     1
370
    -2
100
AcDbBlockReference
  2
_OPEN15
 10
103.3347711958513
 20
221.7041782373824
 30
0.0
 41
3.72
 42
3.72
 43
3.72
 50
180.0
  0
INSERT
  5
5395
330
22EC
100
AcDbEntity
  8
0
  6
Continuous
 62
     1
370
    -2
100
AcDbBlockReference
  2
_OPEN15
 10
253.3347711958513
 20
221.7041782373824
 30
0.0
 41
3.72
 42
3.72
 43
3.72
  0
MTEXT
  5
5396
330
22EC
100
AcDbEntity
  8
0
  6
Continuous
 62
     5
370
    35
100
AcDbMText
 10
178.3347711958513
 20
223.5541782373824
 30
0.0
 40
2.5
 41
0.0
 71
     5
 72
     1
  1
\A1;150{\H1.666667;±0.3}
 73
     1
 44
1.0
1001
ACAD
1000
MTEXTBEGIN
1070
    73
1070
     1
1070
    44
1040
1.0
1070
    74
1070
     0
1000
MTEXTEND
  0
POINT
  5
5397
330
22EC
100
AcDbEntity
  8
DEFPOINTS
  6
Continuous
 62
     0
100
AcDbPoint
 10
103.3347711958513
 20
214.7041782373822
 30
0.0
  0
POINT
  5
5398
330
22EC
100
AcDbEntity
  8
DEFPOINTS
  6
Continuous
 62
     0
100
AcDbPoint
 10
253.3347711958513
 20
214.7041782373822
 30
0.0
  0
POINT
  5
5399
330
22EC
100
AcDbEntity
  8
DEFPOINTS
  6
Continuous
 62
     0
100
AcDbPoint
 10
253.3347711958513
 20
221.7041782373824
 30
0.0
  0
ENDBLK
  5
22F9
330
22EC
100
AcDbEntity
  8
0
 62
     5
100
AcDbBlockEnd
  0
ENDSEC
  0
SECTION
  2
ENTITIES
  0
LINE
  5
5C5
330
1A
100
AcDbEntity
  8
0
  6
Continuous
 62
     7
100
AcDbLine
 10
103.3347711958513
 20
214.7041782373822
 30
0.0
 11
253.3347711958513
 21
214.7041782373822
 31
0.0
1001
PHOENIX7010
1002
{
1070
    41
1040
1.0
1002
}
  0
LINE
  5
5C6
102
{ACAD_REACTORS
330
F88
102
}
330
1A
100
AcDbEntity
  8
0
  6
Continuous
 62
     7
100
AcDbLine
 10
103.3347711958513
 20
122.204178237382
 30
0.0
 11
253.3347711958513
 21
122.204178237382
 31
0.0
1001
PHOENIX7010
1002
{
1070
    41
1040
1.0
1002
}
  0
LINE
  5
5C9
102
{ACAD_REACTORS
330
2EC3
102
}
330
1A
100
AcDbEntity
  8
0
  6
Continuous
 62
     7
100
AcDbLine
 10
103.3347711958513
 20
214.7041782373822
 30
0.0
 11
103.3347711958513
 21
122.204178237382
 31
0.0
1001
PHOENIX7010
1002
{
1070
    41
1040
1.0
1002
}
  0
LINE
  5
5CB
102
{ACAD_REACTORS
330
F87
102
}
330
1A
100
AcDbEntity
  8
0
  6
Continuous
 62
     7
100
AcDbLine
 10
253.3347711958513
 20
214.7041782373822
 30
0.0
 11
253.3347711958513
 21
122.204178237382
 31
0.0
1001
PHOENIX7010
1002
{
1070
    41
1040
1.0
1002
}
  0
LINE
  5
5CF
102
{ACAD_REACTORS
330
1234
102
}
330
1A
100
AcDbEntity
  8
0
  6
Continuous
 62
     7
100
AcDbLine
 10
289.3981632130212
 20
214.7041782373822
 30
0.0
 11
289.3981632130212
 21
122.204178237382
 31
0.0
1001
PHOENIX7010
1002
{
1070
    41
1040
1.0
1002
}
  0
LINE
  5
5D0
102
{ACAD_REACTORS
330
1235
102
}
330
1A
100
AcDbEntity
  8
0
  6
Continuous
 62
     7
100
AcDbLine
 10
291.3981632130212
 20
214.7041782373822
 30
0.0
 11
291.3981632130212
 21
122.204178237382
 31
0.0
1001
PHOENIX7010
1002
{
1070
    41
1040
1.0
1002
}
  0
LINE
  5
5D1
330
1A
100
AcDbEntity
  8
0
  6
Continuous
 62
     7
100
AcDbLine
 10
289.3981632130212
 20
214.7041782373822
 30
0.0
 11
291.3981632130212
 21
214.7041782373822
 31
0.0
1001
PHOENIX7010
1002
{
1070
    41
1040
1.0
1002
}
  0
LINE
  5
5D2
330
1A
100
AcDbEntity
  8
0
  6
Continuous
 62
     7
100
AcDbLine
 10
289.3981632130212
 20
122.204178237382
 30
0.0
 11
291.3981632130212
 21
122.204178237382
 31
0.0
1001
PHOENIX7010
1002
{
1070
    41
1040
1.0
1002
}
  0
DIMENSION
  5
87F
102
{ACAD_REACTORS
330
F89
102
}
330
1A
100
AcDbEntity
  8
0
  6
Continuous
 62
     7
100
AcDbDimension
  2
*D2
 10
260.334771195851
 20
122.204178237382
 30
0.0
 11
258.4839209340842
 21
168.4541782373822
 31
0.0
 70
    32
  1
<>
 71
     5
 42
92.5
  3
PHOENIX
100
AcDbAlignedDimension
 13
253.3347711958513
 23
214.7041782373822
 33
0.0
 14
253.3347711958513
 24
122.204178237382
 34
0.0
 50
90.0
100
AcDbRotatedDimension
1001
ACAD
1000
DSTYLE
1002
{
1070
   147
1040
0.6
1070
   271
1070
     4
1070
   272
1070
     4
1070
   140
1040
2.5
1070
    47
1040
0.3
1070
    48
1040
0.3
1070
    71
1070
     1
1002
}
  0
DIMENSION
  5
1003
102
{ACAD_REACTORS
330
1236
102
}
330
1A
100
AcDbEntity
  8
0
  6
Continuous
 62
     7
100
AcDbDimension
  2
*D3
 10
291.3981632130212
 20
221.7041782373822
 30
0.0
 11
303.0795269144976
 21
223.5544243003743
 31
0.0
 70
    32
  1
<>
 71
     5
 42
2.0
  3
PHOENIX
100
AcDbAlignedDimension
 13
289.3981632130212
 23
214.7041782373822
 33
0.0
 14
291.3981632130212
 24
214.7041782373822
 34
0.0
100
AcDbRotatedDimension
1001
ACAD
1000
DSTYLE
1002
{
1070
   147
1040
0.6
1070
   271
1070
     4
1070
   272
1070
     4
1070
   140
1040
2.5
1070
    47
1040
0.1
1070
    48
1040
0.1
1070
    71
1070
     1
1002
}
  0
LINE
  5
1B7F
330
1A
100
AcDbEntity
  8
0
  6
ACAD_ISO04W100
 62
     1
100
AcDbLine
 10
101.3347711958513
 20
168.4541782373822
 30
0.0
 11
255.3347711958513
 21
168.4541782373822
 31
0.0
1001
PHOENIX7010
1002
{
1070
    41
1040
1.0
1002
}
  0
LINE
  5
1B80
330
1A
100
AcDbEntity
  8
0
  6
ACAD_ISO04W100
 62
     1
100
AcDbLine
 10
178.3347711958513
 20
216.7041782373821
 30
0.0
 11
178.3347711958513
 21
120.204178237382
 31
0.0
1001
PHOENIX7010
1002
{
1070
    41
1040
1.0
1002
}
  0
LINE
  5
1B81
330
1A
100
AcDbEntity
  8
0
  6
ACAD_ISO04W100
 62
     1
 48
0.1904761904761905
100
AcDbLine
 10
287.3981632130212
 20
168.4541782373822
 30
0.0
 11
293.3981632130212
 21
168.4541782373822
 31
0.0
1001
PHOENIX7010
1002
{
1070
    41
1040
1.0
1002
}
  0
DIMENSION
  5
22EB
102
{ACAD_REACTORS
330
2EC4
102
}
330
1A
100
AcDbEntity
  8
0
  6
Continuous
 62
     5
370
    35
100
AcDbDimension
  2
*D4
 10
253.3347711958513
 20
221.7041782373824
 30
0.0
 11
178.3347711958513
 21
223.5541782373824
 31
0.0
 70
    32
 71
     5
 42
150.0
  3
PHOENIX
100
AcDbAlignedDimension
 13
103.3347711958513
 23
214.7041782373822
 33
0.0
 14
253.3347711958513
 24
214.7041782373822
 34
0.0
100
AcDbRotatedDimension
1001
ACAD
1000
DSTYLE
1002
{
1070
   147
1040
0.6
1070
   271
1070
     4
1070
   272
1070
     4
1070
   140
1040
2.5
1070
    47
1040
0.3
1070
    48
1040
0.3
1070
    71
1070
     1
1002
}
  0
LINE
  5
54B4
102
{ACAD_REACTORS
330
54C3
102
}
330
1A
100
AcDbEntity
  8
0
  6
Continuous
 62
     1
100
AcDbLine
 10
230.0
 20
5.000000000000113
 30
0.0
 11
230.0
 21
1.000000000000113
 31
0.0
1001
PHOENIX7010
1002
{
1070
    62
1070
     1
1070
    41
1040
1.0
1002
}
  0
LINE
  5
54B5
102
{ACAD_REACTORS
330
54C3
102
}
330
1A
100
AcDbEntity
  8
0
  6
Continuous
 62
     3
100
AcDbLine
 10
415.0
 20
5.000000000000113
 30
0.0
 11
20.0
 21
5.000000000000113
 31
0.0
1001
PHOENIX7010
1002
{
1070
    62
1070
     3
1070
    41
1040
1.0
1002
}
  0
LINE
  5
54B6
102
{ACAD_REACTORS
330
54C3
102
}
330
1A
100
AcDbEntity
  8
0
  6
Continuous
 62
     1
100
AcDbLine
 10
125.0
 20
296.0000000000001
 30
0.0
 11
125.0
 21
292.0000000000001
 31
0.0
1001
PHOENIX7010
1002
{
1070
    62
1070
     1
1070
    41
1040
1.0
1002
}
  0
LINE
  5
54B7
102
{ACAD_REACTORS
330
54C3
102
}
330
1A
100
AcDbEntity
  8
0
  6
Continuous
 62
     1
100
AcDbLine
 10
230.0
 20
296.0000000000001
 30
0.0
 11
230.0
 21
292.0000000000001
 31
0.0
1001
PHOENIX7010
1002
{
1070
    62
1070
     1
1070
    41
1040
1.0
1002
}
  0
LINE
  5
54B8
102
{ACAD_REACTORS
330
54C3
102
}
330
1A
100
AcDbEntity
  8
0
  6
Continuous
 62
     1
100
AcDbLine
 10
125.0
 20
5.000000000000113
 30
0.0
 11
125.0
 21
1.000000000000113
 31
0.0
1001
PHOENIX7010
1002
{
1070
    62
1070
     1
1070
    41
1040
1.0
1002
}
  0
LINE
  5
54B9
102
{ACAD_REACTORS
330
54C3
102
}
330
1A
100
AcDbEntity
  8
0
  6
Continuous
 62
     1
100
AcDbLine
 10
419.0
 20
1.000000000000113
 30
0.0
 11
1.0
 21
1.000000000000113
 31
0.0
1001
PHOENIX7010
1002
{
1070
    62
1070
     1
1070
    41
1040
1.0
1002
}
  0
LINE
  5
54BA
102
{ACAD_REACTORS
330
54C3
102
}
330
1A
100
AcDbEntity
  8
0
  6
Continuous
 62
     1
100
AcDbLine
 10
1.0
 20
1.000000000000113
 30
0.0
 11
1.0
 21
296.0000000000001
 31
0.0
1001
PHOENIX7010
1002
{
1070
    62
1070
     1
1070
    41
1040
1.0
1002
}
  0
LINE
  5
54BB
102
{ACAD_REACTORS
330
54C3
102
}
330
1A
100
AcDbEntity
  8
0
  6
Continuous
 62
     1
100
AcDbLine
 10
1.0
 20
296.0000000000001
 30
0.0
 11
419.0
 21
296.0000000000001
 31
0.0
1001
PHOENIX7010
1002
{
1070
    62
1070
     1
1070
    41
1040
1.0
1002
}
  0
LINE
  5
54BC
102
{ACAD_REACTORS
330
54C3
102
}
330
1A
100
AcDbEntity
  8
0
  6
Continuous
 62
     1
100
AcDbLine
 10
419.0
 20
296.0000000000001
 30
0.0
 11
419.0
 21
1.000000000000113
 31
0.0
1001
PHOENIX7010
1002
{
1070
    62
1070
     1
1070
    41
1040
1.0
1002
}
  0
LINE
  5
54BD
102
{ACAD_REACTORS
330
54C3
102
}
330
1A
100
AcDbEntity
  8
0
  6
Continuous
 62
     3
100
AcDbLine
 10
20.0
 20
5.000000000000113
 30
0.0
 11
20.0
 21
292.0000000000001
 31
0.0
1001
PHOENIX7010
1002
{
1070
    62
1070
     3
1070
    41
1040
1.0
1002
}
  0
LINE
  5
54BE
102
{ACAD_REACTORS
330
54C3
102
}
330
1A
100
AcDbEntity
  8
0
  6
Continuous
 62
     3
100
AcDbLine
 10
20.0
 20
292.0000000000001
 30
0.0
 11
415.0
 21
292.0000000000001
 31
0.0
1001
PHOENIX7010
1002
{
1070
    62
1070
     3
1070
    41
1040
1.0
1002
}
  0
LINE
  5
54BF
102
{ACAD_REACTORS
330
54C3
102
}
330
1A
100
AcDbEntity
  8
0
  6
Continuous
 62
     3
100
AcDbLine
 10
415.0
 20
292.0000000000001
 30
0.0
 11
415.0
 21
5.000000000000113
 31
0.0
1001
PHOENIX7010
1002
{
1070
    62
1070
     3
1070
    41
1040
1.0
1002
}
  0
MTEXT
  5
54C0
102
{ACAD_REACTORS
330
54C3
102
}
330
1A
100
AcDbEntity
  8
0
  6
Continuous
 62
     7
370
    50
100
AcDbMText
 10
19.70248718641096
 20
55.39351207913341
 30
0.0
 40
2.0
 41
0.0
 71
     7
 72
     5
  1
{\T1.1;\C1;"Schutzvermerk nach DIN ISO 16016 beachten" \Q20;"Please pay attention to copyright note DIN ISO 16016"}
 11
0.0000000000000002
 21
1.0
 31
0.0
 73
     1
 44
1.0
1001
PHOENIX7010
1002
{
1070
    41
1040
1.0
1002
}
1001
ACAD
1000
MTEXTBEGIN
1070
    73
1070
     1
1070
    44
1040
1.0
1070
    74
1070
     0
1000
MTEXTEND
  0
INSERT
  5
54C1
102
{ACAD_REACTORS
330
54C3
102
}
330
1A
100
AcDbEntity
  8
0
  6
Continuous
 62
     1
100
AcDbBlockReference
  2
PH_GRPBLK
 10
230.0
 20
5.000000000000113
 30
0.0
1001
PHOENIX7010
1002
{
1070
    41
1040
1.0
1002
}
  0
TEXT
  5
57A5
330
1A
100
AcDbEntity
  8
0
  6
Continuous
 62
     5
100
AcDbText
 10
156.7828922603687
 20
234.1870586344879
 30
0.0
 40
2.5
  1
Direction of rolling
 41
1.5
 51
20.0
100
AcDbText
1001
PHOENIX7010
1002
{
1070
    41
1040
1.0
1002
}
  0
INSERT
  5
57A6
330
1A
100
AcDbEntity
  8
0
  6
Continuous
 62
     1
100
AcDbBlockReference
  2
PH_GRPBLK
 10
207.9851649112495
 20
235.5379975090906
 30
0.0
1001
PHOENIX7010
1002
{
1070
    41
1040
1.0
1002
}
  0
LINE
  5
57A7
330
1A
100
AcDbEntity
  8
0
  6
Continuous
 62
     1
100
AcDbLine
 10
201.1104552123868
 20
237.1963623973062
 30
0.0
 11
204.8283734425384
 21
237.6858356181314
 31
0.0
1001
PHOENIX7010
1002
{
1070
    41
1040
1.0
1002
}
  0
LINE
  5
57A8
330
1A
100
AcDbEntity
  8
0
  6
Continuous
 62
     1
100
AcDbLine
 10
201.1104552123868
 20
238.1753088389565
 30
0.0
 11
204.8283734425384
 21
237.6858356181314
 31
0.0
1001
PHOENIX7010
1002
{
1070
    41
1040
1.0
1002
}
  0
LINE
  5
57A9
330
1A
100
AcDbEntity
  8
0
  6
Continuous
 62
     1
100
AcDbLine
 10
155.4497769273828
 20
237.1963623973062
 30
0.0
 11
151.7318586972317
 21
237.6858356181314
 31
0.0
1001
PHOENIX7010
1002
{
1070
    41
1040
1.0
1002
}
  0
LINE
  5
57AA
330
1A
100
AcDbEntity
  8
0
  6
Continuous
 62
     1
100
AcDbLine
 10
155.4497769273828
 20
238.1753088389565
 30
0.0
 11
151.7318586972317
 21
237.6858356181314
 31
0.0
1001
PHOENIX7010
1002
{
1070
    41
1040
1.0
1002
}
  0
LINE
  5
57AB
330
1A
100
AcDbEntity
  8
0
  6
Continuous
 62
     1
100
AcDbLine
 10
204.8283734425384
 20
237.6858356181311
 30
0.0
 11
151.7318586972317
 21
237.6858356181314
 31
0.0
1001
PHOENIX7010
1002
{
1070
    41
1040
1.0
1002
}
  0
TEXT
  5
57AC
330
1A
100
AcDbEntity
  8
0
  6
Continuous
 62
     5
100
AcDbText
 10
164.1971301189015
 20
239.4459832323095
 30
0.0
 40
2.5
  1
Walzrichtung
 41
1.5
100
AcDbText
1001
PHOENIX7010
1002
{
1070
    41
1040
1.0
1002
}
  0
INSERT
  5
57AD
330
1A
100
AcDbEntity
  8
0
  6
Continuous
 62
     5
100
AcDbBlockReference
  2
PH_GRPBLK
 10
207.9851649112495
 20
235.5379975090906
 30
0.0
1001
PHOENIX7010
1002
{
1070
    41
1040
1.0
1002
}
  0
LINE
  5
58A4
330
1A
100
AcDbEntity
  8
0
  6
Continuous
 62
     1
100
AcDbLine
 10
291.3981632130212
 20
168.4541782373822
 30
0.0
 11
293.519483556581
 21
166.3328578938226
 31
0.0
1001
PHOENIX7010
1002
{
1070
    41
1040
1.0
1002
}
  0
LINE
  5
58A5
330
1A
100
AcDbEntity
  8
0
  6
Continuous
 62
     1
100
AcDbLine
 10
299.898163213021
 20
176.9541782373821
 30
0.0
 11
291.3981632130212
 21
168.4541782373822
 31
0.0
1001
PHOENIX7010
1002
{
1070
    41
1040
1.0
1002
}
  0
MTEXT
  5
58A6
330
1A
100
AcDbEntity
  8
0
  6
Continuous
 62
     5
100
AcDbMText
 10
296.398163213021
 20
176.9541782373821
 30
0.0
 40
2.5
 41
0.0
 71
     1
 72
     5
  1
Schutzfolie\P{\Q20;Protection foil}
 11
0.0000000000000001
 21
1.0
 31
0.0
 73
     1
 44
1.0
1001
PHOENIX7010
1002
{
1070
    41
1040
1.0
1002
}
1001
ACAD
1000
MTEXTBEGIN
1070
    73
1070
     1
1070
    44
1040
1.0
1070
    74
1070
     0
1000
MTEXTEND
  0
LINE
  5
58A7
330
1A
100
AcDbEntity
  8
0
  6
Continuous
 62
     1
100
AcDbLine
 10
299.898163213021
 20
202.5547405755676
 30
0.0
 11
299.898163213021
 21
176.9541782373821
 31
0.0
1001
PHOENIX7010
1002
{
1070
    41
1040
1.0
1002
}
  0
LINE
  5
58A8
330
1A
100
AcDbEntity
  8
0
  6
Continuous
 62
     1
100
AcDbLine
 10
289.3981632130212
 20
168.4541782373822
 30
0.0
 11
287.2768428694615
 21
166.3328578938226
 31
0.0
1001
PHOENIX7010
1002
{
1070
    41
1040
1.0
1002
}
  0
LINE
  5
58A9
330
1A
100
AcDbEntity
  8
0
  6
Continuous
 62
     1
100
AcDbLine
 10
280.8981632130215
 20
176.9541782373821
 30
0.0
 11
289.3981632130212
 21
168.4541782373822
 31
0.0
1001
PHOENIX7010
1002
{
1070
    41
1040
1.0
1002
}
  0
MTEXT
  5
58AA
330
1A
100
AcDbEntity
  8
0
  6
Continuous
 62
     5
100
AcDbMText
 10
277.3981632130215
 20
176.9541782373821
 30
0.0
 40
2.5
 41
0.0
 71
     1
 72
     5
  1
Gratseite\P{\Q20;Burr-face}
 11
0.0000000000000001
 21
1.0
 31
0.0
 73
     1
 44
1.0
1001
PHOENIX7010
1002
{
1070
    41
1040
1.0
1002
}
1001
ACAD
1000
MTEXTBEGIN
1070
    73
1070
     1
1070
    44
1040
1.0
1070
    74
1070
     0
1000
MTEXTEND
  0
LINE
  5
58AB
330
1A
100
AcDbEntity
  8
0
  6
Continuous
 62
     1
100
AcDbLine
 10
280.8981632130215
 20
198.5219102240423
 30
0.0
 11
280.8981632130215
 21
176.9541782373821
 31
0.0
1001
PHOENIX7010
1002
{
1070
    41
1040
1.0
1002
}
  0
INSERT
  5
5C30
102
{ACAD_REACTORS
330
5CA5
102
}
330
1A
100
AcDbEntity
  8
0
  6
Continuous
 62
     1
100
AcDbBlockReference
  2
PH_GRPBLK
 10
229.9999999999998
 20
5.000000000000113
 30
0.0
1001
PHOENIX7010
1002
{
1070
    41
1040
1.0
1002
}
  0
TEXT
  5
5C31
102
{ACAD_REACTORS
330
5CA5
102
}
330
1A
100
AcDbEntity
  8
0
  6
Continuous
 62
     5
100
AcDbText
 10
231.3830859021771
 20
17.63566504153334
 30
0.0
 40
2.5
  1
- Surface free of scratches and scoring
 41
1.199999999999999
 51
20.0
100
AcDbText
1001
PHOENIX7010
1002
{
1070
    41
1040
1.0
1002
}
  0
TEXT
  5
5C32
102
{ACAD_REACTORS
330
5CA5
102
}
330
1A
100
AcDbEntity
  8
0
  6
Continuous
 62
     5
100
AcDbText
 10
231.3830859021771
 20
12.63566504153334
 30
0.0
 40
2.5
  1
- Parts free from tool deposits, separating
 41
1.199999999999999
 51
20.0
100
AcDbText
1001
PHOENIX7010
1002
{
1070
    41
1040
1.0
1002
}
  0
TEXT
  5
5C33
102
{ACAD_REACTORS
330
5CA5
102
}
330
1A
100
AcDbEntity
  8
0
  6
Continuous
 62
     5
100
AcDbText
 10
231.3830859021771
 20
7.635665041533342
 30
0.0
 40
2.5
  1
   or cutting agents, swarf etc.
 41
1.199999999999999
 51
20.0
100
AcDbText
1001
PHOENIX7010
1002
{
1070
    41
1040
1.0
1002
}
  0
TEXT
  5
5C34
102
{ACAD_REACTORS
330
5CA5
102
}
330
1A
100
AcDbEntity
  8
0
  6
Continuous
 62
     5
100
AcDbText
 10
230.999999564611
 20
35.29947251204851
 30
0.0
 40
2.5
  1
- Oberflaeche kratz- und riefenfrei
 41
1.199999999999999
100
AcDbText
1001
PHOENIX7010
1002
{
1070
    41
1040
1.0
1002
}
  0
TEXT
  5
5C35
102
{ACAD_REACTORS
330
5CA5
102
}
330
1A
100
AcDbEntity
  8
0
  6
Continuous
 62
     5
100
AcDbText
 10
230.999999564611
 20
30.29947251204851
 30
0.0
 40
2.5
  1
- Teile frei von WZ-Ablagerungen,
 41
1.199999999999999
100
AcDbText
1001
PHOENIX7010
1002
{
1070
    41
1040
1.0
1002
}
  0
TEXT
  5
5C36
102
{ACAD_REACTORS
330
5CA5
102
}
330
1A
100
AcDbEntity
  8
0
  6
Continuous
 62
     5
100
AcDbText
 10
230.999999564611
 20
25.29947251204851
 30
0.0
 40
2.5
  1
   Späne, Schneidmittel usw.
 41
1.199999999999999
100
AcDbText
1001
PHOENIX7010
1002
{
1070
    41
1040
1.0
1002
}
  0
LINE
  5
5C37
102
{ACAD_REACTORS
330
5CA5
102
}
330
1A
100
AcDbEntity
  8
0
  6
Continuous
 62
     5
100
AcDbLine
 10
310.9999999999998
 20
36.83546184383533
 30
0.0
 11
310.9999999999998
 21
5.000000000000113
 31
0.0
1001
PHOENIX7010
1002
{
1070
    41
1040
1.0
1002
}
  0
LINE
  5
5C38
102
{ACAD_REACTORS
330
5CA5
102
}
330
1A
100
AcDbEntity
  8
0
  6
Continuous
 62
     5
100
AcDbLine
 10
229.9999999999998
 20
36.83546184383511
 30
0.0
 11
229.9999999999998
 21
5.000000000000113
 31
0.0
1001
PHOENIX7010
1002
{
1070
    41
1040
1.0
1002
}
  0
LINE
  5
5C39
102
{ACAD_REACTORS
330
5CA5
102
}
330
1A
100
AcDbEntity
  8
0
  6
Continuous
 62
     5
100
AcDbLine
 10
232.4999999999998
 20
39.33546184383533
 30
0.0
 11
308.4999999999998
 21
39.33546184383533
 31
0.0
1001
PHOENIX7010
1002
{
1070
    41
1040
1.0
1002
}
  0
ARC
  5
5C3A
102
{ACAD_REACTORS
330
5CA5
102
}
330
1A
100
AcDbEntity
  8
0
  6
Continuous
 62
     5
100
AcDbCircle
 10
232.4999999999998
 20
36.83546184383511
 30
0.0
 40
2.5
100
AcDbArc
 50
90.0
 51
180.0
1001
PHOENIX7010
1002
{
1070
    41
1040
1.0
1002
}
  0
ARC
  5
5C3B
102
{ACAD_REACTORS
330
5CA5
102
}
330
1A
100
AcDbEntity
  8
0
  6
Continuous
 62
     5
100
AcDbCircle
 10
308.4999999999998
 20
36.83546184383533
 30
0.0
 40
2.5
100
AcDbArc
 50
0.0
 51
90.0
1001
PHOENIX7010
1002
{
1070
    41
1040
1.0
1002
}
  0
INSERT
  5
5C3C
102
{ACAD_REACTORS
330
5CA5
102
}
330
1A
100
AcDbEntity
  8
0
  6
Continuous
 62
     5
100
AcDbBlockReference
  2
PH_GRPBLK
 10
310.9999999999998
 20
36.83546184383533
 30
0.0
1001
PHOENIX7010
1002
{
1070
    41
1040
1.0
1002
}
  0
MTEXT
  5
5C3D
102
{ACAD_REACTORS
330
5CA5
102
}
330
1A
100
AcDbEntity
  8
0
  6
Continuous
 62
     5
370
    35
100
AcDbMText
 10
340.3074630969179
 20
126.1987580068237
 30
0.0
 40
4.0
 41
0.0
 71
     7
 72
     5
  1
{\C7;1:1}
 73
     1
 44
1.0
1001
PHOENIX7010
1002
{
1070
    41
1040
1.0
1002
}
1001
ACAD
1000
MTEXTBEGIN
1070
    73
1070
     1
1070
    44
1040
1.0
1070
    74
1070
     0
1000
MTEXTEND
  0
MTEXT
  5
5C3E
102
{ACAD_REACTORS
330
5CA5
102
}
330
1A
100
AcDbEntity
  8
0
  6
Continuous
 62
     5
370
    35
100
AcDbMText
 10
319.2942762589885
 20
125.2466907925511
 30
0.0
 40
2.5
 41
0.0
 71
     7
 72
     5
  1
{\C1;Maßstab/\P\Q20;Scale:}
 73
     1
 44
1.0
1001
PHOENIX7010
1002
{
1070
    41
1040
1.0
1002
}
1001
ACAD
1000
MTEXTBEGIN
1070
    73
1070
     1
1070
    44
1040
1.0
1070
    74
1070
     0
1000
MTEXTEND
  0
MTEXT
  5
5C3F
102
{ACAD_REACTORS
330
5CA5
102
}
330
1A
100
AcDbEntity
  8
0
  6
Continuous
 62
     5
370
    35
100
AcDbMText
 10
319.5702130763932
 20
117.578461793006
 30
0.0
 40
3.0
 41
0.0
 71
     7
 72
     5
  1
Zeichnungs-Nr. / {\Q20;Drawing-No.:}
 73
     1
 44
1.0
1001
PHOENIX7010
1002
{
1070
    41
1040
1.0
1002
}
1001
ACAD
1000
MTEXTBEGIN
1070
    73
1070
     1
1070
    44
1040
1.0
1070
    74
1070
     0
1000
MTEXTEND
  0
MTEXT
  5
5C40
102
{ACAD_REACTORS
330
5CA5
102
}
330
1A
100
AcDbEntity
  8
0
  6
Continuous
 62
     5
370
    35
100
AcDbMText
 10
340.6810942169352
 20
111.4363046740557
 30
0.0
 40
4.0
 41
0.0
 71
     7
 72
     5
  1
{\C7;3G 5340.085.01}
 73
     1
 44
1.0
1001
PHOENIX7010
1002
{
1070
    41
1040
1.0
1002
}
1001
ACAD
1000
MTEXTBEGIN
1070
    73
1070
     1
1070
    44
1040
1.0
1070
    74
1070
     0
1000
MTEXTEND
  0
MTEXT
  5
5C47
102
{ACAD_REACTORS
330
5CA5
102
}
330
1A
100
AcDbEntity
  8
0
  6
Continuous
 62
     5
370
    35
100
AcDbMText
 10
329.5918340418987
 20
38.32304279191078
 30
0.0
 40
2.0
 41
0.0
 71
     7
 72
     5
  1
{\C1;Datum/\P\Q20;Date:}
 73
     1
 44
1.0
1001
PHOENIX7010
1002
{
1070
    41
1040
1.0
1002
}
1001
ACAD
1000
MTEXTBEGIN
1070
    73
1070
     1
1070
    44
1040
1.0
1070
    74
1070
     0
1000
MTEXTEND
  0
MTEXT
  5
5C48
102
{ACAD_REACTORS
330
5CA5
102
}
330
1A
100
AcDbEntity
  8
0
  6
Continuous
 62
     5
370
    35
100
AcDbMText
 10
316.167758256943
 20
38.32303913053613
 30
0.0
 40
2.0
 41
0.0
 71
     7
 72
     5
  1
{\C1;Ä.Nr/\P\Q20;Alt-No.:}
 73
     1
 44
1.0
1001
PHOENIX7010
1002
{
1070
    41
1040
1.0
1002
}
1001
ACAD
1000
MTEXTBEGIN
1070
    73
1070
     1
1070
    44
1040
1.0
1070
    74
1070
     0
1000
MTEXTEND
  0
MTEXT
  5
5C49
102
{ACAD_REACTORS
330
5CA5
102
}
330
1A
100
AcDbEntity
  8
0
  6
Continuous
 62
     5
370
    35
100
AcDbMText
 10
316.5289912646938
 20
33.49475527098106
 30
0.0
 40
2.5
 41
0.0
 71
     7
 72
     5
  1
DISK:
 73
     1
 44
1.0
1001
PHOENIX7010
1002
{
1070
    41
1040
1.0
1002
}
1001
ACAD
1000
MTEXTBEGIN
1070
    73
1070
     1
1070
    44
1040
1.0
1070
    74
1070
     0
1000
MTEXTEND
  0
MTEXT
  5
5C4A
102
{ACAD_REACTORS
330
5CA5
102
}
330
1A
100
AcDbEntity
  8
0
  6
Continuous
 62
     5
370
    35
100
AcDbMText
 10
316.5289912646938
 20
29.24888752318759
 30
0.0
 40
2.5
 41
0.0
 71
     7
 72
     5
  1
Datum/{\Q20;Date:}
 73
     1
 44
1.0
1001
PHOENIX7010
1002
{
1070
    41
1040
1.0
1002
}
1001
ACAD
1000
MTEXTBEGIN
1070
    73
1070
     1
1070
    44
1040
1.0
1070
    74
1070
     0
1000
MTEXTEND
  0
LINE
  5
5C4B
102
{ACAD_REACTORS
330
5CA5
102
}
330
1A
100
AcDbEntity
  8
0
  6
Continuous
 62
     5
370
    35
100
AcDbLine
 10
314.9999999999999
 20
37.50000000000011
 30
0.0
 11
415.0
 21
37.50000000000011
 31
0.0
1001
PHOENIX7010
1002
{
1070
    41
1040
1.0
1002
}
  0
LINE
  5
5C4C
102
{ACAD_REACTORS
330
5CA5
102
}
330
1A
100
AcDbEntity
  8
0
  6
Continuous
 62
     5
100
AcDbLine
 10
405.4999999999997
 20
123.5000000000001
 30
0.0
 11
405.4999999999997
 21
130.5000000000001
 31
0.0
1001
PHOENIX7010
1002
{
1070
    62
1070
     5
1070
    41
1040
1.0
1002
}
  0
LINE
  5
5C4D
102
{ACAD_REACTORS
330
5CA5
102
}
330
1A
100
AcDbEntity
  8
0
  6
ACAD_ISO04W100
 62
     1
 48
0.1451612903225806
100
AcDbLine
 10
410.4999999999996
 20
122.5000000000001
 30
0.0
 11
410.4999999999996
 21
131.5000000000001
 31
0.0
1001
PHOENIX7010
1002
{
1070
    62
1070
     1
1070
    41
1040
1.0
1002
}
  0
CIRCLE
  5
5C4E
102
{ACAD_REACTORS
330
5CA5
102
}
330
1A
100
AcDbEntity
  8
0
  6
Continuous
 62
     5
100
AcDbCircle
 10
410.4999999999996
 20
127.0000000000001
 30
0.0
 40
1.75
1001
PHOENIX7010
1002
{
1070
    62
1070
     5
1070
    41
1040
1.0
1002
}
  0
CIRCLE
  5
5C4F
102
{ACAD_REACTORS
330
5CA5
102
}
330
1A
100
AcDbEntity
  8
0
  6
Continuous
 62
     5
100
AcDbCircle
 10
410.4999999999996
 20
127.0000000000001
 30
0.0
 40
3.5
1001
PHOENIX7010
1002
{
1070
    62
1070
     5
1070
    41
1040
1.0
1002
}
  0
LINE
  5
5C50
102
{ACAD_REACTORS
330
5CA5
102
}
330
1A
100
AcDbEntity
  8
0
  6
Continuous
 62
     5
100
AcDbLine
 10
398.4999999999999
 20
125.2500000000001
 30
0.0
 11
398.4999999999999
 21
128.7500000000001
 31
0.0
1001
PHOENIX7010
1002
{
1070
    62
1070
     5
1070
    41
1040
1.0
1002
}
  0
LINE
  5
5C51
102
{ACAD_REACTORS
330
5CA5
102
}
330
1A
100
AcDbEntity
  8
0
  6
ACAD_ISO04W100
 62
     1
 48
0.282258064516129
100
AcDbLine
 10
414.9999999999996
 20
127.0000000000001
 30
0.0
 11
397.4999999999998
 21
127.0000000000001
 31
0.0
1001
PHOENIX7010
1002
{
1070
    62
1070
     1
1070
    41
1040
1.0
1002
}
  0
LINE
  5
5C52
102
{ACAD_REACTORS
330
5CA5
102
}
330
1A
100
AcDbEntity
  8
0
  6
Continuous
 62
     5
100
AcDbLine
 10
405.4999999999997
 20
123.5000000000001
 30
0.0
 11
398.4999999999999
 21
125.2500000000001
 31
0.0
1001
PHOENIX7010
1002
{
1070
    62
1070
     5
1070
    41
1040
1.0
1002
}
  0
LINE
  5
5C53
102
{ACAD_REACTORS
330
5CA5
102
}
330
1A
100
AcDbEntity
  8
0
  6
Continuous
 62
     5
100
AcDbLine
 10
405.4999999999997
 20
130.5000000000001
 30
0.0
 11
398.4999999999999
 21
128.7500000000001
 31
0.0
1001
PHOENIX7010
1002
{
1070
    62
1070
     5
1070
    41
1040
1.0
1002
}
  0
ARC
  5
5C54
102
{ACAD_REACTORS
330
5CA5
102
}
330
1A
100
AcDbEntity
  8
0
  6
Continuous
 62
     5
100
AcDbCircle
 10
317.4999999999998
 20
120.0000000000001
 30
0.0
 40
2.5
100
AcDbArc
 50
90.0
 51
180.0
1001
PHOENIX7010
1002
{
1070
    62
1070
     5
1070
    41
1040
1.0
1002
}
  0
LINE
  5
5C55
102
{ACAD_REACTORS
330
5CA5
102
}
330
1A
100
AcDbEntity
  8
0
  6
Continuous
 62
     5
100
AcDbLine
 10
415.0
 20
122.5000000000001
 30
0.0
 11
317.4999999999998
 21
122.5000000000001
 31
0.0
1001
PHOENIX7010
1002
{
1070
    62
1070
     5
1070
    41
1040
1.0
1002
}
  0
LINE
  5
5C56
102
{ACAD_REACTORS
330
5CA5
102
}
330
1A
100
AcDbEntity
  8
0
  6
Continuous
 62
     1
370
    25
100
AcDbLine
 10
374.0
 20
28.00000000000011
 30
0.0
 11
374.0
 21
5.000000000000113
 31
0.0
1001
PHOENIX7010
1002
{
1070
    62
1070
     5
1070
    41
1040
1.0
1002
}
  0
TEXT
  5
5C57
102
{ACAD_REACTORS
330
5CA5
102
}
330
1A
100
AcDbEntity
  8
0
  6
Continuous
 62
     1
100
AcDbText
 10
328.9999996997324
 20
65.74999981501354
 30
0.0
 40
2.0
  1
-
 41
1.5
100
AcDbText
1001
PHOENIX7010
1002
{
1070
    62
1070
     1
1070
    41
1040
1.0
1002
}
  0
TEXT
  5
5C58
102
{ACAD_REACTORS
330
5CA5
102
}
330
1A
100
AcDbEntity
  8
0
  6
Continuous
 62
     1
100
AcDbText
 10
328.9999996997324
 20
63.24999981501354
 30
0.0
 40
2.0
  1
-
 41
1.5
100
AcDbText
1001
PHOENIX7010
1002
{
1070
    62
1070
     1
1070
    41
1040
1.0
1002
}
  0
TEXT
  5
5C59
102
{ACAD_REACTORS
330
5CA5
102
}
330
1A
100
AcDbEntity
  8
0
  6
Continuous
 62
     1
100
AcDbText
 10
328.9999996997324
 20
68.24999981501354
 30
0.0
 40
2.0
  1
-
 41
1.5
100
AcDbText
1001
PHOENIX7010
1002
{
1070
    62
1070
     1
1070
    41
1040
1.0
1002
}
  0
TEXT
  5
5C5A
102
{ACAD_REACTORS
330
5CA5
102
}
330
1A
100
AcDbEntity
  8
0
  6
Continuous
 62
     1
100
AcDbText
 10
315.9999996997324
 20
65.74999981501354
 30
0.0
 40
2.0
  1
-
 41
1.5
100
AcDbText
1001
PHOENIX7010
1002
{
1070
    62
1070
     1
1070
    41
1040
1.0
1002
}
  0
TEXT
  5
5C5B
102
{ACAD_REACTORS
330
5CA5
102
}
330
1A
100
AcDbEntity
  8
0
  6
Continuous
 62
     1
100
AcDbText
 10
315.9999996997324
 20
63.24999981501354
 30
0.0
 40
2.0
  1
-
 41
1.5
100
AcDbText
1001
PHOENIX7010
1002
{
1070
    62
1070
     1
1070
    41
1040
1.0
1002
}
  0
TEXT
  5
5C5C
102
{ACAD_REACTORS
330
5CA5
102
}
330
1A
100
AcDbEntity
  8
0
  6
Continuous
 62
     1
100
AcDbText
 10
315.9999996997324
 20
68.24999981501354
 30
0.0
 40
2.0
  1
-
 41
1.5
100
AcDbText
1001
PHOENIX7010
1002
{
1070
    62
1070
     1
1070
    41
1040
1.0
1002
}
  0
ARC
  5
5C5D
102
{ACAD_REACTORS
330
5CA5
102
}
330
1A
100
AcDbEntity
  8
0
  6
Continuous
 62
     5
100
AcDbCircle
 10
317.4999999999998
 20
68.50000000000012
 30
0.0
 40
2.5
100
AcDbArc
 50
90.0
 51
180.0
1001
PHOENIX7010
1002
{
1070
    62
1070
     5
1070
    41
1040
1.0
1002
}
  0
ARC
  5
5C5E
102
{ACAD_REACTORS
330
5CA5
102
}
330
1A
100
AcDbEntity
  8
0
  6
Continuous
 62
     5
100
AcDbCircle
 10
317.4999999999998
 20
99.00000000000012
 30
0.0
 40
2.5
100
AcDbArc
 50
90.0
 51
180.0
1001
PHOENIX7010
1002
{
1070
    62
1070
     5
1070
    41
1040
1.0
1002
}
  0
TEXT
  5
5C5F
102
{ACAD_REACTORS
330
5CA5
102
}
330
1A
100
AcDbEntity
  8
0
  6
Continuous
 62
     1
100
AcDbText
 10
328.9999996997324
 20
48.24999981501354
 30
0.0
 40
2.0
  1
-
 41
1.5
100
AcDbText
1001
PHOENIX7010
1002
{
1070
    62
1070
     1
1070
    41
1040
1.0
1002
}
  0
TEXT
  5
5C60
102
{ACAD_REACTORS
330
5CA5
102
}
330
1A
100
AcDbEntity
  8
0
  6
Continuous
 62
     1
100
AcDbText
 10
328.9999996997324
 20
45.74999981501354
 30
0.0
 40
2.0
  1
-
 41
1.5
100
AcDbText
1001
PHOENIX7010
1002
{
1070
    62
1070
     1
1070
    41
1040
1.0
1002
}
  0
TEXT
  5
5C61
102
{ACAD_REACTORS
330
5CA5
102
}
330
1A
100
AcDbEntity
  8
0
  6
Continuous
 62
     1
100
AcDbText
 10
328.9999996997324
 20
53.24999981501354
 30
0.0
 40
2.0
  1
-
 41
1.5
100
AcDbText
1001
PHOENIX7010
1002
{
1070
    62
1070
     1
1070
    41
1040
1.0
1002
}
  0
TEXT
  5
5C62
102
{ACAD_REACTORS
330
5CA5
102
}
330
1A
100
AcDbEntity
  8
0
  6
Continuous
 62
     1
100
AcDbText
 10
328.9999996997324
 20
50.74999981501354
 30
0.0
 40
2.0
  1
-
 41
1.5
100
AcDbText
1001
PHOENIX7010
1002
{
1070
    62
1070
     1
1070
    41
1040
1.0
1002
}
  0
TEXT
  5
5C63
102
{ACAD_REACTORS
330
5CA5
102
}
330
1A
100
AcDbEntity
  8
0
  6
Continuous
 62
     1
100
AcDbText
 10
328.9999996997324
 20
55.74999981501354
 30
0.0
 40
2.0
  1
-
 41
1.5
100
AcDbText
1001
PHOENIX7010
1002
{
1070
    62
1070
     1
1070
    41
1040
1.0
1002
}
  0
TEXT
  5
5C64
102
{ACAD_REACTORS
330
5CA5
102
}
330
1A
100
AcDbEntity
  8
0
  6
Continuous
 62
     1
100
AcDbText
 10
328.9999996997324
 20
58.24999981501354
 30
0.0
 40
2.0
  1
-
 41
1.5
100
AcDbText
1001
PHOENIX7010
1002
{
1070
    62
1070
     1
1070
    41
1040
1.0
1002
}
  0
TEXT
  5
5C65
102
{ACAD_REACTORS
330
5CA5
102
}
330
1A
100
AcDbEntity
  8
0
  6
Continuous
 62
     1
100
AcDbText
 10
328.9999996997324
 20
60.74999981501354
 30
0.0
 40
2.0
  1
-
 41
1.5
100
AcDbText
1001
PHOENIX7010
1002
{
1070
    62
1070
     1
1070
    41
1040
1.0
1002
}
  0
TEXT
  5
5C66
102
{ACAD_REACTORS
330
5CA5
102
}
330
1A
100
AcDbEntity
  8
0
  6
Continuous
 62
     1
100
AcDbText
 10
315.9999996997324
 20
48.24999981501354
 30
0.0
 40
2.0
  1
-
 41
1.5
100
AcDbText
1001
PHOENIX7010
1002
{
1070
    62
1070
     1
1070
    41
1040
1.0
1002
}
  0
TEXT
  5
5C67
102
{ACAD_REACTORS
330
5CA5
102
}
330
1A
100
AcDbEntity
  8
0
  6
Continuous
 62
     1
100
AcDbText
 10
315.9999996997324
 20
45.74999981501354
 30
0.0
 40
2.0
  1
-
 41
1.5
100
AcDbText
1001
PHOENIX7010
1002
{
1070
    62
1070
     1
1070
    41
1040
1.0
1002
}
  0
TEXT
  5
5C68
102
{ACAD_REACTORS
330
5CA5
102
}
330
1A
100
AcDbEntity
  8
0
  6
Continuous
 62
     1
100
AcDbText
 10
315.9999996997324
 20
53.24999981501354
 30
0.0
 40
2.0
  1
-
 41
1.5
100
AcDbText
1001
PHOENIX7010
1002
{
1070
    62
1070
     1
1070
    41
1040
1.0
1002
}
  0
TEXT
  5
5C69
102
{ACAD_REACTORS
330
5CA5
102
}
330
1A
100
AcDbEntity
  8
0
  6
Continuous
 62
     1
100
AcDbText
 10
315.9999996997324
 20
50.74999981501354
 30
0.0
 40
2.0
  1
-
 41
1.5
100
AcDbText
1001
PHOENIX7010
1002
{
1070
    62
1070
     1
1070
    41
1040
1.0
1002
}
  0
TEXT
  5
5C6A
102
{ACAD_REACTORS
330
5CA5
102
}
330
1A
100
AcDbEntity
  8
0
  6
Continuous
 62
     1
100
AcDbText
 10
315.9999996997324
 20
55.74999981501354
 30
0.0
 40
2.0
  1
-
 41
1.5
100
AcDbText
1001
PHOENIX7010
1002
{
1070
    62
1070
     1
1070
    41
1040
1.0
1002
}
  0
TEXT
  5
5C6B
102
{ACAD_REACTORS
330
5CA5
102
}
330
1A
100
AcDbEntity
  8
0
  6
Continuous
 62
     1
100
AcDbText
 10
315.9999996997324
 20
58.24999981501354
 30
0.0
 40
2.0
  1
-
 41
1.5
100
AcDbText
1001
PHOENIX7010
1002
{
1070
    62
1070
     1
1070
    41
1040
1.0
1002
}
  0
TEXT
  5
5C6C
102
{ACAD_REACTORS
330
5CA5
102
}
330
1A
100
AcDbEntity
  8
0
  6
Continuous
 62
     1
100
AcDbText
 10
315.9999996997324
 20
60.74999981501354
 30
0.0
 40
2.0
  1
-
 41
1.5
100
AcDbText
1001
PHOENIX7010
1002
{
1070
    62
1070
     1
1070
    41
1040
1.0
1002
}
  0
LINE
  5
5C6D
102
{ACAD_REACTORS
330
5CA5
102
}
330
1A
100
AcDbEntity
  8
0
  6
Continuous
 62
     1
100
AcDbLine
 10
327.9999999999998
 20
71.00000000000012
 30
0.0
 11
327.9999999999998
 21
37.50000000000011
 31
0.0
1001
PHOENIX7010
1002
{
1070
    62
1070
     1
1070
    41
1040
1.0
1002
}
  0
LINE
  5
5C6E
102
{ACAD_REACTORS
330
5CA5
102
}
330
1A
100
AcDbEntity
  8
0
  6
Continuous
 62
     1
100
AcDbLine
 10
314.9999999999999
 20
44.5000000000001
 30
0.0
 11
350.0
 21
44.5000000000001
 31
0.0
1001
PHOENIX7010
1002
{
1070
    62
1070
     1
1070
    41
1040
1.0
1002
}
  0
LINE
  5
5C6F
102
{ACAD_REACTORS
330
5CA5
102
}
330
1A
100
AcDbEntity
  8
0
  6
Continuous
 62
     5
100
AcDbLine
 10
415.0
 20
101.5000000000001
 30
0.0
 11
317.4999999999998
 21
101.5000000000001
 31
0.0
1001
PHOENIX7010
1002
{
1070
    62
1070
     5
1070
    41
1040
1.0
1002
}
  0
LINE
  5
5C70
102
{ACAD_REACTORS
330
5CA5
102
}
330
1A
100
AcDbEntity
  8
0
  6
Continuous
 62
     5
100
AcDbLine
 10
415.0
 20
71.00000000000012
 30
0.0
 11
317.4999999999998
 21
71.00000000000012
 31
0.0
1001
PHOENIX7010
1002
{
1070
    62
1070
     5
1070
    41
1040
1.0
1002
}
  0
LINE
  5
5C71
102
{ACAD_REACTORS
330
5CA5
102
}
330
1A
100
AcDbEntity
  8
0
  6
Continuous
 62
     5
100
AcDbLine
 10
314.9999999999999
 20
178.0000000000001
 30
0.0
 11
314.9999999999999
 21
5.000000000000113
 31
0.0
1001
PHOENIX7010
1002
{
1070
    62
1070
     5
1070
    41
1040
1.0
1002
}
  0
LINE
  5
5C72
102
{ACAD_REACTORS
330
5CA5
102
}
330
1A
100
AcDbEntity
  8
0
  6
Continuous
 62
     5
370
    35
100
AcDbLine
 10
314.9999999999999
 20
28.00000000000011
 30
0.0
 11
415.0
 21
28.00000000000011
 31
0.0
1001
PHOENIX7010
1002
{
1070
    41
1040
1.0
1002
}
  0
LINE
  5
5C73
102
{ACAD_REACTORS
330
5CA5
102
}
330
1A
100
AcDbEntity
  8
0
  6
Continuous
 62
     5
370
    35
100
AcDbLine
 10
314.9999999999999
 20
23.00000000000011
 30
0.0
 11
415.0
 21
23.00000000000011
 31
0.0
1001
PHOENIX7010
1002
{
1070
    41
1040
1.0
1002
}
  0
LINE
  5
5C74
102
{ACAD_REACTORS
330
5CA5
102
}
330
1A
100
AcDbEntity
  8
0
  6
Continuous
 62
     5
370
    35
100
AcDbLine
 10
314.9999999999999
 20
23.00000000000011
 30
0.0
 11
415.0
 21
23.00000000000011
 31
0.0
1001
PHOENIX7010
1002
{
1070
    41
1040
1.0
1002
}
  0
LINE
  5
5C75
102
{ACAD_REACTORS
330
5CA5
102
}
330
1A
100
AcDbEntity
  8
0
  6
Continuous
 62
     1
370
    25
100
AcDbLine
 10
314.9999999999999
 20
14.00000000000011
 30
0.0
 11
415.0
 21
14.00000000000011
 31
0.0
1001
PHOENIX7010
1002
{
1070
    41
1040
1.0
1002
}
  0
LINE
  5
5C76
102
{ACAD_REACTORS
330
5CA5
102
}
330
1A
100
AcDbEntity
  8
0
  6
Continuous
 62
     5
100
AcDbLine
 10
350.0
 20
71.00000000000012
 30
0.0
 11
350.0
 21
37.50000000000011
 31
0.0
1001
PHOENIX7010
1002
{
1070
    62
1070
     5
1070
    41
1040
1.0
1002
}
  0
LINE
  5
5C77
102
{ACAD_REACTORS
330
5CA5
102
}
330
1A
100
AcDbEntity
  8
0
  6
Continuous
 62
     5
100
AcDbLine
 10
350.0
 20
28.00000000000011
 30
0.0
 11
350.0
 21
5.000000000000113
 31
0.0
1001
PHOENIX7010
1002
{
1070
    62
1070
     5
1070
    41
1040
1.0
1002
}
  0
MTEXT
  5
5C78
102
{ACAD_REACTORS
330
5CA5
102
}
330
1A
100
AcDbEntity
  8
0
  6
Continuous
 62
     5
370
    35
100
AcDbMText
 10
372.1764856757657
 20
29.24888752318759
 30
0.0
 40
2.5
 41
0.0
 71
     7
 72
     5
  1
Blatt/{\Q20;Sheet:   }1   /   1
 73
     1
 44
1.0
1001
PHOENIX7010
1002
{
1070
    41
1040
1.0
1002
}
1001
ACAD
1000
MTEXTBEGIN
1070
    73
1070
     1
1070
    44
1040
1.0
1070
    74
1070
     0
1000
MTEXTEND
  0
MTEXT
  5
5C79
102
{ACAD_REACTORS
330
5CA5
102
}
330
1A
100
AcDbEntity
  8
0
  6
Continuous
 62
     5
370
    35
100
AcDbMText
 10
351.5289912646939
 20
24.52073237545164
 30
0.0
 40
2.5
 41
0.0
 71
     7
 72
     5
  1
Datum/{\Q20;Date}
 73
     1
 44
1.0
1001
PHOENIX7010
1002
{
1070
    41
1040
1.0
1002
}
1001
ACAD
1000
MTEXTBEGIN
1070
    73
1070
     1
1070
    44
1040
1.0
1070
    74
1070
     0
1000
MTEXTEND
  0
MTEXT
  5
5C7A
102
{ACAD_REACTORS
330
5CA5
102
}
330
1A
100
AcDbEntity
  8
0
  6
Continuous
 62
     5
370
    35
100
AcDbMText
 10
375.528991264694
 20
23.72415732371144
 30
0.0
 40
2.5
 41
0.0
 71
     7
 72
     5
  1
{\T0.9;Unterschrift/\Q20;Signature}
 73
     1
 44
1.0
1001
PHOENIX7010
1002
{
1070
    41
1040
1.0
1002
}
1001
ACAD
1000
MTEXTBEGIN
1070
    73
1070
     1
1070
    44
1040
1.0
1070
    74
1070
     0
1000
MTEXTEND
  0
MTEXT
  5
5C7B
102
{ACAD_REACTORS
330
5CA5
102
}
330
1A
100
AcDbEntity
  8
0
  6
Continuous
 62
     5
370
    35
100
AcDbMText
 10
316.5289912646938
 20
15.24888752318759
 30
0.0
 40
2.5
 41
0.0
 71
     7
 72
     5
  1
geprüft/\P{\Q20;checked}
 73
     1
 44
1.0
1001
PHOENIX7010
1002
{
1070
    41
1040
1.0
1002
}
1001
ACAD
1000
MTEXTBEGIN
1070
    73
1070
     1
1070
    44
1040
1.0
1070
    74
1070
     0
1000
MTEXTEND
  0
MTEXT
  5
5C7C
102
{ACAD_REACTORS
330
5CA5
102
}
330
1A
100
AcDbEntity
  8
0
  6
Continuous
 62
     5
370
    35
100
AcDbMText
 10
316.5289912646938
 20
6.248887523187589
 30
0.0
 40
2.5
 41
0.0
 71
     7
 72
     5
  1
{\T0.9;Fertigungsfreigabe/\P\Q20;Production release}
 73
     1
 44
1.0
1001
PHOENIX7010
1002
{
1070
    41
1040
1.0
1002
}
1001
ACAD
1000
MTEXTBEGIN
1070
    73
1070
     1
1070
    44
1040
1.0
1070
    74
1070
     0
1000
MTEXTEND
  0
MTEXT
  5
5C7D
102
{ACAD_REACTORS
330
5CA5
102
}
330
1A
100
AcDbEntity
  8
0
  6
Continuous
 62
     5
370
    35
100
AcDbMText
 10
342.2178658257174
 20
33.60592166613924
 30
0.0
 40
2.5
 41
0.0
 71
     7
 72
     5
  1
2 802 593
 73
     1
 44
1.0
1001
PHOENIX7010
1002
{
1070
    41
1040
1.0
1002
}
1001
ACAD
1000
MTEXTBEGIN
1070
    73
1070
     1
1070
    44
1040
1.0
1070
    74
1070
     0
1000
MTEXTEND
  0
MTEXT
  5
5C7E
102
{ACAD_REACTORS
330
5CA5
102
}
330
1A
100
AcDbEntity
  8
0
  6
Continuous
 62
     5
370
    35
100
AcDbMText
 10
342.2178658257174
 20
29.24888752318759
 30
0.0
 40
2.5
 41
0.0
 71
     7
 72
     5
  1
20.12.2004 HR
 73
     1
 44
1.0
1001
PHOENIX7010
1002
{
1070
    41
1040
1.0
1002
}
1001
ACAD
1000
MTEXTBEGIN
1070
    73
1070
     1
1070
    44
1040
1.0
1070
    74
1070
     0
1000
MTEXTEND
  0
LINE
  5
5C7F
102
{ACAD_REACTORS
330
5CA5
102
}
330
1A
100
AcDbEntity
  8
0
  6
Continuous
 62
     5
100
AcDbLine
 10
415.0
 20
149.5000000000001
 30
0.0
 11
317.4999999999998
 21
149.5000000000001
 31
0.0
1001
PHOENIX7010
1002
{
1070
    41
1040
1.0
1002
}
  0
LINE
  5
5C80
102
{ACAD_REACTORS
330
5CA5
102
}
330
1A
100
AcDbEntity
  8
0
  6
Continuous
 62
     5
370
    35
100
AcDbLine
 10
415.0
 20
169.5000000000001
 30
0.0
 11
317.4999999999998
 21
169.5000000000001
 31
0.0
1001
PHOENIX7010
1002
{
1070
    41
1040
1.0
1002
}
  0
LINE
  5
5C81
102
{ACAD_REACTORS
330
5CA5
102
}
330
1A
100
AcDbEntity
  8
0
  6
Continuous
 62
     5
370
    35
100
AcDbLine
 10
415.0
 20
180.5000000000001
 30
0.0
 11
317.4999999999998
 21
180.5000000000001
 31
0.0
1001
PHOENIX7010
1002
{
1070
    41
1040
1.0
1002
}
  0
ARC
  5
5C82
102
{ACAD_REACTORS
330
5CA5
102
}
330
1A
100
AcDbEntity
  8
0
  6
Continuous
 62
     5
100
AcDbCircle
 10
317.4999999999998
 20
147.0000000000001
 30
0.0
 40
2.5
100
AcDbArc
 50
90.0
 51
180.0
1001
PHOENIX7010
1002
{
1070
    41
1040
1.0
1002
}
  0
ARC
  5
5C83
102
{ACAD_REACTORS
330
5CA5
102
}
330
1A
100
AcDbEntity
  8
0
  6
Continuous
 62
     5
100
AcDbCircle
 10
317.4999999999998
 20
167.0
 30
0.0
 40
2.5
100
AcDbArc
 50
90.0
 51
180.0
1001
PHOENIX7010
1002
{
1070
    41
1040
1.0
1002
}
  0
ARC
  5
5C84
102
{ACAD_REACTORS
330
5CA5
102
}
330
1A
100
AcDbEntity
  8
0
  6
Continuous
 62
     5
100
AcDbCircle
 10
317.4999999999998
 20
178.0000000000001
 30
0.0
 40
2.5
100
AcDbArc
 50
90.0
 51
180.0
1001
PHOENIX7010
1002
{
1070
    41
1040
1.0
1002
}
  0
MTEXT
  5
5C85
102
{ACAD_REACTORS
330
5CA5
102
}
330
1A
100
AcDbEntity
  8
0
  6
Continuous
 62
     5
370
    35
100
AcDbMText
 10
317.4904144324187
 20
106.1420006354828
 30
0.0
 40
2.0
 41
0.0
 71
     7
 72
     5
  1
{\C1;Bem.: Erstellt nach Vorlage / \Q20;Dim.: constructed by specification:}
 73
     1
 44
1.0
1001
PHOENIX7010
1002
{
1070
    41
1040
1.0
1002
}
1001
ACAD
1000
MTEXTBEGIN
1070
    73
1070
     1
1070
    44
1040
1.0
1070
    74
1070
     0
1000
MTEXTEND
  0
MTEXT
  5
5C86
102
{ACAD_REACTORS
330
5CA5
102
}
330
1A
100
AcDbEntity
  8
0
  6
Continuous
 62
     5
370
    35
100
AcDbMText
 10
318.2310194173415
 20
103.0621268735633
 30
0.0
 40
2.0
 41
0.0
 71
     7
 72
     5
  1
{\C1;-}
 73
     1
 44
1.0
1001
PHOENIX7010
1002
{
1070
    41
1040
1.0
1002
}
1001
ACAD
1000
MTEXTBEGIN
1070
    73
1070
     1
1070
    44
1040
1.0
1070
    74
1070
     0
1000
MTEXTEND
  0
MTEXT
  5
5C87
102
{ACAD_REACTORS
330
5CA5
102
}
330
1A
100
AcDbEntity
  8
0
  6
Continuous
 62
     5
370
    35
100
AcDbMText
 10
319.2942762589885
 20
144.7604021928944
 30
0.0
 40
2.5
 41
0.0
 71
     7
 72
     5
  1
{\C1;Allg.Tol.:}
 73
     1
 44
1.0
1001
PHOENIX7010
1002
{
1070
    41
1040
1.0
1002
}
1001
ACAD
1000
MTEXTBEGIN
1070
    73
1070
     1
1070
    44
1040
1.0
1070
    74
1070
     0
1000
MTEXTEND
  0
MTEXT
  5
5C88
102
{ACAD_REACTORS
330
5CA5
102
}
330
1A
100
AcDbEntity
  8
0
  6
Continuous
 62
     5
370
    35
100
AcDbMText
 10
339.7913305013808
 20
145.7387216645193
 30
0.0
 40
2.5
 41
0.0
 71
     7
 72
     5
  1
AL, F24 eloxiert E6/C0
 73
     1
 44
1.0
1001
PHOENIX7010
1002
{
1070
    41
1040
1.0
1002
}
1001
ACAD
1000
MTEXTBEGIN
1070
    73
1070
     1
1070
    44
1040
1.0
1070
    74
1070
     0
1000
MTEXTEND
  0
MTEXT
  5
5C89
102
{ACAD_REACTORS
330
5CA5
102
}
330
1A
100
AcDbEntity
  8
0
  6
Continuous
 62
     5
370
    35
100
AcDbMText
 10
339.7913305013808
 20
141.4898652776519
 30
0.0
 40
2.5
 41
0.0
 71
     7
 72
     5
  1
DIN ISO 2768-mk für Bearbeitung
 73
     1
 44
1.0
1001
PHOENIX7010
1002
{
1070
    41
1040
1.0
1002
}
1001
ACAD
1000
MTEXTBEGIN
1070
    73
1070
     1
1070
    44
1040
1.0
1070
    74
1070
     0
1000
MTEXTEND
  0
MTEXT
  5
5C8A
102
{ACAD_REACTORS
330
5CA5
102
}
330
1A
100
AcDbEntity
  8
0
  6
Continuous
 62
     5
370
    35
100
AcDbMText
 10
339.7913305013808
 20
133.1355030484365
 30
0.0
 40
2.5
 41
0.0
 71
     7
 72
     5
  1
{\Q20;DIN ISO 2768-mk for machining}
 73
     1
 44
1.0
1001
PHOENIX7010
1002
{
1070
    41
1040
1.0
1002
}
1001
ACAD
1000
MTEXTBEGIN
1070
    73
1070
     1
1070
    44
1040
1.0
1070
    74
1070
     0
1000
MTEXTEND
  0
MTEXT
  5
5C8B
102
{ACAD_REACTORS
330
5CA5
102
}
330
1A
100
AcDbEntity
  8
0
  6
Continuous
 62
     5
370
    35
100
AcDbMText
 10
339.7913305013808
 20
137.3843594353038
 30
0.0
 40
2.5
 41
0.0
 71
     7
 72
     5
  1
{\Q20;AL, F24 anodized E6/C0}
 73
     1
 44
1.0
1001
PHOENIX7010
1002
{
1070
    41
1040
1.0
1002
}
1001
ACAD
1000
MTEXTBEGIN
1070
    73
1070
     1
1070
    44
1040
1.0
1070
    74
1070
     0
1000
MTEXTEND
  0
MTEXT
  5
5C8C
102
{ACAD_REACTORS
330
5CA5
102
}
330
1A
100
AcDbEntity
  8
0
  6
Continuous
 62
     5
370
    35
100
AcDbMText
 10
319.2942762589885
 20
136.4060399636789
 30
0.0
 40
2.5
 41
0.0
 71
     7
 72
     5
  1
{\Q20;\C1;Gen.Tol.:}
 73
     1
 44
1.0
1001
PHOENIX7010
1002
{
1070
    41
1040
1.0
1002
}
1001
ACAD
1000
MTEXTBEGIN
1070
    73
1070
     1
1070
    44
1040
1.0
1070
    74
1070
     0
1000
MTEXTEND
  0
MTEXT
  5
5C8D
102
{ACAD_REACTORS
330
5CA5
102
}
330
1A
100
AcDbEntity
  8
0
  6
Continuous
 62
     5
370
    35
100
AcDbMText
 10
319.2942762589885
 20
164.7604021928944
 30
0.0
 40
2.5
 41
0.0
 71
     7
 72
     5
  1
{\C1;Werkstoff:}
 73
     1
 44
1.0
1001
PHOENIX7010
1002
{
1070
    41
1040
1.0
1002
}
1001
ACAD
1000
MTEXTBEGIN
1070
    73
1070
     1
1070
    44
1040
1.0
1070
    74
1070
     0
1000
MTEXTEND
  0
MTEXT
  5
5C8E
102
{ACAD_REACTORS
330
5CA5
102
}
330
1A
100
AcDbEntity
  8
0
  6
Continuous
 62
     5
370
    35
100
AcDbMText
 10
339.7913305013808
 20
164.8027118382896
 30
0.0
 40
2.5
 41
0.0
 71
     7
 72
     5
  1
-
 73
     1
 44
1.0
1001
PHOENIX7010
1002
{
1070
    41
1040
1.0
1002
}
1001
ACAD
1000
MTEXTBEGIN
1070
    73
1070
     1
1070
    44
1040
1.0
1070
    74
1070
     0
1000
MTEXTEND
  0
MTEXT
  5
5C8F
102
{ACAD_REACTORS
330
5CA5
102
}
330
1A
100
AcDbEntity
  8
0
  6
Continuous
 62
     5
370
    35
100
AcDbMText
 10
319.971247442415
 20
160.5538554514223
 30
0.0
 40
2.5
 41
0.0
 71
     7
 72
     5
  1
-
 73
     1
 44
1.0
1001
PHOENIX7010
1002
{
1070
    41
1040
1.0
1002
}
1001
ACAD
1000
MTEXTBEGIN
1070
    73
1070
     1
1070
    44
1040
1.0
1070
    74
1070
     0
1000
MTEXTEND
  0
MTEXT
  5
5C90
102
{ACAD_REACTORS
330
5CA5
102
}
330
1A
100
AcDbEntity
  8
0
  6
Continuous
 62
     5
370
    35
100
AcDbMText
 10
339.7913305013808
 20
156.4483496090742
 30
0.0
 40
2.5
 41
0.0
 71
     7
 72
     5
  1
{\Q20;-}
 73
     1
 44
1.0
1001
PHOENIX7010
1002
{
1070
    41
1040
1.0
1002
}
1001
ACAD
1000
MTEXTBEGIN
1070
    73
1070
     1
1070
    44
1040
1.0
1070
    74
1070
     0
1000
MTEXTEND
  0
MTEXT
  5
5C91
102
{ACAD_REACTORS
330
5CA5
102
}
330
1A
100
AcDbEntity
  8
0
  6
Continuous
 62
     5
370
    35
100
AcDbMText
 10
319.971247442415
 20
152.1994932222069
 30
0.0
 40
2.5
 41
0.0
 71
     7
 72
     5
  1
{\Q20;-}
 73
     1
 44
1.0
1001
PHOENIX7010
1002
{
1070
    41
1040
1.0
1002
}
1001
ACAD
1000
MTEXTBEGIN
1070
    73
1070
     1
1070
    44
1040
1.0
1070
    74
1070
     0
1000
MTEXTEND
  0
MTEXT
  5
5C92
102
{ACAD_REACTORS
330
5CA5
102
}
330
1A
100
AcDbEntity
  8
0
  6
Continuous
 62
     5
370
    35
100
AcDbMText
 10
319.2942762589885
 20
156.4060399636789
 30
0.0
 40
2.5
 41
0.0
 71
     7
 72
     5
  1
{\Q20;\C1;Material:}
 73
     1
 44
1.0
1001
PHOENIX7010
1002
{
1070
    41
1040
1.0
1002
}
1001
ACAD
1000
MTEXTBEGIN
1070
    73
1070
     1
1070
    44
1040
1.0
1070
    74
1070
     0
1000
MTEXTEND
  0
MTEXT
  5
5C93
102
{ACAD_REACTORS
330
5CA5
102
}
330
1A
100
AcDbEntity
  8
0
  6
Continuous
 62
     5
370
    35
100
AcDbMText
 10
319.2942762589885
 20
172.2466907925511
 30
0.0
 40
2.5
 41
0.0
 71
     7
 72
     5
  1
{\C1;Artikel-Nr./\P\Q20;Art-No.:}
 73
     1
 44
1.0
1001
PHOENIX7010
1002
{
1070
    41
1040
1.0
1002
}
1001
ACAD
1000
MTEXTBEGIN
1070
    73
1070
     1
1070
    44
1040
1.0
1070
    74
1070
     0
1000
MTEXTEND
  0
MTEXT
  5
5C94
102
{ACAD_REACTORS
330
5CA5
102
}
330
1A
100
AcDbEntity
  8
0
  6
Continuous
 62
     5
370
    35
100
AcDbMText
 10
343.8410013521217
 20
172.4665922501285
 30
0.0
 40
5.0
 41
0.0
 71
     7
 72
     5
  1
{\C7;-}
 73
     1
 44
1.0
1001
PHOENIX7010
1002
{
1070
    41
1040
1.0
1002
}
1001
ACAD
1000
MTEXTBEGIN
1070
    73
1070
     1
1070
    44
1040
1.0
1070
    74
1070
     0
1000
MTEXTEND
  0
INSERT
  5
5C95
102
{ACAD_REACTORS
330
5CA5
102
}
330
1A
100
AcDbEntity
  8
0
  6
Continuous
 62
     5
370
    35
100
AcDbBlockReference
  2
PH_GRPBLK
 10
314.9999999999999
 20
37.50000000000011
 30
0.0
1001
PHOENIX7010
1002
{
1070
    41
1040
1.0
1002
}
  0
INSERT
  5
5C96
102
{ACAD_REACTORS
330
5CA5
102
}
330
1A
100
AcDbEntity
  8
0
  6
Continuous
 62
     7
370
    50
100
AcDbBlockReference
  2
PH_GRPBLK
 10
400.7334749940254
 20
50.36453811398029
 30
0.0
1001
PHOENIX7010
1002
{
1070
    41
1040
1.0
1002
}
  0
MTEXT
  5
5C97
102
{ACAD_XDICTIONARY
360
5D8C
102
}
102
{ACAD_REACTORS
330
5CA5
102
}
330
1A
100
AcDbEntity
  8
0
  6
Continuous
 62
     7
370
    50
100
AcDbMText
 10
393.5658807175857
 20
44.46517927327727
 30
0.0
 40
3.7
 41
0.0
 71
     7
 72
     5
  1
{\fArial|b1|i0|c0|p34;\W1.1;BOPLA}
 73
     1
 44
1.135135135135135
1001
PHOENIX7010
1002
{
1070
    41
1040
1.0
1002
}
1001
ACAD
1000
MTEXTBEGIN
1070
    73
1070
     1
1070
    44
1040
1.135135135135135
1070
    74
1070
     0
1000
MTEXTEND
  0
MTEXT
  5
5C98
102
{ACAD_REACTORS
330
5CA5
102
}
330
1A
100
AcDbEntity
  8
0
  6
Continuous
 62
     7
370
    50
100
AcDbMText
 10
381.0842366554657
 20
40.8834606000314
 30
0.0
 40
1.6
 41
0.0
 71
     7
 72
     5
  1
{\fArial|b0|i0|c0|p34;\W1.1;\C1;A Phoenix Mecano Company}
 73
     1
 44
1.0
1001
PHOENIX7010
1002
{
1070
    41
1040
1.0
1002
}
1001
ACAD
1000
MTEXTBEGIN
1070
    73
1070
     1
1070
    44
1040
1.0
1070
    74
1070
     0
1000
MTEXTEND
  0
INSERT
  5
5C99
102
{ACAD_REACTORS
330
5CA5
102
}
330
1A
100
AcDbEntity
  8
0
  6
Continuous
 62
     1
370
    25
100
AcDbBlockReference
  2
PH_GRPBLK
 10
400.7334749940254
 20
50.36453811398029
 30
0.0
1001
PHOENIX7010
1002
{
1070
    41
1040
1.0
1002
}
  0
LINE
  5
5C9A
102
{ACAD_REACTORS
330
5CA5
102
}
330
1A
100
AcDbEntity
  8
0
  6
Continuous
 62
     7
370
    50
100
AcDbLine
 10
412.7334749940255
 20
58.16453811398026
 30
0.0
 11
407.4334749940256
 21
51.26453811398029
 31
0.0
1001
PHOENIX7010
1002
{
1070
    41
1040
1.0
1002
}
  0
LINE
  5
5C9B
102
{ACAD_REACTORS
330
5CA5
102
}
330
1A
100
AcDbEntity
  8
0
  6
Continuous
 62
     7
370
    50
100
AcDbLine
 10
407.4334749940256
 20
58.16453811398026
 30
0.0
 11
400.7334749940254
 21
50.36453811398029
 31
0.0
1001
PHOENIX7010
1002
{
1070
    41
1040
1.0
1002
}
  0
LINE
  5
5C9C
102
{ACAD_REACTORS
330
5CA5
102
}
330
1A
100
AcDbEntity
  8
0
  6
Continuous
 62
     7
370
    50
100
AcDbLine
 10
407.4334749940256
 20
51.26453811398029
 30
0.0
 11
407.4334749940256
 21
58.16453811398026
 31
0.0
1001
PHOENIX7010
1002
{
1070
    41
1040
1.0
1002
}
  0
LINE
  5
5C9D
102
{ACAD_REACTORS
330
5CA5
102
}
330
1A
100
AcDbEntity
  8
0
  6
Continuous
 62
     7
370
    50
100
AcDbLine
 10
412.7334749940255
 20
50.36453811398029
 30
0.0
 11
412.7334749940255
 21
58.16453811398026
 31
0.0
1001
PHOENIX7010
1002
{
1070
    41
1040
1.0
1002
}
  0
LINE
  5
5C9E
102
{ACAD_REACTORS
330
5CA5
102
}
330
1A
100
AcDbEntity
  8
0
  6
Continuous
 62
     7
370
    50
100
AcDbLine
 10
400.7334749940254
 20
50.36453811398029
 30
0.0
 11
412.7334749940255
 21
50.36453811398029
 31
0.0
1001
PHOENIX7010
1002
{
1070
    41
1040
1.0
1002
}
  0
HATCH
  5
5C9F
102
{ACAD_REACTORS
330
5CA5
102
}
330
1A
100
AcDbEntity
  8
0
  6
Continuous
 62
     1
370
    25
100
AcDbHatch
 10
0.0
 20
0.0
 30
0.0
210
0.0
220
0.0
230
1.0
  2
_U
 70
     0
 71
     1
 91
        1
 92
        1
 93
        3
 72
     1
 10
399.8834749940255
 20
50.36453811398029
 11
399.8834749940255
 21
54.51453811398028
 72
     1
 10
399.8834749940255
 20
54.51453811398028
 11
404.0334749940255
 21
54.51453811398028
 72
     2
 10
399.8834749940255
 20
54.51453811398028
 40
4.149999999999976
 50
0.0
 51
270.0
 73
     1
 97
        0
 75
     0
 76
     0
 52
45.0
 41
0.65
 77
     0
 78
     1
 53
45.0
 43
0.0
 44
-9.08885297207064
 45
-0.4596194077712559
 46
0.4596194077712561
 79
     0
 98
        1
 10
0.0
 20
-9.08885297207064
1001
PHOENIX7010
1002
{
1070
    41
1040
1.0
1002
}
  0
HATCH
  5
5CA0
102
{ACAD_REACTORS
330
5CA5
102
}
330
1A
100
AcDbEntity
  8
0
  6
Continuous
 62
     1
370
    25
100
AcDbHatch
 10
0.0
 20
0.0
 30
0.0
210
0.0
220
0.0
230
1.0
  2
_U
 70
     0
 71
     1
 91
        1
 92
        1
 93
        5
 72
     1
 10
407.4334749940256
 20
58.16453811398037
 11
400.7334749940254
 21
50.36453811398029
 72
     1
 10
400.7334749940254
 20
50.36453811398029
 11
412.7334749940255
 21
50.36453811398029
 72
     1
 10
412.7334749940255
 20
50.36453811398029
 11
412.7334749940255
 21
58.16453811398026
 72
     1
 10
412.7334749940255
 20
58.16453811398026
 11
407.4334749940256
 21
51.2645381139804
 72
     1
 10
407.4334749940256
 20
51.2645381139804
 11
407.4334749940256
 21
58.16453811398037
 97
        0
 75
     0
 76
     0
 52
45.0
 41
0.1
 77
     0
 78
     1
 53
45.0
 43
0.0
 44
-9.08885297207064
 45
-0.0707106781186548
 46
0.0707106781186548
 79
     0
 98
        1
 10
0.0
 20
-9.08885297207064
1001
PHOENIX7010
1002
{
1070
    41
1040
1.0
1002
}
  0
INSERT
  5
5CA1
102
{ACAD_REACTORS
330
5CA5
102
}
330
1A
100
AcDbEntity
  8
0
  6
Continuous
 62
     1
100
AcDbBlockReference
  2
PH_GRPBLK
 10
236.9999999999993
 20
5.000000000000113
 30
0.0
1001
PHOENIX7010
1002
{
1070
    41
1040
1.0
1002
}
  0
INSERT
  5
5CA2
102
{ACAD_REACTORS
330
5CA5
102
}
330
1A
100
AcDbEntity
  8
0
  6
Continuous
 62
     5
100
AcDbBlockReference
  2
PH_GRPBLK
 10
317.9999999999993
 20
36.83546184383533
 30
0.0
1001
PHOENIX7010
1002
{
1070
    41
1040
1.0
1002
}
  0
INSERT
  5
5CA3
102
{ACAD_REACTORS
330
5CA5
102
}
330
1A
100
AcDbEntity
  8
0
  6
Continuous
 62
     1
100
AcDbBlockReference
  2
PH_GRPBLK
 10
230.0
 20
5.000000000000113
 30
0.0
1001
PHOENIX7010
1002
{
1070
    41
1040
1.0
1002
}
  0
INSERT
  5
5CA6
102
{ACAD_REACTORS
330
5CA5
102
}
330
1A
100
AcDbEntity
  8
0
  6
Continuous
 62
     5
100
AcDbBlockReference
  2
PH_GRPBLK
 10
415.0
 20
5.000000000000113
 30
0.0
  0
MTEXT
  5
5D77
102
{ACAD_REACTORS
330
5D7C
102
}
330
1A
100
AcDbEntity
  8
0
  6
Continuous
 62
     5
370
    35
100
AcDbMText
 10
318.8800602381664
 20
95.42896167163702
 30
0.0
 40
4.0
 41
0.0
 71
     7
 72
     5
  1
{\C7;Artikel / \Q20;Article:}
 73
     1
 44
1.0
1001
PHOENIX7010
1002
{
1070
    41
1040
1.0
1002
}
1001
ACAD
1000
MTEXTBEGIN
1070
    73
1070
     1
1070
    44
1040
1.0
1070
    74
1070
     0
1000
MTEXTEND
  0
MTEXT
  5
5D78
102
{ACAD_REACTORS
330
5D7C
102
}
330
1A
100
AcDbEntity
  8
0
  6
Continuous
 62
     5
370
    35
100
AcDbMText
 10
318.9304981780733
 20
89.18090043987115
 30
0.0
 40
4.0
 41
0.0
 71
     7
 72
     5
  1
{\C7;ELPU 1050-150 FP2}
 73
     1
 44
1.0
1001
PHOENIX7010
1002
{
1070
    41
1040
1.0
1002
}
1001
ACAD
1000
MTEXTBEGIN
1070
    73
1070
     1
1070
    44
1040
1.0
1070
    74
1070
     0
1000
MTEXTEND
  0
MTEXT
  5
5D79
102
{ACAD_REACTORS
330
5D7C
102
}
330
1A
100
AcDbEntity
  8
0
  6
Continuous
 62
     5
370
    35
100
AcDbMText
 10
318.9304981780733
 20
82.18090043987116
 30
0.0
 40
4.0
 41
0.0
 71
     7
 72
     5
  1
{\C7;GRUNDZEICHNUNG/\Q20;Basic drawing}
 73
     1
 44
1.0
1001
PHOENIX7010
1002
{
1070
    41
1040
1.0
1002
}
1001
ACAD
1000
MTEXTBEGIN
1070
    73
1070
     1
1070
    44
1040
1.0
1070
    74
1070
     0
1000
MTEXTEND
  0
MTEXT
  5
5D7A
102
{ACAD_REACTORS
330
5D7C
102
}
330
1A
100
AcDbEntity
  8
0
  6
Continuous
 62
     5
370
    35
100
AcDbMText
 10
318.9304981780733
 20
75.18090043987115
 30
0.0
 40
4.0
 41
0.0
 71
     7
 72
     5
  1
{\C7;-}
 73
     1
 44
1.0
1001
PHOENIX7010
1002
{
1070
    41
1040
1.0
1002
}
1001
ACAD
1000
MTEXTBEGIN
1070
    73
1070
     1
1070
    44
1040
1.0
1070
    74
1070
     0
1000
MTEXTEND
  0
INSERT
  5
5D7D
102
{ACAD_REACTORS
330
5D7C
102
}
330
1A
100
AcDbEntity
  8
0
  6
Continuous
 62
     5
100
AcDbBlockReference
  2
PH_GRPBLK
 10
415.0
 20
5.000000000000113
 30
0.0
  0
VIEWPORT
  5
22
102
{ACAD_XDICTIONARY
360
5D90
102
}
330
17
100
AcDbEntity
 67
     1
  8
0
100
AcDbViewport
 10
261.5176991150442
 20
148.5
 30
0.0
 40
523.0353982300885
 41
297.0
 68
     1
 69
     1
 12
261.5176991150442
 22
148.5
 13
0.0
 23
0.0
 14
1.0
 24
1.0
 15
10.0
 25
10.0
 16
0.0
 26
0.0
 36
1.0
 17
0.0
 27
0.0
 37
0.0
 42
50.0
 43
0.0
 44
0.0
 45
297.0
 50
0.0
 51
0.0
 72
   100
 90
    32800
  1

281
     0
 71
     1
 74
     0
110
0.0
120
0.0
130
0.0
111
1.0
121
0.0
131
0.0
112
0.0
122
1.0
132
0.0
 79
     0
146
0.0
  0
ENDSEC
  0
SECTION
  2
OBJECTS
  0
DICTIONARY
  5
C
330
0
100
AcDbDictionary
281
     1
  3
ACAD_COLOR
350
1FCB
  3
ACAD_GROUP
350
D
  3
ACAD_LAYOUT
350
1E16
  3
ACAD_MATERIAL
350
1FCA
  3
ACAD_MLEADERSTYLE
350
54AD
  3
ACAD_MLINESTYLE
350
E
  3
ACAD_PLOTSETTINGS
350
1E17
  3
ACAD_PLOTSTYLENAME
350
1E14
  3
ACAD_SCALELIST
350
549B
  3
ACAD_TABLESTYLE
350
53B9
  3
ACAD_VISUALSTYLE
350
53D5
  3
ACDB_RECOMPOSE_DATA
350
5D8E
  3
ACDBVARIABLEDICTIONARY
350
5D
  3
DWGPROPS
350
5D8F
  3
PH_OBJREACTOR_DICT
350
88
  3
PH_ROOTGROUP_DICT
350
7E
  3
PH_VARS
350
7D
  0
DICTIONARY
  5
53C1
330
2
100
AcDbDictionary
280
     1
281
     1
  3
ACAD_LAYERFILTERS
360
53C3
  3
ACAD_LAYERSTATES
360
54EB
  3
ACLYDICTIONARY
360
53C2
  0
DICTIONARY
  5
5CA9
330
F
100
AcDbDictionary
280
     1
281
     1
  3
ADSK_XREC_LAYER_RECONCILED
360
5CAA
  0
DICTIONARY
  5
5CAB
330
53BF
100
AcDbDictionary
280
     1
281
     1
  3
ADSK_XREC_LAYER_RECONCILED
360
5CAC
  0
DICTIONARY
  5
5CAD
330
53FC
100
AcDbDictionary
280
     1
281
     1
  3
ADSK_XREC_LAYER_RECONCILED
360
5CAE
  0
DICTIONARY
  5
5D8C
330
5C97
100
AcDbDictionary
280
     1
281
     1
  3
ACAD_MTEXT_2008_RT
360
5D8D
  0
DICTIONARY
  5
5D90
330
22
100
AcDbDictionary
280
     1
281
     1
  3
ACAD_XREC_ROUNDTRIP
360
5D91
  0
DICTIONARY
  5
1FCB
102
{ACAD_REACTORS
330
C
102
}
330
C
100
AcDbDictionary
281
     1
  0
DICTIONARY
  5
D
102
{ACAD_REACTORS
330
C
102
}
330
C
100
AcDbDictionary
281
     1
  3
*A1
350
128C
  3
*A2
350
1866
  3
*A3
350
3815
  3
*A4
350
3A8D
  3
*A5
350
3BD8
  3
PH_BOUNDARYLIST
350
89
  0
DICTIONARY
  5
1E16
102
{ACAD_REACTORS
330
C
102
}
330
C
100
AcDbDictionary
281
     1
  3
Layout1
350
1E19
  3
Model
350
1E18
  0
DICTIONARY
  5
1FCA
102
{ACAD_REACTORS
330
C
102
}
330
C
100
AcDbDictionary
281
     1
  3
ByBlock
350
53D3
  3
ByLayer
350
53D2
  3
Global
350
53D4
  0
DICTIONARY
  5
54AD
102
{ACAD_REACTORS
330
C
102
}
330
C
100
AcDbDictionary
281
     1
  3
Standard
350
54AE
  0
DICTIONARY
  5
E
102
{ACAD_REACTORS
330
C
102
}
330
C
100
AcDbDictionary
281
     1
  3
STANDARD
350
13
  0
DICTIONARY
  5
1E17
102
{ACAD_REACTORS
330
C
102
}
330
C
100
AcDbDictionary
281
     1
  3
A3_Randlos
350
53CE
  0
ACDBDICTIONARYWDFLT
  5
1E14
102
{ACAD_REACTORS
330
C
102
}
330
C
100
AcDbDictionary
281
     1
  3
Normal
350
1E15
100
AcDbDictionaryWithDefault
340
1E15
  0
DICTIONARY
  5
549B
102
{ACAD_REACTORS
330
C
102
}
330
C
100
AcDbDictionary
281
     1
  3
A0
350
549C
  3
A1
350
549D
  3
A2
350
549E
  3
A3
350
549F
  3
A4
350
54A0
  3
A5
350
54A1
  3
A6
350
54A2
  3
A7
350
54A3
  3
A8
350
54A4
  3
A9
350
54A5
  3
B0
350
54A6
  3
B1
350
54A7
  3
B2
350
54A8
  3
B3
350
54A9
  3
B4
350
54AA
  3
B5
350
54AB
  3
B6
350
54AC
  0
DICTIONARY
  5
53B9
102
{ACAD_REACTORS
330
C
102
}
330
C
100
AcDbDictionary
281
     1
  3
Standard
350
53BA
  0
DICTIONARY
  5
53D5
102
{ACAD_REACTORS
330
C
102
}
330
C
100
AcDbDictionary
281
     1
  3
2dWireframe
350
53DB
  3
3D Hidden
350
53DD
  3
3dWireframe
350
53DC
  3
Basic
350
53DA
  3
Brighten
350
53E1
  3
ColorChange
350
53E5
  3
Conceptual
350
53DE
  3
Dim
350
53E0
  3
EdgeColorOff
350
549A
  3
Facepattern
350
53E4
  3
Flat
350
53D6
  3
FlatWithEdges
350
53D7
  3
Gouraud
350
53D8
  3
GouraudWithEdges
350
53D9
  3
JitterOff
350
5498
  3
Linepattern
350
53E3
  3
OverhangOff
350
5499
  3
Realistic
350
53DF
  3
Thicken
350
53E2
  0
XRECORD
  5
5D8E
102
{ACAD_REACTORS
330
C
102
}
330
C
100
AcDbXrecord
280
     1
 90
        1
330
53BA
330
5C97
  0
DICTIONARY
  5
5D
102
{ACAD_REACTORS
330
C
102
}
330
C
100
AcDbDictionary
281
     1
  3
CANNOSCALE
350
5D27
  3
CMLEADERSTYLE
350
5D25
  3
CTABLESTYLE
350
53BE
  3
DIMADEC
350
5E
  3
DIMASSOC
350
1F72
  3
INDEXCTL
350
5D34
  3
LAYEREVAL
350
5D29
  3
LAYERNOTIFY
350
5D2A
  3
LIGHTINGUNITS
350
5D28
  3
MSLTSCALE
350
5D26
  3
PROJECTNAME
350
1FD7
  3
SORTENTS
350
5D33
  3
XCLIPFRAME
350
5D8A
  0
XRECORD
  5
5D8F
102
{ACAD_REACTORS
330
C
102
}
330
C
100
AcDbXrecord
280
     1
  1
DWGPROPS COOKIE
  2

  3

  4

  6

  7

  8
nowak
  9

300
=
301
=
302
=
303
=
304
=
305
=
306
=
307
=
308
=
309
=
 40
0.2053111689814814
 41
2451654.318654202
 42
2455876.553290382
  1

 90
        0
  0
DICTIONARY
  5
88
102
{ACAD_REACTORS
330
C
102
}
330
C
100
AcDbDictionary
281
     1
  0
DICTIONARY
  5
7E
102
{ACAD_REACTORS
330
C
102
}
330
C
100
AcDbDictionary
281
     1
  3
$PH$AAAACandP
350
5D7B
  3
$PH$AAABCandP
350
5D86
  3
PH_GRPMEMBERS
350
1F75
  0
PH_VARS
  5
7D
102
{ACAD_REACTORS
330
C
102
}
330
C
  0
DICTIONARY
  5
53C3
102
{ACAD_REACTORS
330
53C1
102
}
330
53C1
100
AcDbDictionary
281
     1
  0
DICTIONARY
  5
54EB
102
{ACAD_REACTORS
330
53C1
102
}
330
53C1
100
AcDbDictionary
281
     1
  0
DICTIONARY
  5
53C2
102
{ACAD_REACTORS
330
53C1
102
}
330
53C1
100
AcDbDictionary
281
     1
1001
ACAD
1000
<All
  0
XRECORD
  5
5CAA
102
{ACAD_REACTORS
330
5CA9
102
}
330
5CA9
100
AcDbXrecord
280
     1
290
     1
  0
XRECORD
  5
5CAC
102
{ACAD_REACTORS
330
5CAB
102
}
330
5CAB
100
AcDbXrecord
280
     1
290
     1
  0
XRECORD
  5
5CAE
102
{ACAD_REACTORS
330
5CAD
102
}
330
5CAD
100
AcDbXrecord
280
     1
290
     1
  0
XRECORD
  5
5D8D
102
{ACAD_REACTORS
330
5D8C
102
}
330
5D8C
100
AcDbXrecord
280
     1
 40
46997.0
  1
\pxql;{\fArial|b1|i0|c0|p34;\W1.1;BOPLA}
  0
XRECORD
  5
5D91
102
{ACAD_REACTORS
330
5D90
102
}
330
5D90
100
AcDbXrecord
280
     1
102
SHADEPLOT
 70
     0
  0
GROUP
  5
128C
102
{ACAD_REACTORS
330
D
102
}
330
D
100
AcDbGroup
300

 70
     0
 71
     0
  0
GROUP
  5
1866
102
{ACAD_REACTORS
330
D
102
}
330
D
100
AcDbGroup
300

 70
     0
 71
     0
  0
GROUP
  5
3815
102
{ACAD_REACTORS
330
D
102
}
330
D
100
AcDbGroup
300

 70
     0
 71
     0
  0
GROUP
  5
3A8D
102
{ACAD_REACTORS
330
D
102
}
330
D
100
AcDbGroup
300

 70
     0
 71
     0
  0
GROUP
  5
3BD8
102
{ACAD_REACTORS
330
D
102
}
330
D
100
AcDbGroup
300

 70
     0
 71
     0
  0
GROUP
  5
89
102
{ACAD_REACTORS
330
D
102
}
330
D
100
AcDbGroup
300

 70
     0
 71
     0
  0
LAYOUT
  5
1E19
102
{ACAD_XDICTIONARY
360
5D93
102
}
102
{ACAD_REACTORS
330
1E16
102
}
330
1E16
100
AcDbPlotSettings
  1

  2
HP_A3
  4

  6

 40
0.0
 41
0.0
 42
0.0
 43
0.0
 44
0.0
 45
0.0
 46
0.0
 47
0.0
 48
0.0
 49
0.0
140
0.0
141
0.0
142
1.0
143
1.0
 70
   688
 72
     0
 73
     0
 74
     5
  7
HP_SW_Dünn.ctb
 75
    16
147
1.0
148
0.0
149
0.0
100
AcDbLayout
  1
Layout1
 70
     1
 71
     1
 10
0.0
 20
0.0
 11
420.0
 21
297.0
 12
0.0
 22
0.0
 32
0.0
 14
1.000000000000000E+20
 24
1.000000000000000E+20
 34
1.000000000000000E+20
 15
-1.000000000000000E+20
 25
-1.000000000000000E+20
 35
-1.000000000000000E+20
146
0.0
 13
0.0
 23
0.0
 33
0.0
 16
1.0
 26
0.0
 36
0.0
 17
0.0
 27
1.0
 37
0.0
 76
     0
330
17
331
22
  0
LAYOUT
  5
1E18
102
{ACAD_XDICTIONARY
360
5CB6
102
}
102
{ACAD_REACTORS
330
1E16
102
}
330
1E16
100
AcDbPlotSettings
  1
A3_Randlos
  2
hp deskjet 9600 series
  4
A3
  6

 40
3.841749906539915
 41
12.47774982452392
 42
3.841766357421875
 43
3.17498779296875
 44
296.9683227539062
 45
419.9889831542968
 46
-2.879999999999999
 47
-12.0
 48
0.0
 49
0.0
140
0.0
141
0.0
142
1.0
143
1.0
 70
 28336
 72
     1
 73
     3
 74
     1
  7
HP_SW.ctb
 75
    16
147
1.0
148
-0.9805307641864827
149
-0.9879462492978063
100
AcDbLayout
  1
Model
 70
     1
 71
     0
 10
0.0
 20
0.0
 11
12.0
 21
9.0
 12
0.0
 22
0.0
 32
0.0
 14
0.0
 24
0.0
 34
0.0
 15
0.0
 25
0.0
 35
0.0
146
0.0
 13
0.0
 23
0.0
 33
0.0
 16
1.0
 26
0.0
 36
0.0
 17
0.0
 27
1.0
 37
0.0
 76
     0
330
1A
331
53D0
1001
ACAD_PSEXT
1000
hp deskjet 9600 series
1000
hp deskjet 9600 series
1000
CentronicsPrinter/Plotter
1000

1070
     0
  0
MATERIAL
  5
53D3
102
{ACAD_XDICTIONARY
360
5D45
102
}
102
{ACAD_REACTORS
330
1FCA
102
}
330
1FCA
100
AcDbMaterial
  1
ByBlock
 73
     1
 78
     1
172
     1
176
     1
270
     1
274
     1
  0
MATERIAL
  5
53D2
102
{ACAD_XDICTIONARY
360
5D43
102
}
102
{ACAD_REACTORS
330
1FCA
102
}
330
1FCA
100
AcDbMaterial
  1
ByLayer
 73
     1
 78
     1
172
     1
176
     1
270
     1
274
     1
  0
MATERIAL
  5
53D4
102
{ACAD_XDICTIONARY
360
5D47
102
}
102
{ACAD_REACTORS
330
1FCA
102
}
330
1FCA
100
AcDbMaterial
  1
Global
 73
     1
 78
     1
172
     1
176
     1
270
     1
274
     1
  0
MLEADERSTYLE
  5
54AE
102
{ACAD_REACTORS
330
54AD
102
}
330
54AD
100
AcDbMLeaderStyle
170
     2
171
     1
172
     0
 90
        2
 40
0.0
 41
0.0
173
     1
 91
-1056964608
340
14
 92
       -2
290
     1
 42
2.0
291
     1
 43
0.36
  3
Standard
 44
4.0
300

342
10
174
     1
178
     6
175
     1
176
     0
 93
-1056964608
 45
4.0
292
     0
297
     0
 46
4.0
 94
-1056964608
 47
1.0
 49
1.0
140
1.0
293
     1
141
0.0
294
     1
177
     0
142
1.0
295
     0
296
     0
143
0.125
1001
ACAD_MLEADERVER
1070
     2
  0
MLINESTYLE
  5
13
102
{ACAD_REACTORS
330
E
102
}
330
E
100
AcDbMlineStyle
  2
STANDARD
 70
     0
  3

 62
     0
 51
90.0
 52
90.0
 71
     2
 49
0.5
 62
   256
  6
BYLAYER
 49
-0.5
 62
   256
  6
BYLAYER
  0
PLOTSETTINGS
  5
53CE
102
{ACAD_XDICTIONARY
360
5D96
102
}
102
{ACAD_REACTORS
330
1E17
102
}
330
1E17
100
AcDbPlotSettings
  1
A3_Randlos
  2
hp deskjet 9600 series
  4
A3
  6

 40
3.841749906539915
 41
12.47774982452392
 42
3.841766357421875
 43
3.17498779296875
 44
296.9683227539062
 45
419.9889831542968
 46
-2.879999999999999
 47
-12.0
 48
0.0
 49
0.0
140
0.0
141
0.0
142
1.0
143
1.0
 70
 28336
 72
     1
 73
     3
 74
     1
  7
HP_SW.ctb
 75
    16
147
1.0
148
-0.9805307641864827
149
-0.9879462492978063
1001
ACAD_PSEXT
1000
hp deskjet 9600 series
1000
hp deskjet 9600 series
1000
CentronicsPrinter/Plotter
1000

1070
     0
  0
ACDBPLACEHOLDER
  5
1E15
102
{ACAD_REACTORS
330
1E14
102
}
330
1E14
  0
SCALE
  5
549C
102
{ACAD_REACTORS
330
549B
102
}
330
549B
100
AcDbScale
 70
     0
300
1:1
140
1.0
141
1.0
290
     1
  0
SCALE
  5
549D
102
{ACAD_REACTORS
330
549B
102
}
330
549B
100
AcDbScale
 70
     0
300
1:2
140
1.0
141
2.0
290
     0
  0
SCALE
  5
549E
102
{ACAD_REACTORS
330
549B
102
}
330
549B
100
AcDbScale
 70
     0
300
1:4
140
1.0
141
4.0
290
     0
  0
SCALE
  5
549F
102
{ACAD_REACTORS
330
549B
102
}
330
549B
100
AcDbScale
 70
     0
300
1:5
140
1.0
141
5.0
290
     0
  0
SCALE
  5
54A0
102
{ACAD_REACTORS
330
549B
102
}
330
549B
100
AcDbScale
 70
     0
300
1:8
140
1.0
141
8.0
290
     0
  0
SCALE
  5
54A1
102
{ACAD_REACTORS
330
549B
102
}
330
549B
100
AcDbScale
 70
     0
300
1:10
140
1.0
141
10.0
290
     0
  0
SCALE
  5
54A2
102
{ACAD_REACTORS
330
549B
102
}
330
549B
100
AcDbScale
 70
     0
300
1:16
140
1.0
141
16.0
290
     0
  0
SCALE
  5
54A3
102
{ACAD_REACTORS
330
549B
102
}
330
549B
100
AcDbScale
 70
     0
300
1:20
140
1.0
141
20.0
290
     0
  0
SCALE
  5
54A4
102
{ACAD_REACTORS
330
549B
102
}
330
549B
100
AcDbScale
 70
     0
300
1:30
140
1.0
141
30.0
290
     0
  0
SCALE
  5
54A5
102
{ACAD_REACTORS
330
549B
102
}
330
549B
100
AcDbScale
 70
     0
300
1:40
140
1.0
141
40.0
290
     0
  0
SCALE
  5
54A6
102
{ACAD_REACTORS
330
549B
102
}
330
549B
100
AcDbScale
 70
     0
300
1:50
140
1.0
141
50.0
290
     0
  0
SCALE
  5
54A7
102
{ACAD_REACTORS
330
549B
102
}
330
549B
100
AcDbScale
 70
     0
300
1:100
140
1.0
141
100.0
290
     0
  0
SCALE
  5
54A8
102
{ACAD_REACTORS
330
549B
102
}
330
549B
100
AcDbScale
 70
     0
300
2:1
140
2.0
141
1.0
290
     0
  0
SCALE
  5
54A9
102
{ACAD_REACTORS
330
549B
102
}
330
549B
100
AcDbScale
 70
     0
300
4:1
140
4.0
141
1.0
290
     0
  0
SCALE
  5
54AA
102
{ACAD_REACTORS
330
549B
102
}
330
549B
100
AcDbScale
 70
     0
300
8:1
140
8.0
141
1.0
290
     0
  0
SCALE
  5
54AB
102
{ACAD_REACTORS
330
549B
102
}
330
549B
100
AcDbScale
 70
     0
300
10:1
140
10.0
141
1.0
290
     0
  0
SCALE
  5
54AC
102
{ACAD_REACTORS
330
549B
102
}
330
549B
100
AcDbScale
 70
     0
300
100:1
140
100.0
141
1.0
290
     0
  0
TABLESTYLE
  5
53BA
102
{ACAD_XDICTIONARY
360
5CF5
102
}
102
{ACAD_REACTORS
330
53B9
102
}
330
53B9
100
AcDbTableStyle
  3
Standard
 70
     0
 71
     0
 40
1.5
 41
1.5
280
     0
281
     0
  7
STANDARD
140
4.5
170
     2
 62
     0
 63
     7
283
     0
274
    -2
284
     1
 64
     0
275
    -2
285
     1
 65
     0
276
    -2
286
     1
 66
     0
277
    -2
287
     1
 67
     0
278
    -2
288
     1
 68
     0
279
    -2
289
     1
 69
     0
  7
STANDARD
140
6.0
170
     5
 62
     0
 63
     7
283
     0
274
    -2
284
     1
 64
     0
275
    -2
285
     1
 65
     0
276
    -2
286
     1
 66
     0
277
    -2
287
     1
 67
     0
278
    -2
288
     1
 68
     0
279
    -2
289
     1
 69
     0
  7
STANDARD
140
4.5
170
     5
 62
     0
 63
     7
283
     0
274
    -2
284
     1
 64
     0
275
    -2
285
     1
 65
     0
276
    -2
286
     1
 66
     0
277
    -2
287
     1
 67
     0
278
    -2
288
     1
 68
     0
279
    -2
289
     1
 69
     0
  0
VISUALSTYLE
  5
53DB
102
{ACAD_XDICTIONARY
360
5DA2
102
}
102
{ACAD_REACTORS
330
53D5
102
}
330
53D5
100
AcDbVisualStyle
  2

 70
     4
 71
     0
 72
     2
 73
     0
 90
        0
 40
-0.6
 41
-30.0
 62
     5
 63
     7
 74
     1
 91
        4
 64
     7
 65
   257
 75
     1
175
     1
 42
1.0
 92
        0
 66
   257
 43
1.0
 76
     1
 77
     6
 78
     2
 67
     7
 79
     5
170
     0
171
     0
290
     0
174
     0
 93
        1
 44
0.0
173
     0
291
     0
 45
0.0
1001
ACAD
1000
AcDbSavedByObjectVersion
1070
     0
  0
VISUALSTYLE
  5
53DD
102
{ACAD_XDICTIONARY
360
5DA6
102
}
102
{ACAD_REACTORS
330
53D5
102
}
330
53D5
100
AcDbVisualStyle
  2

 70
     6
 71
     1
 72
     2
 73
     2
 90
        0
 40
-0.6
 41
-30.0
 62
     5
 63
     7
 74
     2
 91
        2
 64
     7
 65
   257
 75
     2
175
     1
 42
40.0
 92
        0
 66
   257
 43
1.0
 76
     1
 77
     6
 78
     2
 67
     7
 79
     3
170
     0
171
     0
290
     0
174
     0
 93
        1
 44
0.0
173
     0
291
     0
 45
0.0
1001
ACAD
1000
AcDbSavedByObjectVersion
1070
     0
  0
VISUALSTYLE
  5
53DC
102
{ACAD_XDICTIONARY
360
5DA4
102
}
102
{ACAD_REACTORS
330
53D5
102
}
330
53D5
100
AcDbVisualStyle
  2

 70
     5
 71
     0
 72
     2
 73
     0
 90
        0
 40
-0.6
 41
-30.0
 62
     5
 63
     7
 74
     1
 91
        4
 64
     7
 65
   257
 75
     1
175
     1
 42
1.0
 92
        0
 66
   257
 43
1.0
 76
     1
 77
     6
 78
     2
 67
     7
 79
     5
170
     0
171
     0
290
     0
174
     0
 93
        1
 44
0.0
173
     0
291
     0
 45
0.0
1001
ACAD
1000
AcDbSavedByObjectVersion
1070
     0
  0
VISUALSTYLE
  5
53DA
102
{ACAD_XDICTIONARY
360
5DA0
102
}
102
{ACAD_REACTORS
330
53D5
102
}
330
53D5
100
AcDbVisualStyle
  2

 70
     7
 71
     1
 72
     0
 73
     1
 90
        0
 40
-0.6
 41
-30.0
 62
     5
 63
     7
 74
     0
 91
        4
 64
     7
 65
   257
 75
     1
175
     1
 42
1.0
 92
        8
 66
     7
 43
1.0
 76
     1
 77
     6
 78
     2
 67
     7
 79
     5
170
     0
171
     0
290
     0
174
     0
 93
        1
 44
0.0
173
     0
291
     1
 45
0.0
1001
ACAD
1000
AcDbSavedByObjectVersion
1070
     0
  0
VISUALSTYLE
  5
53E1
102
{ACAD_XDICTIONARY
360
5DAE
102
}
102
{ACAD_REACTORS
330
53D5
102
}
330
53D5
100
AcDbVisualStyle
  2

 70
    12
 71
     2
 72
     2
 73
     0
 90
        0
 40
-0.6
 41
-30.0
 62
     5
 63
     7
 74
     1
 91
        4
 64
     7
 65
   257
 75
     1
175
     1
 42
1.0
 92
        8
 66
     7
 43
1.0
 76
     1
 77
     6
 78
     2
 67
     7
 79
     5
170
     0
171
     0
290
     0
174
     0
 93
        1
 44
50.0
173
     0
291
     1
 45
0.0
1001
ACAD
1000
AcDbSavedByObjectVersion
1070
     0
  0
VISUALSTYLE
  5
53E5
102
{ACAD_XDICTIONARY
360
5DB6
102
}
102
{ACAD_REACTORS
330
53D5
102
}
330
53D5
100
AcDbVisualStyle
  2

 70
    16
 71
     2
 72
     2
 73
     3
 90
        0
 40
-0.6
 41
-30.0
 62
     5
 63
     8
 74
     1
 91
        4
 64
     7
 65
   257
 75
     1
175
     1
 42
1.0
 92
        8
 66
     8
 43
1.0
 76
     1
 77
     6
 78
     2
 67
     7
 79
     5
170
     0
171
     0
290
     0
174
     0
 93
        1
 44
0.0
173
     0
291
     1
 45
0.0
1001
ACAD
1000
AcDbSavedByObjectVersion
1070
     0
  0
VISUALSTYLE
  5
53DE
102
{ACAD_XDICTIONARY
360
5DA8
102
}
102
{ACAD_REACTORS
330
53D5
102
}
330
53D5
100
AcDbVisualStyle
  2

 70
     9
 71
     3
 72
     2
 73
     0
 90
        0
 40
-0.6
 41
-30.0
 62
     5
 63
     7
 74
     2
 91
        2
 64
     7
 65
   257
 75
     1
175
     1
 42
40.0
 92
        8
 66
     7
 43
1.0
 76
     1
 77
     6
 78
     2
 67
     7
 79
     3
170
     0
171
     0
290
     0
174
     0
 93
        1
 44
0.0
173
     0
291
     0
 45
0.0
1001
ACAD
1000
AcDbSavedByObjectVersion
1070
     0
  0
VISUALSTYLE
  5
53E0
102
{ACAD_XDICTIONARY
360
5DAC
102
}
102
{ACAD_REACTORS
330
53D5
102
}
330
53D5
100
AcDbVisualStyle
  2

 70
    11
 71
     2
 72
     2
 73
     0
 90
        0
 40
-0.6
 41
-30.0
 62
     5
 63
     7
 74
     1
 91
        4
 64
     7
 65
   257
 75
     1
175
     1
 42
1.0
 92
        8
 66
     7
 43
1.0
 76
     1
 77
     6
 78
     2
 67
     7
 79
     5
170
     0
171
     0
290
     0
174
     0
 93
        1
 44
-50.0
173
     0
291
     1
 45
0.0
1001
ACAD
1000
AcDbSavedByObjectVersion
1070
     0
  0
VISUALSTYLE
  5
549A
102
{ACAD_XDICTIONARY
360
5DBC
102
}
102
{ACAD_REACTORS
330
53D5
102
}
330
53D5
100
AcDbVisualStyle
  2

 70
    22
 71
     2
 72
     2
 73
     0
 90
        0
 40
-0.6
 41
-30.0
 62
     5
 63
     7
 74
     1
 91
        4
 64
     7
 65
   257
 75
     1
175
     1
 42
1.0
 92
        8
 66
     7
 43
1.0
 76
     1
 77
     6
 78
     2
 67
     7
 79
     5
170
     0
171
     0
290
     0
174
     0
 93
        1
 44
0.0
173
     0
291
     1
 45
0.0
1001
ACAD
1000
AcDbSavedByObjectVersion
1070
     0
  0
VISUALSTYLE
  5
53E4
102
{ACAD_XDICTIONARY
360
5DB4
102
}
102
{ACAD_REACTORS
330
53D5
102
}
330
53D5
100
AcDbVisualStyle
  2

 70
    15
 71
     2
 72
     2
 73
     0
 90
        0
 40
-0.6
 41
-30.0
 62
     5
 63
     7
 74
     1
 91
        4
 64
     7
 65
   257
 75
     1
175
     1
 42
1.0
 92
        8
 66
     7
 43
1.0
 76
     1
 77
     6
 78
     2
 67
     7
 79
     5
170
     0
171
     0
290
     0
174
     0
 93
        1
 44
0.0
173
     0
291
     1
 45
0.0
1001
ACAD
1000
AcDbSavedByObjectVersion
1070
     0
  0
VISUALSTYLE
  5
53D6
102
{ACAD_XDICTIONARY
360
5D98
102
}
102
{ACAD_REACTORS
330
53D5
102
}
330
53D5
100
AcDbVisualStyle
  2

 70
     0
 71
     2
 72
     1
 73
     1
 90
        2
 40
-0.6
 41
30.0
 62
     5
 63
     7
 74
     0
 91
        4
 64
     7
 65
   257
 75
     1
175
     1
 42
1.0
 92
        8
 66
     7
 43
1.0
 76
     1
 77
     6
 78
     2
 67
     7
 79
     5
170
     0
171
     0
290
     0
174
     0
 93
       13
 44
0.0
173
     0
291
     1
 45
0.0
1001
ACAD
1000
AcDbSavedByObjectVersion
1070
     0
  0
VISUALSTYLE
  5
53D7
102
{ACAD_XDICTIONARY
360
5D9A
102
}
102
{ACAD_REACTORS
330
53D5
102
}
330
53D5
100
AcDbVisualStyle
  2

 70
     1
 71
     2
 72
     1
 73
     1
 90
        2
 40
-0.6
 41
30.0
 62
     5
 63
     7
 74
     1
 91
        4
 64
     7
 65
   257
 75
     1
175
     1
 42
1.0
 92
        0
 66
   257
 43
1.0
 76
     1
 77
     6
 78
     2
 67
     7
 79
     5
170
     0
171
     0
290
     0
174
     0
 93
       13
 44
0.0
173
     0
291
     1
 45
0.0
1001
ACAD
1000
AcDbSavedByObjectVersion
1070
     0
  0
VISUALSTYLE
  5
53D8
102
{ACAD_XDICTIONARY
360
5D9C
102
}
102
{ACAD_REACTORS
330
53D5
102
}
330
53D5
100
AcDbVisualStyle
  2

 70
     2
 71
     2
 72
     2
 73
     1
 90
        2
 40
-0.6
 41
30.0
 62
     5
 63
     7
 74
     0
 91
        4
 64
     7
 65
   257
 75
     1
175
     1
 42
1.0
 92
        0
 66
     7
 43
1.0
 76
     1
 77
     6
 78
     2
 67
     7
 79
     5
170
     0
171
     0
290
     0
174
     0
 93
       13
 44
0.0
173
     0
291
     1
 45
0.0
1001
ACAD
1000
AcDbSavedByObjectVersion
1070
     0
  0
VISUALSTYLE
  5
53D9
102
{ACAD_XDICTIONARY
360
5D9E
102
}
102
{ACAD_REACTORS
330
53D5
102
}
330
53D5
100
AcDbVisualStyle
  2

 70
     3
 71
     2
 72
     2
 73
     1
 90
        2
 40
-0.6
 41
30.0
 62
     5
 63
     7
 74
     1
 91
        4
 64
     7
 65
   257
 75
     1
175
     1
 42
1.0
 92
        0
 66
   257
 43
1.0
 76
     1
 77
     6
 78
     2
 67
     7
 79
     5
170
     0
171
     0
290
     0
174
     0
 93
       13
 44
0.0
173
     0
291
     1
 45
0.0
1001
ACAD
1000
AcDbSavedByObjectVersion
1070
     0
  0
VISUALSTYLE
  5
5498
102
{ACAD_XDICTIONARY
360
5DB8
102
}
102
{ACAD_REACTORS
330
53D5
102
}
330
53D5
100
AcDbVisualStyle
  2

 70
    20
 71
     2
 72
     2
 73
     0
 90
        0
 40
-0.6
 41
-30.0
 62
     5
 63
     7
 74
     1
 91
        4
 64
     7
 65
   257
 75
     1
175
     1
 42
1.0
 92
       10
 66
     7
 43
1.0
 76
     1
 77
     6
 78
     2
 67
     7
 79
     5
170
     0
171
     0
290
     0
174
     0
 93
        1
 44
0.0
173
     0
291
     1
 45
0.0
1001
ACAD
1000
AcDbSavedByObjectVersion
1070
     0
  0
VISUALSTYLE
  5
53E3
102
{ACAD_XDICTIONARY
360
5DB2
102
}
102
{ACAD_REACTORS
330
53D5
102
}
330
53D5
100
AcDbVisualStyle
  2

 70
    14
 71
     2
 72
     2
 73
     0
 90
        0
 40
-0.6
 41
-30.0
 62
     5
 63
     7
 74
     1
 91
        4
 64
     7
 65
   257
 75
     7
175
     7
 42
1.0
 92
        8
 66
     7
 43
1.0
 76
     1
 77
     6
 78
     2
 67
     7
 79
     5
170
     0
171
     0
290
     0
174
     0
 93
        1
 44
0.0
173
     0
291
     1
 45
0.0
1001
ACAD
1000
AcDbSavedByObjectVersion
1070
     0
  0
VISUALSTYLE
  5
5499
102
{ACAD_XDICTIONARY
360
5DBA
102
}
102
{ACAD_REACTORS
330
53D5
102
}
330
53D5
100
AcDbVisualStyle
  2

 70
    21
 71
     2
 72
     2
 73
     0
 90
        0
 40
-0.6
 41
-30.0
 62
     5
 63
     7
 74
     1
 91
        4
 64
     7
 65
   257
 75
     1
175
     1
 42
1.0
 92
        9
 66
     7
 43
1.0
 76
     1
 77
     6
 78
     2
 67
     7
 79
     5
170
     0
171
     0
290
     0
174
     0
 93
        1
 44
0.0
173
     0
291
     1
 45
0.0
1001
ACAD
1000
AcDbSavedByObjectVersion
1070
     0
  0
VISUALSTYLE
  5
53DF
102
{ACAD_XDICTIONARY
360
5DAA
102
}
102
{ACAD_REACTORS
330
53D5
102
}
330
53D5
100
AcDbVisualStyle
  2

 70
     8
 71
     2
 72
     2
 73
     0
 90
        0
 40
-0.6
 41
-30.0
 62
     5
 63
     7
 74
     1
 91
        0
 64
     7
 65
   257
 75
     1
175
     1
 42
1.0
 92
        8
 66
     8
 43
1.0
 76
     1
 77
     6
 78
     2
 67
     7
 79
     5
170
     0
171
     0
290
     0
174
     0
 93
       13
 44
0.0
173
     0
291
     0
 45
0.0
1001
ACAD
1000
AcDbSavedByObjectVersion
1070
     0
  0
VISUALSTYLE
  5
53E2
102
{ACAD_XDICTIONARY
360
5DB0
102
}
102
{ACAD_REACTORS
330
53D5
102
}
330
53D5
100
AcDbVisualStyle
  2

 70
    13
 71
     2
 72
     2
 73
     0
 90
        0
 40
-0.6
 41
-30.0
 62
     5
 63
     7
 74
     1
 91
        4
 64
     7
 65
   257
 75
     1
175
     1
 42
1.0
 92
       12
 66
     7
 43
1.0
 76
     1
 77
     6
 78
     2
 67
     7
 79
     5
170
     0
171
     0
290
     0
174
     0
 93
        1
 44
0.0
173
     0
291
     1
 45
0.0
1001
ACAD
1000
AcDbSavedByObjectVersion
1070
     0
  0
DICTIONARYVAR
  5
5D27
102
{ACAD_REACTORS
330
5D
102
}
330
5D
100
DictionaryVariables
280
     0
  1
1:1
  0
DICTIONARYVAR
  5
5D25
102
{ACAD_REACTORS
330
5D
102
}
330
5D
100
DictionaryVariables
280
     0
  1
STANDARD
  0
DICTIONARYVAR
  5
53BE
102
{ACAD_REACTORS
330
5D
102
}
330
5D
100
DictionaryVariables
280
     0
  1
STANDARD
  0
DICTIONARYVAR
  5
5E
102
{ACAD_REACTORS
330
5D
102
}
330
5D
100
DictionaryVariables
280
     0
  1
0
  0
DICTIONARYVAR
  5
1F72
102
{ACAD_REACTORS
330
5D
102
}
330
5D
100
DictionaryVariables
280
     0
  1
1
  0
DICTIONARYVAR
  5
5D34
102
{ACAD_REACTORS
330
5D
102
}
330
5D
100
DictionaryVariables
280
     0
  1
0
  0
DICTIONARYVAR
  5
5D29
102
{ACAD_REACTORS
330
5D
102
}
330
5D
100
DictionaryVariables
280
     0
  1
1
  0
DICTIONARYVAR
  5
5D2A
102
{ACAD_REACTORS
330
5D
102
}
330
5D
100
DictionaryVariables
280
     0
  1
15
  0
DICTIONARYVAR
  5
5D28
102
{ACAD_REACTORS
330
5D
102
}
330
5D
100
DictionaryVariables
280
     0
  1
0
  0
DICTIONARYVAR
  5
5D26
102
{ACAD_REACTORS
330
5D
102
}
330
5D
100
DictionaryVariables
280
     0
  1
0
  0
DICTIONARYVAR
  5
1FD7
102
{ACAD_REACTORS
330
5D
102
}
330
5D
100
DictionaryVariables
280
     0
  1

  0
DICTIONARYVAR
  5
5D33
102
{ACAD_REACTORS
330
5D
102
}
330
5D
100
DictionaryVariables
280
     0
  1
127
  0
DICTIONARYVAR
  5
5D8A
102
{ACAD_REACTORS
330
5D
102
}
330
5D
100
DictionaryVariables
280
     0
  1
2
  0
DICTIONARY
  5
5D7B
102
{ACAD_REACTORS
330
7E
102
}
330
7E
100
AcDbDictionary
281
     1
  3
PH_GRPMEMBERS
350
5D7C
  0
DICTIONARY
  5
5D86
102
{ACAD_REACTORS
330
7E
102
}
330
7E
100
AcDbDictionary
281
     1
  3
PH_GRPMEMBERS
350
5D87
  0
PH_GROUP
  5
1F75
102
{ACAD_REACTORS
330
7E
102
}
330
7E
  0
DICTIONARY
  5
5D93
330
1E19
100
AcDbDictionary
280
     1
281
     1
  3
ACAD_XREC_ROUNDTRIP
360
5D94
  0
DICTIONARY
  5
5CB6
330
1E18
100
AcDbDictionary
280
     1
281
     1
  3
ACAD_XREC_ROUNDTRIP
360
5D92
  3
ADSK_XREC_LAYOUTTHUMBNAIL
360
5CB7
  0
DICTIONARY
  5
5D45
330
53D3
100
AcDbDictionary
280
     1
281
     1
  3
ACAD_XREC_ROUNDTRIP
360
5D46
  0
DICTIONARY
  5
5D43
330
53D2
100
AcDbDictionary
280
     1
281
     1
  3
ACAD_XREC_ROUNDTRIP
360
5D44
  0
DICTIONARY
  5
5D47
330
53D4
100
AcDbDictionary
280
     1
281
     1
  3
ACAD_XREC_ROUNDTRIP
360
5D48
  0
DICTIONARY
  5
5D96
330
53CE
100
AcDbDictionary
280
     1
281
     1
  3
ACAD_XREC_ROUNDTRIP
360
5D97
  0
DICTIONARY
  5
5CF5
330
53BA
100
AcDbDictionary
280
     1
281
     1
  3
ACAD_ROUNDTRIP_2008_TABLESTYLE_CELLSTYLEMAP
360
5D8B
  3
ACAD_XREC_ROUNDTRIP
360
5D95
  0
DICTIONARY
  5
5DA2
330
53DB
100
AcDbDictionary
280
     1
281
     1
  3
ACAD_XREC_ROUNDTRIP
360
5DA3
  0
DICTIONARY
  5
5DA6
330
53DD
100
AcDbDictionary
280
     1
281
     1
  3
ACAD_XREC_ROUNDTRIP
360
5DA7
  0
DICTIONARY
  5
5DA4
330
53DC
100
AcDbDictionary
280
     1
281
     1
  3
ACAD_XREC_ROUNDTRIP
360
5DA5
  0
DICTIONARY
  5
5DA0
330
53DA
100
AcDbDictionary
280
     1
281
     1
  3
ACAD_XREC_ROUNDTRIP
360
5DA1
  0
DICTIONARY
  5
5DAE
330
53E1
100
AcDbDictionary
280
     1
281
     1
  3
ACAD_XREC_ROUNDTRIP
360
5DAF
  0
DICTIONARY
  5
5DB6
330
53E5
100
AcDbDictionary
280
     1
281
     1
  3
ACAD_XREC_ROUNDTRIP
360
5DB7
  0
DICTIONARY
  5
5DA8
330
53DE
100
AcDbDictionary
280
     1
281
     1
  3
ACAD_XREC_ROUNDTRIP
360
5DA9
  0
DICTIONARY
  5
5DAC
330
53E0
100
AcDbDictionary
280
     1
281
     1
  3
ACAD_XREC_ROUNDTRIP
360
5DAD
  0
DICTIONARY
  5
5DBC
330
549A
100
AcDbDictionary
280
     1
281
     1
  3
ACAD_XREC_ROUNDTRIP
360
5DBD
  0
DICTIONARY
  5
5DB4
330
53E4
100
AcDbDictionary
280
     1
281
     1
  3
ACAD_XREC_ROUNDTRIP
360
5DB5
  0
DICTIONARY
  5
5D98
330
53D6
100
AcDbDictionary
280
     1
281
     1
  3
ACAD_XREC_ROUNDTRIP
360
5D99
  0
DICTIONARY
  5
5D9A
330
53D7
100
AcDbDictionary
280
     1
281
     1
  3
ACAD_XREC_ROUNDTRIP
360
5D9B
  0
DICTIONARY
  5
5D9C
330
53D8
100
AcDbDictionary
280
     1
281
     1
  3
ACAD_XREC_ROUNDTRIP
360
5D9D
  0
DICTIONARY
  5
5D9E
330
53D9
100
AcDbDictionary
280
     1
281
     1
  3
ACAD_XREC_ROUNDTRIP
360
5D9F
  0
DICTIONARY
  5
5DB8
330
5498
100
AcDbDictionary
280
     1
281
     1
  3
ACAD_XREC_ROUNDTRIP
360
5DB9
  0
DICTIONARY
  5
5DB2
330
53E3
100
AcDbDictionary
280
     1
281
     1
  3
ACAD_XREC_ROUNDTRIP
360
5DB3
  0
DICTIONARY
  5
5DBA
330
5499
100
AcDbDictionary
280
     1
281
     1
  3
ACAD_XREC_ROUNDTRIP
360
5DBB
  0
DICTIONARY
  5
5DAA
330
53DF
100
AcDbDictionary
280
     1
281
     1
  3
ACAD_XREC_ROUNDTRIP
360
5DAB
  0
DICTIONARY
  5
5DB0
330
53E2
100
AcDbDictionary
280
     1
281
     1
  3
ACAD_XREC_ROUNDTRIP
360
5DB1
  0
PH_GROUP
  5
5D7C
102
{ACAD_REACTORS
330
5D7B
102
}
330
5D7B
  0
PH_GROUP
  5
5D87
102
{ACAD_REACTORS
330
5D86
102
}
330
5D86
  0
XRECORD
  5
5D94
102
{ACAD_REACTORS
330
5D93
102
}
330
5D93
100
AcDbXrecord
280
     1
102
SHADEPLOT
 70
     0
102
SHADEPLOTRESLEVEL
 70
     2
102
SHADEPLOTCUSTOMDPI
 70
   300
  0
XRECORD
  5
5D92
102
{ACAD_REACTORS
330
5CB6
102
}
330
5CB6
100
AcDbXrecord
280
     1
102
SHADEPLOT
 70
     1
102
SHADEPLOTRESLEVEL
 70
     2
102
SHADEPLOTCUSTOMDPI
 70
   300
  0
XRECORD
  5
5CB7
102
{ACAD_REACTORS
330
5CB6
102
}
330
5CB6
100
AcDbXrecord
280
     1
310
28000000000100007500000001000800000000000075000000000000000000000001000000000000F0FCFE0000000000FFFFFF000000000000000000000000000000000000000000000000000000000000000000330000006600000099000000CC000000FF00000000330000333300006633000099330000CC330000FF3300
310
0000660000336600006666000099660000CC660000FF66000000990000339900006699000099990000CC990000FF99000000CC000033CC000066CC000099CC0000CCCC0000FFCC000000FF000033FF000066FF000099FF0000CCFF0000FFFF000000003300330033006600330099003300CC003300FF003300003333003333
310
33006633330099333300CC333300FF33330000663300336633006666330099663300CC663300FF66330000993300339933006699330099993300CC993300FF99330000CC330033CC330066CC330099CC3300CCCC3300FFCC330000FF330033FF330066FF330099FF3300CCFF3300FFFF330000006600330066006600660099
310
006600CC006600FF00660000336600333366006633660099336600CC336600FF33660000666600336666006666660099666600CC666600FF66660000996600339966006699660099996600CC996600FF99660000CC660033CC660066CC660099CC6600CCCC6600FFCC660000FF660033FF660066FF660099FF6600CCFF6600
310
FFFF660000009900330099006600990099009900CC009900FF00990000339900333399006633990099339900CC339900FF33990000669900336699006666990099669900CC669900FF66990000999900339999006699990099999900CC999900FF99990000CC990033CC990066CC990099CC9900CCCC9900FFCC990000FF99
310
0033FF990066FF990099FF9900CCFF9900FFFF99000000CC003300CC006600CC009900CC00CC00CC00FF00CC000033CC003333CC006633CC009933CC00CC33CC00FF33CC000066CC003366CC006666CC009966CC00CC66CC00FF66CC000099CC003399CC006699CC009999CC00CC99CC00FF99CC0000CCCC0033CCCC0066CC
310
CC0099CCCC00CCCCCC00FFCCCC0000FFCC0033FFCC0066FFCC0099FFCC00CCFFCC00FFFFCC000000FF003300FF006600FF009900FF00CC00FF00FF00FF000033FF003333FF006633FF009933FF00CC33FF00FF33FF000066FF003366FF006666FF009966FF00CC66FF00FF66FF000099FF003399FF006699FF009999FF00CC
310
99FF00FF99FF0000CCFF0033CCFF0066CCFF0099CCFF00CCCCFF00FFCCFF0000FFFF0033FFFF0066FFFF0099FFFF00CCFFFF00FFFFFF00000000000D0D0D001A1A1A00282828003535350043434300505050005D5D5D006B6B6B00787878008686860093939300A1A1A100AEAEAE00BBBBBB00C9C9C900D6D6D600E4E4E400
310
F1F1F100FFFFFF0000000000000000000000000000000000000000000000000000000000000000000000000000000000E1E1E1E1E1E1E1E1E1E1E1E1E1E1E1E1E1E1E1E1E1E1E1E1E1E1E1E1E1E1E1E1E1E1E1E1E1E1E1E1E1E1E1E1E1BEBEBEBEBEBEBEBEBEBEBEBEBEBEBEBEBEBEBEBEBEBEBEBEBEBEBEBEBEBEBEBEBEBE
310
BEBEBEBEBEBEBEBEBEBEBEBEBEBEBEBEBEBEBEBEBEBEBEBEBEBEBEBEBEBEBEBEBEBEBEBEBEBEBEBEBEBEBEBEBEBEBEBEBEBEBEBEBEBEBEBEBEBEBEBEBEBEBEBEBEBEBEBEBEBEBEBEBEBEBEBEBEBEBEBEBEBEBEBEBEBEBEBEBEBEBEBEBEBEBEBEBEBEBEBEBEBEBEBEBEBEBEBEBEBEBEBEBEBEBEBEBEBEBEBEBEBEBEBEBEBEBE
310
BEBEBEBEBEE1E1E1E1E1E1E1E1E1E1E1E1E1E1E1E1E1E1E1E1E1E1E1E1E1E1E1E1E1E1E1E1E1E1E1E1E1E1E1E1E1E1E1E1E1E1E1E1E1E1E1E1E1E1E1E1E1E1E1E1E1E1E1E1E1E1E1E1E1E1E1E1E1E1E1E1E1E1E1E1E1E1E1E1E1E1E1E1E1E1BEE1E1E1E1E1E1E1E1E1E1E1E1E1E1E1E1E1E1E1E1E1E1E1E1E1E1E1E1E1E1E1
310
E1E1E1E1E1E1E1E1E1E1E1E1E1E1E1E1E1BEE1E1E1E1E1E1E1E1E1E1E1E1E1E1E1E1E1E1E1E1E1E1E1E1E1E1E1E1E1E1E1E1E1E1E1E1E1E1E1E1BEE1E1E1E1E1E1E1E1E1E1E1E1E1E1E1E1E1E1E1E1E1E1E1E1E1E1E1E1E1E1E1E1E1E1E1E1E1E1E1E1E1E1E1E1E1E1E1E1E1E1E1E1E1E1E1E1E1E1E1E1E1E1E1E1E1E1E1E1
310
E1E1E1E1E1E1BEE1E1E1E1E1E1E1E1E1E1E1E1E1E1E1E1E1E1E1E1E1E1E1E1E1E1E1E1E1E1E1E1E1E1E1E1E1E1E1E1E1E1E1E1E1E1E1E1E1E1E1E1E1E1E1E1E1E1E1E1E1E1E1E1E1E1E1E1E1E1E1E1E1E1E1E1E1E1E1E1E1E1E1E1E1E1E1E1E1E1BEE1E1E1E1E1E1E128282828282828282828282828282828282828282828
310
28282828282828282828282828282828282828BE28282828282828282828282828282828282828282828282828282828282828282828282828282828BE282828282828282828282828282828282828282828282828282828282828282828282828282828282828282828282828282828282828282828282828282828282828
310
28282828282828E1BEE1E1E1E1E1E1E1E1E1E1E1E1E1E1E1E1E1E1E1E1E1E1E1E1E1E1E1E1E1E1E1E1E1E1E1E1E1E1E1E1E1E1E1E1E1E1E1E1E1E1E1E1E1E1E1E1E1E1E1E1E1E1E1E1E1E1E1E1E1E1E1E1E1E1E1E1E1E1E1E1E1E1E1E1E1E1E1E1E1E1BEE1E1E1E1E1E1E128E1E1E1E1E1E1E1E1E1E1E1E1E1E1E1E1E1E1E1
310
E1E1E1E1E1E1E1E1E1E1E1E1E1E1E1E1E1E1E1E1E1E1E1E1E1E1E1E1E1E1E1E1E1E1E1E1E1E1E1E1E1E1E1E1E1E1E1E1E1E1E1E1E1E1E1E1E1E1E1E1E1E10FE1E10FE10F0F0F0F0F0F0F0F0F0F0F0F0F0F0F0F0F0FE1E1E1E1E1E1E1E1E10FE10F0F0F0F0F0F0F0F0F0F0F0F0F0FE1E1E1E1E1E1E1E1E1BEE1E1E1E1E1E1E1
310
E1E1E1E1E1E1E1E128E1BEE1E1E1E1E1E1E1E1E1E1E1E1E1E1E1E1E1E1E1E1E1E1E1E1E1E1E1E1E1E1E1E1E1E1E1E1E1E1E1E1E1E1E1E1E1E1E1E1E1E1E1E1E1E1E1E1E1E1E1E1E1E1E1E1E1E1E1E1E1E1E1E1E1E1E1E1E1E1E1E1E1E1E1E1E1E1E1E1E1E1BEE1E1E1E1E1E1E128E1E1E1E1E1E1E1E1E1E1E1E1E1E1E1E1E1
310
E1E1E1E1E1E1E1E1E1E1E1E1E1E1E1E1E1E1E1E1E1E1E1E1E1E1E1E1E1E1E1E1E1E1E1E1E1E1E1E1E1E1E1E1E1E1E1E1E1E1E1E1E1E1E1E1E1E1E1E1E1E1E1E10FE1E10F0F0F0F0F0F0F0F0F0F0F0F0F0F0F0F0F0F0F0FE1E1E1E1E1E1E1E1E10FE10F0F0F0F0F0F0F0F0F0F0F0F0F0FE1E1E1E1E1E1E1E1E1BEE1E1E1E1E1
310
E1E1E1E1E1E1E1E1E1E128E1BEE1E1E1E1E1E1E1E1E1E1E1E1E1E1E1E1E1E1E1E1E1E1E1E1E1E1E1E1E1E1E1E1E1E1E1E1E1E1E1E1E1E1E1E1E1E1E1E1E1E1E1E1E1E1E1E1E1E1E1E1E1E1E1E1E1E1E1E1E1E1E1E1E1E1E1E1E1E1E1E1E1E1E1E1E1E1E1E1E1E1BEE1E1E1E1E1E1E128E1E1E1E1E1E1E1E1E1E1E1E1E1E1E1
310
E1E1E1E1E1E1E1E1E1E1E1E1E1E1E1E1E1E1E1E1E1E1E1E1E1E1E1E1E1E1E1E1E1E1E1E1E1E1E1E1E1E1E1E1E1E1E1E1E1E1E1E1E1E1E1E1E1E1E1E1E1E1E1E1E1E10F0F0F0F0F0F0F0F0F0F0F0F0F0F0F0F0F0F0F0F0F0F0F0F0F0F0F0F0F0F0F0F0FE10F0F0F0F0F0F0F0F0F0F0F0F0F0FE1E1E1E1E1E1E1E1E1BEE1E1E1
310
E1E1E1E1E1E1E1E1E1E1E1E128E1BEE1E1E1E1E1E1E1E1E1E1E1E1E1E1E1E1E1E1E1E1E1E1E1E1E1E1E1E1E1E1E1E1E1E1E1E1E1E1E1E1E1E1E1E1E1E1E1E1E1E1E1E1E1E1E1E1E1E1E1E1E1E1E1E1E1E1E1E1E1E1E1E1E1E1E1E1E1E1E1E1E1E1E1E1E1E1E1E1E1E1BEE1E1E1E1E1E1E128E1E1E1E1E1E1E1E1E1E1E1E1E1
310
E1E1E1E1E1E1E1E1E1E1E1E1E1E1E1E1E1E1E1E1E1E1E1E1E1E1E1E1E1E1E1E1E1E1E1E1E1E1E1E1E1E1E1E1E1E1E1E1E1E1E1E1E1E1E1E1E1E1E1E1E1E1E1E1E1E1E1E10FE1E10F0F0F0F0F0F0F0F0F0F0F0F0F0F0F0F0F0F0F0F0FE10F0F0F0F0F0F0F0FE10F0F0F0F0F0F0FBEBEBEBEBEBE0FBEBEBEBEBEBEBEBEBEBEBE
310
BEBEBEBEBEBEBEBEBEBEBEBEBEBE28E1BEE1E1E1E1E1E1E1E1E1E1E1E1E1E1E1E1E1E1E1E1E1E1E1E1E1E1E1E1E1E1E1E1E1E1E1E1E1E1E1E1E1E1E1E1E1E1E1E1E1E1E1E1E1E1E1E1E1E1E1E1E1E1E1E1E1E1E1E1E1E1E1E1E1E1E1E1E1E1E1E1E1E1E1E1E1E1E1E1E1E1BEE1E1E1E1E1E1E128E1E1E1E1E1E1E1E1E1E1E1
310
E1E1E1E1E1E1E1E1E1E1E1E1E1E1E1E1E1E1E1E1E1E1E1E1E1E1E1E1E1E1E1E1E1E1E1E1E1E1E1E1E1E1E1E1E1E1E1E1E1E1E1E1E1E1E1E1E1E1E1E1E1E1E1E1E1E1E1E1E1E10F0F0F0F0F0F0F0F0F0F0F0F0F0F0F0F0F0F0F0F0F0F0F0F0F0F0F0F0F0FE1E10FE10F0F0F0F0F0F0FE1E1E1E1E1E10FE1E1E1E1E1E1E1E1E1
310
BEE1E1E1E1E1E1E1E1E1E1E1E1E1E1E128E1BEE1E1E1E1E1E1E1E1E1E1E1E1E1E1E1E1E1E1E1E1E1E1E1E1E1E1E1E1E1E1E1E1E1E1E1E1E1E1E1E1E1E1E1E1E1E1E1E1E1E1E1E1E1E1E1E1E1E1E1E1E1E1E1E1E1E1E1E1E1E1E1E1E1E1E1E1E1E1E1E1E1E1E1E1E1E1E1E1E1E1BEE1E1E1E1E1E1E128E1E1E1E1E1E1E1E1E1
310
E1E1E1E1E1E1E1E1E1E1E1E1E1E1E1E1E1E1E1E1E1E1E1E1E1E1E1E1E1E1E1E1E1E1E1E1E1E1E1E1E1E1E1E1E1E1E1E1E1E1E1E1E1E1E1E1E1E1E1E1E1E1E1E1E1E1E1E1E1E1E1E10FE1E10F0F0F0F0F0F0F0F0F0F0F0F0F0F0F0F0F0F0F0F0F0F0F0F0F0F0FE1E10FE10F0F0F0F0F0F0FE1E1E1E1E1E10FE1E1E1E1E1E1E1
310
E1E1BEE1E1E1E1E1E1E1E1E1E1E1E1E1E1E128E1BEE1E1E1E1E1E1E1E1E1E1E1E1E1E1E1E1E1E1E1E1E1E1E1E1E1E1E1E1E1E1E1E1E1E1E1E1E1E1E1E1E1E1E1E1E1E1E1E1E1E1E1E1E1E1E1E1E1E1E1E1E1E1E1E1E1E1E1E1E1E1E1E1E1E1E1E1E1E1E1E1E1E1E1E1E1E1E1E1E1E1BEE1E1E1E1E1E1E128E1E1E1E1E1E1E1
310
E1E1E1E1E1E1E1E1E1E1E1E1E1E1E1E1E1E1E1E1E1E1E1E1E1E1E1E1E1E1E1E1E1E1E1E1E1E1E1E1E1E1E1E1E1E1E1E1E1E1E1E1E1E1E1E1E1E1E1E1E1E1E1E1E1E1E1E1E1E1E1E1E1E10FE1E1E1E1E1E1E1E1E1E1E1E1E1E1E1E1E1E1E1E1E1E1E1E1E1E1E1E1E1E1E10FE10F0F0F0F0F0F0F0F0F0F0F0F0F0F0F0F0F0F0F
310
0F0F0F0F0F0F0F0F0F0F0F0F0F0F0F0F0F0F0F0F28E1BEE1E1E1E1E1E1E1E1E1E1E1E1E1E1E1E1E1E1E1E1E1E1E1E1E1E1E1E1E1E1E1E1E1E1E1E1E1E1E1E1E1E1E1E1E1E1E1E1E1E1E1E1E1E1E1E1E1E1E1E1E1E1E1E1E1E1E1E1E1E1E1E1E1E1E1E1E1E1E1E1E1E1E1E1E1E1E1E1E1E1BEE1E1E1E1E1E1E128E1E1E1E1E1
310
E1E1E1E1E1E1E1E1E1E1E1E1E1E1E1E1E1E1E1E1E1E1E1E1E1E1E1E1E1E1E1E1E1E1E1E1E1E1E1E1E1E1E1E1E1E1E1E1E1E1E1E1E1E1E1E1E1E1E1E1E1E1E1E1E1E1E1E1E1E1E1E1E1E1E1E10FE10F0F0F0F0F0F0F0F0F0F0F0F0F0F0F0F0F0F0FE1E1E1E1E1E1E1E1E1E1E10FE10FE1E1E1E1E1E1E1E1E1E1E1E10F0F0F0F
310
0F0F0F0F0F0F0F0F0F0F0F0F0F0F0F0F0F0F0F0F0F0F28E1BEE1E1E1E1E1E1E1E1E1E1E1E1E1E1E1E1E1E1E1E1E1E1E1E1E1E1E1E1E1E1E1E1E1E1E1E1E1E1E1E1E1E1E1E1E1E1E1E1E1E1E1E1E1E1E1E1E1E1E1E1E1E1E1E1E1E1E1E1E1E1E1E1E1E1E1E1E1E1E1E1E1E1E1E1E1E1E1E1E1E1BEE1E1E1E1E1E1E128E1E1E1
310
E1E1E1E1E1E1E1E1E1E1E1E1E1E1E1E1E1E1E1E1E1E1E1E1E1E1E1E1E1E1E1E1E1E1E1E1E1E1E1E1E1E1E1E1E1E1E1E1E1E1E1E1E1E1E1E1E1E1E1E1E1E1E1E1E1E1E1E1E1E1E1E1E1E1E1E1E1E10FE10F0F0F0F0F0F0F0F0F0F0F0F0F0F0F0F0F0F0FE1E1E1E1E1E1E1E1E1E1E10FE10F0F0F0F0F0F0F0F0F0F0F0F0F0F0F
310
0F0F0F0F0F0F0F0F0F0F0F0F0F0F0F0F0F0F0F0F0F0F0F0F28E1BEE1E1E1E1E1E1E1E1E1E1E1E1E1E1E1E1E1E1E1E1E1E1E1E1E1E1E1E1E1E1E1E1E1E1E1E1E1E1E1E1E1E1E1E1E1E1E1E1E1E1E1E1E1E1E1E1E1E1E1E1E1E1E1E1E1E1E1E1E1E1E1E1E1E1E1E1E1E1E1E1E1E1E1E1E1E1E1E1E1E1BEE1E1E1E1E1E1E128E1
310
E1E1E1E1E1E1E1E1E1E1E1E1E1E1E1E1E1E1E1E1E1E1E1E1E1E1E1E1E1E1E1E1E1E1E1E1E1E1E1E1E1E1E1E1E1E1E1E1E1E1E1E1E1E1E1E1E1E1E1E1E1E1E1E1E1E1E1E1E1E1E1E1E1E1E1E1E1E1E1E10F0FE10F0F0F0F0F0F0F0F0F0F0F0F0F0F0F0F0F0F0F0F0F0F0FE1E1E1E1E1E10FE10F0F0F0F0F0F0F0F0F0F0F0F0F
310
0F0F0F0F0F0F0F0FE10F0F0F0F0F0F0F0F0F0FE10FE10FE10FE128E1BEE1E1E1E1E1E1E1E1E1E1E1E1E1E1E1E1E1E1E1E1E1E1E1E1E1E1E1E1E1E1E1E1E1E1E1E1E1E1E1E1E1E1E1E1E1E1E1E1E1E1E1E1E1E1E1E1E1E1E1E1E1E1E1E1E1E1E1E1E1E1E1E1E1E1E1E1E1E1E1E1E1E1E1E1E1E1E1E1E1E1BEE1E1E1E1E1E1E1
310
28E1E1E1E1E1E1E1E1E1E1E1E1E1E1E1E1E1E1E1E1E1E1E1E1E1E1E1E1E1E1E1E1E1E1E1E1E1E1E1E1E1E1E1E1E1E1E1E1E1E1E1E1E1E1E1E1E1E1E1E1E1E1E1E1E1E1E1E1E1E1E1E1E1E1E1E1E1E1E1E1E10FE10F0F0F0F0F0F0F0F0F0F0F0F0FE10F0F0F0F0F0F0F0F0FE1E1E1E1E1E1E10FE10F0F0F0F0FE1E1E1E1E10F
310
0F0F0F0F0F0F0FE1E1E1E1E1E1E1E1E1E1E1E1E1E1E1E1E1E1E1E1E128E1BEE1E1E1E1E1E1E1E1E1E1E1E1E1E1E1E1E1E1E1E1E1E1E1E1E1E1E1E1E1E1E1E1E1E1E1E1E1E1E1E1E1E1E1E1E1E1E1E1E1E1E1E1E1E1E1E1E1E1E1E1E1E1E1E1E1E1E1E1E1E1E1E1E1E1E1E1E1E1E1E1E1E1E1E1E1E1E1E1E1E1BEE1E1E1E1E1
310
E1E128E1E1E1E1E1E1E1E1E1E1E1E1E1E1E1E1E1E1E1E1E1E1E1E1E1E1E1E1E1E1E1E1E1E1E1E1E1E1E1E1E1E1E1E1E1E1E1E1E1E1E1E1E1E1E1E1E1E1E1E1E1E1E1E1E1E1E1E1E1E1E1E1E1E1E1E1E1E1E1E1E10F0F0F0F0F0F0F0F0F0F0F0F0F0F0F0F0F0F0F0F0F0F0F0F0F0F0FE1E1E1E1E10FE10F0F0F0F0FE1E1E1E1
310
E10F0F0F0F0F0F0F0FE1E1E1E1E1E1E1E1E1E1E1E1E1E1E1E1E1E1E1E1E128E1BEE1E1E1E1E1E1E1E1E1E1E1E1E1E1E1E1E1E1E1E1E1E1E1E1E1E1E1E1E1E1E1E1E1E1E1E1E1E1E1E1E1E1E1E1E1E1E1E1E1E1E1E1E1E1E1E1E1E1E1E1E1E1E1E1E1E1E1E1E1E1E1E1E1E1E1E1E1E1E1E1E1E1E1E1E1E1E1E1E1E1BEE1E1E1
310
E1E1E1E128E1E1E1E1E1E1E1E1E1E1E1E1E1E1E1E1E1E1E1E1E1E1E1E1E1E1E1E1E1E1E1E1E1E1E1E1E1E1E1E1E1E1E1E1E1E1E1E1E1E1E1E1E1E1E1E1E1E1E1E1E1E1E1E1E1E1E1E1E1E1E1E1E1E1E1E1E1E1E1E1E10F0F0F0F0F0F0F0F0F0F0F0F0F0F0F0F0F0F0F0F0F0F0F0F0F0F0F0F0F0F0F0F0FE10F0F0F0F0FBE0F
310
0F0F0F0F0F0F0F0F0F0F0F0F0F0F0F0F0F0F0F0F0F0F0F0F0F0F0F0F0F0F0F0F28E1BEE1E1E1E1E1E1E1E1E1E1E1E1E1E1E1E1E1E1E1E1E1E1E1E1E1E1E1E1E1E1E1E1E1E1E1E1E1E1E1E1E1E1E1E1E1E1E1E1E1E1E1E1E1E1E1E1E1E1E1E1E1E1E1E1E1E1E1E1E1E1E1E1E1E1E1E1E1E1E1E1E1E1E1E1E1E1E1E1E1E1BEE1
310
E1E1E1E1E1E128E1E1E1E1E1E1E1E1E1E1E1E1E1E1E1E1E1E1E1E1E1E1E1E1E1E1E1E1E1E1E1E1E1E1E1E1E1E1E1E1E1E1E1E1E1E1E1E1E1E1E1E1E1E1E1E1E1E1E1E1E1E1E1E1E1E1E1E1E1E1E1E1E1E1E1E1E1E1E1E1E1E1E1E1E1E1E1E1E1E1E1E1E1E1E1E1E1E1E1E1E1E1E1E1E1E1E1E1E1E1E1E1E1E1E10FBEBEBEBE
310
BEBEBEBEBEE1E1E10FE1E1E1E1E1E1E1E1E1E1E1E1BEBEBEBEBEBEBEBEBEBEBEBEE128E1BEE1E1E1E1E1E1E1E1E1E1E1E1E1E1E1E1E1E1E1E1E1E1E1E1E1E1E1E1E1E1E1E1E1E1E1E1E1E1E1E1E1E1E1E1E1E1E1E1E1E1E1E1E1E1E1E1E1E1E1E1E1E1E1E1E1E1E1E1E1E1E1E1E1E1E1E1E1E1E1E1E1E1E1E1E1E1E1E1E1E1
310
BEE1E1E1E1E1E1E128E1E1E1E1E1E1E1E1E1E1E1E1E1E1E1E1E1E1E1E1E1E1E1E1E1E1E1E1E1E1E1E1E1E1E1E1E1E1E1E1E1E1E1E1E1E1E1E1E1E1E1E1E1E1E1E1E1E1E1E1E1E1E1E1E1E1E1E1E1E1E1E1E1E1E1E1E1E1E1E1E1E1E1E1E1E1E1E1E1E1E1E1E1E1E1E1E1E1E1E1E1E1E1E1E1E1E1E1E1E1E1E1E1E1E10FBEBE
310
BEBEBEBEBEBEBEBEBEBE0FE1E1E1E1E1E1E1E1E1E1E1E1E1E1E1E1E2E2E2E2E2E2E2E2E128E1BEE1E1E1E1E1E1E1E1E1E1E1E1E1E1E1E1E1E1E1E1E1E1E1E1E1E1E1E1E1E1E1E1E1E1E1E1E1E1E1E1E1E1E1E1E1E1E1E1E1E1E1E1E1E1E1E1E1E1E1E1E1E1E1E1E1E1E1E1E1E1E1E1E1E1E1E1E1E1E1E1E1E1E1E1E1E1E1E1
310
E1E1BEE1E1E1E1E1E1E128E1E1E1E1E1E1E1E1E1E1E1E1E1E1E1E1E1E1E1E1E1E1E1E1E1E1E1E1E1E1E1E1E1E1E1E1E1E1E1E1E1E1E1E1E1E1E1E1E1E1E1E1E1E1E1E1E1E1E1E1E1E1E1E1E1E1E1E1E1E1E1E1E1E1E1E1E1E1E1E1E1E1E1E1E1E1E1E1E1E1E1E1E1E1E1E1E1E1E1E1E1E1E1E1E1E1E1E1E1E1E1E1E1E1E10F
310
BEE1E1E1BEBEE1E1E1E1E1E10FE1E1E1E1E1E1E1E1E1E1E1E1E1E1E1E1E2E2E2E2E2E2E2E2E128E1BEE1E1E1E1E1E1E1E1E1E1E1E1E1E1E1E1E1E1E1E1E1E1E1E1E1E1E1E1E1E1E1E1E1E1E1E1E1E1E1E1E1E1E1E1E1E1E1E1E1E1E1E1E1E1E1E1E1E1E1E1E1E1E1E1E1E1E1E1E1E1E1E1E1E1E1E1E1E1E1E1E1E1E1E1E1E1
310
E1E1E1E1BEE1E1E1E1E1E1E128E1E1E1E1E1E1E1E1E1E1E1E1E1E1E1E1E1E1E1E1E1E1E1E1E1E1E1E1E1E1E1E1E1E1E1E1E1E1E1E1E1E1E1E1E1E1E1E1E1E1E1E1E1E1E1E1E1E1E1E1E1E1E1E1E1E1E1E1E1E1E1E1E1E1E1E1E1E1E1E1E1E1E1E1E1E1E1E1E1E1E1E1E1E1E1E1E1E1E1E1E1E1E1E1E1E1E1E1E1E1E1E1E1E1
310
E10FBEE1E1E1BEBEE1E1E1E1E1E10FE1E1E1E1E1E1E1E1E1E1E1E1E1E1E1E1E1E1E1E1E1E1E1E1E128E1BEE1E1E1E1E1E1E1E1E1E1E1E1E1E1E1E1E1E1E1E1E1E1E1E1E1E1E1E1E1E1E1E1E1E1E1E1E1E1E1E1E1E1E1E1E1E1E1E1E1E1E1E1E1E1E1E1E1E1E1E1E1E1E1E1E1E1E1E1E1E1E1E1E1E1E1E1E1E1E1E1E1E1E1E1
310
E1E1E1E1E1E1BEE1E1E1E1E1E1E128E1E1E1E1E1E1E1E1E1E1E1E1E1E1E1E1E1E1E1E1E1E1E1E1E1E1E1E1E1E1E1E1E1E1E1E1E1E1E1E1E1E1E1E1E1E1E1E1E1E1E1E1E1E1E1E1E1E1E1E1E1E1E1E1E1E1E1E1E1E1E1E1E1E1E1E1E1E1E1E1E1E1E1E1E1E1E1E1E1E1E1E1E1E1E1E1E1E1E1E1E1E1E1E1E1E1E1E1E1E1E1E1
310
E1E1E10FBEE1E1E1BEBEE1E1E1E1E1E10FE1E1E1E1E1E1E1E1E1E1E1E1E1E1E1E1E1E1BEBEBEBEBEBEBE28E1BEE1E1E1E1E1E1E1E1E1E1E1E1E1E1E1E1E1E1E1E1E1E1E1E1E1E1E1E1E1E1E1E1E1E1E1E1E1E1E1E1E1E1E1E1E1E1E1E1E1E1E1E1E1E1E1E1E1E1E1E1E1E1E1E1E1E1E1E1E1E1E1E1E1E1E1E1E1E1E1E1E1E1
310
E1E1E1E1E1E1E1E1BEE1E1E1E1E1E1E128E1E1E1E1E1E1E1E1E1E1E1E1E1E1E1E1E1E1E1E1E1E1E1E1E1E1E1E1E1E1E1E1E1E1E1E1E1E1E1E1E1E1E1E1E1E1E1E1E1E1E1E1E1E1E1E1E1E1E1E1E1E1E1E1E1E1E1E1E1E1E1E1E1E1E1E1E1E1E1E1E1E1E1E1E1E1E1E1E1E1E1E1E1E1E1E1E1E1E1E1E1E1E1E1E1E1E1E1E1E1
310
E1E1E1E1E10FBEE1E1E1BEBEE1E1E1E1E1E10FE1E1E1E1E1E1E1E1E1E1E1E1E1E1E1E1E1BEBEBEBEBEBEBEBE28E1BEE1E1E1E1E1E1E1E1E1E1E1E1E1E1E1E1E1E1E1E1E1E1E1E1E1E1E1E1E1E1E1E1E1E1E1E1E1E1E1E1E1E1E1E1E1E1E1E1E1E1E1E1E1E1E1E1E1E1E1E1E1E1E1E1E1E1E1E1E1E1E1E1E1E1E1E1E1E1E1E1
310
E1E1E1E1E1E1E1E1E1E1BEE1E1E1E1E1E1BE28E1E1E1E1E1E1E1E1E1E1E1E1E1E1E1E1E1E1E1E1E1E1E1E1E1E1E1E1E1E1E1E1E1E1E1E1E1E1E1E1E1E1E1E1E1E1E1E1E1E1E1E1E1E1E1E1E1E1E1E1E1E1E1E1E1E1E1E1E1E1E1E1E1E1E1E1E1E1E1E1E1E1E1E1E1E1E1E1E1E1E1E1E1E1E1E1E1E1E1E1E1E1E1E1E1E1E1E1
310
E1E1E1E1E1E1E10FBEE1E1E1BEBEE1E1E1E1E1E10FE1E1E1E1E1E1E1E1E1E1E1E1E1E1E1E1E1E1BEBEBEBEBEBEBE28E1BEE1E1E1E1E1E1E1E1E1E1E1E1E1E1E1E1E1E1E1E1E1E1E1E1E1E1E1E1E1E1E1E1E1E1E1E1E1E1E1E1E1E1E1E1E1E1E1E1E1E1E1E1E1E1E1E1E1E1E1E1E1E1E1E1E1E1E1E1E1E1E1E1E1E1E1E1E1E1
310
E1E1E1E1E1E1E1E1E1E1E1E1BEE1E1E1E1E1E1BEBEE1E1E1E1E1E1E1E1E1E1E1E1E1E1E1E1E1E1E1E1E1E1E1E1E1E1E1E1E1E1E1E1E1E1E1E1E1E1E1E1E1E1E1E1E1E1E1E1E1E1E1E1E1E1E1E1E1E1E1E1E1E1E1E1E1E1E1E1E1E1E1E1E1E1E1E1E1E1E1E1E1E1E1E1E1E1E1E1E1E1E1E1E1E1E1E1E1E1E1E1E1E1E1E1E1E1
310
E1E1E1E1E1E1E1E1E10FBEE1E1E1BEBEE1E1E1E1E1E10FE1E1E1E1E1E1E1E1E1E1E1E1E1E1E1E1E1E1BEBEBEE1BEE1BE28E1BEE1E1E1E1E1E1E1E1E1E1E1E1E1E1E1E1E1E1E1E1E1E1E1E1E1E1E1E1E1E1E1E1E1E1E1E1E1E1E1E1E1E1E1E1E1E1E1E1E1E1E1E1E1E1E1E1E1E1E1E1E1E1E1E1E1E1E1E1E1E1E1E1E1E1E1E1
310
E1E1E1E1E1E1E1E1E1E1E1E1E1E1BEE1E1E1E1E1E1BEBEE1E1E1E1E1E1E1E1E1E1E1E1E1E1E1E1E1E1E1E1E1E1E1E1E1E1E1E1E1E1E1E1E1E1E1E1E1E1E1E1E1E1E1E1E1E1E1E1E1E1E1E1E1E1E1E1E1E1E1E1E1E1E1E1E1E1E1E1E1E1E1E1E1E1E1E1E1E1E1E1E1E1E1E1E1E1E1E1E1E1E1E1E1E1E1E1E1E1E1E1E1E1E1E1
310
E1E1E1E1E1E1E1E1E1E1E10FBEE1E1E1BEBEE1E1E1E1E1E10FE1E1E1E1E1E1E1E1E1E1E1E1E1E1E1E1E1E1E1E1E1E1E1E1E128E1BEE1E1E1E1E1E1E1E1E1E1E1E1E1E1E1E1E1E1E1E1E1E1E1E1E1E1E1E1E1E1E1E1E1E1E1E1E1E1E1E1E1E1E1E1E1E1E1E1E1E1E1E1E1E1E1E1E1E1E1E1E1E1E1E1E1E1E1E1E1E1E1E1E1E1
310
E1E1E1E1E1E1E1E1E1E1E1E1E1E1E1E1BEE1E1E1E1E1E1BEBEE1E1E1E1E1E1E1E1E1E1E1E1E1E1E1E1E1E1E1E1E1E1E1E1E1E1E1E1E1E1E1E1E1E1E1E1E1E1E1E1E1E1E1E1E1E1E1E1E1E1E1E1E1E1E1E1E1E1E1E1E1E1E1E1E1E1E1E1E1E1E1E1E1E1E1E1E1E1E1E1E1E1E1E1E1E1E1E1E1E1E1E1E1E1E1E1E1E1E1E1E1E1
310
E1E1E1E1E1E1E1E1E1E1E1E1E10FBEE1E1E1BEBEE1E1E1E1E1E10FE1E1E1E1E1E1E1E1E1E1E1E1E1E1E1E1E1E1E1E1E1E1E1E1E128E1BEE1E1E1E1E1E1E1E1E1E1E1E1E1E1E1E1E1E1E1E1E1E1E1E1E1E1E1E1E1E1E1E1E1E1E1E1E1E1E1E1E1E1E1E1E1E1E1E1E1E1E1E1E1E1E1E1E1E1E1E1E1E1E1E1E1E1E1E1E1E1E1E1
310
E1E1E1E1E1E1E1E1E1E1E1E1E1E1E1E1E1E1BEE1E1E1E1E1E1BEBEE1E1E1E1E1E1E1E1E1E1E1E1E1E1E1E1E1E1E1E1E1E1E1E1E1E1E1E1E1E1E1E1E1E1E1E1E1E1E1E1E1E1E1E1E1E1E1E1E1E1E1E1E1E1E1E1E1E1E1E1E1E1E1E1E1E1E1E1E1E1E1E1E1E1E1E1E1E1E1E1E1E1E1E1E1E1E1E1E1E1E1E1E1E1E1E1E1E1E1E1
310
E1E1E1E1E1E1E1E1E1E1E1E1E1E1E10FBEE1E1E1BEBEE1E1E1E1E1E10FE1E1E1E1E1E1E1E1E1E1E1E1E1E1E1E1E1E1E1E1E1E1E1E1E128E1BEE1E1E1E1E1E1E1E1E1E1E1E1E1E1E1E1E1E1E1E1E1E1E1E1E1E1E1E1E1E1E1E1E1E1E1E1E1E1E1E1E1E1E1E1E1E1E1E1E1E1E1E1E1E1E1E1E1E1E1E1E1E1E1E1E1E1E1E1E1E1
310
E1E1E1E1E1E1E1E1E1E1E1E1E1E1E1E1E1E1E1E1BEE1E1E1E1E1E1BEBEE1E1E1E1E1E1E1E1E1E1E1E1E1E1E1E1E1E1E1E1E1E1E1E1E1E1E1E1E1E1E1E1E1E1E1E1E1E1E1E1E1E1E1E1E1E1E1E1E1E1E1E1E1E1E1E1E1E1E1E1E1E1E1E1E1E1E1E1E1E1E1E1E1E1E1E1E1E1E1E1E1E1E1E1E1E1E1E1E1E1E1E1E1E1E1E1E1E1
310
E1E1E1E1E1E1E1E1E1E1E1E1E1E1E1E1E10FBEE1E1E1BEBEE1E1E1E1E1E10FE1E1E1E1E1E1E1E1E1E1E1E1E1E1E1E1E1E1E1E1E1E1E1E1E128E1BEE1E1E1E1E1E1E1E1E1E1E1E1E1E1E1E1E1E1E1E1E1E1E1E1E1E1E1E1E1E1E1E1E1E1E1E1E1E1E1E1E1E1E1E1E1E1E1E1E1E1E1E1E1E1E1E1E1E1E1E1E1E1E1E1E1E1E1E1
310
E1E1E1E1E1E1E1E1E1E1E1E1E1E1E1E1E1E1E1E1E1E1BEE1E1E1E1E1E1BEBEE1E1E1E1E1E1E1E1E1E1E1E1E1E1E1E1E1E1E1E1E1E1E1E1E1E1E1E1E1E1E1E1E1E1E1E1E1E1E1E1E1E1E1E1E1E1E1E1E1E1E1E1E1E1E1E1E1E1E1E1E1E1E1E1E1E1E1E1E1E1E1E1E1E1E1E1E1E1E1E1E1E1E1E1E1E1E1E1E1E1E1E1E1E1E1E1
310
E1E1E1E1E1E1E1E1E1E1E1E1E1E1E1E1E1E1E10F0F0F0F0F0F0F0F0F0F0F0F0F0F0F0F0F0F0F0F0F0F0F0F0F0F0F0F0F0F0F0F0F0F0F0F0F0F0F28E1BEE1E1E1E1E1E1E1E1E1E1E1E1E1E1E1E1E1E1E1E1E1E1E1E1E1E1E1E1E1E1E1E1E1E1E1E1E1E1E1E1E1E1E1E1E1E1E1E1E1E1E1E1E1E1E1E1E1E1E1E1E1E1E1E1E1E1
310
E1E1E1E1E1E1E1E1E1E1E1E1E1E1E1E1E1E1E1E1E1E1E1E1BEE1E1E1E1E1E1BEBEE1E1E1E1E1E1E1E1E1E1E1E1E1E1E1E1E1E1E1E1E1E1E1E1E1E1E1E1E1E1E1E1E1E1E1E1E1E1E1E1E1E1E1E1E1E1E1E1E1E1E1E1E1E1E1E1E1E1E1E1E1E1E1E1E1E1E1E1E1E1E1E1E1E1E1E1E1E1E1E1E1E1E1E1E1E1E1E1E1E1E1E1E1E1
310
E1E1E1E1E1E1E1E1E1E1E1E1E1E1E1E1E1E1E1E1E10FE1E1E1E1E1E1E1E1E1E1E1E1E1E1E1E1E1E1E1E1E1E1E1E2E2E1E1E1E1E1E1E1E1E1E1E1E1E128E1BEE1E1E1E1E1E1E1E1E1E1E1E1E1E1E1E1E1E1E1E1E1E1E1E1E1E1E1E1E1E1E1E1E1E1E1E1E1E1E1E1E1E1E1E1E1E1E1E1E1E1E1E1E1E1E1E1E1E1E1E1E1E1E1E1
310
E1E1E1E1E1E1E1E1E1E1E1E1E1E1E1E1E1E1E1E1E1E1E1E1E1E1BEE1E1E1E1E1E1BEBEE1E1E1E1E1E1E1E1E1E1E1E1E1E1E1E1E1E1E1E1E1E1E1E1E1E1E1E1E1E1E1E1E1E1E1E1E1E1E1E1E1E1E1E1E1E1E1E1E1E1E1E1E1E1E1E1E1E1E1E1E1E1E1E1E1E1E1E1E1E1E1E1E1E1E1E1E1E1E1E1E1E1E1E1E1E1E1E1E1E1E1E1
310
E1E1E1E1E1E1E1E1E1E1E1E1E1E1E1E1E1E1E1E1E1E1E10FE1E1E1E1E1E1E1E1E1E2E2E2E2E2E2E2E2E2E2E2E2E2E2E2E2E1E1E1E1E1E1E1E1E1E1E1E1E128E1BEE1E1E1E1E1E1E1E1E1E1E1E1E1E1E1E1E1E1E1E1E1E1E1E1E1E1E1E1E1E1E1E1E1E1E1E1E1E1E1E1E1E1E1E1E1E1E1E1E1E1E1E1E1E1E1E1E1E1E1E1E1E1
310
E1E1E1E1E1E1E1E1E1E1E1E1E1E1E1E1E1E1E1E1E1E1E1E1E1E1E1E1BEE1E1E1E1E1E1BEBEE1E1E1E1E1E1E1E1E1E1E1E1E1E1E1E1E1E1E1E1E1E1E1E1E1E1E1E1E1E1E1E1E1E1E1E1E1E1E1E1E1E1E1E1E1E1E1E1E1E1E1E1E1E1E1E1E1E1E1E1E1E1E1E1E1E1E1E1E1E1E1E1E1E1E1E1E1E1E1E1E1E1E1E1E1E1E1E1E1E1
310
E1E1E1E1E1E1E1E1E1E1E1E1E1E1E1E1E1E1E1E1E1E1E1E1E10FE1E1E1E1E1E1E1E1E1E2E2E1E1E1E2E1E1E2E1E1E1E2E2E1E1E1E1E1E1E1E1E1E1E1E1E1E1E128E1BEE1E1E1E1E1E1E1E1E1E1E1E1E1E1E1E1E1E1E1E1E1E1E1E1E1E1E1E1E1E1E1E1E1E1E1E1E1E1E1E1E1E1E1E1E1E1E1E1E1E1E1E1E1E1E1E1E1E1E1E1
310
E1E1E1E1E1E1E1E1E1E1E1E1E1E1E1E1E1E1E1E1E1E1E1E1E1E1E1E1E1E1BEE1E1E1E1E1E1BEBEE1E1E1E1E1E1E1E1E1E1E1E1E1E1E1E1E1E1E1E1E1E1E1E1E1E1E1E1E1E1E1E1E1E1E1E1E1E1E1E1E1E1E1E1E1E1E1E1E1E1E1E1E1E1E1E1E1E1E1E1E1E1E1E1E1E1E1E1E1E1E1E1E1E1E1E1E1E1E1E1E1E1E1E1E1E1E1E1
310
E1E1E1E1E1E1E1E1E1E1E1E1E1E1E1E1E1E1E1E1E1E1E1E1E1E1E10FE2E2E2E2E2E2E2E2E2E2E2E2E2E2E2E1E2E2E2E2E2E2E2E2E2E2E2E2E2E2E2E1E1E1E1E1E1E128E1BEE1E1E1E1E1E1E1E1E1E1E1E1E1E1E1E1E1E1E1E1E1E1E1E1E1E1E1E1E1E1E1E1E1E1E1E1E1E1E1E1E1E1E1E1E1E1E1E1E1E1E1E1E1E1E1E1E1E1
310
E1E1E1E1E1E1E1E1E1E1E1E1E1E1E1E1E1E1E1E1E1E1E1E1E1E1E1E1E1E1E1E1BEE1E1E1E1E1E1BEBEE1E1E1E1E1E1E1E1E1E1E1E1E1E1E1E1E1E1E1E1E1E1E1E1E1E1E1E1E1E1E1E1E1E1E1E1E1E1E1E1E1E1E1E1E1E1E1E1E1E1E1E1E1E1E1E1E1E1E1E1E1E1E1E1E1E1E1E1E1E1E1E1E1E1E1E1E1E1E1E1E1E1E1E1E1E1
310
E1E1E1E1E1E1E1E1E1E1E1E1E1E1E1E1E1E1E1E1E1E1E1E1E1E1E1E1E10FE1E2E1E1E2E2E2E1E1E2E2E2E2E2E2E2E2E2E2E2E2E1E2E2E2E2E2E2E2E2E2E1E1E1E1E1E1E128E1BEE1E1E1E1E1E1E1E1E1E1E1E1E1E1E1E1E1E1E1E1E1E1E1E1E1E1E1E1E1E1E1E1E1E1E1E1E1E1E1E1E1E1E1E1E1E1E1E1E1E1E1E1E1E1E1E1
310
E1E1E1E1E1E1E1E1E1E1E1E1E1E1E1E1E1E1E1E1E1E1E1E1E1E1E1E1E1E1E1E1E1E1BEE1E1E1E1E1E1BEBEE1E1E1E1E1E1E1E1E1E1E1E1E1E1E1E1E1E1E1E1E1E1E1E1E1E1E1E1E1E1E1E1E1E1E1E1E1E1E1E1E1E1E1E1E1E1E1E1E1E1E1E1E1E1E1E1E1E1E1E1E1E1E1E1E1E1E1E1E1E1E1E1E1E1E1E1E1E1E1E1E1E1E1E1
310
E1E1E1E1E1E1E1E1E1E1E1E1E1E1E1E1E1E1E1E1E1E1E1E1E1E1E1E1E1E1E10FE1E1E1E1E1E1E1E1E1E1E1E1E1E1E1E1E1E1E1E1E1E1E1E1E1E1E1E1E1E1E1E1E1E1E1E1E1E128E1BEE1E1E1E1E1E1E1E1E1E1E1E1E1E1E1E1E1E1E1E1E1E1E1E1E1E1E1E1E1E1E1E1E1E1E1E1E1E1E1E1E1E1E1E1E1E1E1E1E1E1E1E1E1E1
310
E1E1E1E1E1E1E1E1E1E1E1E1E1E1E1E1E1E1E1E1E1E1E1E1E1E1E1E1E1E1E1E1E1E1E1E1BEE1E1E1E1E1E1BEBEE1E1E1E1E1E1E1E1E1E1E1E1E1E1E1E1E1E1E1E1E1E1E1E1E1E1E1E1E1E1E1E1E1E1E1E1E1E1E1E1E1E1E1E1E1E1E1E1E1E1E1E1E1E1E1E1E1E1E1E1E1E1E1E1E1E1E1E1E1E1E1E1E1E1E1E1E1E1E1E1E1E1
310
E1E1E1E1E1E1E1E1E1E1E1E1E1E1E1E1E1E1E1E1E1E1E1E1E1E1E1E1E1E1E1E1E10FE1E1E1E1E1E1E1E1E1E2E2E2E2E2E2E2E2E2E2E2E2E2E2E2E2E2E2E2E2E1E1E1E1E1E1E1E1E128E1BEE1E1E1E1E1E1E1E1E1E1E1E1E1E1E1E1E1E1E1E1E1E1E1E1E1E1E1E1E1E1E1E1E1E1E1E1E1E1E1E1E1E1E1E1E1E1E1E1E1E1E1E1
310
E1E1E1E1E1E1E1E1E1E1E1E1E1E1E1E1E1E1E1E1E1E1E1E1E1E1E1E1E1E1E1E1E1E1E1E1E1E1BEE1E1E1E1E1E1BEBEE1E1E1E1E1E1E1E1E1E1E1E1E1E1E1E1E1E1E1E1E1E1E1E1E1E1E1E1E1E1E1E1E1E1E1E1E1E1E1E1E1E1E1E1E1E1E1E1E1E1E1E1E1E1E1E1E1E1E1E1E1E1E1E1E1E1E1E1E1E1E1E1E1E1E1E1E1E1E1E1
310
E1E1E1E1E1E1E1E1E1E1E1E1E1E1E1E1E1E1E1E1E1E1E1E1E1E1E1E1E1E1E1E1E1E1E10FE1E1E1E1E1E1E1E1E1E2E2E2E2E2E2E2E2E2E2E2E2E2E2E2E2E2E2E2E2E1E1E1E1E1E1E1E1E128E1BEE1E1E1E1E1E1E1E1E1E1E1E1E1E1E1E1E1E1E1E1E1E1E1E1E1E1E1E1E1E1E1E1E1E1E1E1E1E1E1E1E1E1E1E1E1E1E1E1E1E1
310
E1E1E1E1E1E1E1E1E1E1E1E1E1E1E1E1E1E1E1E1E1E1E1E1E1E1E1E1E1E1E1E1E1E1E1E1E1E1E1E1BEE1E1E1E1E1E1BEBEE1E1E1E1E1E1E1E1E1E1E1E1E1E1E1E1E1E1E1E1E1E1E1E1E1E1E1E1E1E1E1E1E1E1E1E1E1E1E1E1E1E1E1E1E1E1E1E1E1E1E1E1E1E1E1E1E1E1E1E1E1E1E1E1E1E1E1E1E1E1E1E1E1E1E1E1E1E1
310
E1E1E1E1E1E1E1E1E1E1E1E1E1E1E1E1E1E1E1E1E1E1E1E1E1E1E1E1E1E1E1E1E1E1E1E1E10FE2E2E2E2E2E2E2E2E2E2E2E2E2E2E2E1E2E2E2E2E1E1E2E2E2E1E2E2E1E2E1E1E1E1E1E1E1E128E1BEE1E1E1E1E1E1E1E1E1E1E1E1E1E1E1E1E1E1E1E1E1E1E1E1E1E1E1E1E1E1E1E1E1E1E1E1E1E1E1E1E1E1E1E1E1E1E1E1
310
E1E1E1E1E1E1E1E1E1E1E1E1E1E1E1E1E1E1E1E1E1E1E1E1E1E1E1E1E1E1E1E1E1E1E1E1E1E1E1E1E1E1BEE1E1E1E1E1E1BEBEE1E1E1E1E1E1E1E1E1E1E1E1E1E1E1E1E1E1E1E1E1E1E1E1E1E1E1E1E1E1E1E1E1E1E1E1E1E1E1E1E1E1E1E1E1E1E1E1E1E1E1E1E1E1E1E1E1E1E1E1E1E1E1E1E1E1E1E1E1E1E1E1E1E1E1E1
310
E1E1E1E1E1E1E1E1E1E1E1E1E1E1E1E1E1E1E1E1E1E1E1E1E1E1E1E1E1E1E1E1E1E1E1E1E1E1E10FE2E2E2E2E2E2E2E2E2E2E2E1E2E2E2E2E2E2E2E2E2E2E2E2E2E2E2E2E2E2E1E1E1E1E1E1E1E128E1BEE1E1E1E1E1E1E1E1E1E1E1E1E1E1E1E1E1E1E1E1E1E1E1E1E1E1E1E1E1E1E1E1E1E1E1E1E1E1E1E1E1E1E1E1E1E1
310
E1E1E1E1E1E1E1E1E1E1E1E1E1E1E1E1E1E1E1E1E1E1E1E1E1E1E1E1E1E1E1E1E1E1E1E1E1E1E1E1E1E1E1E1BEE1E1E1E1E1E1BEBEE1E1E1E1E1E1E1E1E1E1E1E1E1E1E1E1E1E1E1E1E1E1E1E1E1E1E1E1E1E1E1E1E1E1E1E1E1E1E1E1E1E1E1E1E1E1E1E1E1E1E1E1E1E1E1E1E1E1E1E1E1E1E1E1E1E1E1E1E1E1E1E1E1E1
310
E1E1E1E1E1E1E1E1E1E1E1E1E1E1E1E1E1E1E1E1E1E1E1E1E1E1E1E1E1E1E1E1E1E1E1E1E1E1E1E1E10FE1E2E1E2E2E2E1E2E1E2E2E1E2E2E2E1E2E2E2E2E1E1E2E2E2E1E2E2E2E2E1E1E1E1E1E1E1E128E1BEE1E1E1E1E1E1E1E1E1E1E1E1E1E1E1E1E1E1E1E1E1E1E1E1E1E1E1E1E1E1E1E1E1E1E1E1E1E1E1E1E1E1E1E1
310
E1E1E1E1E1E1E1E1E1E1E1E1E1E1E1E1E1E1E1E1E1E1E1E1E1E1E1E1E1E1E1E1E1E1E1E1E1E1E1E1E1E1E1E1E1E1BEE1E1E1E1E1E1BEBEE1E1E1E1E1E1E1E1E1E1E1E1E1E1E1E1E1E1E1E1E1E1E1E1E1E1E1E1E1E1E1E1E1E1E1E1E1E1E1E1E1E1E1E1E1E1E1E1E1E1E1E1E1E1E1E1E1E1E1E1E1E1E1E1E1E1E1E1E1E1E1E1
310
E1E1E1E1E1E1E1E1E1E1E1E1E1E1E1E1E1E1E1E1E1E1E1E1E1E1E1E1E1E1E1E1E1E1E1E1E1E1E1E1E1E1E10F0F0F0F0F0F0F0F0F0F0F0F0F0F0F0F0F0F0F0F0F0F0F0F0F0F0F0F0F0F0F0F0F0F0F0F0F0F0F28E1BEE1E1E1E1E1E1E1E1E1E1E1E1E1E1E1E1E1E1E1E1E1E1E1E1E1E1E1E1E1E1E1E1E1E1E1E1E1E1E1E1E1E1
310
E1E1E1E1E1E1E1E1E1E1E1E1E1E1E1E1E1E1E1E1E1E1E1E1E1E1E1E1E1E1E1E1E1E1E1E1E1E1E1E1E1E1E1E1E1E1E1E1BEE1E1E1E1E1E1BEBEE1E1E1E1E1E1E1E1E1E1E1E1E1E1E1E1E1E1E1E1E1E1E1E1E1E1E1E1E1E1E1E1E1E1E1E1E1E1E1E1E1E1E1E1E1E1E1E1E1E1E1E1E1E1E1E1E1E1E1E1E1E1E1E1E1E1E1E1E1E1
310
E1E1E1E1E1E1E1E1E1E1E1E1E1E1E1E1E1E1E1E1E1E1E1E1E1E1E1E1E1E1E1E1E1E1E1E1E1E1E1E1E1E1E1E1E10FBEE1E1E1E1E1E1E1E1E1E1E1E1E1E1E1E1E1E1E1E1E1E1E1E1E1E1E1E1E1E1E1E1E1E1E1E1E128E1BEE1E1E1E1E1E1E1E1E1E1E1E1E1E1E1E1E1E1E1E1E1E1E1E1E1E1E1E1E1E1E1E1E1E1E1E1E1E1E1E1
310
E1E1E1E1E1E1E1E1E1E1E1E1E1E1E1E1E1E1E1E1E1E1E1E1E1E1E1E1E1E1E1E1E1E1E1E1E1E1E1E1E1E1E1E1E1E1E1E1E1E1BEE1E1E1E1E1E1BEBEE1E1E1E1E1E1E1E1E1E1E1E1E1E1E1E1E1E1E1E1E1E1E1E1E1E1E1E1E1E1E1E1E1E1E1E1E1E1E1E1E1E1E1E1E1E1E1E1E1E1E1E1E1E1E1E1E1E1E1E1E1E1E1E1E1E1E1E1
310
E1E1E1E1E1E1E1E1E1E1E1E1E1E1E1E1E1E1E1E1E1E1E1E1E1E1E1E1E1E1E1E1E1E1E1E1E1E1E1E1E1E1E1E1E1E1E10FBEBEBEBEBEBEBEBEBEBEBEBEBEBEBEBEBEBEBEBEBEBEBEBEBEBEBEBEBEBEBEBEBEBEBEBEE1E128E1BEE1E1E1E1E1E1E1E1E1E1E1E1E1E1E1E1E1E1E1E1E1E1E1E1E1E1E1E1E1E1E1E1E1E1E1E1E1E1
310
E1E1E1E1E1E1E1E1E1E1E1E1E1E1E1E1E1E1E1E1E1E1E1E1E1E1E1E1E1E1E1E1E1E1E1E1E1E1E1E1E1E1E1E1E1E1E1E1E1E1E1E1BEE1E1E1E1E1E1BEBEE1E1E1E1E1E1E1E1E1E1E1E1E1E1E1E1E1E1E1E1E1E1E1E1E1E1E1E1E1E1E1E1E1E1E1E1E1E1E1E1E1E1E1E1E1E1E1E1E1E1E1E1E1E1E1E1E1E1E1E1E1E1E1E1E1E1
310
E1E1E1E1E1E1E1E1E1E1E1E1E1E1E1E1E1E1E1E1E1E1E1E1E1E1E1E1E1E1E1E1E1E1E1E1E1E1E1E1E1E1E1E1E1E1E1E1E10FE1E1E1E1E1E1E1E1E1E1E1E1E1E1E1E1E1E1E1E1E1E1E1E1E1E1E1E1E1E1E1E1E1E1E1E1E1E128E1BEE1E1E1E1E1E1E1E1E1E1E1E1E1E1E1E1E1E1E1E1E1E1E1E1E1E1E1E1E1E1E1E1E1E1E1E1
310
E1E1E1E1E1E1E1E1E1E1E1E1E1E1E1E1E1E1E1E1E1E1E1E1E1E1E1E1E1E1E1E1E1E1E1E1E1E1E1E1E1E1E1E1E1E1E1E1E1E1E1E1E1E1BEE1E1E1E1E1E1BEBEE1E1E1E1E1E1E1E1E1E1E1E1E1E1E1E1E1E1E1E1E1E1E1E1E1E1E1E1E1E1E1E1E1E1E1E1E1E1E1E1E1E1E1E1E1E1E1E1E1E1E1E1E1E1E1E1E1E1E1E1E1E1E1E1
310
E1E1E1E1E1E1E1E1E1E1E1E1E1E1E1E1E1E1E1E1E1E1E1E1E1E1E1E1E1E1E1E1E1E1E1E1E1E1E1E1E1E1E1E1E1E1E1E1E1E1E10FE1E1E1E1E1E1E1E1E1E2E2E2E2E2E2E2E2E2E2E2E2E2E2E2E2E2E1E1E1E1E1E1E1E1E1E1E1E128E1BEE1E1E1E1E1E1E1E1E1E1E1E1E1E1E1E1E1E1E1E1E1E1E1E1E1E1E1E1E1E1E1E1E1E1
310
E1E1E1E1E1E1E1E1E1E1E1E1E1E1E1E1E1E1E1E1E1E1E1E1E1E1E1E1E1E1E1E1E1E1E1E1E1E1E1E1E1E1E1E1E1E1E1E1E1E1E1E1E1E1E1E1BEE1E1E1E1E1E1BEBEE1E1E1E1E1E1E1E1E1E1E1E1E1E1E1E1E1E1E1E1E1E1E1E1E1E1E1E1E1E1E1E1E1E1E1E1E1E1E1E1E1E1E1E1E1E1E1E1E1E1E1E1E1E1E1E1E1E1E1E1E1E1
310
E1E1E1E1E1E1E1E1E1E1E1E1E1E1E1E1E1E1E1E1E1E1E1E1E1E1E1E1E1E1E1E1E1E1E1E1E1E1E1E1E1E1E1E1E1E1E1E1E1E1E1E1E10FE1E1E1E1E1E1E1E1E1E2E2E2E2E2E2E2E1E2E2E2E2E2E2E2E2E2E1E1E1E1E1E1E1E1E1E1E1E128E1BEE1E1E1E1E1E1E1E1E1E1E1E1E1E1E1E1E1E1E1E1E1E1E1E1E1E1E1E1E1E1E1E1
310
E1E1E1E1E1E1E1E1E1E1E1E1E1E1E1E1E1E1E1E1E1E1E1E1E1E1E1E1E1E1E1E1E1E1E1E1E1E1E1E1E1E1E1E1E1E1E1E1E1E1E1E1E1E1E1E1E1E1BEE1E1E1E1E1E1BEBEE1E1E1E1E1E1E1E1E1E1E1E1E1E1E1E1E1E1E1E1E1E1E1E1E1E1E1E1E1E1E1E1E1E1E1E1E1E1E1E1E1E1E1E1E1E1E1E1E1E1E1E1E1E1E1E1E1E1E1E1
310
E1E1E1E1E1E1E1E1E1E1E1E1E1E1E1E1E1E1E1E1E1E1E1E1E1E1E1E1E1E1E1E1E1E1E1E1E1E1E1E1E1E1E1E1E1E1E1E1E1E1E1E1E1E1E10FE10F0F0F0F0F0F0F0F0FE10F0F0F0F0F0F0F0F0F0F0F0F0F0F0F0FE1E1E1E1E1E1E1E1E1E1E128E1BEE1E1E1E1E1E1E1E1E1E1E1E1E1E1E1E1E1E1E1E1E1E1E1E1E1E1E1E1E1E1
310
E1E1E1E1E1E1E1E1E1E1E1E1E1E1E1E1E1E1E1E1E1E1E1E1E1E1E1E1E1E1E1E1E1E1E1E1E1E1E1E1E1E1E1E1E1E1E1E1E1E1E1E1E1E1E1E1E1E1E1E1BEE1E1E1E1E1E1BEBEE1E1E1E1E1E1E1E1E1E1E1E1E1E1E1E1E1E1E1E1E1E1E1E1E1E1E1E1E1E1E1E1E1E1E1E1E1E1E1E1E1E1E1E1E1E1E1E1E1E1E1E1E1E1E1E1E1E1
310
E1E1E1BEE1E1E1E1E1E1E1E1E1E1E1E1E1E1E1E1E1E1E1E1E1E1E1E1E1E1E1E1E1E1E1E1E1E1E1E1E1E1E1E1E1E1E1E1E1E1E1E1E1E1E1E1E10FE10F0F0F0F0F0F0F0F0F0F0F0FE10FE10F0F0F0F0F0F0F0F0F0F0FE1E1E1E1E1E1E1E1E1E1E128E1BEE1E1E1E1E1E1E1E1E1E1E1E1E1E1E1E1E1E1E1E1E1E1E1E1E1E1E1E1
310
E1E1E1E1E1E1E1E1E1E1E1E1E1E1E1E1E1E1E1E1E1E1E1E1E1E1E1E1E1E1E1E1E1E1E1E1E1E1E1E1E1E1E1E1E1E1E1E1E1E1E1E1E1E1E1E1E1E1E1E1E1E1BEE1E1E1E1E1E1BEBEE1E1E1E1E1E1E1E1E1E1E1E1E1E1E1E1E1E1E1E1E1E1E1E1E1E1E1E1E1E1E1E1E2E2E2E2E2E2E2E2E2E2E2E2E2E2E2E2E2E2E2E2E2E2E2E2
310
E2E2E2E2E2BEE2E2E2E2E2E2E2E2E2E2E2E2E2E2E2E2E2E2E2E2E2E2E2E2E2E2E2E2E2E2BEE2BEE1E1E1E1E1E1E1E1E1E1E2E1E1E1E1E1E1E1E1E10F0F0F0F0F0F0F0F0F0F0F0F0F0F0F0F0F0F0F0F0F0F0F0F0F0F0F0F0F0F0F0F0F0F0F0F0F0F0F28E1BEE1E1E1E1E1E1E1E1E1E1E1E1E1E1E1E1E1E1E1E1E1E1E1E1E1E1
310
E1E1E1E1E1E1E1E1E1E1E1E1E1E1E1E1E1E1E1E1E1E1E1E1E1E1E1E1E1E1E1E1E1E1E1E1E1E1E1E1E1E1E1E1E1E1E1E1E1E1E1E1E1E1E1E1E1E1E1E1E1E1E1E1BEE1E1E1E1E1E1BEBEE1E1E1E1E1E1E1E1E1E1E1E1E1E1E1E1E1E1E1E1E1E1E1E1E1E1E1E1E1E1E1E1E2E1E1E1E1E1E1E1E1E1E1E1E1E1E1E1E1E1E1E1E1E1
310
E1E1E1E1E1E1E1BEE1E1E1E1E1E1E1E1E1E1E1E1E1E1E1E1E1E1E1E1E1E1E1E1E1E1E1E1E1E2E1BEE1E1E1E1E1E1E1E1E1E1E1E2E1E1E1E1E1E1E1E1E10FBEBEBEBEBEE1E1E1E1E2E1E2E1E1E1E1E1E1E1E1E1E1E1E1E1E1E1E1E1E1E1E10F0F0F0F0F0F28E1BEE1E1E1E1E1E1E1E1E1E1E1E1E1E1E1E1E1E1E1E1E1E1E1E1
310
E1E1E1E1E1E1E1E1E1E1E1E1E1E1E1E1E1E1E1E1E1E1E1E1E1E1E1E1E1E1E1E1E1E1E1E1E1E1E1E1E1E1E1E1E1E1E1E1E1E1E1E1E1E1E1E1E1E1E1E1E1E1E1E1E1E1BEE1E1E1E1E1E1BE28E1E1E1E1E1E1E1E1E1E1E1E1E1E1E1E1E1E1E1E1E1E1E1E1E1E1E1E1E1E1E1E1E2E1E1E1E1E1E1E1E1E1E1E1E1E1E1E1E1E1E1E1
310
E1E1E1E1E1E1E1E1E1BEE1E1E1E1E1E1E1E1E1E1E1E1E1E1E1E1E1E1E1E1E1E1E1E1E1E1E1E1E1E2E1BEE1E1E1E1E1E1E1E1E1E1E1E2E1E1E1E1E1E1E1E1E10FE1BEBEBEBEE1E1E1E1E2E2E2E1E1E1E1E1E1E1E1E1E1E1E1E1E1E1E1E1E1E1BE0FBEBEBEBEBE28E1BEE1E1E1E1E1E1E1E1E1E1E1E1E1E1E1E1E1E1E1E1E1E1
310
E1E1E1E1E1E1E1E1E1E1E1E1E1E1E1E1E1E1E1E1E1E1E1E1E1E1E1E1E1E1E1E1E1E1E1E1E1E1E1E1E1E1E1E1E1E1E1E1E1E1E1E1E1E1E1E1E1E1E1E1E1E1E1E1E1E1E1E1BEE1E1E1E1E1E1BEBEE1E1E1E1E1E1E1E1E1E1E1E1E1E1E1E1E1E1E1E1E1E1E1E1E1E1E1E1E1E1E1E1E2E1E1E1E1E1E1E1E1E1E1E1E1E1E1E1E1E1
310
E1E1E1E1E1E1E1E1E1E1E1BEE1E1E1E1E1E1E1E1E1E1E1E1E1E1E1E1E1E1E1E1E1E1E1E1E1E1E1E1E1E2E1BEE1E1E1E1E1E1E1E1E1E1E1E2E1E1E1E1E1E1E1E1E10FBEBEBEBEBEBEBEBEE1E2E1E2E1E1E1E1E1E1E1E1E1E1E1E1E1E1E1E1E1E1E1E1E10F0F0F0F0F28E1BEE1E1E1E1E1E1E1E1E1E1E1E1E1E1E1E1E1E1E1E1
310
E1E1E1E1E1E1E1E1E1E1E1E1E1E1E1E1E1E1E1E1E1E1E1E1E1E1E1E1E1E1E1E1E1E1E1E1E1E1E1E1E1E1E1E1E1E1E1E1E1E1E1E1E1E1E1E1E1E1E1E1E1E1E1E1E1E1E1E1E1E1BEE1E1E1E1E1E1BEBEE1E1E1E1E1E1E1E1E1E1E1E1E1E1E1E1E1E1E1E1E1E1E1E1E1E1E1E1E1E1E1E1E2E1E1E1E1E1E1E1E1E1E1E1E1E1E1E1
310
E1E1E1E1E1E1E1E1E1E1E1E1E1BEE1E1E1E1E1E1E1E1E1E1E1E1E1E1E1E1E1E1E1E1E1E1E1E1E1E1E1E1E1E2E1BEE1E1E1E1E1E1E1E1E1E1E1E2E1E1E1E1E1E1E1E1E10FE1E1E1E1E1E1E1E10F0F0F0F0F0F0F0F0F0F0F0F0F0F0F0F0F0F0F0F0F0FE1E1E1E1E1E1E1E128E1BEE1E1E1E1E1E1E1E1E1E1E1E1E1E1E1E1E1E1
310
E1E1E1E1E1E1E1E1E1E1E1E1E1E1E1E1E1E1E1E1E1E1E1E1E1E1E1E1E1E1E1E1E1E1E1E1E1E1E1E1E1E1E1E1E1E1E1E1E1E1E1E1E1E1E1E1E1E1E1E1E1E1E1E1E1E1E1E1E1E1E1E1BEE1E1E1E1E1E1BEBEE1E1E1E1E1E1E1E1E1E1E1E1E1E1E1E1E1E1E1E1E1E1E1E1E1E1E1E1E1E1E1E1E2E1E1E1E1E1E1E1E1E1E1E1E1E1
310
E1E1E1E1E1E1E1E1E1E1E1E1E1E1E1BEE1E1E1E1E1E1E1E1E1E1E1E1E1E1E1E1E1E1E1E1E1E1E1E1E1E1E1E1E1E2E1BEE1E1E1E1E1E1E1E1E1E1E1E2E1E1E1E1E1E1E1E1E10FBEBEBEBEBEBEBEE1E10F0F0F0F0F0F0F0F0F0F0F0F0F0F0F0F0F0F0F0F0F0FE1E1E1E1E1E1E128E1BEE1E1E1E1E1E1E1E1E1E1E1E1E1E1E1E1
310
E1E1E1E1E1E1E1E1E1E1E1E1E1E1E1E1E1E1E1E1E1E1E1E1E1E1E1E1E1E1E1E1E1E1E1E1E1E1E1E1E1E1E1E1E1E1E1E1E1E1E1E1E1E1E1E1E1E1E1E1E1E1E1E1E1E1E1E1E1E1E1E1E1E1BEE1E1E1E1E1E1BEBEE1E1E1E1E1E1E1E1E1E1E1E1E1E1E1E1E1E1E1E1E1E1E1E1E1E1E1E1E1E1E1E1E2E1E1E1E1E1E1E1E1E1E1E1
310
E1E1E1E1E1E1E1E1E1E1E1E1E1E1E1E1E1BEE1E1E1E1E1E1E1E1E1E1E1E1E1E1E1E1E1E1E1E1E1E1E1E1E1E1E1E1E1E2E1BEE1E1E1E1E1E1E1E1E1E1E1E2E1E1E1E1E1E1E1E1E10FBEBEBEBEBEBEBEE10F0F0F0F0F0F0F0F0F0F0F0F0F0F0F0F0F0FE1E1E1E1E1E1E1E1E1E1E1E128E1BEE1E1E1E1E1E1E1E1E1E1E1E1E1E1
310
E1E1E1E1E1E1E1E1E1E1E1E1E1E1E1E1E1E1E1E1E1E1E1E1E1E1E1E1E1E1E1E1E1E1E1E1E1E1E1E1E1E1E1E1E1E1E1E1E1E1E1E1E1E1E1E1E1E1E1E1E1E1E1E1E1E1E1E1E1E1E1E1E1E1E1E1BEE1E1E1E1E1E1BEBEE1E1E1E1E1E1E1E1E1E1E1E1E1E1E1E1E1E1E1E1E1E1E1E1E1E1E1E1E1E1E1E1E2E1E1E1E1E1E1E1E1E1
310
E1E1E1E1E1E1E1E1E1E1E1E1E1E1E1E1E1E1E1BEE1E1E1E1E1E1E1E1E1E1E1E1E1E1E1E1E1E1E1E1E1E1E1E1E1E1E1E1E1E2E1BEE1E1E1E1E1E1E1E1E1E1E1E2E1E1E1E1E1E1E1E1E10FE1E1E1E1E1E1E1E1E10F0FE10F0FE1E1E1E10FE10F0F0F0F0F0FE1E1E1E1E10FE1E1E1E1E1E128E1BEE1E1E1E1E1E1E1E1E1E1E1E1
310
E1E1E1E1E1E1E1E1E1E1E1E1E1E1E1E1E1E1E1E1E1E1E1E1E1E1E1E1E1E1E1E1E1E1E1E1E1E1E1E1E1E1E1E1E1E1E1E1E1E1E1E1E1E1E1E1E1E1E1E1E1E1E1E1E1E1E1E1E1E1E1E1E1E1E1E1E1E1BEE1E1E1E1E1E1BEBEE1E1E1E1E1E1E1E1E1E1E1E1E1E1E1E1E1E1E1E1E1E1E1E1E1E1E1E1E1E1E1E1E2E1E1E1E1E1E1E1
310
E1E1E1E1E1E1E1E1E1E1E1E1E1E1E1E1E1E1E1E1E1BEE1E1E1E1E1E1E1E1E1E1E1E1E1E1E1E1E1E1E1E1E1E1E1E1E1E1E1E1E1E2E1BEE1E1E1E1E1E1E1E1E1E1E1E2E1E1E1E1E1E1E1E1E10FE1E1E1E1E1E1E1E10F0F0F0F0F0F0F0F0F0F0F0F0F0F0F0F0F0F0F0F0F0F0F0FE1E1E1E1E1E128E1BEE1E1E1E1E1E1E1E1E1E1
310
E1E1E1E1E1E1E1E1E1E1E1E1E1E1E1E1E1E1E1E1E1E1E1E1E1E1E1E1E1E1E1E1E1E1E1E1E1E1E1E1E1E1E1E1E1E1E1E1E1E1E1E1E1E1E1E1E1E1E1E1E1E1E1E1E1E1E1E1E1E1E1E1E1E1E1E1E1E1E1E1BEE1E1E1E1E1E1BEBEE1E1E1E1E1E1E1E1E1E1E1E1E1E1E1E1E1E1E1E1E1E1E1E1E1E1E1E1E1E1E1E1E2E1E1E1E1E1
310
E1E1E1E1E1E1E1E1E1E1E1E1E1E1E1E1E1E1E1E1E1E1E1BEE1E1E1E1E1E1E1E1E1E1E1E1E1E1E1E1E1E1E1E1E1E1E1E1E1E1E1E1E1E2E1BEE1E1E1E1E1E1E1E1E1E1E1E2E1E1E1E1E1E1E1E1E10FBEBEBEBEBEBEBEE10F0F0F0F0F0F0F0F0F0F0F0F0F0F0F0F0FE1E1E1E1E1E1E1E1E1E1E1E1E128E1BEE1E1E1E1E1E1E1E1
310
E1E1E1E1E1E1E1E1E1E1E1E1E1E1E1E1E1E1E1E1E1E1E1E1E1E1E1E1E1E1E1E1E1E1E1E1E1E1E1E1E1E1E1E1E1E1E1E1E1E1E1E1E1E1E1E1E1E1E1E1E1E1E1E1E1E1E1E1E1E1E1E1E1E1E1E1E1E1E1E1E1E1BEE1E1E1E1E1E1BEBEE1E1E1E1E1E1E1E1E1E1E1E1E1E1E1E1E1E1E1E1E1E1E1E1E1E1E1E1E1E1E1E1E2E1E1E1
310
E1E1E1E1E1E1E1E1E1E1E1E1E1E1E1E1E1E1E1E1E1E1E1E1E1BEE1E1E1E1E1E1E1E1E1E1E1E1E1E1E1E1E1E1E1E1E1E1E1E1E1E1E1E1E1E2E1BEE1E1E1E1E1E1E1E1E1E1E1E2E1E1E1E1E1E1E1E1E10F0FBEBE0FBEBE0F0F0F0F0F0F0F0F0F0F0F0F0F0F0F0F0F0F0F0F0F0F0F0F0F0F0F0F0F0F0F0F28E1BEE1E1E1E1E1E1
310
E1E1E1E1E1E1E1E1E1E1E1E1E1E1E1E1E1E1E1E1E1E1E1E1E1E1E1E1E1E1E1E1E1E1E1E1E1E1E1E1E1E1E1E1E1E1E1E1E1E1E1E1E1E1E1E1E1E1E1E1E1E1E1E1E1E1E1E1E1E1E1E1E1E1E1E1E1E1E1E1E1E1E1E1BEE1E1E1E1E1E1BEBEE1E1E1E1E1E1E1E1E1E1E1E1E1E1E1E1E1E1E1E1E1E1E1E1E1E1E1E1E1E1E1E1E2E1
310
E1E1E1E1E1E1E1E1E1E1E1E1E1E1E1E1E1E1E1E1E1E1E1E1E1E1E1BEE1E1E1E1E1E1E1E1E1E1E1E1E1E1E1E1E1E1E1E1E1E1E1E1E1E1E1E1E1E2E1BEE1E1E1E1E1E1E1E1E1E1E1E2E1E1E1E1E1E1E1E1E10FE1E1E1E1E1E1E1E1E1E1E1E1E1E1E1E1E1E1E1E1E1E1E1E1E1E1E1E1E1E1E1E1E1E1E1E1E1E128E1BEE1E1E1E1
310
E1E1E1E1E1E1E1E1E1E1E1E1E1E1E1E1E1E1E1E1E1E1E1E1E1E1E1E1E1E1E1E1E1E1E1E1E1E1E1E1E1E1E1E1E1E1E1E1E1E1E1E1E1E1E1E1E1E1E1E1E1E1E1E1E1E1E1E1E1E1E1E1E1E1E1E1E1E1E1E1E1E1E1E1E1E1BEE1E1E1E1E1E1BEBEE1E1E1E1E1E1E1E1E1E1E1E1E1E1E1E1E1E1E1E1E1E1E1E1E1E1E1E1E1E1E1E1
310
E2E1E1E1E1E1E1E1E1E1E1E1E1E1E1E1E1E1E1E1E1E1E1E1E1E1E1E1E1BEE1E1E1E1E1E1E1E1E1E1E1E1E1E1E1E1E1E1E1E1E1E1E1E1E1E1E1E1E1E2E1BEE1E1E1E1E1E1E1E1E1E1E1E2E1E1E1E1E1E1E1E1E10FE10FE1E1E1E1E1E1E1E1E1E1E1E1E1E1E1E1E1E1E1E1E1E1E1E1E1E1E1E1E1E1E1E1E1E1E1E128E1BEE1E1
310
E1E1E1E1E1E1E1E1E1E1E1E1E1E1E1E1E1E1E1E1E1E1E1E1E1E1E1E1E1E1E1E1E1E1E1E1E1E1E1E1E1E1E1E1E1E1E1E1E1E1E1E1E1E1E1E1E1E1E1E1E1E1E1E1E1E1E1E1E1E1E1E1E1E1E1E1E1E1E1E1E1E1E1E1E1E1E1E1BEE1E1E1E1E1E1BEBEE1E1E1E1E1E1E1E1E1E1E1E1E1E1E1E1E1E1E1E1E1E1E1E1E1E1E1E1E1E1
310
E1E1E2E1E1E1E1E1E1E1E1E1E1E1E1E1E1E1E1E1E1E1E1E1E1E1E1E1E1E1E1BEE1E1E1E1E1E1E1E1E1E1E1E1E1E1E1E1E1E1E1E1E1E1E1E1E1E1E1E1E1E2E1BEE1E1E1E1E1E1E1E1E1E1E1E2E1E1E1E1E1E1E1E1E10FBEBEBEBEBEBEBEE10F0FE1E1E1E1E1E1E1E1E1E1E1E1E1E1E1E1E1E1E1E1E1E1E1E1E1E1E1E128E1BE
310
E1E1E1E1E1E1E1E1E1E1E1E1E1E1E1E1E1E1E1E1E1E1E1E1E1E1E1E1E1E1E1E1E1E1E1E1E1E1E1E1E1E1E1E1E1E1E1E1E1E1E1E1E1E1E1E1E1E1E1E1E1E1E1E1E1E1E1E1E1E1E1E1E1E1E1E1E1E1E1E1E1E1E1E1E1E1E1E1E1E1BEE1E1E1E1E1E1BEBEE1E1E1E1E1E1E1E1E1E1E1E1E1E1E1E1E1E1E1E1E1E1E1E1E1E1E1E1
310
E1E1E1E1E2E1E1E1E1E1E1E1E1E1E1E1E1E1E1E1E1E1E1E1E1E1E1E1E1E1E1E1E1BEE1E1E1E1E1E1E1E1E1E1E1E1E1E1E1E1E1E1E1E1E1E1E1E1E1E1E1E1E1E2E1BEE1E1E1E1E1E1E1E1E1E1E1E2E1E1E1E1E1E1E1E1E10FE1BEBEBEBEBEBEE1E1E1E1E1E1E1E1E1E1E1E1E1E1E1E1E1E1E1E1E1E1E1E1E1E1E1E1E1E1E128
310
E1BEE1E1E1E1E1E1E1E1E1E1E1E1E1E1E1E1E1E1E1E1E1E1E1E1E1E1E1E1E1E1E1E1E1E1E1E1E1E1E1E1E1E1E1E1E1E1E1E1E1E1E1E1E1E1E1E1E1E1E1E1E1E1E1E1E1E1E1E1E1E1E1E1E1E1E1E1E1E1E1E1E1E1E1E1E1E1E1E1E1E1BEE1E1E1E1E1E1BEBEE1E1E1E1E1E1E1E1E1E1E1E1E1E1E1E1E1E1E1E1E1E1E1E1E1E1
310
E1E1E1E1E1E1E2E1E1E1E1E1E1E1E1E1E1E1E1E1E1E1E1E1E1E1E1E1E1E1E1E1E1E1E1BEE1E1E1E1E1E1E1E1E1E1E1E1E1E1E1E1E1E1E1E1E1E1E1E1E1E1E1E1E1E2E1BEE1E1E1E1E1E1E1E1E1E1E1E2E1E1E1E1E1E1E1E1E10FE10FE1E1E1E1E1E1E1E1E1E1E1E1E1E1E1E1E1E1E1E1E1E1E1E1E1E1E1E1E1E1E1E1E1E1E1
310
E128E1BEE1E1E1E1E1E1E1E1E1E1E1E1E1E1E1E1E1E1E1E1E1E1E1E1E1E1E1E1E1E1E1E1E1E1E1E1E1E1E1E1E1E1E1E1E1E1E1E1E1E1E1E1E1E1E1E1E1E1E1E1E1E1E1E1E1E1E1E1E1E1E1E1E1E1E1E1E1E1E1E1E1E1E1E1E1E1E1E1E1E1BEE1E1E1E1E1E1BEBEE1E1E1E1E1E1E1E1E1E1E1E1E1E1E1E1E1E1E1E1E1E1E1E1
310
E1E1E1E1E1E1E1E1E2E1E1E1E1E1E1E1E1E1E1E1E1E1E1E1E1E1E1E1E1E1E1E1E1E1E1E1E1BEE1E1E1E1E1E1E1E1E1E1E1E1E1E1E1E1E1E1E1E1E1E1E1E1E1E1E1E1E1E20F0FE1E1E1E1E1E1E1E1E1E1E1E2E1E1E1E1E1E1E1E1E10FE1BEBEBEBEBEBEBEE1E1E1E1E1E1E1E1E1E1E1E1E1E1E1E1E1E1E1E1E1E1E1E1E1E1E1
310
E1E1E128E1BEE1E1E1E1E1E1E1E1E1E1E1E1E1E1E1E1E1E1E1E1E1E1E1E1E1E1E1E1E1E1E1E1E1E1E1E1E1E1E1E1E1E1E1E1E1E1E1E1E1E1E1E1E1E1E1E1E1E1E1E1E1E1E1E1E1E1E1E1E1E1E1E1E1E1E1E1E1E1E1E1E1E1E1E1E1E1E1E1E1E1BEE1E1E1E1E1E1BEBEE1E1E1E1E1E1E1E1E1E1E1E1E1E1E1E1E1E1E1E1E1E1
310
E1E1E1E1E1E1E1E1E1E1E2E1E1E1E1E1E1E1E1E1E1E1E1E1E1E1E1E1E1E1E1E1E1E1E1E1E1E1E1BEE1E1E1E1E1E1E1E1E1E1E1E1E1E1E1E1E1E1E1E1E1E1E1E1E1E1E1E1E1E20F0FE1E1E1E1E1E1E1E1E1E1BEE2BEE1E1E1E1E1E1E1E10FBEBEBEBEBEBEBEBE0F0FE1E1E1E1E1E1E1E1E1E1E1E1E1E1E1E1E1E1E1E1E1E1E1
310
E1E1E1E1E128E1BEE1E1E1E1E1E1E1E1E1E1E1E1E1E1E1E1E1E1E1E1E1E1E1E1E1E1E1E1E1E1E1E1E1E1E1E1E1E1E1E1E1E1E1E1E1E1E1E1E1E1E1E1E1E1E1E1E1E1E1E1E1E1E1E1E1E1E1E1E1E1E1E1E1E1E1E1E1E1E1E1E1E1E1E1E1E1E1E1E1E1BEE1E1E1E1E1E1BEBEE1E1E1E1E1E1E1E1E1E1E1E1E1E1E1E1E1E1E1E1
310
E1E1E1E1E1E1E1E1E1E1E1BEBEBEBEBEBEBEBEBEBEBEBEBEBEBEBEBEBEBEBEBEBEBEBEBEBEBEBEBEBEBEBEBEBEBEBEBEBEBEBEBEBEBEBEBEBEBEBEBEBEBEBEBEBEBEBEBEBEBEBEBE0F0FE1E1E1E1E1E1E1E1E1E1BEBEBEE1E1E1E1E1E1E1E10F0F0F0F0F0F0F0F0F0F0F0F0F0F0F0F0F0F0F0F0F0F0F0F0F0F0F0F0F0F0F0F
310
0F0F0F0F0F0F0F28E1BEE1E1E1E1E1E1E1E1E1E1E1E1E1E1E1E1E1E1E1E1E1E1E1E1E1E1E1E1E1E1E1E1E1E1E1E1E1E1E1E1E1E1E1E1E1E1E1E1E1E1E1E1E1E1E1E1E1E1E1E1E1E1E1E1E1E1E1E1E1E1E1E1E1E1E1E1E1E1E1E1E1E1E1E1E1E1E1E1E1E1BEE1E1E1E1E1E1BEBEE1E1E1E1E1E1E1E1E1E1E1E1E1E1E1E1E1E1
310
E1E1E1E1E1E1E1E1E1E1E1E1E1E1E2E1E1E1E1E1E1E1E1E1E1E1E1E1E1E1E1E1E1E1E1E1E1E1E1E1E1E1E1BEE1E1E1E1E1E1E1E1E1E1E1E1E1E1E1E1E1E1E1E1E1E1E1E1E1E1E1E1E1E20F0FE1E1E1E1E1E1E1E1E1BEBEE2BEBEE1E1E1E1E1E1E10FBEBEBEE1BEBEBEE1E1E1E1E1E1E1E1E1E1E1E1E1E1E1E1E1E1E1E1E1E1
310
E1E1E1E1E1E1E1E1E128E1BEE1E1E1E1E1E1E1E1E1E1E1E1E1E1E1E1E1E1E1E1E1E1E1E1E1E1E1E1E1E1E1E1E1E1E1E1E1E1E1E1E1E1E1E1E1E1E1E1E1E1E1E1E1E1E1E1E1E1E1E1E1E1E1E1E1E1E1E1E1E1E1E1E1E1E1E1E1E1E1E1E1E1E1E1E1E1E1E1E1E1BEE1E1E1E1E1E1BEBEE1E1E1E1E1E1E1E1E1E1E1E1E1E1E1E1
310
E1E1E1E1E1E1E1E1E1E1E1E1E1E1E1E1E2E1E1E1E1E1E1E1E1E1E1E1E1E1E1E1E1E1E1E1E1E1E1E1E1E1E1E1E1BEE1E1E1E1E1E1E1E1E1E1E1E1E1E1E1E1E1E1E1E1E1E1E1E1E1E1E1E1E1E20F0FE1E1E1E1E1E1E1E1BEE1E1E2E1E1BEE1E1E1E1E1E10FE1BEBEBEBEBEBEE1E1E1E2E2E1E1E1E1E1E1E1E1E1E1E1E1E1E1E1
310
E1E1E1E1E1E1E1E1E1E1E128E1BEE1E1E1E1E1E1E1E1E1E1E1E1E1E1E1E1E1E1E1E1E1E1E1E1E1E1E1E1E1E1E1E1E1E1E1E1E1E1E1E1E1E1E1E1E1E1E1E1E1E1E1E1E1E1E1E1E1E1E1E1E1E1E1E1E1E1E1E1E1E1E1E1E1E1E1E1E1E1E1E1E1E1E1E1E1E1E1E1E1E1BEE1E1E1E1E1E1BEBEE1E1E1E1E1E1E1E1E1E1E1E1E1E1
310
E1E1E1E1E1E1E1E1E1E1E1E1E1E1E1E1E1E1E2E1E1E1E1E1E1E1E1E1E1E1E1E1E1E1E1E1E1E1E1E1E1E1E1E1E1E1E1BEE1E1E1E1E1E1E1E1E1E1E1E1E1E1E1E1E1E1E1E1E1E1E1E1E1E1E1E1E1E2E1BEE1E1E1E1E1E10F0F0F0FE1E2E10F0F0F0FE1E1E1E10FBEBEBEBEBEBEBEBEBEE1E1E1E1E1E1E1E1E1E1E1E1E1E1E1E1
310
E1E1E1E1E1E1E1E1E1E1E1E1E128E1BEE1E1E1E1E1E1E1E1E1E1E1E1E1E1E1E1E1E1E1E1E1E1E1E1E1E1E1E1E1E1E1E1E1E1E1E1E1E1E1E1E1E1E1E1E1E1E1E1E1E1E1E1E1E1E1E1E1E1E1E1E1E1E1E1E1E1E1E1E1E1E1E1E1E1E1E1E1E1E1E1E1E1E1E1E1E1E1E1E1E1BEE1E1E1E1E1E1BEBEE1E1E1E1E1E1E1E1E1E1E1E1
310
E1E1E1E1E1E1E1E1E1E1E1E1E1E1E1E1E1E1E1E1E2E1E1E1E1E1E1E1E1E1E1E1E1E1E1E1E1E1E1E1E1E1E1E1E1E1E1E1E1BEE1E1E1E1E1E1E1E1E1E1E1E1E1E1E1E1E1E1E1E1E1E1E1E1E1E1E1E1E1E2E1BEE1E1E1E1E1E10F0F0F0FE1E2E1E10F0F0FE1E1E1E10F0FBEBEBEBEBEBEBE0FBE0F0F0F0F0F0F0F0F0F0F0F0F0F
310
0F0F0F0F0F0F0F0F0F0F0F0F0F0F0F28E1BEE1E1E1E1E1E1E1E1E1E1E1E1E1E1E1E1E1E1E1E1E1E1E1E1E1E1E1E1E1E1E1E1E1E1E1E1E1E1E1E1E1E1E1E1E1E1E1E1E1E1E1E1E1E1E1E1E1E1E1E1E1E1E1E1E1E1E1E1E1E1E1E1E1E1E1E1E1E1E1E1E1E1E1E1E1E1E1E1E1E1BEE1E1E1E1E1E1BEBEE1E1E1E1E1E1E1E1E1E1
310
E1E1E1E1E1E1E1E1E1E1E1E1E1E1E1E1E1E1E1E1E1E1E2E1E1E1E1E1E1E1E1E1E1E1E1E1E1E1E1E1E1E1E1E1E1E1E1E1E1E1E1BEE1E1E1E1E1E1E1E1E1E1E1E1E1E1E1E1E1E1E1E1E1E1E1E1E1E1E1E1E1E2E1BEE1E1E1E1E1E10F0F0F0FE1E2E10F0F0F0FE1E1E1E1E1E1E1E1E1E1E1E1E1E1E1E1E1E1E1E1E1E1E1E1E1E1
310
E1E1E1E1E1E1E1E1E1E1E1E1E1E1E1E1E128E1BEE1E1E1E1E1E1E1E1E1E1E1E1E1E1E1E1E1E1E1E1E1E1E1E1E1E1E1E1E1E1E1E1E1E1E1E1E1E1E1E1E1E1E1E1E1E1E1E1E1E1E1E1E1E1E1E1E1E1E1E1E1E1E1E1E1E1E1E1E1E1E1E1E1E1E1E1E1E1E1E1E1E1E1E1E1E1E1E1E1E1BEE1E1E1E1E1E1BEBEE1E1E1E1E1E1E1E1
310
E1E1E1E1E1E1E1E1E1E1E1E1E1E1E1E1E1E1E1E1E1E1E1E1E2E1E1E1E1E1E1E1E1E1E1E1E1E1E1E1E1E1E1E1E1E1E1E1E1E1E1E1E1BEE1E1E1E1E1E1E1E1E1E1E1E1E1E1E1E1E1E1E1E1E1E1E1E1E1E1E1E1E1E2E1BEE1E1E1E1E1E10F0F0F0FE1E2E1E10F0F0FE1E1E1E1E1E1E1E1E1E1E1E1E1E1E1E1E1E1E1E1E1E1E1E1
310
E1E1E1E1E1E1E1E1E1E1E1E1E1E1E1E1E1E1E128E1BEE1E1E1E1E1E1E1E1E1E1E1E1E1E1E1E1E1E1E1E1E1E1E1E1E1E1E1E1E1E1E1E1E1E1E1E1E1E1E1E1E1E1E1E1E1E1E1E1E1E1E1E1E1E1E1E1E1E1E1E1E1E1E1E1E1E1E1E1E1E1E1E1E1E1E1E1E1E1E1E1E1E1E1E1E1E1E1E1E1E1BEE1E1E1E1E1E1BEBEE1E1E1E1E1E1
310
E1E1E1E1E1E1E1E1E1E1E1E1E1E1E1E1E1E1E1E1E1E1E1E1E1E1E2E1E1E1E1E1E1E1E1E1E1E1E1E1E1E1E1E1E1E1E1E1E1E1E1E1E1E1E1BEE1E1E1E1E1E1E1E1E1E1E1E1E1E1E1E1E1E1E1E1E1E1E1E1E1E1E1E1E1E2E1BEE1E1E1E1E1E10F0F0F0FE1E2E10F0F0F0FE1E1E1E1E1E1E1E1E1E1E1E1E1E1E1E1E1E1E1E1E1E1
310
E1E1E1E1E1E1E1E1E1E1E1E1E1E1E1E1E1E1E1E1E128E1BEE1E1E1E1E1E1E1E1E1E1E1E1E1E1E1E1E1E1E1E1E1E1E1E1E1E1E1E1E1E1E1E1E1E1E1E1E1E1E1E1E1E1E1E1E1E1E1E1E1E1E1E1E1E1E1E1E1E1E1E1E1E1E1E1E1E1E1E1E1E1E1E1E1E1E1E1E1E1E1E1E1E1E1E1E1E1E1E1E1E1BEE1E1E1E1E1E1BEBEE1E1E1E1
310
E1E1E1E1E1E1E1E1E1E1E1E1E1E1E1E1E1E1E1E1E1E1E1E1E1E1E1E1E2E1E1E1E1E1E1E1E1E1E1E1E1E1E1E1E1E1E1E1E1E1E1E1E1E1E1E1E1BEE1E1E1E1E1E1E1E1E1E1E1E1E1E1E1E1E1E1E1E1E1E1E1E1E1E1E1E1E1E2E1BEE1E1E1E1E1E10F0F0F0FE1E2E10F0F0F0FE1E1E1E1E1E1E1E1E1E1E1E1E1E1E1E1E1E1E1E1
310
E1E1E1E1E1E1E1E1E1E1E1E1E1E1E1E1E1E1E1E1E1E1E128E1BEE1E1E1E1E1E1E1E1E1E1E1E1E1E1E1E1E1E1E1E1E1E1E1E1E1E1E1E1E1E1E1E1E1E1E1E1E1E1E1E1E1E1E1E1E1E1E1E1E1E1E1E1E1E1E1E1E1E1E1E1E1E1E1E1E1E1E1E1E1E1E1E1E1E1E1E1E1E1E1E1E1E1E1E1E1E1E1E1E1E1BEE1E1E1E1E1E1BEBEE1E1
310
E1E1E1E1E1E1E1E1E1E1E1E1E1E1E1E1E1E1E1E1E1E1E1E1E1E1E1E1E1E1E2E1E1E1E1E1E1E1E1E1E1E1E1E1E1E1E1E1E1E1E1E1E1E1E1E1E1E1E1BEE1E1E1E1E1E1E1E1E1E1E1E1E1E1E1E1E1E1E1E1E1E1E1E1E1E1E1E1E1E2E1BEE1E1E1E1E1E10F0F0F0FE1E2E10F0F0F0FE1E1E1E1E1E1E1E1E1E1E1E1E1E1E1E1E1E1
310
E1E1E1E1E1E1E1E1E1E1E1E1E1E1E1E1E1E1E1E1E1E1E1E1E128E1BEE1E1E1E1E1E1E1E1E1E1E1E1E1E1E1E1E1E1E1E1E1E1E1E1E1E1E1E1E1E1E1E1E1E1E1E1E1E1E1E1E1E1E1E1E1E1E1E1E1E1E1E1E1E1E1E1E1E1E1E1E1E1E1E1E1E1E1E1E1E1E1E1E1E1E1E1E1E1E1E1E1E1E1E1E1E1E1E1E1E1BEE1E1E1E1E1E1BEBE
310
E1E1E1E1E1E1E1E1E1E1E1E1E1E1E1E1E1E1E1E1E1E1E1E1E1E1E1E1E1E1E1E1E2E1E1E1E1E1E1E1E1E1E1E1E1E1E1E1E1E1E1E1E1E1E1E1E1E1E1E1E1BEE1E1E1E1E1E1E1E1E1E1E1E1E1E1E1E1E1E1E1E1E1E1E1E1E1E1E1E1E1E2E1BEE1E1E1E1E1E10F0F0F0FE1E2E10F0F0F0FE1E1E1E1E1E1E1E1E1E1E1E1E1E1E1E1
310
E1E1E1E1E1E1E1E1E1E1E1E1E1E1E1E1E1E1E1E1E1E1E1E1E1E1E128E1BEE1E1E1E1E1E1E1E1E1E1E1E1E1E1E1E1E1E1E1E1E1E1E1E1E1E1E1E1E1E1E1E1E1E1E1E1E1E1E1E1E1E1E1E1E1E1E1E1E1E1E1E1E1E1E1E1E1E1E1E1E1E1E1E1E1E1E1E1E1E1E1E1E1E1E1E1E1E1E1E1E1E1E1E1E1E1E1E1E1E1BEE1E1E1E1E1E1
310
BEBEE1E1E1E1E1E1E1E1E1E1E1E1E1E1E1E1E1E1E1E1E1E1E1E1E1E1E1E1E1E1E1E1E2E1E1E1E1E1E1E1E1E1E1E1E1E1E1E1E1E1E1E1E1E1E1E1E1E1E1E1E1BEE1E1E1E1E1E1E1E1E1E1E1E1E1E1E1E1E1E1E1E1E1E1E1E1E1E1E1E1E1E2E1BEE1E1E1E1E1E1E1BEE1E1E1E2E1E10F0F0FE1E1E1E1E1E1E1E1E1E1E1E1E1E1
310
E1E1E1E1E1E1E1E1E1E1E1E1E1E1E1E1E1E1E1E1E1E1E1E1E1E1E1E1E128E1BEE1E1E1E1E1E1E1E1E1E1E1E1E1E1E1E1E1E1E1E1E1E1E1E1E1E1E1E1E1E1E1E1E1E1E1E1E1E1E1E1E1E1E1E1E1E1E1E1E1E1E1E1E1E1E1E1E1E1E1E1E1E1E1E1E1E1E1E1E1E1E1E1E1E1E1E1E1E1E1E1E1E1E1E1E1E1E1E1E1E1BEE1E1E1E1
310
E1E1BEBEE1E1E1E1E1E1E1E1E1E1E1E1E1E1E1E1E1E1E1E1E1E1E1E1E1E1E1E1E1E1E1E1E2E1E1E1E1E1E1E1E1E1E1E1E1E1E1E1E1E1E1E1E1E1E1E1E1E1E1E1E1BEE1E1E1E1E1E1E1E1E1E1E1E1E1E1E1E1E1E1E1E1E1E1E1E1E1E1E1E1E1E2E1BEE1E1E1E1E1E1E1BEE1E1E1E2E1E1E10F0FE1E1E1E1E1E1E1E1E1E1E1E1
310
E1E1E1E1E1E1E1E1E1E1E1E1E1E1E1E1E1E1E1E1E1E1E1E1E1E1E1E1E1E1E128E1BEE1E1E1E1E1E1E1E1E1E1E1E1E1E1E1E1E1E1E1E1E1E1E1E1E1E1E1E1E1E1E1E1E1E1E1E1E1E1E1E1E1E1E1E1E1E1E1E1E1E1E1E1E1E1E1E1E1E1E1E1E1E1E1E1E1E1E1E1E1E1E1E1E1E1E1E1E1E1E1E1E1E1E1E1E1E1E1E1E1E1BEE1E1
310
E1E1E1E1BEBEE1E1E1E1E1E1E1E1E1E1E1E1E1E1E1E1E1E1E1E1E1E1E1E1E1E1E1E1E1E1E1E1E2E1E1E1E1E1E1E1E1E1E1E1E1E1E1E1E1E1E1E1E1E1E1E1E1E1E1E1E1BEE1E1E1E1E1E1E1E1E1E1E1E1E1E1E1E1E1E1E1E1E1E1E1E1E1E1E1E1E1E2E1BEE1E1E1E1E1E1E1E1E1E1E1E2E1E1E10F0FE1E1E1E1E1E1E1E1E1E1
310
E1E1E1E1E1E1E1E1E1E1E1E1E1E1E1E1E1E1E1E1E1E1E1E1E1E1E1E1E1E1E1E1E128E1BEE1E1E1E1E1E1E1E1E1E1E1E1E1E1E1E1E1E1E1E1E1E1E1E1E1E1E1E1E1E1E1E1E1E1E1E1E1E1E1E1E1E1E1E1E1E1E1E1E1E1E1E1E1E1E1E1E1E1E1E1E1E1E1E1E1E1E1E1E1E1E1E1E1E1E1E1E1E1E1E1E1E1E1E1E1E1E1E1E1E1BE
310
E1E1E1E1E1E1BEBEE1E1E1E1E1E1E1E1E1E1E1E1E1E1E1E1E1E1E1E1E1E1E1E1E1E1E1E1E1E1E1E1E2E1E1E1E1E1E1E1E1E1E1E1E1E1E1E1E1E1E1E1E1E1E1E1E1E1E1E1E1BEE1E1E1E1E1E1E1E1E1E1E1E1E1E1E1E1E1E1E1E1E1E1E1E1E1E1E1E1E1E2E1BEE1E1E1E1E1E1E1E1E1E1E1E2E1E1E1E1E1E1E1E1E1E1E1E1E1
310
E1E1E1E1E1E1E1E1E1E1E1E1E1E1E1E1E1E1E1E1E1E1E1E1E1E1E1E1E1E1E1E1E1E1E128E1BEE1E1E1E1E1E1E1E1E1E1E1E1E1E1E1E1E1E1E1E1E1E1E1E1E1E1E1E1E1E1E1E1E1E1E1E1E1E1E1E1E1E1E1E1E1E1E1E1E1E1E1E1E1E1E1E1E1E1E1E1E1E1E1E1E1E1E1E1E1E1E1E1E1E1E1E1E1E1E1E1E1E1E1E1E1E1E1E1E1
310
E1BEE1E1E1E1E1E1BEBEE1E1E1E1E1E1E1E1E1E1E1E1E1E1E1E1E1E1E1E1E1E1E1E1E1E1E1E1E1E1E1E1E2E1E1E1E1E1E1E1E1E1E1E1E1E1E1E1E1E1E1E1E1E1E1E1E1E1E1E1E1BEE1E1E1E1E1E1E1E1E1E1E1E1E1E1E1E1E1E1E1E1E1E1E1E1E1E1E1E1E1E2E1BEE1E1E1E1E1E1E1E1E1E1E1E2E1E1E1E1E1E1E1E1E1E1E1
310
E1E1E1E1E1E1E1E1E1E1E1E1E1E1E1E1E1E1E1E1E1E1E1E1E1E1E1E1E1E1E1E1E1E1E1E1E128E1BEE1E1E1E1E1E1E1E1E1E1E1E1E1E1E1E1E1E1E1E1E1E1E1E1E1E1E1E1E1E1E1E1E1E1E1E1E1E1E1E1E1E1E1E1E1E1E1E1E1E1E1E1E1E1E1E1E1E1E1E1E1E1E1E1E1E1E1E1E1E1E1E1E1E1E1E1E1E1E1E1E1E1E1E1E1E1E1
310
E1E1E1BEE1E1E1E1E1E1BEBEE1E1E1E1E1E1E1E1E1E1E1E1E1E1E1E1E1E1E1E1E1E1E1E1E1E1E1E1E1E1E1E1E2E1E1E1E1E1E1E1E1E1E1E1E1E1E1E1E1E1E1E1E1E1E1E1E1E1E1E1E1BEE1E1E1E1E1E1E1E1E1E1E1E1E1E1E1E1E1E1E1E1E1E1E1E1E1E1E1E1E1E2E1BEE1E1E1E1E1E1E1E1E1E1E1E2E1E1E1E1E1E1E1E1E1
310
E1E1E1E1E1E1E1E1E1E1E1E1E1E1E1E1E1E1E1E1E1E1E1E1E1E1E1E1E1E1E1E1E1E1E1E1E1E1E128E1BEE1E1E1E1E1E1E1E1E1E1E1E1E1E1E1E1E1E1E1E1E1E1E1E1E1E1E1E1E1E1E1E1E1E1E1E1E1E1E1E1E1E1E1E1E1E1E1E1E1E1E1E1E1E1E1E1E1E1E1E1E1E1E1E1E1E1E1E1E1E1E1E1E1E1E1E1E1E1E1E1E1E1E1E1E1
310
E1E1E1E1E1BEE1E1E1E1E1E1BEBEE1E1E1E1E1E1E1E1E1E1E1E1E1E1E1E1E1E1E1E1E1E1E1E1E1E1E1E1E1E1E1E1E2E1E1E1E1E1E1E1E1E1E1E1E1E1E1E1E1E1E1E1E1E1E1E1E1E1E1E1E1BEE1E1E1E1E1E1E1E1E1E1E1E1E1E1E1E1E1E1E1E1E1E1E1E1E1E1E1E1E1E2E1BEE1E1E1E1E1E1E1E1E1E1E1E2E1E1E1E1E1E1E1
310
E1E1E1E1E1E1E1E1E1E1E1E1E1E1E1E1E1E1E1E1E1E1E1E1E1E1E1E1E1E1E1E1E1E1E1E1E1E1E1E1E128E1BEE1E1E1E1E1E1E1E1E1E1E1E1E1E1E1E1E1E1E1E1E1E1E1E1E1E1E1E1E1E1E1E1E1E1E1E1E1E1E1E1E1E1E1E1E1E1E1E1E1E1E1E1E1E1E1E1E1E1E1E1E1E1E1E1E1E1E1E1E1E1E1E1E1E1E1E1E1E1E1E1E1E1E1
310
E1E1E1E1E1E1E1BEE1E1E1E1E1E1BE28E1E1E1E1E1E1E1E1E1E1E1E1E1E1E1E1E1E1E1E1E1E1E1E1E1E1E1E1E1E1E1E10FE2E2E2E2E2E2E2E2E2E2E2E2E2E2E2E2E2E2E2E2E2E2E2E2E2E2E2E2BEE2E2E2E2E2E2E2E2E2E2E2E2E2E2E2E2E2E2E2E2E2E2E2E2E2E2E2E2E20FBEBEBEE1E1E1E1E1E1E1E1E1E1E2E1E1E1E1E1
310
E1E1E1E1E1E1E1E1E1E1E1E1E1E1E1E1E1E1E1E1E1E1E1E1E1E1E1E1E1E1E1E1E1E1E1E1E1E1E1E1E1E1E128E1BEE1E1E1E1E1E1E1E1E1E1E1E1E1E1E1E1E1E1E1E1E1E1E1E1E1E1E1E1E1E1E1E1E1E1E1E1E1E1E1E1E1E1E1E1E1E1E1E1E1E1E1E1E1E1E1E1E1E1E1E1E1E1E1E1E1E1E1E1E1E1E1E1E1E1E1E1E1E1E1E1E1
310
E1E1E1E1E1E1E1E1E1BEE1E1E1E1E1E1E128E1E1E1E1E1E1E1E1E1E1E1E1E1E1E1E1E1E1E1E1E1E1E1E1E1E1E1E1E1E1E1E1BEE1E1E1E1E1E1E1E1E1E1E1E1E1E1E1E1E1E1E1E1E1E1E1E1E1E1E1E1BEE1E1E1E1E1E1E1E1E1E1E1E1E1E1E1E1E1E1E1E1E1E1E1E1E1E1E1E1E1BEE1E1E1E1E1E1E1E1E1E1E1E1E1BEE1E1E1
310
E1E1E1E1E1E1E1E1E1E1E1E1E1E1E1E1E1E1E1E1E1E1E1E1E1E1E1E1E1E1E1E1E1E1E1E1E1E1E1E1E1E1E1E1E128E1BEE1E1E1E1E1E1E1E1E1E1E1E1E1E1E1E1E1E1E1E1E1E1E1E1E1E1E1E1E1E1E1E1E1E1E1E1E1E1E1E1E1E1E1E1E1E1E1E1E1E1E1E1E1E1E1E1E1E1E1E1E1E1E1E1E1E1E1E1E1E1E1E1E1E1E1E1E1E1E1
310
E1E1E1E1E1E1E1E1E1E1E1BEE1E1E1E1E1E1E128E1E1E1E1E1E1E1E1E1E1E1E1E1E1E1E1E1E1E1E1E1E1E1E1E1E1E1E1E1E1E1E1BEBEE1E1E1E1E1E1E1E1E1E1E1E1E1E1E1E1E1E1E1E1E1E1E1E1E1E1E1E1E1E1E1E1E1E1E1E1E1E1E1E1E1E1E1E1E1E1E1E1E1E1E1E1E1E1E1BEE1BEE1E1E1E1E1E1E1E1E1E1E1BEE1BEE1
310
BEE1E1E1E1E1E1E1E1E1E1E1E1E1E1E1E1E1E1E1E1E1E1E1E1E1E1E1E1E1E1E1E1E1E1E1E1E1E1E1E1E1E1E1E1E1E128E1BEE1E1E1E1E1E1E1E1E1E1E1E1E1E1E1E1E1E1E1E1E1E1E1E1E1E1E1E1E1E1E1E1E1E1E1E1E1E1E1E1E1E1E1E1E1E1E1E1E1E1E1E1E1E1E1E1E1E1E1E1E1E1E1E1E1E1E1E1E1E1E1E1E1E1E1E1E1
310
E1E1E1E1E1E1E1E1E1E1E1E1E1BEE1E1E1E1E1E1E128E1E1E1E1E1E1E1E1E1E1E1E1E1E1E1E1E1E1E1E1E1E1E1E1E1E1E1E1E1E1E1E1BEBEBEBEBEBEBEBEBEBEBEBEBEBEBEBEBEBEBEBEBEBEBEBEBEBEBE0F0F0F0F0FBEBEBEBEBEBEBEBEBEBEBEBEBEBEBEBEBEBEBEBEBEBEBEBEBEBEBE0FE1E1E1E1E1E1E1E1E1E1BEBEBE
310
E2BEBEBE0F0F0FBEE1E1E1E1E1E1E1E1E1E1E1E1E1E1E1E1E1E1E1E1E1E1E1E1E1E1E1E1E1E1E1E1E1E1E1E1E1E1E1E1E128E1BEE1E1E1E1E1E1E1E1E1E1E1E1E1E1E1E1E1E1E1E1E1E1E1E1E1E1E1E1E1E1E1E1E1E1E1E1E1E1E1E1E1E1E1E1E1E1E1E1E1E1E1E1E1E1E1E1E1E1E1E1E1E1E1E1E1E1E1E1E1E1E1E1E1E1E1
310
E1E1E1E1E1E1E1E1E1E1E1E1E1E1E1BEE1E1E1E1E1E1E128E1E1E1E1E1E1E1E1E1E1E1E1E1E1E1E1E1E1E1E1E1E1E1E1E1E1E1E1E1E1E1E1E1E1E1E1E1E1E1E1E1E1E1E1E1E1E1E1E1E1E1E1E1E1E1E1E1E1E10F0F0F0F0FE1E1E1E1E1E1E1E1E1E1E1E1E1E1E1E1E1E1E1E1E1E1E1E1E1E1E1E1E1E1E1E1E1E1E1E1E1E1E1
310
E1E1E1E1E1E10F0F0FE1E1E1E1E1E1E1E1E1E1E1E1E1E1E1E1E1E1E1E1E1E1E1E1E1E1E1E1E1E1E1E1E1E1E1E1E1E1E1E1E1E128E1BEE1E1E1E1E1E1E1E1E1E1E1E1E1E1E1E1E1E1E1E1E1E1E1E1E1E1E1E1E1E1E1E1E1E1E1E1E1E1E1E1E1E1E1E1E1E1E1E1E1E1E1E1E1E1E1E1E1E1E1E1E1E1E1E1E1E1E1E1E1E1E1E1E1
310
E1E1E1E1E1E1E1E1E1E1E1E1E1E1E1E1E1BEE1E1E1E1E1E1E128E1E1E1E1E1E1E1E1E1E1E1E1E1E1E1E1E1E1E1E1E1E1E1E1E1E1E1E1E1E1E1E1E1E1E1E1E1E1E1E1E1E1E1E1E1E1E1E1E1E1E1E1E1E1E1E1E1E1E1E1E1E1E1E1E1E1E1E1E1E1E1E1E1E1E1E1E1E1E1E1E1E1E1E1E1E1E1E1E1E1E1E1E1E1E1E1E1E1E1E1E1
310
E1E1E1E1E1E1E1E1E1E1E1E1E1E1E1E1E1E1E1E1E1E1E1E1E1E1E1E1E1E1E1E1E1E1E1E1E1E1E1E1E1E1E1E1E1E1E1E1E1E1E1E1E128E1BEE1E1E1E1E1E1E1E1E1E1E1E1E1E1E1E1E1E1E1E1E1E1E1E1E1E1E1E1E1E1E1E1E1E1E1E1E1E1E1E1E1E1E1E1E1E1E1E1E1E1E1E1E1E1E1E1E1E1E1E1E1E1E1E1E1E1E1E1E1E1E1
310
E1E1E1E1E1E1E1E1E1E1E1E1E1E1E1E1E1E1E1BEE1E1E1E1E1E1E128E1E1E1E1E1E1E1E1E1E1E1E1E1E1E1E1E1E1E1E1E1E1E1E1E1E1E1E1E1E1E1E1E1E1E1E1E1E1E1E1E1E1E1E1E1E1E1E1E1E1E1E1E1E1E1E1E1E1E1E1E1E1E1E1E1E1E1E1E1E1E1E1E1E1E1E1E1E1E1E1E1E1E1E1E1E1E1E1E1E1E1E1E1E1E1E1E1E1E1
310
E1E1E1E1E1E1E1E1E1E1E1E1E1E1E1E1E1E1E1E1E1E1E1E1E1E1E1E1E1E1E1E1E1E1E1E1E1E1E1E1E1E1E1E1E1E1E1E1E1E1E1E1E1E1E128E1BEE1E1E1E1E1E1E1E1E1E1E1E1E1E1E1E1E1E1E1E1E1E1E1E1E1E1E1E1E1E1E1E1E1E1E1E1E1E1E1E1E1E1E1E1E1E1E1E1E1E1E1E1E1E1E1E1E1E1E1E1E1E1E1E1E1E1E1E1E1
310
E1E1E1E1E1E1E1E1E1E1E1E1E1E1E1E1E1E1E1E1E1BEE1E1E1E1E1E1E128E1E1E1E1E1E1E1E1E1E1E1E1E1E1E1E1E1E1E1E1E1E1E1E1E1E1E1E1E1E1E1E1E1E1E1E1E1E1E1E1E1E1E1E1E1E1E1E1E1E1E1E1E1E1E1E1E1E1E1E1E1E1E1E1E1E1E1E10F0FE1E1E1E1E1E1E1E1E1E1E1E1E1E1E1E1E1E1E1E1E1E1E1E1E1E1E1
310
E1E1E1E1E1E1E1E1E1E1E1E1E1E1E1E1E1E1E1E1E1E1E1E1E1E1E1E1E1E1E1E1E1E1E1E1E1E1E1E1E1E1E1E1E1E1E1E1E1E1E1E1E1E1E1E1E128E1BEE1E1E1E1E1E1E1E1E1E1E1E1E1E1E1E1E1E1E1E1E1E1E1E1E1E1E1E1E1E1E1E1E1E1E1E1E1E1E1E1E1E1E1E1E1E1E1E1E1E1E1E1E1E1E1E1E1E1E1E1E1E1E1E1E1E1E1
310
E1E1E1E1E1E1E1E1E1E1E1E1E1E1E1E1E1E1E1E1E1E1E1BEE1E1E1E1E1E1E128E1E1E1E1E1E1E1E1E1E1E1E1E1E1E1E1E1E1E1E1E1E1E1E1E1E1E1E1E1E1E1E1E1E1E1E1E1E1E1E1E1E1E1E1E1E1E1E1E1E1E1E1E10F0F0F0F0F0F0F0F0F0F0F0F0F0F0F0F0FE1E1E10FE1E1E1E1E1E1E1E1E1E1E1E1E1E1E1E1E1E1E1E1E1
310
E1E1E1E1E1E1E1E1E1E1E1E1E1E1E1E1E1E1E1E1E1E1E1E1E1E1E1E1E1E1E1E1E1E1E1E1E1E1E1E1E1E1E1E1E1E1E1E1E1E1E1E1E1E1E1E1E1E1E128E1BEE1E1E1E1E1E1E1E1E1E1E1E1E1E1E1E1E1E1E1E1E1E1E1E1E1E1E1E1E1E1E1E1E1E1E1E1E1E1E1E1E1E1E1E1E1E1E1E1E1E1E1E1E1E1E1E1E1E1E1E1E1E1E1E1E1
310
E1E1E1E1E1E1E1E1E1E1E1E1E1E1E1E1E1E1E1E1E1E1E1E1E1BEE1E1E1E1E1E1E128E1E1E1E1E1E1E1E1E1E1E1E1E1E1E1E1E1E1E1E1E1E1E1E1E1E1E1E1E1E1E1E1E1E1E1E1E1E1E1E1E1E1E1E1E1E1E1E1E1E1E1BEBEBEBEBEBEBEBEBEBEBEBEBEBEBE0F0FBEBEBEBEE1E1E1E1E1E1E1E1E1E1E1E1E1E1E1E1E1E1E1E1E1
310
E1E1E1E1E1E1E1E1E1E1E1E1E1E1E1E1E1E1E1E1E1E1E1E1E1E1E1E1E1E1E1E1E1E1E1E1E1E1E1E1E1E1E1E1E1E1E1E1E1E1E1E1E1E1E1E1E1E1E1E1E128E1BEE1E1E1E1E1E1E1E1E1E1E1E1E1E1E1E1E1E1E1E1E1E1E1E1E1E1E1E1E1E1E1E1E1E1E1E1E1E1E1E1E1E1E1E1E1E1E1E1E1E1E1E1E1E1E1E1E1E1E1E1E1E1E1
310
E1E1E1E1E1E1E1E1E1E1E1E1E1E1E1E1E1E1E1E1E1E1E1E1E1E1E1BEE1E1E1E1E1E1E128E1E1E1E1E1E1E1E1E1E1E1E1E1E1E1E1E1E1E1E1E1E1E1E1E1E1E1E1E1E1E1E1E1E1E1E1E1E1E1E1E1E1E1E1E1E1E1E1E1E1E1E1E1E1E1E10F0F0F0F0F0F0F0F0F0F0F0FE1E1E1E1E1E1E1E1E1E1E1E1E1E1E1E1E1E1E1E1E1E1E1
310
E1E1E1E1E1E1E1E1E1E1E1E1E1E1E1E1E1E1E1E1E1E1E1E1E1E1E1E1E1E1E1E1E1E1E1E1E1E1E1E1E1E1E1E1E1E1E1E1E1E1E1E1E1E1E1E1E1E1E1E1E1E1E128E1BEE1E1E1E1E1E1E1E1E1E1E1E1E1E1E1E1E1E1E1E1E1E1E1E1E1E1E1E1E1E1E1E1E1E1E1E1E1E1E1E1E1E1E1E1E1E1E1E1E1E1E1E1E1E1E1E1E1E1E1E1E1
310
E1E1E1E1E1E1E1E1E1E1E1E1E1E1E1E1E1E1E1E1E1E1E1E1E1E1E1E1E1BEE1E1E1E1E1E1E128E1E1E1E1E1E1E1E1E1E1E1E1E1E1E1E1E1E1E1E1E1E1E1E1E1E1E1E1E1E1E1E1E1E1E1E1E1E1E1E1E1E1E1E1E1E1E1E1E1E1E1E1E1E1E1E1E1E1E1E1E1E1E1E1E1E1E1E1E1E1E1E1E1E1E1E1E1E1E1E1E1E1E1E1E1E1E1E1E1
310
E1E1E1E1E1E1E1E1E1E1E1E1E1E1E1E1E1E1E1E1E1E1E1E1E1E1E1E1E1E1E1E1E1E1E1E1E1E1E1E1E1E1E1E1E1E1E1E1E1E1E1E1E1E1E1E1E1E1E1E1E1E1E1E1E128E1BEE1E1E1E1E1E1E1E1E1E1E1E1E1E1E1E1E1E1E1E1E1E1E1E1E1E1E1E1E1E1E1E1E1E1E1E1E1E1E1E1E1E1E1E1E1E1E1E1E1E1E1E1E1E1E1E1E1E1E1
310
E1E1E1E1E1E1E1E1E1E1E1E1E1E1E1E1E1E1E1E1E1E1E1E1E1E1E1E1E1E1E1BEE1E1E1E1E1E1E128E1E1E1E1E1E1E1E1E1E1E1E1E1E1E1E1E1E1E1E1E1E1E1E1E1E1E1E1E1E1E1E1E1E1E1E1E1E1E1E1E1E1E1E1E1E1E1E1E1E1E1E1E1E1E1E1E1E1E1E1E1E1E1E1E1E1E1E1E1E1E1E1E1E1E1E1E1E1E1E1E1E1E1E1E1E1E1
310
E1E1E1E1E1E1E1E1E1E1E1E1E1E1E1E1E1E1E1E1E1E1E1E1E1E1E1E1E1E1E1E1E1E1E1E1E1E1E1E1E1E1E1E1E1E1E1E1E1E1E1E1E1E1E1E1E1E1E1E1E1E1E1E1E1E1E128E1BEE1E1E1E1E1E1E1E1E1E1E1E1E1E1E1E1E1E1E1E1E1E1E1E1E1E1E1E1E1E1E1E1E1E1E1E1E1E1E1E1E1E1E1E1E1E1E1E1E1E1E1E1E1E1E1E1E1
310
E1E1E1E1E1E1E1E1E1E1E1E1E1E1E1E1E1E1E1E1E1E1E1E1E1E1E1E1E1E1E1E1E1BEE1E1E1E1E1E1E128E1E1E1E1E1E1E1E1E1E1E1E1E1E1E1E1E1E1E1E1E1E1E1E1E1E1E1E1E1E1E1E1E1E1E1E1E1E1E1E1E1E1E1E1E1E1E1E1E1E1E1E1E1E1E1E1E1E1E1E1E1E1E1E1E1E1E1E1E1E1E1E1E1E1E1E1E1E1E1E1E1E1E1E1E1
310
E1E1E1E1E1E1E1E1E1E1E1E1E1E1E1E1E1E1E1E1E1E1E1E1E1E1E1E1E1E1E1E1E1E1E1E1E1E1E1E1E1E1E1E1E1E1E1E1E1E1E1E1E1E1E1E1E1E1E1E1E1E1E1E1E1E1E1E1E128E1BEE1E1E1E1E1E1E1E1E1E1E1E1E1E1E1E1E1E1E1E1E1E1E1E1E1E1E1E1E1E1E1E1E1E1E1E1E1E1E1E1E1E1E1E1E1E1E1E1E1E1E1E1E1E1E1
310
E1E1E1E1E1E1E1E1E1E1E1E1E1E1E1E1E1E1E1E1E1E1E1E1E1E1E1E1E1E1E1E1E1E1E1BEE1E1E1E1E1E1E128E1E1E1E1E1E1E1E1E1E1E1E1E1E1E1E1E1E1E1E1E1E1E1E1E1E1E1E1E1E1E1E1E1E1E1E1E1E1E1E1E1E1E1E1E1E1E1E1E1E1E1E1E1E1E1E1E1E1E1E1E1E1E1E1E1E1E1E1E1E1E1E1E1E1E1E1E1E1E1E1E1E1E1
310
E1E1E1E1E1E1E1E1E1E1E1E1E1E1E1E1E1E1E1E1E1E1E1E1E1E1E1E1E1E1E1E1E1E1E1E1E1E1E1E1E1E1E1E1E1E1E1E1E1E1E1E1E1E1E1E1E1E1E1E1E1E1E1E1E1E1E1E1E1E1E128E1BEE1E1E1E1E1E1E1E1E1E1E1E1E1E1E1E1E1E1E1E1E1E1E1E1E1E1E1E1E1E1E1E1E1E1E1E1E1E1E1E1E1E1E1E1E1E1E1E1E1E1E1E1E1
310
E1E1E1E1E1E1E1E1E1E1E1E1E1E1E1E1E1E1E1E1E1E1E1E1E1E1E1E1E1E1E1E1E1E1E1E1E1BEE1E1E1E1E1E1E128E1E1E1E1E1E1E1E1E1E1E1E1E1E1E1E1E1E1E1E1E1E1E1E1E1E1E1E1E1E1E1E1E1E1E1E1E1E1E1E1E1E1E1E1E1E1E1E1E1E1E1E1E1E1E1E1E1E1E1E1E1E1E1E1E1E1E1E1E1E1E1E1E1E1E1E1E1E1E1E1E1
310
E1E1E1E1E1E1E1E1E1E1E1E1E1E1E1E1E1E1E1E1E1E1E1E1E1E1E1E1E1E1E1E1E1E1E1E1E1E1E1E1E1E1E1E1E1E1E1E1E1E1E1E1E1E1E1E1E1E1E1E1E1E1E1E1E1E1E1E1E1E1E1E1E128E1BEE1E1E1E1E1E1E1E1E1E1E1E1E1E1E1E1E1E1E1E1E1E1E1E1E1E1E1E1E1E1E1E1E1E1E1E1E1E1E1E1E1E1E1E1E1E1E1E1E1E1E1
310
E1E1E1E1E1E1E1E1E1E1E1E1E1E1E1E1E1E1E1E1E1E1E1E1E1E1E1E1E1E1E1E1E1E1E1E1E1E1E1BEE1E1E1E1E1E1E128E1E1E1E1E1E1E1E1E1E1E1E1E1E1E1E1E1E1E1E1E1E1E1E1E1E1E1E1E1E1E1E1E1E1E1E1E1E1E1E1E1E1E1E1E1E1E1E1E1E1E1E1E1E1E1E1E1E1E1E1E1E1E1E1E1E1E1E1E1E1E1E1E1E1E1E1E1E1E1
310
E1E1E1E1E1E1E1E1E1E1E1E1E1E1E1E1E1E1E1E1E1E1E1E1E1E1E1E1E1E1E1E1E1E1E1E1E1E1E1E1E1E1E1E1E1E1E1E1E1E1E1E1E1E1E1E1E1E1E1E1E1E1E1E1E1E1E1E1E1E1E1E1E1E1E128E1BEE1E1E1E1E1E1E1E1E1E1E1E1E1E1E1E1E1E1E1E1E1E1E1E1E1E1E1E1E1E1E1E1E1E1E1E1E1E1E1E1E1E1E1E1E1E1E1E1E1
310
E1E1E1E1E1E1E1E1E1E1E1E1E1E1E1E1E1E1E1E1E1E1E1E1E1E1E1E1E1E1E1E1E1E1E1E1E1E1E1E1E1BEE1E1E1E1E1E1E128E1E1E1E1E1E1E1E1E1E1E1E1E1E1E1E1E1E1E1E1E1E1E1E1E1E1E1E1E1E1E1E1E1E1E1E1E1E1E1E1E1E1E1E1E1E1E1E1E1E1E1E1E1E1E1E1E1E1E1E1E1E1E1E1E1E1E1E1E1E1E1E1E1E1E1E1E1
310
E1E1E1E1E1E1E1E1E1E1E1E1E1E1E1E1E1E1E1E1E1E1E1E1E1E1E1E1E1E1E1E1E1E1E1E1E1E1E1E1E1E1E1E1E1E1E1E1E1E1E1E1E1E1E1E1E1E1E1E1E1E1E1E1E1E1E1E1E1E1E1E1E1E1E1E1E128E1BEE1E1E1E1E1E1E1E1E1E1E1E1E1E1E1E1E1E1E1E1E1E1E1E1E1E1E1E1E1E1E1E1E1E1E1E1E1E1E1E1E1E1E1E1E1E1E1
310
E1E1E1E1E1E1E1E1E1E1E1E1E1E1E1E1E1E1E1E1E1E1E1E1E1E1E1E1E1E1E1E1E1E1E1E1E1E1E1E1E1E1E1BEE1E1E1E1E1E1E128E1E1E1E1E1E1E1E1E1E1E1E1E1E1E1E1E1E1E1E1E1E1E1E1E1E1E1E1E1E1E1E1E1E1E1E1E1E1E1E1E1E1E1E1E1E1E1E1E1E1E1E1E1E1E1E1E1E1E1E1E1E1E1E1E1E1E1E1E1E1E1E1E1E1E1
310
E1E1E1E1E1E1E1E1E1E1E1E1E1E1E1E1E1E1E1E1E1E1E1E1E1E1E1E1E1E1E1E1E1E1E1E1E1E1E1E1E1E1E1E1E1E1E1E1E1E1E1E1E1E1E1E1E1E1E1E1E1E1E1E1E1E1E1E1E1E1E1E1E1E1E1E1E1E1E128E1BEE1E1E1E1E1E1E1E1E1E1E1E1E1E1E1E1E1E1E1E1E1E1E1E1E1E1E1E1E1E1E1E1E1E1E1E1E1E1E1E1E1E1E1E1E1
310
E1E1E1E1E1E1E1E1E1E1E1E1E1E1E1E1E1E1E1E1E1E1E1E1E1E1E1E1E1E1E1E1E1E1E1E1E1E1E1E1E1E1E1E1E1BEE1E1E1E1E1E1E128E1E1E1E1E1E1E1E1E1E1E1E1E1E1E1E1E1E1E1E1E1E1E1E1E1E1E1E1E1E1E1E1E1E1E1E1E1E1E1E1E1E1E1E1E1E1E1E1E1E1E1E1E1E1E1E1E1E1E1E1E1E1E1E1E1E1E1E1E1E1E1E1E1
310
E1E1E1E1E1E1E1E1E1E1E1E1E1E1E1E1E1E1E1E1E1E1E1E1E1E1E1E1E1E1E1E1E1E1E1E1E1E1E1E1E1E1E1E1E1E1E1E1E1E1E1E1E1E1E1E1E1E1E1E1E1E1E1E1E1E1E1E1E1E1E1E1E1E1E1E1E1E1E1E1E128E1BEE1E1E1E1E1E1E1E1E1E1E1E1E1E1E1E1E1E1E1E1E1E1E1E1E1E1E1E1E1E1E1E1E1E1E1E1E1E1E1E1E1E1E1
310
E1E1E1E1E1E1E1E1E1E1E1E1E1E1E1E1E1E1E1E1E1E1E1E1E1E1E1E1E1E1E1E1E1E1E1E1E1E1E1E1E1E1E1E1E1E1E1BEE1E1E1E1E1E1E128E1E1E1E1E1E1E1E1E1E1E1E1E1E1E1E1E1E1E1E1E1E1E1E1E1E1E1E1E1E1E1E1E1E1E1E1E1E1E1E1E1E1E1E1E1E1E1E1E1E1E1E1E1E1E1E1E1E1E1E1E1E1E1E1E1E1E1E1E1E1E1
310
E1E1E1E1E1E1E1E1E1E1E1E1E1E1E1E1E1E1E1E1E1E1E1E1E1E1E1E1E1E1E1E1E1E1E1E1E1E1E1E1E1E1E1E1E1E1E1E1E1E1E1E1E1E1E1E1E1E1E1E1E1E1E1E1E1E1E1E1E1E1E1E1E1E1E1E1E1E1E1E1E1E1E128E1BEE1E1E1E1E1E1E1E1E1E1E1E1E1E1E1E1E1E1E1E1E1E1E1E1E1E1E1E1E1E1E1E1E1E1E1E1E1E1E1E1E1
310
E1E1E1E1E1E1E1E1E1E1E1E1E1E1E1E1E1E1E1E1E1E1E1E1E1E1E1E1E1E1E1E1E1E1E1E1E1E1E1E1E1E1E1E1E1E1E1E1E1BEE1E1E1E1E1E1E128E1E1E1E1E1E1E1E1E1E1E1E1E1E1E1E1E1E1E1E1E1E1E1E1E1E1E1E1E1E1E1E1E1E1E1E1E1E1E1E1E1E1E1E1E1E1E1E1E1E1E1E1E1E1E1E1E1E1E1E1E1E1E1E1E1E1E1E1E1
310
E1E1E1E1E1E1E1E1E1E1E1E1E1E1E1E1E1E1E1E1E1E1E1E1E1E1E1E1E1E1E1E1E1E1E1E1E1E1E1E1E1E1E1E1E1E1E1E1E1E1E1E1E1E1E1E1E1E1E1E1E1E1E1E1E1E1E1E1E1E1E1E1E1E1E1E1E1E1E1E1E1E1E1E1E128E1BEE1E1E1E1E1E1E1E1E1E1E1E1E1E1E1E1E1E1E1E1E1E1E1E1E1E1E1E1E1E1E1E1E1E1E1E1E1E1E1
310
E1E1E1E1E1E1E1E1E1E1E1E1E1E1E1E1E1E1E1E1E1E1E1E1E1E1E1E1E1E1E1E1E1E1E1E1E1E1E1E1E1E1E1E1E1E1E1E1E1E1E1BEE1E1E1E1E1E1E128E1E1E1E1E1E1E1E1E1E1E1E1E1E1E1E1E1E1E1E1E1E1E1E1E1E1E1E1E1E1E1E1E1E1E1E1E1E1E1E1E1E1E1E1E1E1E1E1E1E1E1E1E1E1E1E1E1E1E1E1E1E1E1E1E1E1E1
310
E1E1E1E1E1E1E1E1E1E1E1E1E1E1E1E1E1E1E1E1E1E1E1E1E1E1E1E1E1E1E1E1E1E1E1E1E1E1E1E1E1E1E1E1E1E1E1E1E1E1E1E1E1E1E1E1E1E1E1E1E1E1E1E1E1E1E1E1E1E1E1E1E1E1E1E1E1E1E1E1E1E1E1E1E1E1E128E1BEE1E1E1E1E1E1E1E1E1E1E1E1E1E1E1E1E1E1E1E1E1E1E1E1E1E1E1E1E1E1E1E1E1E1E1E1E1
310
E1E1E1E1E1E1E1E1E1E1E1E1E1E1E1E1E1E1E1E1E1E1E1E1E1E1E1E1E1E1E1E1E1E1E1E1E1E1E1E1E1E1E1E1E1E1E1E1E1E1E1E1E1BEE1E1E1E1E1E1E128E1E1E1E1E1E1E1E1E1E1E1E1E1E1E1E1E1E1E1E1E1E1E1E1E1E1E1E1E1E1E1E1E1E1E1E1E1E1E1E1E1E1E1E1E1E1E1E1E1E1E1E1E1E1E1E1E1E1E1E1E1E1E1E1E1
310
E1E1E1E1E1E1E1E1E1E1E1E1E1E1E1E1E1E1E1E1E1E1E1E1E1E1E1E1E1E1E1E1E1E1E1E1E1E1E1E1E1E1E1E1E1E1E1E1E1E1E1E1E1E1E1E1E1E1E1E1E1E1E1E1E1E1E1E1E1E1E1E1E1E1E1E1E1E1E1E1E1E1E1E1E1E1E1E1E128E1BEE1E1E1E1E1E1E1E1E1E1E1E1E1E1E1E1E1E1E1E1E1E1E1E1E1E1E1E1E1E1E1E1E1E1E1
310
E1E1E1E1E1E1E1E1E1E1E1E1E1E1E1E1E1E1E1E1E1E1E1E1E1E1E1E1E1E1E1E1E1E1E1E1E1E1E1E1E1E1E1E1E1E1E1E1E1E1E1E1E1E1E1BEE1E1E1E1E1E1E128E1E1E1E1E1E1E1E1E1E1E1E1E1E1E1E1E1E1E1E1E1E1E1E1E1E1E1E1E1E1E1E1E1E1E1E1E1E1E1E1E1E1E1E1E1E1E1E1E1E1E1E1E1E1E1E1E1E1E1E1E1E1E1
310
E1E1E1E1E1E1E1E1E1E1E1E1E1E1E1E1E1E1E1E1E1E1E1E1E1E1E1E1E1E1E1E1E1E1E1E1E1E1E1E1E1E1E1E1E1E1E1E1E1E1E1E1E1E1E1E1E1E1E1E1E1E1E1E1E1E1E1E1E1E1E1E1E1E1E1E1E1E1E1E1E1E1E1E1E1E1E1E1E1E1E128E1BEE1E1E1E1E1E1E1E1E1E1E1E1E1E1E1E1E1E1E1E1E1E1E1E1E1E1E1E1E1E1E1E1E1
310
E1E1E1E1E1E1E1E1E1E1E1E1E1E1E1E1E1E1E1E1E1E1E1E1E1E1E1E1E1E1E1E1E1E1E1E1E1E1E1E1E1E1E1E1E1E1E1E1E1E1E1E1E1E1E1E1E1BEE1E1E1E1E1E1E128E1E1E1E1E1E1E1E1E1E1E1E1E1E1E1E1E1E1E1E1E1E1E1E1E1E1E1E1E1E1E1E1E1E1E1E1E1E1E1E1E1E1E1E1E1E1E1E1E1E1E1E1E1E1E1E1E1E1E1E1E1
310
E1E1E1E1E1E1E1E1E1E1E1E1E1E1E1E1E1E1E1E1E1E1E1E1E1E1E1E1E1E1E1E1E1E1E1E1E1E1E1E1E1E1E1E1E1E1E1E1E1E1E1E1E1E1E1E1E1E1E1E1E1E1E1E1E1E1E1E1E1E1E1E1E1E1E1E1E1E1E1E1E1E1E1E1E1E1E1E1E1E1E1E1E128E1BEE1E1E1E1E1E1E1E1E1E1E1E1E1E1E1E1E1E1E1E1E1E1E1E1E1E1E1E1E1E1E1
310
E1E1E1E1E1E1E1E1E1E1E1E1E1E1E1E1E1E1E1E1E1E1E1E1E1E1E1E1E1E1E1E1E1E1E1E1E1E1E1E1E1E1E1E1E1E1E1E1E1E1E1E1E1E1E1E1E1E1E1BEE1E1E1E1E1E1E128E1E1E1E1E1E1E1E1E1E1E1E1E1E1E1E1E1E1E1E1E1E1E1E1E1E1E1E1E1E1E1E1E1E1E1E1E1E1E1E1E1E1E1E1E1E1E1E1E1E1E1E1E1E1E1E1E1E1E1
310
E1E1E1E1E1E1E1E1E1E1E1E1E1E1E1E1E1E1E1E1E1E1E1E1E1E1E1E1E1E1E1E1E1E1E1E1E1E1E1E1E1E1E1E1E1E1E1E1E1E1E1E1E1E1E1E1E1E1E1E1E1E1E1E1E1E1E1E1E1E1E1E1E1E1E1E1E1E1E1E1E1E1E1E1E1E1E1E1E1E1E1E1E1E1E128E1BEE1E1E1E1E1E1E1E1E1E1E1E1E1E1E1E1E1E1E1E1E1E1E1E1E1E1E1E1E1
310
E1E1E1E1E1E1E1E1E1E1E1E1E1E1E1E1E1E1E1E1E1E1E1E1E1E1E1E1E1E1E1E1E1E1E1E1E1E1E1E1E1E1E1E1E1E1E1E1E1E1E1E1E1E1E1E1E1E1E1E1E1BEE1E1E1E1E1E1E128E1E1E1E1E1E1E1E1E1E1E1E1E1E1E1E1E1E1E1E1E1E1E1E1E1E1E1E1E1E1E1E1E1E1E1E1E1E1E1E1E1E1E1E1E1E1E1E1E1E1E1E1E1E1E1E1E1
310
E1E1E1E1E1E1E1E1E1E1E1E1E1E1E1E1E1E1E1E1E1E1E1E1E1E1E1E1E1E1E1E1E1E1E1E1E1E1E1E1E1E1E1E1E1E1E1E1E1E1E1E1E1E1E1E1E1E1E1E1E1E1E1E1E1E1E1E1E1E1E1E1E1E1E1E1E1E1E1E1E1E1E1E1E1E1E1E1E1E1E1E1E1E1E1E1E128E1BEE1E1E1E1E1E1E1E1E1E1E1E1E1E1E1E1E1E1E1E1E1E1E1E1E1E1E1
310
E1E1E1E1E1E1E1E1E1E1E1E1E1E1E1E1E1E1E1E1E1E1E1E1E1E1E1E1E1E1E1E1E1E1E1E1E1E1E1E1E1E1E1E1E1E1E1E1E1E1E1E1E1E1E1E1E1E1E1E1E1E1E1BEE1E1E1E1E1E1E128E1E1E1E1E1E1E1E1E1E1E1E1E1E1E1E1E1E1E1E1E1E1E1E1E1E1E1E1E1E1E1E1E1E1E1E1E1E1E1E1E1E1E1E1E1E1E1E1E1E1E1E1E1E1E1
310
E1E1E1E1E1E1E1E1E1E1E1E1E1E1E1E1E1E1E1E1E1E1E1E1E1E1E1E1E1E1E1E1E1E1E1E1E1E1E1E1E1E1E1E1E1E1E1E1E1E1E1E1E1E1E1E1E1E1E1E1E1E1E1E1E1E1E1E1E1E1E1E1E1E1E1E1E1E1E1E1E1E1E1E1E1E1E1E1E1E1E1E1E1E1E1E1E1E1E128E1BEE1E1E1E1E1E1E1E1E1E1E1E1E1E1E1E1E1E1E1E1E1E1E1E1E1
310
E1E1E1E1E1E1E1E1E1E1E1E1E1E1E1E1E1E1E1E1E1E1E1E1E1E1E1E1E1E1E1E1E1E1E1E1E1E1E1E1E1E1E1E1E1E1E1E1E1E1E1E1E1E1E1E1E1E1E1E1E1E1E1E1E1BEE1E1E1E1E1E1E128E1E1E1E1E1E1E1E1E1E1E1E1E1E1E1E1E1E1E1E1E1E1E1E1E1E1E1E1E1E1E1E1E1E1E1E1E1E1E1E1E1E1E1E1E1E1E1E1E1E1E1E1E1
310
E1E1E1E1E1E1E1E1E1E1E1E1E1E1E1E1E1E1E1E1E1E1E1E1E1E1E1E1E1E1E1E1E1E1E1E1E1E1E1E1E1E1E1E1E1E1E1E1E1E1E1E1E1E1E1E1E1E1E1E1E1E1E1E1E1E1E1E1E1E1E1E1E1E1E1E1E1E1E1E1E1E1E1E1E1E1E1E1E1E1E1E1E1E1E1E1E1E1E1E1E128E1BEE1E1E1E1E1E1E1E1E1E1E1E1E1E1E1E1E1E1E1E1E1E1E1
310
E1E1E1E1E1E1E1E1E1E1E1E1E1E1E1E1E1E1E1E1E1E1E1E1E1E1E1E1E1E1E1E1E1E1E1E1E1E1E1E1E1E1E1E1E1E1E1E1E1E1E1E1E1E1E1E1E1E1E1E1E1E1E1E1E1E1E1BEE1E1E1E1E1E1E128282828282828282828282828282828282828282828282828282828282828282828282828282828282828282828282828282828
310
2828282828282828282828282828282828282828282828282828282828282828282828282828282828282828282828282828282828282828282828282828282828282828282828282828282828282828282828282828282828282828282828282828282828282828E1BEE1E1E1E1E1E1E1E1E1E1E1E1E1E1E1E1E1E1E1E1E1
310
E1E1E1E1E1E1E1E1E1E1E1E1E1E1E1E1E1E1E1E1E1E1E1E1E1E1E1E1E1E1E1E1E1E1E1E1E1E1E1E1E1E1E1E1E1E1E1E1E1E1E1E1E1E1E1E1E1E1E1E1E1E1E1E1E1E1E1E1E1BEE1E1E1E1E1E1E1E1E1E1E1E1E1E1E1E1E1E1E1E1E1E1E1E1E1E1E1E1E1E1E1E1E1E1E1E1E1E1E1E1E1E1E1E1E1E1E1E1BEE1E1E1E1E1E1E1E1
310
E1E1E1E1E1E1E1E1E1E1E1E1E1E1E1E1E1E1E1E1E1E1E1E1E1E1E1E1E1E1E1E1BEE1E1E1E1E1E1E1E1E1E1E1E1E1E1E1E1E1E1E1E1E1E1E1E1E1E1E1E1E1E1E1E1E1E1E1E1E1E1E1E1E1E1E1E1E1E1E1E1E1E1E1E1E1E1E1E1E1E1E1E1E1E1E1E1E1E1E1E1E1E1E1E1E1E1BEE1E1E1E1E1E1E1E1E1E1E1E1E1E1E1E1E1E1E1
310
E1E1E1E1E1E1E1E1E1E1E1E1E1E1E1E1E1E1E1E1E1E1E1E1E1E1E1E1E1E1E1E1E1E1E1E1E1E1E1E1E1E1E1E1E1E1E1E1E1E1E1E1E1E1E1E1E1E1E1E1E1E1E1E1E1E1E1E1E1E1E1BEBEBEBEBEBEBEBEBEBEBEBEBEBEBEBEBEBEBEBEBEBEBEBEBEBEBEBEBEBEBEBEBEBEBEBEBEBEBEBEBEBEBEBEBEBEBEBEBEBEBEBEBEBEBEBE
310
BEBEBEBEBEBEBEBEBEBEBEBEBEBEBEBEBEBEBEBEBEBEBEBEBEBEBEBEBEBEBEBEBEBEBEBEBEBEBEBEBEBEBEBEBEBEBEBEBEBEBEBEBEBEBEBEBEBEBEBEBEBEBEBEBEBEBEBEBEBEBEBEBEBEBEBEBEBEBEBEBEBEBEBEBEBEBEBEBEBEBEBEBEBEBEBEBEBEBEBEBEBEBEBEBEBEBEBEBEBEE1E1E1E1E1E1E1E1E1E1E1E1E1E1E1E1E1
310
E1E1E1E1E1E1E1E1E1E1E1E1E1E1E1E1E1E1E1E1E1E1E1E1E1E1E1E1
  0
XRECORD
  5
5D46
102
{ACAD_REACTORS
330
5D45
102
}
330
5D45
100
AcDbXrecord
280
     1
102
MATERIAL
148
0.0
149
0.0
149
0.0
 93
        0
 94
      127
282
     0
 72
     1
 77
     1
171
     1
175
     1
179
     1
273
     0
  0
XRECORD
  5
5D44
102
{ACAD_REACTORS
330
5D43
102
}
330
5D43
100
AcDbXrecord
280
     1
102
MATERIAL
148
0.0
149
0.0
149
0.0
 93
        0
 94
      127
282
     0
 72
     1
 77
     1
171
     1
175
     1
179
     1
273
     0
  0
XRECORD
  5
5D48
102
{ACAD_REACTORS
330
5D47
102
}
330
5D47
100
AcDbXrecord
280
     1
102
MATERIAL
148
0.0
149
0.0
149
0.0
 93
        0
 94
      127
282
     0
 72
     1
 77
     1
171
     1
175
     1
179
     1
273
     0
  0
XRECORD
  5
5D97
102
{ACAD_REACTORS
330
5D96
102
}
330
5D96
100
AcDbXrecord
280
     1
102
SHADEPLOT
 70
     1
102
SHADEPLOTRESLEVEL
 70
     2
102
SHADEPLOTCUSTOMDPI
 70
   300
  0
CELLSTYLEMAP
  5
5D8B
102
{ACAD_REACTORS
330
5CF5
102
}
330
5CF5
100
AcDbCellStyleMap
 90
        3
300
CELLSTYLE
  1
TABLEFORMAT_BEGIN
 90
        5
170
     1
 91
        0
 92
    32768
 62
   257
 93
        1
300
CONTENTFORMAT
  1
CONTENTFORMAT_BEGIN
 90
        0
 91
        0
 92
        4
 93
        0
300

 40
0.0
140
1.0
 94
        5
 62
     0
340
10
144
6.0
309
CONTENTFORMAT_END
171
     1
301
MARGIN
  1
CELLMARGIN_BEGIN
 40
1.5
 40
1.5
 40
1.5
 40
1.5
 40
0.18
 40
0.18
309
CELLMARGIN_END
 94
        6
 95
        1
302
GRIDFORMAT
  1
GRIDFORMAT_BEGIN
 90
        0
 91
        1
 62
     0
 92
       -2
340
0
 93
        0
 40
0.045
309
GRIDFORMAT_END
 95
        2
302
GRIDFORMAT
  1
GRIDFORMAT_BEGIN
 90
        0
 91
        1
 62
     0
 92
       -2
340
0
 93
        0
 40
0.045
309
GRIDFORMAT_END
 95
        4
302
GRIDFORMAT
  1
GRIDFORMAT_BEGIN
 90
        0
 91
        1
 62
     0
 92
       -2
340
0
 93
        0
 40
0.045
309
GRIDFORMAT_END
 95
        8
302
GRIDFORMAT
  1
GRIDFORMAT_BEGIN
 90
        0
 91
        1
 62
     0
 92
       -2
340
0
 93
        0
 40
0.045
309
GRIDFORMAT_END
 95
       16
302
GRIDFORMAT
  1
GRIDFORMAT_BEGIN
 90
        0
 91
        1
 62
     0
 92
       -2
340
0
 93
        0
 40
0.045
309
GRIDFORMAT_END
 95
       32
302
GRIDFORMAT
  1
GRIDFORMAT_BEGIN
 90
        0
 91
        1
 62
     0
 92
       -2
340
0
 93
        0
 40
0.045
309
GRIDFORMAT_END
309
TABLEFORMAT_END
  1
CELLSTYLE_BEGIN
 90
        1
 91
        1
300
_TITLE
309
CELLSTYLE_END
300
CELLSTYLE
  1
TABLEFORMAT_BEGIN
 90
        5
170
     1
 91
        0
 92
        0
 62
   257
 93
        1
300
CONTENTFORMAT
  1
CONTENTFORMAT_BEGIN
 90
        0
 91
        0
 92
        4
 93
        0
300

 40
0.0
140
1.0
 94
        5
 62
     0
340
10
144
4.5
309
CONTENTFORMAT_END
171
     1
301
MARGIN
  1
CELLMARGIN_BEGIN
 40
1.5
 40
1.5
 40
1.5
 40
1.5
 40
0.18
 40
0.18
309
CELLMARGIN_END
 94
        6
 95
        1
302
GRIDFORMAT
  1
GRIDFORMAT_BEGIN
 90
        0
 91
        1
 62
     0
 92
       -2
340
0
 93
        0
 40
0.045
309
GRIDFORMAT_END
 95
        2
302
GRIDFORMAT
  1
GRIDFORMAT_BEGIN
 90
        0
 91
        1
 62
     0
 92
       -2
340
0
 93
        0
 40
0.045
309
GRIDFORMAT_END
 95
        4
302
GRIDFORMAT
  1
GRIDFORMAT_BEGIN
 90
        0
 91
        1
 62
     0
 92
       -2
340
0
 93
        0
 40
0.045
309
GRIDFORMAT_END
 95
        8
302
GRIDFORMAT
  1
GRIDFORMAT_BEGIN
 90
        0
 91
        1
 62
     0
 92
       -2
340
0
 93
        0
 40
0.045
309
GRIDFORMAT_END
 95
       16
302
GRIDFORMAT
  1
GRIDFORMAT_BEGIN
 90
        0
 91
        1
 62
     0
 92
       -2
340
0
 93
        0
 40
0.045
309
GRIDFORMAT_END
 95
       32
302
GRIDFORMAT
  1
GRIDFORMAT_BEGIN
 90
        0
 91
        1
 62
     0
 92
       -2
340
0
 93
        0
 40
0.045
309
GRIDFORMAT_END
309
TABLEFORMAT_END
  1
CELLSTYLE_BEGIN
 90
        2
 91
        1
300
_HEADER
309
CELLSTYLE_END
300
CELLSTYLE
  1
TABLEFORMAT_BEGIN
 90
        5
170
     1
 91
        0
 92
        0
 62
   257
 93
        1
300
CONTENTFORMAT
  1
CONTENTFORMAT_BEGIN
 90
        0
 91
        0
 92
        4
 93
        0
300

 40
0.0
140
1.0
 94
        2
 62
     0
340
10
144
4.5
309
CONTENTFORMAT_END
171
     1
301
MARGIN
  1
CELLMARGIN_BEGIN
 40
1.5
 40
1.5
 40
1.5
 40
1.5
 40
0.18
 40
0.18
309
CELLMARGIN_END
 94
        6
 95
        1
302
GRIDFORMAT
  1
GRIDFORMAT_BEGIN
 90
        0
 91
        1
 62
     0
 92
       -2
340
0
 93
        0
 40
0.045
309
GRIDFORMAT_END
 95
        2
302
GRIDFORMAT
  1
GRIDFORMAT_BEGIN
 90
        0
 91
        1
 62
     0
 92
       -2
340
0
 93
        0
 40
0.045
309
GRIDFORMAT_END
 95
        4
302
GRIDFORMAT
  1
GRIDFORMAT_BEGIN
 90
        0
 91
        1
 62
     0
 92
       -2
340
0
 93
        0
 40
0.045
309
GRIDFORMAT_END
 95
        8
302
GRIDFORMAT
  1
GRIDFORMAT_BEGIN
 90
        0
 91
        1
 62
     0
 92
       -2
340
0
 93
        0
 40
0.045
309
GRIDFORMAT_END
 95
       16
302
GRIDFORMAT
  1
GRIDFORMAT_BEGIN
 90
        0
 91
        1
 62
     0
 92
       -2
340
0
 93
        0
 40
0.045
309
GRIDFORMAT_END
 95
       32
302
GRIDFORMAT
  1
GRIDFORMAT_BEGIN
 90
        0
 91
        1
 62
     0
 92
       -2
340
0
 93
        0
 40
0.045
309
GRIDFORMAT_END
309
TABLEFORMAT_END
  1
CELLSTYLE_BEGIN
 90
        3
 91
        2
300
_DATA
309
CELLSTYLE_END
  0
XRECORD
  5
5D95
102
{ACAD_REACTORS
330
5CF5
102
}
330
5CF5
100
AcDbXrecord
280
     1
102
ACAD_ROUNDTRIP_PRE2007_TABLESTYLE
 90
        4
 91
        0
  1

 92
        4
 93
        0
  2

 94
        4
 95
        0
  3

  0
XRECORD
  5
5DA3
102
{ACAD_REACTORS
330
5DA2
102
}
330
5DA2
100
AcDbXrecord
280
     1
102
RTVSPropertyOp0
 70
     1
102
RTVSPropertyOp1
 70
     1
102
RTVSPropertyOp2
 70
     1
102
RTVSPropertyOp3
 70
     1
102
RTVSPropertyOp4
 70
     1
102
RTVSPropertyOp5
 70
     1
102
RTVSPropertyOp6
 70
     1
102
RTVSPropertyOp7
 70
     1
102
RTVSPropertyOp8
 70
     1
102
RTVSPropertyOp9
 70
     1
102
RTVSPropertyOp10
 70
     1
102
RTVSPropertyOp11
 70
     1
102
RTVSPropertyOp12
 70
     1
102
RTVSPropertyOp13
 70
     1
102
RTVSPropertyOp14
 70
     1
102
RTVSPropertyOp15
 70
     1
102
RTVSPropertyOp16
 70
     1
102
RTVSPropertyOp17
 70
     1
102
RTVSPropertyOp18
 70
     1
102
RTVSPropertyOp19
 70
     1
102
RTVSPropertyOp20
 70
     1
102
RTVSPropertyOp21
 70
     1
102
RTVSPropertyOp22
 70
     1
102
RTVSPropertyOp23
 70
     1
102
RTVSPropertyOp24
 70
     1
102
RTVSPropertyOp25
 70
     1
102
RTVSPropertyOp26
 70
     1
102
RTVSPropertyOp27
 70
     1
  0
XRECORD
  5
5DA7
102
{ACAD_REACTORS
330
5DA6
102
}
330
5DA6
100
AcDbXrecord
280
     1
102
RTVSPropertyOp0
 70
     1
102
RTVSPropertyOp1
 70
     1
102
RTVSPropertyOp2
 70
     1
102
RTVSPropertyOp3
 70
     1
102
RTVSPropertyOp4
 70
     1
102
RTVSPropertyOp5
 70
     1
102
RTVSPropertyOp6
 70
     1
102
RTVSPropertyOp7
 70
     1
102
RTVSPropertyOp8
 70
     1
102
RTVSPropertyOp9
 70
     1
102
RTVSPropertyOp10
 70
     1
102
RTVSPropertyOp11
 70
     1
102
RTVSPropertyOp12
 70
     1
102
RTVSPropertyOp13
 70
     1
102
RTVSPropertyOp14
 70
     1
102
RTVSPropertyOp15
 70
     1
102
RTVSPropertyOp16
 70
     1
102
RTVSPropertyOp17
 70
     1
102
RTVSPropertyOp18
 70
     1
102
RTVSPropertyOp19
 70
     1
102
RTVSPropertyOp20
 70
     1
102
RTVSPropertyOp21
 70
     1
102
RTVSPropertyOp22
 70
     1
102
RTVSPropertyOp23
 70
     1
102
RTVSPropertyOp24
 70
     1
102
RTVSPropertyOp25
 70
     1
102
RTVSPropertyOp26
 70
     1
102
RTVSPropertyOp27
 70
     1
  0
XRECORD
  5
5DA5
102
{ACAD_REACTORS
330
5DA4
102
}
330
5DA4
100
AcDbXrecord
280
     1
102
RTVSPropertyOp0
 70
     1
102
RTVSPropertyOp1
 70
     1
102
RTVSPropertyOp2
 70
     1
102
RTVSPropertyOp3
 70
     1
102
RTVSPropertyOp4
 70
     1
102
RTVSPropertyOp5
 70
     1
102
RTVSPropertyOp6
 70
     1
102
RTVSPropertyOp7
 70
     1
102
RTVSPropertyOp8
 70
     1
102
RTVSPropertyOp9
 70
     1
102
RTVSPropertyOp10
 70
     1
102
RTVSPropertyOp11
 70
     1
102
RTVSPropertyOp12
 70
     1
102
RTVSPropertyOp13
 70
     1
102
RTVSPropertyOp14
 70
     1
102
RTVSPropertyOp15
 70
     1
102
RTVSPropertyOp16
 70
     1
102
RTVSPropertyOp17
 70
     1
102
RTVSPropertyOp18
 70
     1
102
RTVSPropertyOp19
 70
     1
102
RTVSPropertyOp20
 70
     1
102
RTVSPropertyOp21
 70
     1
102
RTVSPropertyOp22
 70
     1
102
RTVSPropertyOp23
 70
     1
102
RTVSPropertyOp24
 70
     1
102
RTVSPropertyOp25
 70
     1
102
RTVSPropertyOp26
 70
     1
102
RTVSPropertyOp27
 70
     1
  0
XRECORD
  5
5DA1
102
{ACAD_REACTORS
330
5DA0
102
}
330
5DA0
100
AcDbXrecord
280
     1
102
RTVSPropertyOp0
 70
     1
102
RTVSPropertyOp1
 70
     1
102
RTVSPropertyOp2
 70
     1
102
RTVSPropertyOp3
 70
     1
102
RTVSPropertyOp4
 70
     1
102
RTVSPropertyOp5
 70
     1
102
RTVSPropertyOp6
 70
     1
102
RTVSPropertyOp7
 70
     1
102
RTVSPropertyOp8
 70
     1
102
RTVSPropertyOp9
 70
     1
102
RTVSPropertyOp10
 70
     1
102
RTVSPropertyOp11
 70
     1
102
RTVSPropertyOp12
 70
     1
102
RTVSPropertyOp13
 70
     1
102
RTVSPropertyOp14
 70
     1
102
RTVSPropertyOp15
 70
     1
102
RTVSPropertyOp16
 70
     1
102
RTVSPropertyOp17
 70
     1
102
RTVSPropertyOp18
 70
     1
102
RTVSPropertyOp19
 70
     1
102
RTVSPropertyOp20
 70
     1
102
RTVSPropertyOp21
 70
     1
102
RTVSPropertyOp22
 70
     1
102
RTVSPropertyOp23
 70
     1
102
RTVSPropertyOp24
 70
     1
102
RTVSPropertyOp25
 70
     1
102
RTVSPropertyOp26
 70
     1
102
RTVSPropertyOp27
 70
     1
  0
XRECORD
  5
5DAF
102
{ACAD_REACTORS
330
5DAE
102
}
330
5DAE
100
AcDbXrecord
280
     1
102
RTVSPropertyOp0
 70
     1
102
RTVSPropertyOp1
 70
     1
102
RTVSPropertyOp2
 70
     1
102
RTVSPropertyOp3
 70
     1
102
RTVSPropertyOp4
 70
     1
102
RTVSPropertyOp5
 70
     1
102
RTVSPropertyOp6
 70
     1
102
RTVSPropertyOp7
 70
     1
102
RTVSPropertyOp8
 70
     1
102
RTVSPropertyOp9
 70
     1
102
RTVSPropertyOp10
 70
     1
102
RTVSPropertyOp11
 70
     1
102
RTVSPropertyOp12
 70
     1
102
RTVSPropertyOp13
 70
     1
102
RTVSPropertyOp14
 70
     1
102
RTVSPropertyOp15
 70
     1
102
RTVSPropertyOp16
 70
     1
102
RTVSPropertyOp17
 70
     1
102
RTVSPropertyOp18
 70
     1
102
RTVSPropertyOp19
 70
     1
102
RTVSPropertyOp20
 70
     1
102
RTVSPropertyOp21
 70
     1
102
RTVSPropertyOp22
 70
     1
102
RTVSPropertyOp23
 70
     1
102
RTVSPropertyOp24
 70
     1
102
RTVSPropertyOp25
 70
     1
102
RTVSPropertyOp26
 70
     1
102
RTVSPropertyOp27
 70
     1
  0
XRECORD
  5
5DB7
102
{ACAD_REACTORS
330
5DB6
102
}
330
5DB6
100
AcDbXrecord
280
     1
102
RTVSPropertyOp0
 70
     1
102
RTVSPropertyOp1
 70
     1
102
RTVSPropertyOp2
 70
     1
102
RTVSPropertyOp3
 70
     1
102
RTVSPropertyOp4
 70
     1
102
RTVSPropertyOp5
 70
     1
102
RTVSPropertyOp6
 70
     1
102
RTVSPropertyOp7
 70
     1
102
RTVSPropertyOp8
 70
     1
102
RTVSPropertyOp9
 70
     1
102
RTVSPropertyOp10
 70
     1
102
RTVSPropertyOp11
 70
     1
102
RTVSPropertyOp12
 70
     1
102
RTVSPropertyOp13
 70
     1
102
RTVSPropertyOp14
 70
     1
102
RTVSPropertyOp15
 70
     1
102
RTVSPropertyOp16
 70
     1
102
RTVSPropertyOp17
 70
     1
102
RTVSPropertyOp18
 70
     1
102
RTVSPropertyOp19
 70
     1
102
RTVSPropertyOp20
 70
     1
102
RTVSPropertyOp21
 70
     1
102
RTVSPropertyOp22
 70
     1
102
RTVSPropertyOp23
 70
     1
102
RTVSPropertyOp24
 70
     1
102
RTVSPropertyOp25
 70
     1
102
RTVSPropertyOp26
 70
     1
102
RTVSPropertyOp27
 70
     1
  0
XRECORD
  5
5DA9
102
{ACAD_REACTORS
330
5DA8
102
}
330
5DA8
100
AcDbXrecord
280
     1
102
RTVSPropertyOp0
 70
     1
102
RTVSPropertyOp1
 70
     1
102
RTVSPropertyOp2
 70
     1
102
RTVSPropertyOp3
 70
     1
102
RTVSPropertyOp4
 70
     1
102
RTVSPropertyOp5
 70
     1
102
RTVSPropertyOp6
 70
     1
102
RTVSPropertyOp7
 70
     1
102
RTVSPropertyOp8
 70
     1
102
RTVSPropertyOp9
 70
     1
102
RTVSPropertyOp10
 70
     1
102
RTVSPropertyOp11
 70
     1
102
RTVSPropertyOp12
 70
     1
102
RTVSPropertyOp13
 70
     1
102
RTVSPropertyOp14
 70
     1
102
RTVSPropertyOp15
 70
     1
102
RTVSPropertyOp16
 70
     1
102
RTVSPropertyOp17
 70
     1
102
RTVSPropertyOp18
 70
     1
102
RTVSPropertyOp19
 70
     1
102
RTVSPropertyOp20
 70
     1
102
RTVSPropertyOp21
 70
     1
102
RTVSPropertyOp22
 70
     1
102
RTVSPropertyOp23
 70
     1
102
RTVSPropertyOp24
 70
     1
102
RTVSPropertyOp25
 70
     1
102
RTVSPropertyOp26
 70
     1
102
RTVSPropertyOp27
 70
     1
  0
XRECORD
  5
5DAD
102
{ACAD_REACTORS
330
5DAC
102
}
330
5DAC
100
AcDbXrecord
280
     1
102
RTVSPropertyOp0
 70
     1
102
RTVSPropertyOp1
 70
     1
102
RTVSPropertyOp2
 70
     1
102
RTVSPropertyOp3
 70
     1
102
RTVSPropertyOp4
 70
     1
102
RTVSPropertyOp5
 70
     1
102
RTVSPropertyOp6
 70
     1
102
RTVSPropertyOp7
 70
     1
102
RTVSPropertyOp8
 70
     1
102
RTVSPropertyOp9
 70
     1
102
RTVSPropertyOp10
 70
     1
102
RTVSPropertyOp11
 70
     1
102
RTVSPropertyOp12
 70
     1
102
RTVSPropertyOp13
 70
     1
102
RTVSPropertyOp14
 70
     1
102
RTVSPropertyOp15
 70
     1
102
RTVSPropertyOp16
 70
     1
102
RTVSPropertyOp17
 70
     1
102
RTVSPropertyOp18
 70
     1
102
RTVSPropertyOp19
 70
     1
102
RTVSPropertyOp20
 70
     1
102
RTVSPropertyOp21
 70
     1
102
RTVSPropertyOp22
 70
     1
102
RTVSPropertyOp23
 70
     1
102
RTVSPropertyOp24
 70
     1
102
RTVSPropertyOp25
 70
     1
102
RTVSPropertyOp26
 70
     1
102
RTVSPropertyOp27
 70
     1
  0
XRECORD
  5
5DBD
102
{ACAD_REACTORS
330
5DBC
102
}
330
5DBC
100
AcDbXrecord
280
     1
102
RTVSPropertyOp0
 70
     0
102
RTVSPropertyOp1
 70
     0
102
RTVSPropertyOp2
 70
     0
102
RTVSPropertyOp3
 70
     0
102
RTVSPropertyOp4
 70
     0
102
RTVSPropertyOp5
 70
     0
102
RTVSPropertyOp6
 70
     0
102
RTVSPropertyOp7
 70
     0
102
RTVSPropertyOp8
 70
     0
102
RTVSPropertyOp9
 70
     0
102
RTVSPropertyOp10
 70
     0
102
RTVSPropertyOp11
 70
     0
102
RTVSPropertyOp12
 70
     0
102
RTVSPropertyOp13
 70
     0
102
RTVSPropertyOp14
 70
     2
102
RTVSPropertyOp15
 70
     0
102
RTVSPropertyOp16
 70
     0
102
RTVSPropertyOp17
 70
     0
102
RTVSPropertyOp18
 70
     0
102
RTVSPropertyOp19
 70
     0
102
RTVSPropertyOp20
 70
     0
102
RTVSPropertyOp21
 70
     0
102
RTVSPropertyOp22
 70
     0
102
RTVSPropertyOp23
 70
     0
102
RTVSPropertyOp24
 70
     0
102
RTVSPropertyOp25
 70
     0
102
RTVSPropertyOp26
 70
     0
102
RTVSPropertyOp27
 70
     0
  0
XRECORD
  5
5DB5
102
{ACAD_REACTORS
330
5DB4
102
}
330
5DB4
100
AcDbXrecord
280
     1
102
RTVSPropertyOp0
 70
     1
102
RTVSPropertyOp1
 70
     1
102
RTVSPropertyOp2
 70
     1
102
RTVSPropertyOp3
 70
     1
102
RTVSPropertyOp4
 70
     1
102
RTVSPropertyOp5
 70
     1
102
RTVSPropertyOp6
 70
     1
102
RTVSPropertyOp7
 70
     1
102
RTVSPropertyOp8
 70
     1
102
RTVSPropertyOp9
 70
     1
102
RTVSPropertyOp10
 70
     1
102
RTVSPropertyOp11
 70
     1
102
RTVSPropertyOp12
 70
     1
102
RTVSPropertyOp13
 70
     1
102
RTVSPropertyOp14
 70
     1
102
RTVSPropertyOp15
 70
     1
102
RTVSPropertyOp16
 70
     1
102
RTVSPropertyOp17
 70
     1
102
RTVSPropertyOp18
 70
     1
102
RTVSPropertyOp19
 70
     1
102
RTVSPropertyOp20
 70
     1
102
RTVSPropertyOp21
 70
     1
102
RTVSPropertyOp22
 70
     1
102
RTVSPropertyOp23
 70
     1
102
RTVSPropertyOp24
 70
     1
102
RTVSPropertyOp25
 70
     1
102
RTVSPropertyOp26
 70
     1
102
RTVSPropertyOp27
 70
     1
  0
XRECORD
  5
5D99
102
{ACAD_REACTORS
330
5D98
102
}
330
5D98
100
AcDbXrecord
280
     1
102
RTVSPropertyOp0
 70
     1
102
RTVSPropertyOp1
 70
     1
102
RTVSPropertyOp2
 70
     1
102
RTVSPropertyOp3
 70
     1
102
RTVSPropertyOp4
 70
     1
102
RTVSPropertyOp5
 70
     1
102
RTVSPropertyOp6
 70
     1
102
RTVSPropertyOp7
 70
     1
102
RTVSPropertyOp8
 70
     1
102
RTVSPropertyOp9
 70
     1
102
RTVSPropertyOp10
 70
     1
102
RTVSPropertyOp11
 70
     1
102
RTVSPropertyOp12
 70
     1
102
RTVSPropertyOp13
 70
     1
102
RTVSPropertyOp14
 70
     1
102
RTVSPropertyOp15
 70
     1
102
RTVSPropertyOp16
 70
     1
102
RTVSPropertyOp17
 70
     1
102
RTVSPropertyOp18
 70
     1
102
RTVSPropertyOp19
 70
     1
102
RTVSPropertyOp20
 70
     1
102
RTVSPropertyOp21
 70
     1
102
RTVSPropertyOp22
 70
     1
102
RTVSPropertyOp23
 70
     1
102
RTVSPropertyOp24
 70
     1
102
RTVSPropertyOp25
 70
     1
102
RTVSPropertyOp26
 70
     1
102
RTVSPropertyOp27
 70
     1
  0
XRECORD
  5
5D9B
102
{ACAD_REACTORS
330
5D9A
102
}
330
5D9A
100
AcDbXrecord
280
     1
102
RTVSPropertyOp0
 70
     1
102
RTVSPropertyOp1
 70
     1
102
RTVSPropertyOp2
 70
     1
102
RTVSPropertyOp3
 70
     1
102
RTVSPropertyOp4
 70
     1
102
RTVSPropertyOp5
 70
     1
102
RTVSPropertyOp6
 70
     1
102
RTVSPropertyOp7
 70
     1
102
RTVSPropertyOp8
 70
     1
102
RTVSPropertyOp9
 70
     1
102
RTVSPropertyOp10
 70
     1
102
RTVSPropertyOp11
 70
     1
102
RTVSPropertyOp12
 70
     1
102
RTVSPropertyOp13
 70
     1
102
RTVSPropertyOp14
 70
     1
102
RTVSPropertyOp15
 70
     1
102
RTVSPropertyOp16
 70
     1
102
RTVSPropertyOp17
 70
     1
102
RTVSPropertyOp18
 70
     1
102
RTVSPropertyOp19
 70
     1
102
RTVSPropertyOp20
 70
     1
102
RTVSPropertyOp21
 70
     1
102
RTVSPropertyOp22
 70
     1
102
RTVSPropertyOp23
 70
     1
102
RTVSPropertyOp24
 70
     1
102
RTVSPropertyOp25
 70
     1
102
RTVSPropertyOp26
 70
     1
102
RTVSPropertyOp27
 70
     1
  0
XRECORD
  5
5D9D
102
{ACAD_REACTORS
330
5D9C
102
}
330
5D9C
100
AcDbXrecord
280
     1
102
RTVSPropertyOp0
 70
     1
102
RTVSPropertyOp1
 70
     1
102
RTVSPropertyOp2
 70
     1
102
RTVSPropertyOp3
 70
     1
102
RTVSPropertyOp4
 70
     1
102
RTVSPropertyOp5
 70
     1
102
RTVSPropertyOp6
 70
     1
102
RTVSPropertyOp7
 70
     1
102
RTVSPropertyOp8
 70
     1
102
RTVSPropertyOp9
 70
     1
102
RTVSPropertyOp10
 70
     1
102
RTVSPropertyOp11
 70
     1
102
RTVSPropertyOp12
 70
     1
102
RTVSPropertyOp13
 70
     1
102
RTVSPropertyOp14
 70
     1
102
RTVSPropertyOp15
 70
     1
102
RTVSPropertyOp16
 70
     1
102
RTVSPropertyOp17
 70
     1
102
RTVSPropertyOp18
 70
     1
102
RTVSPropertyOp19
 70
     1
102
RTVSPropertyOp20
 70
     1
102
RTVSPropertyOp21
 70
     1
102
RTVSPropertyOp22
 70
     1
102
RTVSPropertyOp23
 70
     1
102
RTVSPropertyOp24
 70
     1
102
RTVSPropertyOp25
 70
     1
102
RTVSPropertyOp26
 70
     1
102
RTVSPropertyOp27
 70
     1
  0
XRECORD
  5
5D9F
102
{ACAD_REACTORS
330
5D9E
102
}
330
5D9E
100
AcDbXrecord
280
     1
102
RTVSPropertyOp0
 70
     1
102
RTVSPropertyOp1
 70
     1
102
RTVSPropertyOp2
 70
     1
102
RTVSPropertyOp3
 70
     1
102
RTVSPropertyOp4
 70
     1
102
RTVSPropertyOp5
 70
     1
102
RTVSPropertyOp6
 70
     1
102
RTVSPropertyOp7
 70
     1
102
RTVSPropertyOp8
 70
     1
102
RTVSPropertyOp9
 70
     1
102
RTVSPropertyOp10
 70
     1
102
RTVSPropertyOp11
 70
     1
102
RTVSPropertyOp12
 70
     1
102
RTVSPropertyOp13
 70
     1
102
RTVSPropertyOp14
 70
     1
102
RTVSPropertyOp15
 70
     1
102
RTVSPropertyOp16
 70
     1
102
RTVSPropertyOp17
 70
     1
102
RTVSPropertyOp18
 70
     1
102
RTVSPropertyOp19
 70
     1
102
RTVSPropertyOp20
 70
     1
102
RTVSPropertyOp21
 70
     1
102
RTVSPropertyOp22
 70
     1
102
RTVSPropertyOp23
 70
     1
102
RTVSPropertyOp24
 70
     1
102
RTVSPropertyOp25
 70
     1
102
RTVSPropertyOp26
 70
     1
102
RTVSPropertyOp27
 70
     1
  0
XRECORD
  5
5DB9
102
{ACAD_REACTORS
330
5DB8
102
}
330
5DB8
100
AcDbXrecord
280
     1
102
RTVSPropertyOp0
 70
     0
102
RTVSPropertyOp1
 70
     0
102
RTVSPropertyOp2
 70
     0
102
RTVSPropertyOp3
 70
     0
102
RTVSPropertyOp4
 70
     0
102
RTVSPropertyOp5
 70
     0
102
RTVSPropertyOp6
 70
     0
102
RTVSPropertyOp7
 70
     0
102
RTVSPropertyOp8
 70
     0
102
RTVSPropertyOp9
 70
     0
102
RTVSPropertyOp10
 70
     0
102
RTVSPropertyOp11
 70
     0
102
RTVSPropertyOp12
 70
     0
102
RTVSPropertyOp13
 70
     0
102
RTVSPropertyOp14
 70
     2
102
RTVSPropertyOp15
 70
     0
102
RTVSPropertyOp16
 70
     0
102
RTVSPropertyOp17
 70
     0
102
RTVSPropertyOp18
 70
     0
102
RTVSPropertyOp19
 70
     0
102
RTVSPropertyOp20
 70
     0
102
RTVSPropertyOp21
 70
     0
102
RTVSPropertyOp22
 70
     0
102
RTVSPropertyOp23
 70
     0
102
RTVSPropertyOp24
 70
     0
102
RTVSPropertyOp25
 70
     0
102
RTVSPropertyOp26
 70
     0
102
RTVSPropertyOp27
 70
     0
  0
XRECORD
  5
5DB3
102
{ACAD_REACTORS
330
5DB2
102
}
330
5DB2
100
AcDbXrecord
280
     1
102
RTVSPropertyOp0
 70
     1
102
RTVSPropertyOp1
 70
     1
102
RTVSPropertyOp2
 70
     1
102
RTVSPropertyOp3
 70
     1
102
RTVSPropertyOp4
 70
     1
102
RTVSPropertyOp5
 70
     1
102
RTVSPropertyOp6
 70
     1
102
RTVSPropertyOp7
 70
     1
102
RTVSPropertyOp8
 70
     1
102
RTVSPropertyOp9
 70
     1
102
RTVSPropertyOp10
 70
     1
102
RTVSPropertyOp11
 70
     1
102
RTVSPropertyOp12
 70
     1
102
RTVSPropertyOp13
 70
     1
102
RTVSPropertyOp14
 70
     1
102
RTVSPropertyOp15
 70
     1
102
RTVSPropertyOp16
 70
     1
102
RTVSPropertyOp17
 70
     1
102
RTVSPropertyOp18
 70
     1
102
RTVSPropertyOp19
 70
     1
102
RTVSPropertyOp20
 70
     1
102
RTVSPropertyOp21
 70
     1
102
RTVSPropertyOp22
 70
     1
102
RTVSPropertyOp23
 70
     1
102
RTVSPropertyOp24
 70
     1
102
RTVSPropertyOp25
 70
     1
102
RTVSPropertyOp26
 70
     1
102
RTVSPropertyOp27
 70
     1
  0
XRECORD
  5
5DBB
102
{ACAD_REACTORS
330
5DBA
102
}
330
5DBA
100
AcDbXrecord
280
     1
102
RTVSPropertyOp0
 70
     0
102
RTVSPropertyOp1
 70
     0
102
RTVSPropertyOp2
 70
     0
102
RTVSPropertyOp3
 70
     0
102
RTVSPropertyOp4
 70
     0
102
RTVSPropertyOp5
 70
     0
102
RTVSPropertyOp6
 70
     0
102
RTVSPropertyOp7
 70
     0
102
RTVSPropertyOp8
 70
     0
102
RTVSPropertyOp9
 70
     0
102
RTVSPropertyOp10
 70
     0
102
RTVSPropertyOp11
 70
     0
102
RTVSPropertyOp12
 70
     0
102
RTVSPropertyOp13
 70
     0
102
RTVSPropertyOp14
 70
     2
102
RTVSPropertyOp15
 70
     0
102
RTVSPropertyOp16
 70
     0
102
RTVSPropertyOp17
 70
     0
102
RTVSPropertyOp18
 70
     0
102
RTVSPropertyOp19
 70
     0
102
RTVSPropertyOp20
 70
     0
102
RTVSPropertyOp21
 70
     0
102
RTVSPropertyOp22
 70
     0
102
RTVSPropertyOp23
 70
     0
102
RTVSPropertyOp24
 70
     0
102
RTVSPropertyOp25
 70
     0
102
RTVSPropertyOp26
 70
     0
102
RTVSPropertyOp27
 70
     0
  0
XRECORD
  5
5DAB
102
{ACAD_REACTORS
330
5DAA
102
}
330
5DAA
100
AcDbXrecord
280
     1
102
RTVSPropertyOp0
 70
     1
102
RTVSPropertyOp1
 70
     1
102
RTVSPropertyOp2
 70
     1
102
RTVSPropertyOp3
 70
     1
102
RTVSPropertyOp4
 70
     1
102
RTVSPropertyOp5
 70
     1
102
RTVSPropertyOp6
 70
     1
102
RTVSPropertyOp7
 70
     1
102
RTVSPropertyOp8
 70
     1
102
RTVSPropertyOp9
 70
     1
102
RTVSPropertyOp10
 70
     1
102
RTVSPropertyOp11
 70
     1
102
RTVSPropertyOp12
 70
     1
102
RTVSPropertyOp13
 70
     1
102
RTVSPropertyOp14
 70
     1
102
RTVSPropertyOp15
 70
     1
102
RTVSPropertyOp16
 70
     1
102
RTVSPropertyOp17
 70
     1
102
RTVSPropertyOp18
 70
     1
102
RTVSPropertyOp19
 70
     1
102
RTVSPropertyOp20
 70
     1
102
RTVSPropertyOp21
 70
     1
102
RTVSPropertyOp22
 70
     1
102
RTVSPropertyOp23
 70
     1
102
RTVSPropertyOp24
 70
     1
102
RTVSPropertyOp25
 70
     1
102
RTVSPropertyOp26
 70
     1
102
RTVSPropertyOp27
 70
     1
  0
XRECORD
  5
5DB1
102
{ACAD_REACTORS
330
5DB0
102
}
330
5DB0
100
AcDbXrecord
280
     1
102
RTVSPropertyOp0
 70
     1
102
RTVSPropertyOp1
 70
     1
102
RTVSPropertyOp2
 70
     1
102
RTVSPropertyOp3
 70
     1
102
RTVSPropertyOp4
 70
     1
102
RTVSPropertyOp5
 70
     1
102
RTVSPropertyOp6
 70
     1
102
RTVSPropertyOp7
 70
     1
102
RTVSPropertyOp8
 70
     1
102
RTVSPropertyOp9
 70
     1
102
RTVSPropertyOp10
 70
     1
102
RTVSPropertyOp11
 70
     1
102
RTVSPropertyOp12
 70
     1
102
RTVSPropertyOp13
 70
     1
102
RTVSPropertyOp14
 70
     1
102
RTVSPropertyOp15
 70
     1
102
RTVSPropertyOp16
 70
     1
102
RTVSPropertyOp17
 70
     1
102
RTVSPropertyOp18
 70
     1
102
RTVSPropertyOp19
 70
     1
102
RTVSPropertyOp20
 70
     1
102
RTVSPropertyOp21
 70
     1
102
RTVSPropertyOp22
 70
     1
102
RTVSPropertyOp23
 70
     1
102
RTVSPropertyOp24
 70
     1
102
RTVSPropertyOp25
 70
     1
102
RTVSPropertyOp26
 70
     1
102
RTVSPropertyOp27
 70
     1
  0
ENDSEC
  0
EOF
