ISO-10303-21;
HEADER;
/* Generated by software containing ST-Developer
 * from STEP Tools, Inc. (www.steptools.com) 
 */
/* OPTION: strings as raw bytes, not using required /X/ escapes */

FILE_DESCRIPTION(
/* description */ ('Unknown'),
/* implementation_level */ '2;1');

FILE_NAME(
/* name */ 'CN-DSUB15SKT0-000',
/* time_stamp */ '2023-11-22T14:19:49+02:00',
/* author */ ('Unknown'),
/* organization */ ('Unknown'),
/* preprocessor_version */ 'ST-DEVELOPER v18.102',
/* originating_system */ 'Solid Edge',
/* authorisation */ 'Unknown');

FILE_SCHEMA (('AUTOMOTIVE_DESIGN {1 0 10303 214 3 1 1}'));
ENDSEC;

DATA;
#10=PROPERTY_DEFINITION_REPRESENTATION(#14,#12);
#11=PROPERTY_DEFINITION_REPRESENTATION(#15,#13);
#12=REPRESENTATION('',(#16),#10475);
#13=REPRESENTATION('',(#17),#10475);
#14=PROPERTY_DEFINITION('pmi validation property','',#10480);
#15=PROPERTY_DEFINITION('pmi validation property','',#10480);
#16=VALUE_REPRESENTATION_ITEM('number of annotations',COUNT_MEASURE(0.));
#17=VALUE_REPRESENTATION_ITEM('number of views',COUNT_MEASURE(0.));
#18=SHAPE_REPRESENTATION_RELATIONSHIP('','',#6750,#19);
#19=ADVANCED_BREP_SHAPE_REPRESENTATION('',(#6748),#10475);
#20=DEGENERATE_TOROIDAL_SURFACE('',#7227,0.5,1.,.T.);
#21=DEGENERATE_TOROIDAL_SURFACE('',#7234,0.5,1.,.T.);
#22=DEGENERATE_TOROIDAL_SURFACE('',#7236,0.5,1.,.T.);
#23=DEGENERATE_TOROIDAL_SURFACE('',#7242,0.5,1.,.T.);
#24=TOROIDAL_SURFACE('',#7107,2.,0.499999999999998);
#25=TOROIDAL_SURFACE('',#7114,2.,0.499999999999998);
#26=TOROIDAL_SURFACE('',#7116,2.,0.499999999999998);
#27=TOROIDAL_SURFACE('',#7122,2.,0.499999999999998);
#28=TOROIDAL_SURFACE('',#7123,1.1,0.399999999999997);
#29=TOROIDAL_SURFACE('',#7130,1.1,0.399999999999997);
#30=TOROIDAL_SURFACE('',#7132,1.1,0.399999999999997);
#31=TOROIDAL_SURFACE('',#7138,1.1,0.399999999999997);
#32=TOROIDAL_SURFACE('',#7243,1.85,0.35);
#33=TOROIDAL_SURFACE('',#7250,1.85,0.35);
#34=TOROIDAL_SURFACE('',#7252,1.85,0.35);
#35=TOROIDAL_SURFACE('',#7258,1.85,0.35);
#36=TOROIDAL_SURFACE('',#7263,1.85,0.15);
#37=TOROIDAL_SURFACE('',#7265,1.85,0.15);
#38=TOROIDAL_SURFACE('',#7267,2.19641016151378,0.2);
#39=TOROIDAL_SURFACE('',#7268,2.19641016151378,0.2);
#40=TOROIDAL_SURFACE('',#7269,1.65,0.0999999999999999);
#41=TOROIDAL_SURFACE('',#7270,1.65,0.0999999999999999);
#42=TOROIDAL_SURFACE('',#7271,1.4,0.0999999999999993);
#43=TOROIDAL_SURFACE('',#7278,1.4,0.0999999999999993);
#44=TOROIDAL_SURFACE('',#7280,1.4,0.0999999999999993);
#45=TOROIDAL_SURFACE('',#7286,1.4,0.0999999999999993);
#46=SPHERICAL_SURFACE('',#6967,0.55);
#47=SPHERICAL_SURFACE('',#6973,0.55);
#48=SPHERICAL_SURFACE('',#6979,0.55);
#49=SPHERICAL_SURFACE('',#6985,0.55);
#50=SPHERICAL_SURFACE('',#6991,0.55);
#51=SPHERICAL_SURFACE('',#6997,0.55);
#52=SPHERICAL_SURFACE('',#7003,0.55);
#53=SPHERICAL_SURFACE('',#7009,0.55);
#54=SPHERICAL_SURFACE('',#7015,0.55);
#55=SPHERICAL_SURFACE('',#7021,0.55);
#56=SPHERICAL_SURFACE('',#7027,0.55);
#57=SPHERICAL_SURFACE('',#7033,0.55);
#58=SPHERICAL_SURFACE('',#7039,0.55);
#59=SPHERICAL_SURFACE('',#7157,0.55);
#60=SPHERICAL_SURFACE('',#7158,0.55);
#61=VERTEX_LOOP('',#2782);
#62=VERTEX_LOOP('',#2799);
#63=VERTEX_LOOP('',#2816);
#64=VERTEX_LOOP('',#2833);
#65=VERTEX_LOOP('',#2850);
#66=VERTEX_LOOP('',#2867);
#67=VERTEX_LOOP('',#2891);
#68=VERTEX_LOOP('',#2908);
#69=VERTEX_LOOP('',#2925);
#70=VERTEX_LOOP('',#2942);
#71=VERTEX_LOOP('',#2959);
#72=VERTEX_LOOP('',#2976);
#73=VERTEX_LOOP('',#2993);
#74=VERTEX_LOOP('',#3189);
#75=VERTEX_LOOP('',#3190);
#76=CONICAL_SURFACE('',#6767,0.55,0.785398163397448);
#77=CONICAL_SURFACE('',#6782,0.55,0.785398163397448);
#78=CONICAL_SURFACE('',#6797,0.55,0.785398163397448);
#79=CONICAL_SURFACE('',#6812,0.55,0.785398163397448);
#80=CONICAL_SURFACE('',#6827,0.55,0.785398163397448);
#81=CONICAL_SURFACE('',#6842,0.55,0.785398163397448);
#82=CONICAL_SURFACE('',#6865,0.550000000000001,0.785398163397449);
#83=CONICAL_SURFACE('',#6880,0.550000000000001,0.785398163397449);
#84=CONICAL_SURFACE('',#6895,0.550000000000001,0.785398163397449);
#85=CONICAL_SURFACE('',#6910,0.550000000000001,0.785398163397449);
#86=CONICAL_SURFACE('',#6925,0.550000000000001,0.785398163397449);
#87=CONICAL_SURFACE('',#6940,0.550000000000001,0.785398163397449);
#88=CONICAL_SURFACE('',#6955,0.550000000000001,0.785398163397449);
#89=CONICAL_SURFACE('',#6964,0.75,0.785398163397449);
#90=CONICAL_SURFACE('',#6970,0.75,0.785398163397449);
#91=CONICAL_SURFACE('',#6976,0.75,0.785398163397449);
#92=CONICAL_SURFACE('',#6982,0.75,0.785398163397449);
#93=CONICAL_SURFACE('',#6988,0.75,0.785398163397449);
#94=CONICAL_SURFACE('',#6994,0.75,0.785398163397449);
#95=CONICAL_SURFACE('',#7000,0.55,0.785398163397449);
#96=CONICAL_SURFACE('',#7006,0.55,0.785398163397449);
#97=CONICAL_SURFACE('',#7012,0.55,0.785398163397449);
#98=CONICAL_SURFACE('',#7018,0.55,0.785398163397449);
#99=CONICAL_SURFACE('',#7024,0.55,0.785398163397449);
#100=CONICAL_SURFACE('',#7030,0.55,0.785398163397449);
#101=CONICAL_SURFACE('',#7036,0.55,0.785398163397449);
#102=CONICAL_SURFACE('',#7140,1.,0.78539816339745);
#103=CONICAL_SURFACE('',#7141,1.,0.785398163397447);
#104=CONICAL_SURFACE('',#7144,1.,0.785398163397447);
#105=CONICAL_SURFACE('',#7145,1.,0.785398163397447);
#106=CONICAL_SURFACE('',#7159,0.75,0.785398163397449);
#107=CONICAL_SURFACE('',#7160,0.55,0.785398163397449);
#108=CONICAL_SURFACE('',#7225,0.55,0.785398163397448);
#109=CONICAL_SURFACE('',#7226,0.550000000000001,0.785398163397449);
#110=B_SPLINE_CURVE_WITH_KNOTS('',3,(#8689,#8690,#8691,#8692),
 .UNSPECIFIED.,.F.,.F.,(4,4),(0.,0.000304727639976266),.UNSPECIFIED.);
#111=B_SPLINE_CURVE_WITH_KNOTS('',3,(#8696,#8697,#8698,#8699,#8700,#8701,
#8702,#8703,#8704,#8705,#8706),.UNSPECIFIED.,.F.,.F.,(4,1,1,1,1,1,1,1,4),
(0.,0.000317961123310329,0.000635922246620659,0.000953883369930988,0.00127184449324132,
0.00158980561655165,0.00190776673986198,0.00222572786317231,0.00254368898648263),
 .UNSPECIFIED.);
#112=B_SPLINE_CURVE_WITH_KNOTS('',3,(#8707,#8708,#8709,#8710),
 .UNSPECIFIED.,.F.,.F.,(4,4),(0.,0.000304670548899511),.UNSPECIFIED.);
#113=B_SPLINE_CURVE_WITH_KNOTS('',3,(#8714,#8715,#8716,#8717),
 .UNSPECIFIED.,.F.,.F.,(4,4),(0.,0.00030254656958408),.UNSPECIFIED.);
#114=B_SPLINE_CURVE_WITH_KNOTS('',3,(#8721,#8722,#8723,#8724,#8725,#8726),
 .UNSPECIFIED.,.F.,.F.,(4,1,1,4),(0.,0.000365267499967583,0.000730534999935165,
0.00146106999987033),.UNSPECIFIED.);
#115=B_SPLINE_CURVE_WITH_KNOTS('',3,(#8731,#8732,#8733,#8734,#8735,#8736),
 .UNSPECIFIED.,.F.,.F.,(4,1,1,4),(0.,0.000730248887897989,0.00109537333184698,
0.00146049777579598),.UNSPECIFIED.);
#116=B_SPLINE_CURVE_WITH_KNOTS('',3,(#8745,#8746,#8747,#8748),
 .UNSPECIFIED.,.F.,.F.,(4,4),(0.,0.00030252252419318),.UNSPECIFIED.);
#117=B_SPLINE_CURVE_WITH_KNOTS('',3,(#8771,#8772,#8773,#8774),
 .UNSPECIFIED.,.F.,.F.,(4,4),(0.,0.000304727639976266),.UNSPECIFIED.);
#118=B_SPLINE_CURVE_WITH_KNOTS('',3,(#8778,#8779,#8780,#8781,#8782,#8783,
#8784,#8785,#8786,#8787,#8788),.UNSPECIFIED.,.F.,.F.,(4,1,1,1,1,1,1,1,4),
(0.,0.000317961123310329,0.000635922246620659,0.000953883369930988,0.00127184449324132,
0.00158980561655165,0.00190776673986198,0.00222572786317231,0.00254368898648263),
 .UNSPECIFIED.);
#119=B_SPLINE_CURVE_WITH_KNOTS('',3,(#8789,#8790,#8791,#8792),
 .UNSPECIFIED.,.F.,.F.,(4,4),(0.,0.000304670548899511),.UNSPECIFIED.);
#120=B_SPLINE_CURVE_WITH_KNOTS('',3,(#8796,#8797,#8798,#8799),
 .UNSPECIFIED.,.F.,.F.,(4,4),(0.,0.00030254656958408),.UNSPECIFIED.);
#121=B_SPLINE_CURVE_WITH_KNOTS('',3,(#8803,#8804,#8805,#8806,#8807,#8808),
 .UNSPECIFIED.,.F.,.F.,(4,1,1,4),(0.,0.000365267499967583,0.000730534999935165,
0.00146106999987033),.UNSPECIFIED.);
#122=B_SPLINE_CURVE_WITH_KNOTS('',3,(#8813,#8814,#8815,#8816,#8817,#8818),
 .UNSPECIFIED.,.F.,.F.,(4,1,1,4),(0.,0.000730248887897989,0.00109537333184698,
0.00146049777579598),.UNSPECIFIED.);
#123=B_SPLINE_CURVE_WITH_KNOTS('',3,(#8827,#8828,#8829,#8830),
 .UNSPECIFIED.,.F.,.F.,(4,4),(0.,0.00030252252419318),.UNSPECIFIED.);
#124=B_SPLINE_CURVE_WITH_KNOTS('',3,(#8853,#8854,#8855,#8856),
 .UNSPECIFIED.,.F.,.F.,(4,4),(0.,0.000304727639976266),.UNSPECIFIED.);
#125=B_SPLINE_CURVE_WITH_KNOTS('',3,(#8860,#8861,#8862,#8863,#8864,#8865,
#8866,#8867,#8868,#8869,#8870),.UNSPECIFIED.,.F.,.F.,(4,1,1,1,1,1,1,1,4),
(0.,0.000317961123310329,0.000635922246620659,0.000953883369930988,0.00127184449324132,
0.00158980561655165,0.00190776673986198,0.00222572786317231,0.00254368898648263),
 .UNSPECIFIED.);
#126=B_SPLINE_CURVE_WITH_KNOTS('',3,(#8871,#8872,#8873,#8874),
 .UNSPECIFIED.,.F.,.F.,(4,4),(0.,0.000304670548899511),.UNSPECIFIED.);
#127=B_SPLINE_CURVE_WITH_KNOTS('',3,(#8878,#8879,#8880,#8881),
 .UNSPECIFIED.,.F.,.F.,(4,4),(0.,0.00030254656958408),.UNSPECIFIED.);
#128=B_SPLINE_CURVE_WITH_KNOTS('',3,(#8885,#8886,#8887,#8888,#8889,#8890),
 .UNSPECIFIED.,.F.,.F.,(4,1,1,4),(0.,0.000365267499967583,0.000730534999935165,
0.00146106999987033),.UNSPECIFIED.);
#129=B_SPLINE_CURVE_WITH_KNOTS('',3,(#8895,#8896,#8897,#8898,#8899,#8900),
 .UNSPECIFIED.,.F.,.F.,(4,1,1,4),(0.,0.000730248887897989,0.00109537333184698,
0.00146049777579598),.UNSPECIFIED.);
#130=B_SPLINE_CURVE_WITH_KNOTS('',3,(#8909,#8910,#8911,#8912),
 .UNSPECIFIED.,.F.,.F.,(4,4),(0.,0.00030252252419318),.UNSPECIFIED.);
#131=B_SPLINE_CURVE_WITH_KNOTS('',3,(#8935,#8936,#8937,#8938),
 .UNSPECIFIED.,.F.,.F.,(4,4),(0.,0.000304727639976266),.UNSPECIFIED.);
#132=B_SPLINE_CURVE_WITH_KNOTS('',3,(#8942,#8943,#8944,#8945,#8946,#8947,
#8948,#8949,#8950,#8951,#8952),.UNSPECIFIED.,.F.,.F.,(4,1,1,1,1,1,1,1,4),
(0.,0.000317961123310329,0.000635922246620659,0.000953883369930988,0.00127184449324132,
0.00158980561655165,0.00190776673986198,0.00222572786317231,0.00254368898648263),
 .UNSPECIFIED.);
#133=B_SPLINE_CURVE_WITH_KNOTS('',3,(#8953,#8954,#8955,#8956),
 .UNSPECIFIED.,.F.,.F.,(4,4),(0.,0.000304670548899511),.UNSPECIFIED.);
#134=B_SPLINE_CURVE_WITH_KNOTS('',3,(#8960,#8961,#8962,#8963),
 .UNSPECIFIED.,.F.,.F.,(4,4),(0.,0.00030254656958408),.UNSPECIFIED.);
#135=B_SPLINE_CURVE_WITH_KNOTS('',3,(#8967,#8968,#8969,#8970,#8971,#8972),
 .UNSPECIFIED.,.F.,.F.,(4,1,1,4),(0.,0.000365267499967583,0.000730534999935165,
0.00146106999987033),.UNSPECIFIED.);
#136=B_SPLINE_CURVE_WITH_KNOTS('',3,(#8977,#8978,#8979,#8980,#8981,#8982),
 .UNSPECIFIED.,.F.,.F.,(4,1,1,4),(0.,0.000730248887897989,0.00109537333184698,
0.00146049777579598),.UNSPECIFIED.);
#137=B_SPLINE_CURVE_WITH_KNOTS('',3,(#8991,#8992,#8993,#8994),
 .UNSPECIFIED.,.F.,.F.,(4,4),(0.,0.00030252252419318),.UNSPECIFIED.);
#138=B_SPLINE_CURVE_WITH_KNOTS('',3,(#9017,#9018,#9019,#9020),
 .UNSPECIFIED.,.F.,.F.,(4,4),(0.,0.000304727639976266),.UNSPECIFIED.);
#139=B_SPLINE_CURVE_WITH_KNOTS('',3,(#9024,#9025,#9026,#9027,#9028,#9029,
#9030,#9031,#9032,#9033,#9034),.UNSPECIFIED.,.F.,.F.,(4,1,1,1,1,1,1,1,4),
(0.,0.000317961123310329,0.000635922246620659,0.000953883369930988,0.00127184449324132,
0.00158980561655165,0.00190776673986198,0.00222572786317231,0.00254368898648263),
 .UNSPECIFIED.);
#140=B_SPLINE_CURVE_WITH_KNOTS('',3,(#9035,#9036,#9037,#9038),
 .UNSPECIFIED.,.F.,.F.,(4,4),(0.,0.000304670548899512),.UNSPECIFIED.);
#141=B_SPLINE_CURVE_WITH_KNOTS('',3,(#9042,#9043,#9044,#9045),
 .UNSPECIFIED.,.F.,.F.,(4,4),(0.,0.00030254656958408),.UNSPECIFIED.);
#142=B_SPLINE_CURVE_WITH_KNOTS('',3,(#9049,#9050,#9051,#9052,#9053,#9054),
 .UNSPECIFIED.,.F.,.F.,(4,1,1,4),(0.,0.000365267499967583,0.000730534999935165,
0.00146106999987033),.UNSPECIFIED.);
#143=B_SPLINE_CURVE_WITH_KNOTS('',3,(#9059,#9060,#9061,#9062,#9063,#9064),
 .UNSPECIFIED.,.F.,.F.,(4,1,1,4),(0.,0.000730248887897989,0.00109537333184698,
0.00146049777579598),.UNSPECIFIED.);
#144=B_SPLINE_CURVE_WITH_KNOTS('',3,(#9073,#9074,#9075,#9076),
 .UNSPECIFIED.,.F.,.F.,(4,4),(0.,0.000302522524193179),.UNSPECIFIED.);
#145=B_SPLINE_CURVE_WITH_KNOTS('',3,(#9099,#9100,#9101,#9102),
 .UNSPECIFIED.,.F.,.F.,(4,4),(0.,0.000304727639976266),.UNSPECIFIED.);
#146=B_SPLINE_CURVE_WITH_KNOTS('',3,(#9106,#9107,#9108,#9109,#9110,#9111,
#9112,#9113,#9114,#9115,#9116),.UNSPECIFIED.,.F.,.F.,(4,1,1,1,1,1,1,1,4),
(0.,0.000317961123310329,0.000635922246620659,0.000953883369930988,0.00127184449324132,
0.00158980561655165,0.00190776673986198,0.00222572786317231,0.00254368898648263),
 .UNSPECIFIED.);
#147=B_SPLINE_CURVE_WITH_KNOTS('',3,(#9117,#9118,#9119,#9120),
 .UNSPECIFIED.,.F.,.F.,(4,4),(0.,0.000304670548899512),.UNSPECIFIED.);
#148=B_SPLINE_CURVE_WITH_KNOTS('',3,(#9124,#9125,#9126,#9127),
 .UNSPECIFIED.,.F.,.F.,(4,4),(0.,0.00030254656958408),.UNSPECIFIED.);
#149=B_SPLINE_CURVE_WITH_KNOTS('',3,(#9131,#9132,#9133,#9134,#9135,#9136),
 .UNSPECIFIED.,.F.,.F.,(4,1,1,4),(0.,0.000365267499967583,0.000730534999935165,
0.00146106999987033),.UNSPECIFIED.);
#150=B_SPLINE_CURVE_WITH_KNOTS('',3,(#9141,#9142,#9143,#9144,#9145,#9146),
 .UNSPECIFIED.,.F.,.F.,(4,1,1,4),(0.,0.000730248887897989,0.00109537333184698,
0.00146049777579598),.UNSPECIFIED.);
#151=B_SPLINE_CURVE_WITH_KNOTS('',3,(#9155,#9156,#9157,#9158),
 .UNSPECIFIED.,.F.,.F.,(4,4),(0.,0.000302522524193179),.UNSPECIFIED.);
#152=B_SPLINE_CURVE_WITH_KNOTS('',3,(#9167,#9168,#9169,#9170),
 .UNSPECIFIED.,.F.,.F.,(4,4),(0.,0.000304727639976266),.UNSPECIFIED.);
#153=B_SPLINE_CURVE_WITH_KNOTS('',3,(#9175,#9176,#9177,#9178),
 .UNSPECIFIED.,.F.,.F.,(4,4),(0.,0.000302522511904427),.UNSPECIFIED.);
#154=B_SPLINE_CURVE_WITH_KNOTS('',3,(#9188,#9189,#9190,#9191,#9192,#9193),
 .UNSPECIFIED.,.F.,.F.,(4,1,1,4),(0.,0.000730248339049244,0.00109537250857387,
0.00146049667809849),.UNSPECIFIED.);
#155=B_SPLINE_CURVE_WITH_KNOTS('',3,(#9198,#9199,#9200,#9201,#9202,#9203,
#9204,#9205,#9206,#9207,#9208),.UNSPECIFIED.,.F.,.F.,(4,1,1,1,1,1,1,1,4),
(0.,0.00031796112331033,0.000635922246620659,0.000953883369930989,0.00127184449324132,
0.00158980561655165,0.00190776673986198,0.00222572786317231,0.00254368898648264),
 .UNSPECIFIED.);
#156=B_SPLINE_CURVE_WITH_KNOTS('',3,(#9212,#9213,#9214,#9215,#9216,#9217),
 .UNSPECIFIED.,.F.,.F.,(4,1,1,4),(0.,0.000365267716325897,0.000730535432651793,
0.00146107086530359),.UNSPECIFIED.);
#157=B_SPLINE_CURVE_WITH_KNOTS('',3,(#9226,#9227,#9228,#9229),
 .UNSPECIFIED.,.F.,.F.,(4,4),(0.,0.000304670548899512),.UNSPECIFIED.);
#158=B_SPLINE_CURVE_WITH_KNOTS('',3,(#9234,#9235,#9236,#9237),
 .UNSPECIFIED.,.F.,.F.,(4,4),(0.,0.000302546570131557),.UNSPECIFIED.);
#159=B_SPLINE_CURVE_WITH_KNOTS('',3,(#9249,#9250,#9251,#9252),
 .UNSPECIFIED.,.F.,.F.,(4,4),(0.,0.000304727639976266),.UNSPECIFIED.);
#160=B_SPLINE_CURVE_WITH_KNOTS('',3,(#9257,#9258,#9259,#9260),
 .UNSPECIFIED.,.F.,.F.,(4,4),(0.,0.000302522511904427),.UNSPECIFIED.);
#161=B_SPLINE_CURVE_WITH_KNOTS('',3,(#9270,#9271,#9272,#9273,#9274,#9275),
 .UNSPECIFIED.,.F.,.F.,(4,1,1,4),(0.,0.000730248339049244,0.00109537250857387,
0.00146049667809849),.UNSPECIFIED.);
#162=B_SPLINE_CURVE_WITH_KNOTS('',3,(#9280,#9281,#9282,#9283,#9284,#9285,
#9286,#9287,#9288,#9289,#9290),.UNSPECIFIED.,.F.,.F.,(4,1,1,1,1,1,1,1,4),
(0.,0.00031796112331033,0.000635922246620659,0.000953883369930989,0.00127184449324132,
0.00158980561655165,0.00190776673986198,0.00222572786317231,0.00254368898648264),
 .UNSPECIFIED.);
#163=B_SPLINE_CURVE_WITH_KNOTS('',3,(#9294,#9295,#9296,#9297,#9298,#9299),
 .UNSPECIFIED.,.F.,.F.,(4,1,1,4),(0.,0.000365267716325897,0.000730535432651793,
0.00146107086530359),.UNSPECIFIED.);
#164=B_SPLINE_CURVE_WITH_KNOTS('',3,(#9308,#9309,#9310,#9311),
 .UNSPECIFIED.,.F.,.F.,(4,4),(0.,0.000304670548899511),.UNSPECIFIED.);
#165=B_SPLINE_CURVE_WITH_KNOTS('',3,(#9316,#9317,#9318,#9319),
 .UNSPECIFIED.,.F.,.F.,(4,4),(0.,0.000302546570131557),.UNSPECIFIED.);
#166=B_SPLINE_CURVE_WITH_KNOTS('',3,(#9331,#9332,#9333,#9334),
 .UNSPECIFIED.,.F.,.F.,(4,4),(0.,0.000304727639976266),.UNSPECIFIED.);
#167=B_SPLINE_CURVE_WITH_KNOTS('',3,(#9339,#9340,#9341,#9342),
 .UNSPECIFIED.,.F.,.F.,(4,4),(0.,0.000302522511904427),.UNSPECIFIED.);
#168=B_SPLINE_CURVE_WITH_KNOTS('',3,(#9352,#9353,#9354,#9355,#9356,#9357),
 .UNSPECIFIED.,.F.,.F.,(4,1,1,4),(0.,0.000730248339049244,0.00109537250857387,
0.00146049667809849),.UNSPECIFIED.);
#169=B_SPLINE_CURVE_WITH_KNOTS('',3,(#9362,#9363,#9364,#9365,#9366,#9367,
#9368,#9369,#9370,#9371,#9372),.UNSPECIFIED.,.F.,.F.,(4,1,1,1,1,1,1,1,4),
(0.,0.00031796112331033,0.000635922246620659,0.000953883369930989,0.00127184449324132,
0.00158980561655165,0.00190776673986198,0.00222572786317231,0.00254368898648264),
 .UNSPECIFIED.);
#170=B_SPLINE_CURVE_WITH_KNOTS('',3,(#9376,#9377,#9378,#9379,#9380,#9381),
 .UNSPECIFIED.,.F.,.F.,(4,1,1,4),(0.,0.000365267716325897,0.000730535432651793,
0.00146107086530359),.UNSPECIFIED.);
#171=B_SPLINE_CURVE_WITH_KNOTS('',3,(#9390,#9391,#9392,#9393),
 .UNSPECIFIED.,.F.,.F.,(4,4),(0.,0.000304670548899512),.UNSPECIFIED.);
#172=B_SPLINE_CURVE_WITH_KNOTS('',3,(#9398,#9399,#9400,#9401),
 .UNSPECIFIED.,.F.,.F.,(4,4),(0.,0.000302546570131557),.UNSPECIFIED.);
#173=B_SPLINE_CURVE_WITH_KNOTS('',3,(#9413,#9414,#9415,#9416),
 .UNSPECIFIED.,.F.,.F.,(4,4),(0.,0.000304727639976266),.UNSPECIFIED.);
#174=B_SPLINE_CURVE_WITH_KNOTS('',3,(#9421,#9422,#9423,#9424),
 .UNSPECIFIED.,.F.,.F.,(4,4),(0.,0.000302522511904427),.UNSPECIFIED.);
#175=B_SPLINE_CURVE_WITH_KNOTS('',3,(#9434,#9435,#9436,#9437,#9438,#9439),
 .UNSPECIFIED.,.F.,.F.,(4,1,1,4),(0.,0.000730248339049244,0.00109537250857387,
0.00146049667809849),.UNSPECIFIED.);
#176=B_SPLINE_CURVE_WITH_KNOTS('',3,(#9444,#9445,#9446,#9447,#9448,#9449,
#9450,#9451,#9452,#9453,#9454),.UNSPECIFIED.,.F.,.F.,(4,1,1,1,1,1,1,1,4),
(0.,0.00031796112331033,0.000635922246620659,0.000953883369930989,0.00127184449324132,
0.00158980561655165,0.00190776673986198,0.00222572786317231,0.00254368898648264),
 .UNSPECIFIED.);
#177=B_SPLINE_CURVE_WITH_KNOTS('',3,(#9458,#9459,#9460,#9461,#9462,#9463),
 .UNSPECIFIED.,.F.,.F.,(4,1,1,4),(0.,0.000365267716325897,0.000730535432651793,
0.00146107086530359),.UNSPECIFIED.);
#178=B_SPLINE_CURVE_WITH_KNOTS('',3,(#9472,#9473,#9474,#9475),
 .UNSPECIFIED.,.F.,.F.,(4,4),(0.,0.000304670548899512),.UNSPECIFIED.);
#179=B_SPLINE_CURVE_WITH_KNOTS('',3,(#9480,#9481,#9482,#9483),
 .UNSPECIFIED.,.F.,.F.,(4,4),(0.,0.000302546570131557),.UNSPECIFIED.);
#180=B_SPLINE_CURVE_WITH_KNOTS('',3,(#9495,#9496,#9497,#9498),
 .UNSPECIFIED.,.F.,.F.,(4,4),(0.,0.000304727639976266),.UNSPECIFIED.);
#181=B_SPLINE_CURVE_WITH_KNOTS('',3,(#9503,#9504,#9505,#9506),
 .UNSPECIFIED.,.F.,.F.,(4,4),(0.,0.000302522511904427),.UNSPECIFIED.);
#182=B_SPLINE_CURVE_WITH_KNOTS('',3,(#9516,#9517,#9518,#9519,#9520,#9521),
 .UNSPECIFIED.,.F.,.F.,(4,1,1,4),(0.,0.000730248339049244,0.00109537250857387,
0.00146049667809849),.UNSPECIFIED.);
#183=B_SPLINE_CURVE_WITH_KNOTS('',3,(#9526,#9527,#9528,#9529,#9530,#9531,
#9532,#9533,#9534,#9535,#9536),.UNSPECIFIED.,.F.,.F.,(4,1,1,1,1,1,1,1,4),
(0.,0.00031796112331033,0.000635922246620659,0.000953883369930989,0.00127184449324132,
0.00158980561655165,0.00190776673986198,0.00222572786317231,0.00254368898648264),
 .UNSPECIFIED.);
#184=B_SPLINE_CURVE_WITH_KNOTS('',3,(#9540,#9541,#9542,#9543,#9544,#9545),
 .UNSPECIFIED.,.F.,.F.,(4,1,1,4),(0.,0.000365267716325897,0.000730535432651793,
0.00146107086530359),.UNSPECIFIED.);
#185=B_SPLINE_CURVE_WITH_KNOTS('',3,(#9554,#9555,#9556,#9557),
 .UNSPECIFIED.,.F.,.F.,(4,4),(0.,0.000304670548899511),.UNSPECIFIED.);
#186=B_SPLINE_CURVE_WITH_KNOTS('',3,(#9562,#9563,#9564,#9565),
 .UNSPECIFIED.,.F.,.F.,(4,4),(0.,0.000302546570131557),.UNSPECIFIED.);
#187=B_SPLINE_CURVE_WITH_KNOTS('',3,(#9577,#9578,#9579,#9580),
 .UNSPECIFIED.,.F.,.F.,(4,4),(0.,0.000304727639976266),.UNSPECIFIED.);
#188=B_SPLINE_CURVE_WITH_KNOTS('',3,(#9585,#9586,#9587,#9588),
 .UNSPECIFIED.,.F.,.F.,(4,4),(0.,0.000302522511904427),.UNSPECIFIED.);
#189=B_SPLINE_CURVE_WITH_KNOTS('',3,(#9598,#9599,#9600,#9601,#9602,#9603),
 .UNSPECIFIED.,.F.,.F.,(4,1,1,4),(0.,0.000730248339049244,0.00109537250857387,
0.00146049667809849),.UNSPECIFIED.);
#190=B_SPLINE_CURVE_WITH_KNOTS('',3,(#9608,#9609,#9610,#9611,#9612,#9613,
#9614,#9615,#9616,#9617,#9618),.UNSPECIFIED.,.F.,.F.,(4,1,1,1,1,1,1,1,4),
(0.,0.00031796112331033,0.000635922246620659,0.000953883369930989,0.00127184449324132,
0.00158980561655165,0.00190776673986198,0.00222572786317231,0.00254368898648264),
 .UNSPECIFIED.);
#191=B_SPLINE_CURVE_WITH_KNOTS('',3,(#9622,#9623,#9624,#9625,#9626,#9627),
 .UNSPECIFIED.,.F.,.F.,(4,1,1,4),(0.,0.000365267716325897,0.000730535432651793,
0.00146107086530359),.UNSPECIFIED.);
#192=B_SPLINE_CURVE_WITH_KNOTS('',3,(#9636,#9637,#9638,#9639),
 .UNSPECIFIED.,.F.,.F.,(4,4),(0.,0.000304670548899512),.UNSPECIFIED.);
#193=B_SPLINE_CURVE_WITH_KNOTS('',3,(#9644,#9645,#9646,#9647),
 .UNSPECIFIED.,.F.,.F.,(4,4),(0.,0.000302546570131557),.UNSPECIFIED.);
#194=B_SPLINE_CURVE_WITH_KNOTS('',3,(#9659,#9660,#9661,#9662),
 .UNSPECIFIED.,.F.,.F.,(4,4),(0.,0.000304727639976266),.UNSPECIFIED.);
#195=B_SPLINE_CURVE_WITH_KNOTS('',3,(#9667,#9668,#9669,#9670),
 .UNSPECIFIED.,.F.,.F.,(4,4),(0.,0.000302522511904427),.UNSPECIFIED.);
#196=B_SPLINE_CURVE_WITH_KNOTS('',3,(#9680,#9681,#9682,#9683,#9684,#9685),
 .UNSPECIFIED.,.F.,.F.,(4,1,1,4),(0.,0.000730248339049244,0.00109537250857387,
0.00146049667809849),.UNSPECIFIED.);
#197=B_SPLINE_CURVE_WITH_KNOTS('',3,(#9690,#9691,#9692,#9693,#9694,#9695,
#9696,#9697,#9698,#9699,#9700),.UNSPECIFIED.,.F.,.F.,(4,1,1,1,1,1,1,1,4),
(0.,0.00031796112331033,0.000635922246620659,0.000953883369930989,0.00127184449324132,
0.00158980561655165,0.00190776673986198,0.00222572786317231,0.00254368898648264),
 .UNSPECIFIED.);
#198=B_SPLINE_CURVE_WITH_KNOTS('',3,(#9704,#9705,#9706,#9707,#9708,#9709),
 .UNSPECIFIED.,.F.,.F.,(4,1,1,4),(0.,0.000365267716325897,0.000730535432651793,
0.00146107086530359),.UNSPECIFIED.);
#199=B_SPLINE_CURVE_WITH_KNOTS('',3,(#9718,#9719,#9720,#9721),
 .UNSPECIFIED.,.F.,.F.,(4,4),(0.,0.000304670548899511),.UNSPECIFIED.);
#200=B_SPLINE_CURVE_WITH_KNOTS('',3,(#9726,#9727,#9728,#9729),
 .UNSPECIFIED.,.F.,.F.,(4,4),(0.,0.000302546570131557),.UNSPECIFIED.);
#201=B_SPLINE_CURVE_WITH_KNOTS('',3,(#9746,#9747,#9748,#9749),
 .UNSPECIFIED.,.F.,.F.,(4,4),(0.,0.000304727639976266),.UNSPECIFIED.);
#202=B_SPLINE_CURVE_WITH_KNOTS('',3,(#9753,#9754,#9755,#9756,#9757,#9758,
#9759,#9760,#9761,#9762,#9763),.UNSPECIFIED.,.F.,.F.,(4,1,1,1,1,1,1,1,4),
(0.,0.00031796112331033,0.000635922246620659,0.000953883369930989,0.00127184449324132,
0.00158980561655165,0.00190776673986198,0.00222572786317231,0.00254368898648264),
 .UNSPECIFIED.);
#203=B_SPLINE_CURVE_WITH_KNOTS('',3,(#9767,#9768,#9769,#9770),
 .UNSPECIFIED.,.F.,.F.,(4,4),(0.,0.000304670548899512),.UNSPECIFIED.);
#204=B_SPLINE_CURVE_WITH_KNOTS('',3,(#9777,#9778,#9779,#9780),
 .UNSPECIFIED.,.F.,.F.,(4,4),(0.,0.000304727639976266),.UNSPECIFIED.);
#205=B_SPLINE_CURVE_WITH_KNOTS('',3,(#9784,#9785,#9786,#9787,#9788,#9789,
#9790,#9791,#9792,#9793,#9794),.UNSPECIFIED.,.F.,.F.,(4,1,1,1,1,1,1,1,4),
(0.,0.000317961123310329,0.000635922246620659,0.000953883369930988,0.00127184449324132,
0.00158980561655165,0.00190776673986198,0.00222572786317231,0.00254368898648263),
 .UNSPECIFIED.);
#206=B_SPLINE_CURVE_WITH_KNOTS('',3,(#9798,#9799,#9800,#9801),
 .UNSPECIFIED.,.F.,.F.,(4,4),(0.,0.000304670548899512),.UNSPECIFIED.);
#207=B_SPLINE_CURVE_WITH_KNOTS('',3,(#10322,#10323,#10324,#10325),
 .UNSPECIFIED.,.F.,.F.,(4,4),(0.,0.000302522511904427),.UNSPECIFIED.);
#208=B_SPLINE_CURVE_WITH_KNOTS('',3,(#10326,#10327,#10328,#10329),
 .UNSPECIFIED.,.F.,.F.,(4,4),(0.,0.000302546570131557),.UNSPECIFIED.);
#209=B_SPLINE_CURVE_WITH_KNOTS('',3,(#10333,#10334,#10335,#10336,#10337,
#10338),.UNSPECIFIED.,.F.,.F.,(4,1,1,4),(0.,0.000730248339049244,0.00109537250857387,
0.00146049667809849),.UNSPECIFIED.);
#210=B_SPLINE_CURVE_WITH_KNOTS('',3,(#10342,#10343,#10344,#10345,#10346,
#10347),.UNSPECIFIED.,.F.,.F.,(4,1,1,4),(0.,0.000365267716325897,0.000730535432651793,
0.00146107086530359),.UNSPECIFIED.);
#211=B_SPLINE_CURVE_WITH_KNOTS('',3,(#10358,#10359,#10360,#10361),
 .UNSPECIFIED.,.F.,.F.,(4,4),(0.,0.000302522524193179),.UNSPECIFIED.);
#212=B_SPLINE_CURVE_WITH_KNOTS('',3,(#10362,#10363,#10364,#10365),
 .UNSPECIFIED.,.F.,.F.,(4,4),(0.,0.00030254656958408),.UNSPECIFIED.);
#213=B_SPLINE_CURVE_WITH_KNOTS('',3,(#10369,#10370,#10371,#10372,#10373,
#10374),.UNSPECIFIED.,.F.,.F.,(4,1,1,4),(0.,0.000730248887897989,0.00109537333184698,
0.00146049777579598),.UNSPECIFIED.);
#214=B_SPLINE_CURVE_WITH_KNOTS('',3,(#10378,#10379,#10380,#10381,#10382,
#10383),.UNSPECIFIED.,.F.,.F.,(4,1,1,4),(0.,0.000365267499967583,0.000730534999935165,
0.00146106999987033),.UNSPECIFIED.);
#215=CYLINDRICAL_SURFACE('',#6764,0.55);
#216=CYLINDRICAL_SURFACE('',#6768,0.1925);
#217=CYLINDRICAL_SURFACE('',#6769,0.770000000000001);
#218=CYLINDRICAL_SURFACE('',#6773,0.8);
#219=CYLINDRICAL_SURFACE('',#6776,0.1925);
#220=CYLINDRICAL_SURFACE('',#6779,0.55);
#221=CYLINDRICAL_SURFACE('',#6783,0.1925);
#222=CYLINDRICAL_SURFACE('',#6784,0.770000000000001);
#223=CYLINDRICAL_SURFACE('',#6788,0.8);
#224=CYLINDRICAL_SURFACE('',#6791,0.1925);
#225=CYLINDRICAL_SURFACE('',#6794,0.55);
#226=CYLINDRICAL_SURFACE('',#6798,0.1925);
#227=CYLINDRICAL_SURFACE('',#6799,0.770000000000001);
#228=CYLINDRICAL_SURFACE('',#6803,0.8);
#229=CYLINDRICAL_SURFACE('',#6806,0.1925);
#230=CYLINDRICAL_SURFACE('',#6809,0.55);
#231=CYLINDRICAL_SURFACE('',#6813,0.1925);
#232=CYLINDRICAL_SURFACE('',#6814,0.770000000000001);
#233=CYLINDRICAL_SURFACE('',#6818,0.8);
#234=CYLINDRICAL_SURFACE('',#6821,0.1925);
#235=CYLINDRICAL_SURFACE('',#6824,0.55);
#236=CYLINDRICAL_SURFACE('',#6828,0.1925);
#237=CYLINDRICAL_SURFACE('',#6829,0.770000000000001);
#238=CYLINDRICAL_SURFACE('',#6833,0.8);
#239=CYLINDRICAL_SURFACE('',#6836,0.1925);
#240=CYLINDRICAL_SURFACE('',#6839,0.55);
#241=CYLINDRICAL_SURFACE('',#6843,0.1925);
#242=CYLINDRICAL_SURFACE('',#6844,0.770000000000001);
#243=CYLINDRICAL_SURFACE('',#6848,0.8);
#244=CYLINDRICAL_SURFACE('',#6851,0.1925);
#245=CYLINDRICAL_SURFACE('',#6853,0.1925);
#246=CYLINDRICAL_SURFACE('',#6857,0.770000000000001);
#247=CYLINDRICAL_SURFACE('',#6858,0.55);
#248=CYLINDRICAL_SURFACE('',#6862,0.8);
#249=CYLINDRICAL_SURFACE('',#6864,0.1925);
#250=CYLINDRICAL_SURFACE('',#6868,0.1925);
#251=CYLINDRICAL_SURFACE('',#6872,0.770000000000001);
#252=CYLINDRICAL_SURFACE('',#6873,0.55);
#253=CYLINDRICAL_SURFACE('',#6877,0.8);
#254=CYLINDRICAL_SURFACE('',#6879,0.1925);
#255=CYLINDRICAL_SURFACE('',#6883,0.1925);
#256=CYLINDRICAL_SURFACE('',#6887,0.770000000000001);
#257=CYLINDRICAL_SURFACE('',#6888,0.55);
#258=CYLINDRICAL_SURFACE('',#6892,0.8);
#259=CYLINDRICAL_SURFACE('',#6894,0.1925);
#260=CYLINDRICAL_SURFACE('',#6898,0.1925);
#261=CYLINDRICAL_SURFACE('',#6902,0.770000000000001);
#262=CYLINDRICAL_SURFACE('',#6903,0.55);
#263=CYLINDRICAL_SURFACE('',#6907,0.8);
#264=CYLINDRICAL_SURFACE('',#6909,0.1925);
#265=CYLINDRICAL_SURFACE('',#6913,0.1925);
#266=CYLINDRICAL_SURFACE('',#6917,0.770000000000001);
#267=CYLINDRICAL_SURFACE('',#6918,0.55);
#268=CYLINDRICAL_SURFACE('',#6922,0.8);
#269=CYLINDRICAL_SURFACE('',#6924,0.1925);
#270=CYLINDRICAL_SURFACE('',#6928,0.1925);
#271=CYLINDRICAL_SURFACE('',#6932,0.770000000000001);
#272=CYLINDRICAL_SURFACE('',#6933,0.55);
#273=CYLINDRICAL_SURFACE('',#6937,0.8);
#274=CYLINDRICAL_SURFACE('',#6939,0.1925);
#275=CYLINDRICAL_SURFACE('',#6943,0.1925);
#276=CYLINDRICAL_SURFACE('',#6947,0.770000000000001);
#277=CYLINDRICAL_SURFACE('',#6948,0.55);
#278=CYLINDRICAL_SURFACE('',#6952,0.8);
#279=CYLINDRICAL_SURFACE('',#6954,0.1925);
#280=CYLINDRICAL_SURFACE('',#6958,0.55);
#281=CYLINDRICAL_SURFACE('',#6961,0.55);
#282=CYLINDRICAL_SURFACE('',#6969,0.55);
#283=CYLINDRICAL_SURFACE('',#6975,0.55);
#284=CYLINDRICAL_SURFACE('',#6981,0.55);
#285=CYLINDRICAL_SURFACE('',#6987,0.55);
#286=CYLINDRICAL_SURFACE('',#6993,0.55);
#287=CYLINDRICAL_SURFACE('',#6999,0.55);
#288=CYLINDRICAL_SURFACE('',#7005,0.55);
#289=CYLINDRICAL_SURFACE('',#7011,0.55);
#290=CYLINDRICAL_SURFACE('',#7017,0.55);
#291=CYLINDRICAL_SURFACE('',#7023,0.55);
#292=CYLINDRICAL_SURFACE('',#7029,0.55);
#293=CYLINDRICAL_SURFACE('',#7035,0.55);
#294=CYLINDRICAL_SURFACE('',#7041,0.55);
#295=CYLINDRICAL_SURFACE('',#7064,1.55);
#296=CYLINDRICAL_SURFACE('',#7067,1.55);
#297=CYLINDRICAL_SURFACE('',#7070,1.5);
#298=CYLINDRICAL_SURFACE('',#7074,1.5);
#299=CYLINDRICAL_SURFACE('',#7078,1.5);
#300=CYLINDRICAL_SURFACE('',#7082,1.5);
#301=CYLINDRICAL_SURFACE('',#7086,1.);
#302=CYLINDRICAL_SURFACE('',#7089,1.);
#303=CYLINDRICAL_SURFACE('',#7092,1.);
#304=CYLINDRICAL_SURFACE('',#7095,1.);
#305=CYLINDRICAL_SURFACE('',#7110,0.499999999999998);
#306=CYLINDRICAL_SURFACE('',#7112,0.499999999999998);
#307=CYLINDRICAL_SURFACE('',#7118,0.499999999999998);
#308=CYLINDRICAL_SURFACE('',#7120,0.499999999999998);
#309=CYLINDRICAL_SURFACE('',#7126,0.399999999999997);
#310=CYLINDRICAL_SURFACE('',#7128,0.399999999999997);
#311=CYLINDRICAL_SURFACE('',#7134,0.399999999999997);
#312=CYLINDRICAL_SURFACE('',#7136,0.399999999999997);
#313=CYLINDRICAL_SURFACE('',#7147,1.5);
#314=CYLINDRICAL_SURFACE('',#7148,1.5);
#315=CYLINDRICAL_SURFACE('',#7149,1.5);
#316=CYLINDRICAL_SURFACE('',#7150,1.5);
#317=CYLINDRICAL_SURFACE('',#7151,0.55);
#318=CYLINDRICAL_SURFACE('',#7154,0.55);
#319=CYLINDRICAL_SURFACE('',#7162,1.5);
#320=CYLINDRICAL_SURFACE('',#7166,1.5);
#321=CYLINDRICAL_SURFACE('',#7170,1.5);
#322=CYLINDRICAL_SURFACE('',#7174,1.5);
#323=CYLINDRICAL_SURFACE('',#7187,1.5);
#324=CYLINDRICAL_SURFACE('',#7190,1.5);
#325=CYLINDRICAL_SURFACE('',#7193,1.5);
#326=CYLINDRICAL_SURFACE('',#7196,1.5);
#327=CYLINDRICAL_SURFACE('',#7207,0.8);
#328=CYLINDRICAL_SURFACE('',#7211,0.8);
#329=CYLINDRICAL_SURFACE('',#7219,0.770000000000001);
#330=CYLINDRICAL_SURFACE('',#7220,0.770000000000001);
#331=CYLINDRICAL_SURFACE('',#7221,0.1925);
#332=CYLINDRICAL_SURFACE('',#7222,0.1925);
#333=CYLINDRICAL_SURFACE('',#7223,0.1925);
#334=CYLINDRICAL_SURFACE('',#7224,0.1925);
#335=CYLINDRICAL_SURFACE('',#7230,1.);
#336=CYLINDRICAL_SURFACE('',#7232,1.);
#337=CYLINDRICAL_SURFACE('',#7238,1.);
#338=CYLINDRICAL_SURFACE('',#7240,1.);
#339=CYLINDRICAL_SURFACE('',#7246,0.35);
#340=CYLINDRICAL_SURFACE('',#7248,0.35);
#341=CYLINDRICAL_SURFACE('',#7254,0.35);
#342=CYLINDRICAL_SURFACE('',#7256,0.35);
#343=CYLINDRICAL_SURFACE('',#7274,0.0999999999999993);
#344=CYLINDRICAL_SURFACE('',#7276,0.0999999999999993);
#345=CYLINDRICAL_SURFACE('',#7282,0.0999999999999993);
#346=CYLINDRICAL_SURFACE('',#7284,0.0999999999999993);
#347=LINE('',#8642,#624);
#348=LINE('',#8647,#625);
#349=LINE('',#8651,#626);
#350=LINE('',#8655,#627);
#351=LINE('',#8658,#628);
#352=LINE('',#8663,#629);
#353=LINE('',#8667,#630);
#354=LINE('',#8671,#631);
#355=LINE('',#8675,#632);
#356=LINE('',#8678,#633);
#357=LINE('',#8680,#634);
#358=LINE('',#8682,#635);
#359=LINE('',#8694,#636);
#360=LINE('',#8719,#637);
#361=LINE('',#8729,#638);
#362=LINE('',#8737,#639);
#363=LINE('',#8739,#640);
#364=LINE('',#8741,#641);
#365=LINE('',#8754,#642);
#366=LINE('',#8757,#643);
#367=LINE('',#8760,#644);
#368=LINE('',#8762,#645);
#369=LINE('',#8764,#646);
#370=LINE('',#8776,#647);
#371=LINE('',#8801,#648);
#372=LINE('',#8811,#649);
#373=LINE('',#8819,#650);
#374=LINE('',#8821,#651);
#375=LINE('',#8823,#652);
#376=LINE('',#8836,#653);
#377=LINE('',#8839,#654);
#378=LINE('',#8842,#655);
#379=LINE('',#8844,#656);
#380=LINE('',#8846,#657);
#381=LINE('',#8858,#658);
#382=LINE('',#8883,#659);
#383=LINE('',#8893,#660);
#384=LINE('',#8901,#661);
#385=LINE('',#8903,#662);
#386=LINE('',#8905,#663);
#387=LINE('',#8918,#664);
#388=LINE('',#8921,#665);
#389=LINE('',#8924,#666);
#390=LINE('',#8926,#667);
#391=LINE('',#8928,#668);
#392=LINE('',#8940,#669);
#393=LINE('',#8965,#670);
#394=LINE('',#8975,#671);
#395=LINE('',#8983,#672);
#396=LINE('',#8985,#673);
#397=LINE('',#8987,#674);
#398=LINE('',#9000,#675);
#399=LINE('',#9003,#676);
#400=LINE('',#9006,#677);
#401=LINE('',#9008,#678);
#402=LINE('',#9010,#679);
#403=LINE('',#9022,#680);
#404=LINE('',#9047,#681);
#405=LINE('',#9057,#682);
#406=LINE('',#9065,#683);
#407=LINE('',#9067,#684);
#408=LINE('',#9069,#685);
#409=LINE('',#9082,#686);
#410=LINE('',#9085,#687);
#411=LINE('',#9088,#688);
#412=LINE('',#9090,#689);
#413=LINE('',#9092,#690);
#414=LINE('',#9104,#691);
#415=LINE('',#9129,#692);
#416=LINE('',#9139,#693);
#417=LINE('',#9147,#694);
#418=LINE('',#9149,#695);
#419=LINE('',#9151,#696);
#420=LINE('',#9164,#697);
#421=LINE('',#9173,#698);
#422=LINE('',#9180,#699);
#423=LINE('',#9186,#700);
#424=LINE('',#9196,#701);
#425=LINE('',#9210,#702);
#426=LINE('',#9219,#703);
#427=LINE('',#9223,#704);
#428=LINE('',#9224,#705);
#429=LINE('',#9233,#706);
#430=LINE('',#9239,#707);
#431=LINE('',#9243,#708);
#432=LINE('',#9255,#709);
#433=LINE('',#9262,#710);
#434=LINE('',#9268,#711);
#435=LINE('',#9278,#712);
#436=LINE('',#9292,#713);
#437=LINE('',#9301,#714);
#438=LINE('',#9305,#715);
#439=LINE('',#9306,#716);
#440=LINE('',#9315,#717);
#441=LINE('',#9321,#718);
#442=LINE('',#9325,#719);
#443=LINE('',#9337,#720);
#444=LINE('',#9344,#721);
#445=LINE('',#9350,#722);
#446=LINE('',#9360,#723);
#447=LINE('',#9374,#724);
#448=LINE('',#9383,#725);
#449=LINE('',#9387,#726);
#450=LINE('',#9388,#727);
#451=LINE('',#9397,#728);
#452=LINE('',#9403,#729);
#453=LINE('',#9407,#730);
#454=LINE('',#9419,#731);
#455=LINE('',#9426,#732);
#456=LINE('',#9432,#733);
#457=LINE('',#9442,#734);
#458=LINE('',#9456,#735);
#459=LINE('',#9465,#736);
#460=LINE('',#9469,#737);
#461=LINE('',#9470,#738);
#462=LINE('',#9479,#739);
#463=LINE('',#9485,#740);
#464=LINE('',#9489,#741);
#465=LINE('',#9501,#742);
#466=LINE('',#9508,#743);
#467=LINE('',#9514,#744);
#468=LINE('',#9524,#745);
#469=LINE('',#9538,#746);
#470=LINE('',#9547,#747);
#471=LINE('',#9551,#748);
#472=LINE('',#9552,#749);
#473=LINE('',#9561,#750);
#474=LINE('',#9567,#751);
#475=LINE('',#9571,#752);
#476=LINE('',#9583,#753);
#477=LINE('',#9590,#754);
#478=LINE('',#9596,#755);
#479=LINE('',#9606,#756);
#480=LINE('',#9620,#757);
#481=LINE('',#9629,#758);
#482=LINE('',#9633,#759);
#483=LINE('',#9634,#760);
#484=LINE('',#9643,#761);
#485=LINE('',#9649,#762);
#486=LINE('',#9653,#763);
#487=LINE('',#9665,#764);
#488=LINE('',#9672,#765);
#489=LINE('',#9678,#766);
#490=LINE('',#9688,#767);
#491=LINE('',#9702,#768);
#492=LINE('',#9711,#769);
#493=LINE('',#9715,#770);
#494=LINE('',#9716,#771);
#495=LINE('',#9725,#772);
#496=LINE('',#9731,#773);
#497=LINE('',#9735,#774);
#498=LINE('',#9751,#775);
#499=LINE('',#9765,#776);
#500=LINE('',#9782,#777);
#501=LINE('',#9796,#778);
#502=LINE('',#9927,#779);
#503=LINE('',#9931,#780);
#504=LINE('',#9935,#781);
#505=LINE('',#9939,#782);
#506=LINE('',#9945,#783);
#507=LINE('',#9950,#784);
#508=LINE('',#9954,#785);
#509=LINE('',#9958,#786);
#510=LINE('',#9961,#787);
#511=LINE('',#9966,#788);
#512=LINE('',#9970,#789);
#513=LINE('',#9974,#790);
#514=LINE('',#9978,#791);
#515=LINE('',#9979,#792);
#516=LINE('',#9981,#793);
#517=LINE('',#9982,#794);
#518=LINE('',#9984,#795);
#519=LINE('',#9985,#796);
#520=LINE('',#9987,#797);
#521=LINE('',#9988,#798);
#522=LINE('',#10000,#799);
#523=LINE('',#10005,#800);
#524=LINE('',#10009,#801);
#525=LINE('',#10012,#802);
#526=LINE('',#10013,#803);
#527=LINE('',#10015,#804);
#528=LINE('',#10021,#805);
#529=LINE('',#10024,#806);
#530=LINE('',#10025,#807);
#531=LINE('',#10027,#808);
#532=LINE('',#10033,#809);
#533=LINE('',#10036,#810);
#534=LINE('',#10037,#811);
#535=LINE('',#10039,#812);
#536=LINE('',#10045,#813);
#537=LINE('',#10047,#814);
#538=LINE('',#10049,#815);
#539=LINE('',#10051,#816);
#540=LINE('',#10055,#817);
#541=LINE('',#10057,#818);
#542=LINE('',#10059,#819);
#543=LINE('',#10063,#820);
#544=LINE('',#10065,#821);
#545=LINE('',#10067,#822);
#546=LINE('',#10071,#823);
#547=LINE('',#10073,#824);
#548=LINE('',#10077,#825);
#549=LINE('',#10078,#826);
#550=LINE('',#10083,#827);
#551=LINE('',#10087,#828);
#552=LINE('',#10091,#829);
#553=LINE('',#10095,#830);
#554=LINE('',#10096,#831);
#555=LINE('',#10101,#832);
#556=LINE('',#10105,#833);
#557=LINE('',#10109,#834);
#558=LINE('',#10145,#835);
#559=LINE('',#10146,#836);
#560=LINE('',#10148,#837);
#561=LINE('',#10150,#838);
#562=LINE('',#10152,#839);
#563=LINE('',#10154,#840);
#564=LINE('',#10156,#841);
#565=LINE('',#10158,#842);
#566=LINE('',#10179,#843);
#567=LINE('',#10182,#844);
#568=LINE('',#10184,#845);
#569=LINE('',#10186,#846);
#570=LINE('',#10188,#847);
#571=LINE('',#10194,#848);
#572=LINE('',#10197,#849);
#573=LINE('',#10198,#850);
#574=LINE('',#10200,#851);
#575=LINE('',#10206,#852);
#576=LINE('',#10209,#853);
#577=LINE('',#10210,#854);
#578=LINE('',#10212,#855);
#579=LINE('',#10218,#856);
#580=LINE('',#10221,#857);
#581=LINE('',#10222,#858);
#582=LINE('',#10227,#859);
#583=LINE('',#10232,#860);
#584=LINE('',#10236,#861);
#585=LINE('',#10240,#862);
#586=LINE('',#10243,#863);
#587=LINE('',#10248,#864);
#588=LINE('',#10252,#865);
#589=LINE('',#10256,#866);
#590=LINE('',#10260,#867);
#591=LINE('',#10262,#868);
#592=LINE('',#10264,#869);
#593=LINE('',#10266,#870);
#594=LINE('',#10270,#871);
#595=LINE('',#10272,#872);
#596=LINE('',#10274,#873);
#597=LINE('',#10278,#874);
#598=LINE('',#10280,#875);
#599=LINE('',#10282,#876);
#600=LINE('',#10286,#877);
#601=LINE('',#10288,#878);
#602=LINE('',#10292,#879);
#603=LINE('',#10297,#880);
#604=LINE('',#10301,#881);
#605=LINE('',#10305,#882);
#606=LINE('',#10316,#883);
#607=LINE('',#10317,#884);
#608=LINE('',#10319,#885);
#609=LINE('',#10331,#886);
#610=LINE('',#10352,#887);
#611=LINE('',#10353,#888);
#612=LINE('',#10355,#889);
#613=LINE('',#10367,#890);
#614=LINE('',#10385,#891);
#615=LINE('',#10387,#892);
#616=LINE('',#10388,#893);
#617=LINE('',#10390,#894);
#618=LINE('',#10391,#895);
#619=LINE('',#10393,#896);
#620=LINE('',#10395,#897);
#621=LINE('',#10396,#898);
#622=LINE('',#10398,#899);
#623=LINE('',#10399,#900);
#624=VECTOR('',#7295,1000.);
#625=VECTOR('',#7298,1000.);
#626=VECTOR('',#7301,1000.);
#627=VECTOR('',#7304,1000.);
#628=VECTOR('',#7307,1000.);
#629=VECTOR('',#7310,1000.);
#630=VECTOR('',#7313,1000.);
#631=VECTOR('',#7316,1000.);
#632=VECTOR('',#7321,1000.);
#633=VECTOR('',#7322,1000.);
#634=VECTOR('',#7323,1000.);
#635=VECTOR('',#7324,1000.);
#636=VECTOR('',#7331,1000.);
#637=VECTOR('',#7336,1000.);
#638=VECTOR('',#7339,1000.);
#639=VECTOR('',#7340,1000.);
#640=VECTOR('',#7343,1000.);
#641=VECTOR('',#7344,1000.);
#642=VECTOR('',#7357,1000.);
#643=VECTOR('',#7362,1000.);
#644=VECTOR('',#7363,1000.);
#645=VECTOR('',#7364,1000.);
#646=VECTOR('',#7365,1000.);
#647=VECTOR('',#7372,1000.);
#648=VECTOR('',#7377,1000.);
#649=VECTOR('',#7380,1000.);
#650=VECTOR('',#7381,1000.);
#651=VECTOR('',#7384,1000.);
#652=VECTOR('',#7385,1000.);
#653=VECTOR('',#7398,1000.);
#654=VECTOR('',#7403,1000.);
#655=VECTOR('',#7404,1000.);
#656=VECTOR('',#7405,1000.);
#657=VECTOR('',#7406,1000.);
#658=VECTOR('',#7413,1000.);
#659=VECTOR('',#7418,1000.);
#660=VECTOR('',#7421,1000.);
#661=VECTOR('',#7422,1000.);
#662=VECTOR('',#7425,1000.);
#663=VECTOR('',#7426,1000.);
#664=VECTOR('',#7439,1000.);
#665=VECTOR('',#7444,1000.);
#666=VECTOR('',#7445,1000.);
#667=VECTOR('',#7446,1000.);
#668=VECTOR('',#7447,1000.);
#669=VECTOR('',#7454,1000.);
#670=VECTOR('',#7459,1000.);
#671=VECTOR('',#7462,1000.);
#672=VECTOR('',#7463,1000.);
#673=VECTOR('',#7466,1000.);
#674=VECTOR('',#7467,1000.);
#675=VECTOR('',#7480,1000.);
#676=VECTOR('',#7485,1000.);
#677=VECTOR('',#7486,1000.);
#678=VECTOR('',#7487,1000.);
#679=VECTOR('',#7488,1000.);
#680=VECTOR('',#7495,1000.);
#681=VECTOR('',#7500,1000.);
#682=VECTOR('',#7503,1000.);
#683=VECTOR('',#7504,1000.);
#684=VECTOR('',#7507,1000.);
#685=VECTOR('',#7508,1000.);
#686=VECTOR('',#7521,1000.);
#687=VECTOR('',#7526,1000.);
#688=VECTOR('',#7527,1000.);
#689=VECTOR('',#7528,1000.);
#690=VECTOR('',#7529,1000.);
#691=VECTOR('',#7536,1000.);
#692=VECTOR('',#7541,1000.);
#693=VECTOR('',#7544,1000.);
#694=VECTOR('',#7545,1000.);
#695=VECTOR('',#7548,1000.);
#696=VECTOR('',#7549,1000.);
#697=VECTOR('',#7562,1000.);
#698=VECTOR('',#7567,1000.);
#699=VECTOR('',#7568,1000.);
#700=VECTOR('',#7575,1000.);
#701=VECTOR('',#7578,1000.);
#702=VECTOR('',#7579,1000.);
#703=VECTOR('',#7580,1000.);
#704=VECTOR('',#7585,1000.);
#705=VECTOR('',#7586,1000.);
#706=VECTOR('',#7593,1000.);
#707=VECTOR('',#7594,1000.);
#708=VECTOR('',#7599,1000.);
#709=VECTOR('',#7608,1000.);
#710=VECTOR('',#7609,1000.);
#711=VECTOR('',#7616,1000.);
#712=VECTOR('',#7619,1000.);
#713=VECTOR('',#7620,1000.);
#714=VECTOR('',#7621,1000.);
#715=VECTOR('',#7626,1000.);
#716=VECTOR('',#7627,1000.);
#717=VECTOR('',#7634,1000.);
#718=VECTOR('',#7635,1000.);
#719=VECTOR('',#7640,1000.);
#720=VECTOR('',#7649,1000.);
#721=VECTOR('',#7650,1000.);
#722=VECTOR('',#7657,1000.);
#723=VECTOR('',#7660,1000.);
#724=VECTOR('',#7661,1000.);
#725=VECTOR('',#7662,1000.);
#726=VECTOR('',#7667,1000.);
#727=VECTOR('',#7668,1000.);
#728=VECTOR('',#7675,1000.);
#729=VECTOR('',#7676,1000.);
#730=VECTOR('',#7681,1000.);
#731=VECTOR('',#7690,1000.);
#732=VECTOR('',#7691,1000.);
#733=VECTOR('',#7698,1000.);
#734=VECTOR('',#7701,1000.);
#735=VECTOR('',#7702,1000.);
#736=VECTOR('',#7703,1000.);
#737=VECTOR('',#7708,1000.);
#738=VECTOR('',#7709,1000.);
#739=VECTOR('',#7716,1000.);
#740=VECTOR('',#7717,1000.);
#741=VECTOR('',#7722,1000.);
#742=VECTOR('',#7731,1000.);
#743=VECTOR('',#7732,1000.);
#744=VECTOR('',#7739,1000.);
#745=VECTOR('',#7742,1000.);
#746=VECTOR('',#7743,1000.);
#747=VECTOR('',#7744,1000.);
#748=VECTOR('',#7749,1000.);
#749=VECTOR('',#7750,1000.);
#750=VECTOR('',#7757,1000.);
#751=VECTOR('',#7758,1000.);
#752=VECTOR('',#7763,1000.);
#753=VECTOR('',#7772,1000.);
#754=VECTOR('',#7773,1000.);
#755=VECTOR('',#7780,1000.);
#756=VECTOR('',#7783,1000.);
#757=VECTOR('',#7784,1000.);
#758=VECTOR('',#7785,1000.);
#759=VECTOR('',#7790,1000.);
#760=VECTOR('',#7791,1000.);
#761=VECTOR('',#7798,1000.);
#762=VECTOR('',#7799,1000.);
#763=VECTOR('',#7804,1000.);
#764=VECTOR('',#7813,1000.);
#765=VECTOR('',#7814,1000.);
#766=VECTOR('',#7821,1000.);
#767=VECTOR('',#7824,1000.);
#768=VECTOR('',#7825,1000.);
#769=VECTOR('',#7826,1000.);
#770=VECTOR('',#7831,1000.);
#771=VECTOR('',#7832,1000.);
#772=VECTOR('',#7839,1000.);
#773=VECTOR('',#7840,1000.);
#774=VECTOR('',#7845,1000.);
#775=VECTOR('',#7858,1000.);
#776=VECTOR('',#7859,1000.);
#777=VECTOR('',#7866,1000.);
#778=VECTOR('',#7867,1000.);
#779=VECTOR('',#8032,1000.);
#780=VECTOR('',#8035,1000.);
#781=VECTOR('',#8038,1000.);
#782=VECTOR('',#8041,1000.);
#783=VECTOR('',#8048,1000.);
#784=VECTOR('',#8051,1000.);
#785=VECTOR('',#8054,1000.);
#786=VECTOR('',#8057,1000.);
#787=VECTOR('',#8060,1000.);
#788=VECTOR('',#8063,1000.);
#789=VECTOR('',#8066,1000.);
#790=VECTOR('',#8069,1000.);
#791=VECTOR('',#8074,1000.);
#792=VECTOR('',#8075,1000.);
#793=VECTOR('',#8078,1000.);
#794=VECTOR('',#8079,1000.);
#795=VECTOR('',#8082,1000.);
#796=VECTOR('',#8083,1000.);
#797=VECTOR('',#8086,1000.);
#798=VECTOR('',#8087,1000.);
#799=VECTOR('',#8102,1000.);
#800=VECTOR('',#8105,1000.);
#801=VECTOR('',#8110,1000.);
#802=VECTOR('',#8111,1000.);
#803=VECTOR('',#8112,1000.);
#804=VECTOR('',#8115,1000.);
#805=VECTOR('',#8122,1000.);
#806=VECTOR('',#8123,1000.);
#807=VECTOR('',#8124,1000.);
#808=VECTOR('',#8127,1000.);
#809=VECTOR('',#8134,1000.);
#810=VECTOR('',#8135,1000.);
#811=VECTOR('',#8136,1000.);
#812=VECTOR('',#8139,1000.);
#813=VECTOR('',#8146,1000.);
#814=VECTOR('',#8147,1000.);
#815=VECTOR('',#8148,1000.);
#816=VECTOR('',#8151,1000.);
#817=VECTOR('',#8156,1000.);
#818=VECTOR('',#8157,1000.);
#819=VECTOR('',#8160,1000.);
#820=VECTOR('',#8165,1000.);
#821=VECTOR('',#8166,1000.);
#822=VECTOR('',#8169,1000.);
#823=VECTOR('',#8174,1000.);
#824=VECTOR('',#8175,1000.);
#825=VECTOR('',#8182,1000.);
#826=VECTOR('',#8183,1000.);
#827=VECTOR('',#8188,1000.);
#828=VECTOR('',#8191,1000.);
#829=VECTOR('',#8194,1000.);
#830=VECTOR('',#8197,1000.);
#831=VECTOR('',#8198,1000.);
#832=VECTOR('',#8201,1000.);
#833=VECTOR('',#8204,1000.);
#834=VECTOR('',#8207,1000.);
#835=VECTOR('',#8276,1000.);
#836=VECTOR('',#8277,1000.);
#837=VECTOR('',#8280,1000.);
#838=VECTOR('',#8283,1000.);
#839=VECTOR('',#8286,1000.);
#840=VECTOR('',#8289,1000.);
#841=VECTOR('',#8292,1000.);
#842=VECTOR('',#8295,1000.);
#843=VECTOR('',#8328,1000.);
#844=VECTOR('',#8329,1000.);
#845=VECTOR('',#8330,1000.);
#846=VECTOR('',#8331,1000.);
#847=VECTOR('',#8334,1000.);
#848=VECTOR('',#8341,1000.);
#849=VECTOR('',#8342,1000.);
#850=VECTOR('',#8343,1000.);
#851=VECTOR('',#8346,1000.);
#852=VECTOR('',#8353,1000.);
#853=VECTOR('',#8354,1000.);
#854=VECTOR('',#8355,1000.);
#855=VECTOR('',#8358,1000.);
#856=VECTOR('',#8365,1000.);
#857=VECTOR('',#8366,1000.);
#858=VECTOR('',#8367,1000.);
#859=VECTOR('',#8376,1000.);
#860=VECTOR('',#8379,1000.);
#861=VECTOR('',#8382,1000.);
#862=VECTOR('',#8385,1000.);
#863=VECTOR('',#8388,1000.);
#864=VECTOR('',#8391,1000.);
#865=VECTOR('',#8394,1000.);
#866=VECTOR('',#8397,1000.);
#867=VECTOR('',#8402,1000.);
#868=VECTOR('',#8403,1000.);
#869=VECTOR('',#8404,1000.);
#870=VECTOR('',#8407,1000.);
#871=VECTOR('',#8412,1000.);
#872=VECTOR('',#8413,1000.);
#873=VECTOR('',#8416,1000.);
#874=VECTOR('',#8421,1000.);
#875=VECTOR('',#8422,1000.);
#876=VECTOR('',#8425,1000.);
#877=VECTOR('',#8430,1000.);
#878=VECTOR('',#8431,1000.);
#879=VECTOR('',#8438,1000.);
#880=VECTOR('',#8441,1000.);
#881=VECTOR('',#8444,1000.);
#882=VECTOR('',#8447,1000.);
#883=VECTOR('',#8458,1000.);
#884=VECTOR('',#8459,1000.);
#885=VECTOR('',#8462,1000.);
#886=VECTOR('',#8463,1000.);
#887=VECTOR('',#8470,1000.);
#888=VECTOR('',#8471,1000.);
#889=VECTOR('',#8474,1000.);
#890=VECTOR('',#8475,1000.);
#891=VECTOR('',#8480,1000.);
#892=VECTOR('',#8483,1000.);
#893=VECTOR('',#8484,1000.);
#894=VECTOR('',#8487,1000.);
#895=VECTOR('',#8488,1000.);
#896=VECTOR('',#8491,1000.);
#897=VECTOR('',#8494,1000.);
#898=VECTOR('',#8495,1000.);
#899=VECTOR('',#8498,1000.);
#900=VECTOR('',#8499,1000.);
#901=ORIENTED_EDGE('',*,*,#2137,.T.);
#902=ORIENTED_EDGE('',*,*,#2138,.T.);
#903=ORIENTED_EDGE('',*,*,#2139,.T.);
#904=ORIENTED_EDGE('',*,*,#2140,.T.);
#905=ORIENTED_EDGE('',*,*,#2141,.T.);
#906=ORIENTED_EDGE('',*,*,#2142,.T.);
#907=ORIENTED_EDGE('',*,*,#2143,.T.);
#908=ORIENTED_EDGE('',*,*,#2144,.T.);
#909=ORIENTED_EDGE('',*,*,#2145,.T.);
#910=ORIENTED_EDGE('',*,*,#2146,.T.);
#911=ORIENTED_EDGE('',*,*,#2147,.T.);
#912=ORIENTED_EDGE('',*,*,#2148,.T.);
#913=ORIENTED_EDGE('',*,*,#2149,.T.);
#914=ORIENTED_EDGE('',*,*,#2150,.T.);
#915=ORIENTED_EDGE('',*,*,#2151,.T.);
#916=ORIENTED_EDGE('',*,*,#2152,.T.);
#917=ORIENTED_EDGE('',*,*,#2153,.T.);
#918=ORIENTED_EDGE('',*,*,#2154,.T.);
#919=ORIENTED_EDGE('',*,*,#2155,.T.);
#920=ORIENTED_EDGE('',*,*,#2156,.T.);
#921=ORIENTED_EDGE('',*,*,#2157,.F.);
#922=ORIENTED_EDGE('',*,*,#2158,.T.);
#923=ORIENTED_EDGE('',*,*,#2159,.T.);
#924=ORIENTED_EDGE('',*,*,#2160,.T.);
#925=ORIENTED_EDGE('',*,*,#2161,.T.);
#926=ORIENTED_EDGE('',*,*,#2162,.F.);
#927=ORIENTED_EDGE('',*,*,#2163,.T.);
#928=ORIENTED_EDGE('',*,*,#2157,.T.);
#929=ORIENTED_EDGE('',*,*,#2164,.T.);
#930=ORIENTED_EDGE('',*,*,#2159,.F.);
#931=ORIENTED_EDGE('',*,*,#2164,.F.);
#932=ORIENTED_EDGE('',*,*,#2156,.F.);
#933=ORIENTED_EDGE('',*,*,#2165,.F.);
#934=ORIENTED_EDGE('',*,*,#2166,.F.);
#935=ORIENTED_EDGE('',*,*,#2167,.F.);
#936=ORIENTED_EDGE('',*,*,#2168,.F.);
#937=ORIENTED_EDGE('',*,*,#2169,.F.);
#938=ORIENTED_EDGE('',*,*,#2158,.F.);
#939=ORIENTED_EDGE('',*,*,#2163,.F.);
#940=ORIENTED_EDGE('',*,*,#2170,.F.);
#941=ORIENTED_EDGE('',*,*,#2162,.T.);
#942=ORIENTED_EDGE('',*,*,#2171,.T.);
#943=ORIENTED_EDGE('',*,*,#2172,.F.);
#944=ORIENTED_EDGE('',*,*,#2170,.T.);
#945=ORIENTED_EDGE('',*,*,#2173,.F.);
#946=ORIENTED_EDGE('',*,*,#2168,.T.);
#947=ORIENTED_EDGE('',*,*,#2172,.T.);
#948=ORIENTED_EDGE('',*,*,#2174,.T.);
#949=ORIENTED_EDGE('',*,*,#2175,.F.);
#950=ORIENTED_EDGE('',*,*,#2165,.T.);
#951=ORIENTED_EDGE('',*,*,#2155,.F.);
#952=ORIENTED_EDGE('',*,*,#2169,.T.);
#953=ORIENTED_EDGE('',*,*,#2173,.T.);
#954=ORIENTED_EDGE('',*,*,#2167,.T.);
#955=ORIENTED_EDGE('',*,*,#2176,.T.);
#956=ORIENTED_EDGE('',*,*,#2174,.F.);
#957=ORIENTED_EDGE('',*,*,#2171,.F.);
#958=ORIENTED_EDGE('',*,*,#2161,.F.);
#959=ORIENTED_EDGE('',*,*,#2177,.F.);
#960=ORIENTED_EDGE('',*,*,#2175,.T.);
#961=ORIENTED_EDGE('',*,*,#2177,.T.);
#962=ORIENTED_EDGE('',*,*,#2160,.F.);
#963=ORIENTED_EDGE('',*,*,#2166,.T.);
#964=ORIENTED_EDGE('',*,*,#2178,.T.);
#965=ORIENTED_EDGE('',*,*,#2179,.T.);
#966=ORIENTED_EDGE('',*,*,#2180,.F.);
#967=ORIENTED_EDGE('',*,*,#2181,.T.);
#968=ORIENTED_EDGE('',*,*,#2182,.T.);
#969=ORIENTED_EDGE('',*,*,#2183,.T.);
#970=ORIENTED_EDGE('',*,*,#2184,.T.);
#971=ORIENTED_EDGE('',*,*,#2185,.F.);
#972=ORIENTED_EDGE('',*,*,#2186,.T.);
#973=ORIENTED_EDGE('',*,*,#2180,.T.);
#974=ORIENTED_EDGE('',*,*,#2187,.T.);
#975=ORIENTED_EDGE('',*,*,#2182,.F.);
#976=ORIENTED_EDGE('',*,*,#2187,.F.);
#977=ORIENTED_EDGE('',*,*,#2179,.F.);
#978=ORIENTED_EDGE('',*,*,#2188,.F.);
#979=ORIENTED_EDGE('',*,*,#2189,.F.);
#980=ORIENTED_EDGE('',*,*,#2190,.F.);
#981=ORIENTED_EDGE('',*,*,#2191,.F.);
#982=ORIENTED_EDGE('',*,*,#2192,.F.);
#983=ORIENTED_EDGE('',*,*,#2181,.F.);
#984=ORIENTED_EDGE('',*,*,#2186,.F.);
#985=ORIENTED_EDGE('',*,*,#2193,.F.);
#986=ORIENTED_EDGE('',*,*,#2185,.T.);
#987=ORIENTED_EDGE('',*,*,#2194,.T.);
#988=ORIENTED_EDGE('',*,*,#2195,.F.);
#989=ORIENTED_EDGE('',*,*,#2193,.T.);
#990=ORIENTED_EDGE('',*,*,#2196,.F.);
#991=ORIENTED_EDGE('',*,*,#2191,.T.);
#992=ORIENTED_EDGE('',*,*,#2195,.T.);
#993=ORIENTED_EDGE('',*,*,#2197,.T.);
#994=ORIENTED_EDGE('',*,*,#2198,.F.);
#995=ORIENTED_EDGE('',*,*,#2188,.T.);
#996=ORIENTED_EDGE('',*,*,#2178,.F.);
#997=ORIENTED_EDGE('',*,*,#2192,.T.);
#998=ORIENTED_EDGE('',*,*,#2196,.T.);
#999=ORIENTED_EDGE('',*,*,#2190,.T.);
#1000=ORIENTED_EDGE('',*,*,#2199,.T.);
#1001=ORIENTED_EDGE('',*,*,#2197,.F.);
#1002=ORIENTED_EDGE('',*,*,#2194,.F.);
#1003=ORIENTED_EDGE('',*,*,#2184,.F.);
#1004=ORIENTED_EDGE('',*,*,#2200,.F.);
#1005=ORIENTED_EDGE('',*,*,#2198,.T.);
#1006=ORIENTED_EDGE('',*,*,#2200,.T.);
#1007=ORIENTED_EDGE('',*,*,#2183,.F.);
#1008=ORIENTED_EDGE('',*,*,#2189,.T.);
#1009=ORIENTED_EDGE('',*,*,#2201,.T.);
#1010=ORIENTED_EDGE('',*,*,#2202,.T.);
#1011=ORIENTED_EDGE('',*,*,#2203,.F.);
#1012=ORIENTED_EDGE('',*,*,#2204,.T.);
#1013=ORIENTED_EDGE('',*,*,#2205,.T.);
#1014=ORIENTED_EDGE('',*,*,#2206,.T.);
#1015=ORIENTED_EDGE('',*,*,#2207,.T.);
#1016=ORIENTED_EDGE('',*,*,#2208,.F.);
#1017=ORIENTED_EDGE('',*,*,#2209,.T.);
#1018=ORIENTED_EDGE('',*,*,#2203,.T.);
#1019=ORIENTED_EDGE('',*,*,#2210,.T.);
#1020=ORIENTED_EDGE('',*,*,#2205,.F.);
#1021=ORIENTED_EDGE('',*,*,#2210,.F.);
#1022=ORIENTED_EDGE('',*,*,#2202,.F.);
#1023=ORIENTED_EDGE('',*,*,#2211,.F.);
#1024=ORIENTED_EDGE('',*,*,#2212,.F.);
#1025=ORIENTED_EDGE('',*,*,#2213,.F.);
#1026=ORIENTED_EDGE('',*,*,#2214,.F.);
#1027=ORIENTED_EDGE('',*,*,#2215,.F.);
#1028=ORIENTED_EDGE('',*,*,#2204,.F.);
#1029=ORIENTED_EDGE('',*,*,#2209,.F.);
#1030=ORIENTED_EDGE('',*,*,#2216,.F.);
#1031=ORIENTED_EDGE('',*,*,#2208,.T.);
#1032=ORIENTED_EDGE('',*,*,#2217,.T.);
#1033=ORIENTED_EDGE('',*,*,#2218,.F.);
#1034=ORIENTED_EDGE('',*,*,#2216,.T.);
#1035=ORIENTED_EDGE('',*,*,#2219,.F.);
#1036=ORIENTED_EDGE('',*,*,#2214,.T.);
#1037=ORIENTED_EDGE('',*,*,#2218,.T.);
#1038=ORIENTED_EDGE('',*,*,#2220,.T.);
#1039=ORIENTED_EDGE('',*,*,#2221,.F.);
#1040=ORIENTED_EDGE('',*,*,#2211,.T.);
#1041=ORIENTED_EDGE('',*,*,#2201,.F.);
#1042=ORIENTED_EDGE('',*,*,#2215,.T.);
#1043=ORIENTED_EDGE('',*,*,#2219,.T.);
#1044=ORIENTED_EDGE('',*,*,#2213,.T.);
#1045=ORIENTED_EDGE('',*,*,#2222,.T.);
#1046=ORIENTED_EDGE('',*,*,#2220,.F.);
#1047=ORIENTED_EDGE('',*,*,#2217,.F.);
#1048=ORIENTED_EDGE('',*,*,#2207,.F.);
#1049=ORIENTED_EDGE('',*,*,#2223,.F.);
#1050=ORIENTED_EDGE('',*,*,#2221,.T.);
#1051=ORIENTED_EDGE('',*,*,#2223,.T.);
#1052=ORIENTED_EDGE('',*,*,#2206,.F.);
#1053=ORIENTED_EDGE('',*,*,#2212,.T.);
#1054=ORIENTED_EDGE('',*,*,#2224,.T.);
#1055=ORIENTED_EDGE('',*,*,#2225,.T.);
#1056=ORIENTED_EDGE('',*,*,#2226,.F.);
#1057=ORIENTED_EDGE('',*,*,#2227,.T.);
#1058=ORIENTED_EDGE('',*,*,#2228,.T.);
#1059=ORIENTED_EDGE('',*,*,#2229,.T.);
#1060=ORIENTED_EDGE('',*,*,#2230,.T.);
#1061=ORIENTED_EDGE('',*,*,#2231,.F.);
#1062=ORIENTED_EDGE('',*,*,#2232,.T.);
#1063=ORIENTED_EDGE('',*,*,#2226,.T.);
#1064=ORIENTED_EDGE('',*,*,#2233,.T.);
#1065=ORIENTED_EDGE('',*,*,#2228,.F.);
#1066=ORIENTED_EDGE('',*,*,#2233,.F.);
#1067=ORIENTED_EDGE('',*,*,#2225,.F.);
#1068=ORIENTED_EDGE('',*,*,#2234,.F.);
#1069=ORIENTED_EDGE('',*,*,#2235,.F.);
#1070=ORIENTED_EDGE('',*,*,#2236,.F.);
#1071=ORIENTED_EDGE('',*,*,#2237,.F.);
#1072=ORIENTED_EDGE('',*,*,#2238,.F.);
#1073=ORIENTED_EDGE('',*,*,#2227,.F.);
#1074=ORIENTED_EDGE('',*,*,#2232,.F.);
#1075=ORIENTED_EDGE('',*,*,#2239,.F.);
#1076=ORIENTED_EDGE('',*,*,#2231,.T.);
#1077=ORIENTED_EDGE('',*,*,#2240,.T.);
#1078=ORIENTED_EDGE('',*,*,#2241,.F.);
#1079=ORIENTED_EDGE('',*,*,#2239,.T.);
#1080=ORIENTED_EDGE('',*,*,#2242,.F.);
#1081=ORIENTED_EDGE('',*,*,#2237,.T.);
#1082=ORIENTED_EDGE('',*,*,#2241,.T.);
#1083=ORIENTED_EDGE('',*,*,#2243,.T.);
#1084=ORIENTED_EDGE('',*,*,#2244,.F.);
#1085=ORIENTED_EDGE('',*,*,#2234,.T.);
#1086=ORIENTED_EDGE('',*,*,#2224,.F.);
#1087=ORIENTED_EDGE('',*,*,#2238,.T.);
#1088=ORIENTED_EDGE('',*,*,#2242,.T.);
#1089=ORIENTED_EDGE('',*,*,#2236,.T.);
#1090=ORIENTED_EDGE('',*,*,#2245,.T.);
#1091=ORIENTED_EDGE('',*,*,#2243,.F.);
#1092=ORIENTED_EDGE('',*,*,#2240,.F.);
#1093=ORIENTED_EDGE('',*,*,#2230,.F.);
#1094=ORIENTED_EDGE('',*,*,#2246,.F.);
#1095=ORIENTED_EDGE('',*,*,#2244,.T.);
#1096=ORIENTED_EDGE('',*,*,#2246,.T.);
#1097=ORIENTED_EDGE('',*,*,#2229,.F.);
#1098=ORIENTED_EDGE('',*,*,#2235,.T.);
#1099=ORIENTED_EDGE('',*,*,#2247,.T.);
#1100=ORIENTED_EDGE('',*,*,#2248,.T.);
#1101=ORIENTED_EDGE('',*,*,#2249,.F.);
#1102=ORIENTED_EDGE('',*,*,#2250,.T.);
#1103=ORIENTED_EDGE('',*,*,#2251,.T.);
#1104=ORIENTED_EDGE('',*,*,#2252,.T.);
#1105=ORIENTED_EDGE('',*,*,#2253,.T.);
#1106=ORIENTED_EDGE('',*,*,#2254,.F.);
#1107=ORIENTED_EDGE('',*,*,#2255,.T.);
#1108=ORIENTED_EDGE('',*,*,#2249,.T.);
#1109=ORIENTED_EDGE('',*,*,#2256,.T.);
#1110=ORIENTED_EDGE('',*,*,#2251,.F.);
#1111=ORIENTED_EDGE('',*,*,#2256,.F.);
#1112=ORIENTED_EDGE('',*,*,#2248,.F.);
#1113=ORIENTED_EDGE('',*,*,#2257,.F.);
#1114=ORIENTED_EDGE('',*,*,#2258,.F.);
#1115=ORIENTED_EDGE('',*,*,#2259,.F.);
#1116=ORIENTED_EDGE('',*,*,#2260,.F.);
#1117=ORIENTED_EDGE('',*,*,#2261,.F.);
#1118=ORIENTED_EDGE('',*,*,#2250,.F.);
#1119=ORIENTED_EDGE('',*,*,#2255,.F.);
#1120=ORIENTED_EDGE('',*,*,#2262,.F.);
#1121=ORIENTED_EDGE('',*,*,#2254,.T.);
#1122=ORIENTED_EDGE('',*,*,#2263,.T.);
#1123=ORIENTED_EDGE('',*,*,#2264,.F.);
#1124=ORIENTED_EDGE('',*,*,#2262,.T.);
#1125=ORIENTED_EDGE('',*,*,#2265,.F.);
#1126=ORIENTED_EDGE('',*,*,#2260,.T.);
#1127=ORIENTED_EDGE('',*,*,#2264,.T.);
#1128=ORIENTED_EDGE('',*,*,#2266,.T.);
#1129=ORIENTED_EDGE('',*,*,#2267,.F.);
#1130=ORIENTED_EDGE('',*,*,#2257,.T.);
#1131=ORIENTED_EDGE('',*,*,#2247,.F.);
#1132=ORIENTED_EDGE('',*,*,#2261,.T.);
#1133=ORIENTED_EDGE('',*,*,#2265,.T.);
#1134=ORIENTED_EDGE('',*,*,#2259,.T.);
#1135=ORIENTED_EDGE('',*,*,#2268,.T.);
#1136=ORIENTED_EDGE('',*,*,#2266,.F.);
#1137=ORIENTED_EDGE('',*,*,#2263,.F.);
#1138=ORIENTED_EDGE('',*,*,#2253,.F.);
#1139=ORIENTED_EDGE('',*,*,#2269,.F.);
#1140=ORIENTED_EDGE('',*,*,#2267,.T.);
#1141=ORIENTED_EDGE('',*,*,#2269,.T.);
#1142=ORIENTED_EDGE('',*,*,#2252,.F.);
#1143=ORIENTED_EDGE('',*,*,#2258,.T.);
#1144=ORIENTED_EDGE('',*,*,#2270,.T.);
#1145=ORIENTED_EDGE('',*,*,#2271,.T.);
#1146=ORIENTED_EDGE('',*,*,#2272,.F.);
#1147=ORIENTED_EDGE('',*,*,#2273,.T.);
#1148=ORIENTED_EDGE('',*,*,#2274,.T.);
#1149=ORIENTED_EDGE('',*,*,#2275,.T.);
#1150=ORIENTED_EDGE('',*,*,#2276,.T.);
#1151=ORIENTED_EDGE('',*,*,#2277,.F.);
#1152=ORIENTED_EDGE('',*,*,#2278,.T.);
#1153=ORIENTED_EDGE('',*,*,#2272,.T.);
#1154=ORIENTED_EDGE('',*,*,#2279,.T.);
#1155=ORIENTED_EDGE('',*,*,#2274,.F.);
#1156=ORIENTED_EDGE('',*,*,#2279,.F.);
#1157=ORIENTED_EDGE('',*,*,#2271,.F.);
#1158=ORIENTED_EDGE('',*,*,#2280,.F.);
#1159=ORIENTED_EDGE('',*,*,#2281,.F.);
#1160=ORIENTED_EDGE('',*,*,#2282,.F.);
#1161=ORIENTED_EDGE('',*,*,#2283,.F.);
#1162=ORIENTED_EDGE('',*,*,#2284,.F.);
#1163=ORIENTED_EDGE('',*,*,#2273,.F.);
#1164=ORIENTED_EDGE('',*,*,#2278,.F.);
#1165=ORIENTED_EDGE('',*,*,#2285,.F.);
#1166=ORIENTED_EDGE('',*,*,#2277,.T.);
#1167=ORIENTED_EDGE('',*,*,#2286,.T.);
#1168=ORIENTED_EDGE('',*,*,#2287,.F.);
#1169=ORIENTED_EDGE('',*,*,#2285,.T.);
#1170=ORIENTED_EDGE('',*,*,#2288,.F.);
#1171=ORIENTED_EDGE('',*,*,#2283,.T.);
#1172=ORIENTED_EDGE('',*,*,#2287,.T.);
#1173=ORIENTED_EDGE('',*,*,#2289,.T.);
#1174=ORIENTED_EDGE('',*,*,#2290,.F.);
#1175=ORIENTED_EDGE('',*,*,#2280,.T.);
#1176=ORIENTED_EDGE('',*,*,#2270,.F.);
#1177=ORIENTED_EDGE('',*,*,#2284,.T.);
#1178=ORIENTED_EDGE('',*,*,#2288,.T.);
#1179=ORIENTED_EDGE('',*,*,#2282,.T.);
#1180=ORIENTED_EDGE('',*,*,#2291,.T.);
#1181=ORIENTED_EDGE('',*,*,#2289,.F.);
#1182=ORIENTED_EDGE('',*,*,#2286,.F.);
#1183=ORIENTED_EDGE('',*,*,#2276,.F.);
#1184=ORIENTED_EDGE('',*,*,#2292,.F.);
#1185=ORIENTED_EDGE('',*,*,#2290,.T.);
#1186=ORIENTED_EDGE('',*,*,#2292,.T.);
#1187=ORIENTED_EDGE('',*,*,#2275,.F.);
#1188=ORIENTED_EDGE('',*,*,#2281,.T.);
#1189=ORIENTED_EDGE('',*,*,#2293,.F.);
#1190=ORIENTED_EDGE('',*,*,#2294,.F.);
#1191=ORIENTED_EDGE('',*,*,#2295,.F.);
#1192=ORIENTED_EDGE('',*,*,#2296,.F.);
#1193=ORIENTED_EDGE('',*,*,#2297,.T.);
#1194=ORIENTED_EDGE('',*,*,#2294,.T.);
#1195=ORIENTED_EDGE('',*,*,#2298,.F.);
#1196=ORIENTED_EDGE('',*,*,#2299,.T.);
#1197=ORIENTED_EDGE('',*,*,#2300,.F.);
#1198=ORIENTED_EDGE('',*,*,#2301,.F.);
#1199=ORIENTED_EDGE('',*,*,#2302,.F.);
#1200=ORIENTED_EDGE('',*,*,#2303,.F.);
#1201=ORIENTED_EDGE('',*,*,#2304,.F.);
#1202=ORIENTED_EDGE('',*,*,#2305,.F.);
#1203=ORIENTED_EDGE('',*,*,#2306,.T.);
#1204=ORIENTED_EDGE('',*,*,#2298,.T.);
#1205=ORIENTED_EDGE('',*,*,#2293,.T.);
#1206=ORIENTED_EDGE('',*,*,#2307,.F.);
#1207=ORIENTED_EDGE('',*,*,#2302,.T.);
#1208=ORIENTED_EDGE('',*,*,#2308,.T.);
#1209=ORIENTED_EDGE('',*,*,#2309,.T.);
#1210=ORIENTED_EDGE('',*,*,#2310,.T.);
#1211=ORIENTED_EDGE('',*,*,#2305,.T.);
#1212=ORIENTED_EDGE('',*,*,#2311,.T.);
#1213=ORIENTED_EDGE('',*,*,#2295,.T.);
#1214=ORIENTED_EDGE('',*,*,#2297,.F.);
#1215=ORIENTED_EDGE('',*,*,#2312,.T.);
#1216=ORIENTED_EDGE('',*,*,#2313,.F.);
#1217=ORIENTED_EDGE('',*,*,#2300,.T.);
#1218=ORIENTED_EDGE('',*,*,#2310,.F.);
#1219=ORIENTED_EDGE('',*,*,#2304,.T.);
#1220=ORIENTED_EDGE('',*,*,#2314,.T.);
#1221=ORIENTED_EDGE('',*,*,#2312,.F.);
#1222=ORIENTED_EDGE('',*,*,#2299,.F.);
#1223=ORIENTED_EDGE('',*,*,#2309,.F.);
#1224=ORIENTED_EDGE('',*,*,#2315,.F.);
#1225=ORIENTED_EDGE('',*,*,#2306,.F.);
#1226=ORIENTED_EDGE('',*,*,#2313,.T.);
#1227=ORIENTED_EDGE('',*,*,#2315,.T.);
#1228=ORIENTED_EDGE('',*,*,#2308,.F.);
#1229=ORIENTED_EDGE('',*,*,#2301,.T.);
#1230=ORIENTED_EDGE('',*,*,#2307,.T.);
#1231=ORIENTED_EDGE('',*,*,#2296,.T.);
#1232=ORIENTED_EDGE('',*,*,#2311,.F.);
#1233=ORIENTED_EDGE('',*,*,#2303,.T.);
#1234=ORIENTED_EDGE('',*,*,#2316,.F.);
#1235=ORIENTED_EDGE('',*,*,#2317,.F.);
#1236=ORIENTED_EDGE('',*,*,#2318,.F.);
#1237=ORIENTED_EDGE('',*,*,#2319,.F.);
#1238=ORIENTED_EDGE('',*,*,#2320,.T.);
#1239=ORIENTED_EDGE('',*,*,#2317,.T.);
#1240=ORIENTED_EDGE('',*,*,#2321,.F.);
#1241=ORIENTED_EDGE('',*,*,#2322,.T.);
#1242=ORIENTED_EDGE('',*,*,#2323,.F.);
#1243=ORIENTED_EDGE('',*,*,#2324,.F.);
#1244=ORIENTED_EDGE('',*,*,#2325,.F.);
#1245=ORIENTED_EDGE('',*,*,#2326,.F.);
#1246=ORIENTED_EDGE('',*,*,#2327,.F.);
#1247=ORIENTED_EDGE('',*,*,#2328,.F.);
#1248=ORIENTED_EDGE('',*,*,#2329,.T.);
#1249=ORIENTED_EDGE('',*,*,#2321,.T.);
#1250=ORIENTED_EDGE('',*,*,#2316,.T.);
#1251=ORIENTED_EDGE('',*,*,#2330,.F.);
#1252=ORIENTED_EDGE('',*,*,#2325,.T.);
#1253=ORIENTED_EDGE('',*,*,#2331,.T.);
#1254=ORIENTED_EDGE('',*,*,#2332,.T.);
#1255=ORIENTED_EDGE('',*,*,#2333,.T.);
#1256=ORIENTED_EDGE('',*,*,#2328,.T.);
#1257=ORIENTED_EDGE('',*,*,#2334,.T.);
#1258=ORIENTED_EDGE('',*,*,#2318,.T.);
#1259=ORIENTED_EDGE('',*,*,#2320,.F.);
#1260=ORIENTED_EDGE('',*,*,#2335,.T.);
#1261=ORIENTED_EDGE('',*,*,#2336,.F.);
#1262=ORIENTED_EDGE('',*,*,#2323,.T.);
#1263=ORIENTED_EDGE('',*,*,#2333,.F.);
#1264=ORIENTED_EDGE('',*,*,#2327,.T.);
#1265=ORIENTED_EDGE('',*,*,#2337,.T.);
#1266=ORIENTED_EDGE('',*,*,#2335,.F.);
#1267=ORIENTED_EDGE('',*,*,#2322,.F.);
#1268=ORIENTED_EDGE('',*,*,#2332,.F.);
#1269=ORIENTED_EDGE('',*,*,#2338,.F.);
#1270=ORIENTED_EDGE('',*,*,#2329,.F.);
#1271=ORIENTED_EDGE('',*,*,#2336,.T.);
#1272=ORIENTED_EDGE('',*,*,#2338,.T.);
#1273=ORIENTED_EDGE('',*,*,#2331,.F.);
#1274=ORIENTED_EDGE('',*,*,#2324,.T.);
#1275=ORIENTED_EDGE('',*,*,#2330,.T.);
#1276=ORIENTED_EDGE('',*,*,#2319,.T.);
#1277=ORIENTED_EDGE('',*,*,#2334,.F.);
#1278=ORIENTED_EDGE('',*,*,#2326,.T.);
#1279=ORIENTED_EDGE('',*,*,#2339,.F.);
#1280=ORIENTED_EDGE('',*,*,#2340,.F.);
#1281=ORIENTED_EDGE('',*,*,#2341,.F.);
#1282=ORIENTED_EDGE('',*,*,#2342,.F.);
#1283=ORIENTED_EDGE('',*,*,#2343,.T.);
#1284=ORIENTED_EDGE('',*,*,#2340,.T.);
#1285=ORIENTED_EDGE('',*,*,#2344,.F.);
#1286=ORIENTED_EDGE('',*,*,#2345,.T.);
#1287=ORIENTED_EDGE('',*,*,#2346,.F.);
#1288=ORIENTED_EDGE('',*,*,#2347,.F.);
#1289=ORIENTED_EDGE('',*,*,#2348,.F.);
#1290=ORIENTED_EDGE('',*,*,#2349,.F.);
#1291=ORIENTED_EDGE('',*,*,#2350,.F.);
#1292=ORIENTED_EDGE('',*,*,#2351,.F.);
#1293=ORIENTED_EDGE('',*,*,#2352,.T.);
#1294=ORIENTED_EDGE('',*,*,#2344,.T.);
#1295=ORIENTED_EDGE('',*,*,#2339,.T.);
#1296=ORIENTED_EDGE('',*,*,#2353,.F.);
#1297=ORIENTED_EDGE('',*,*,#2348,.T.);
#1298=ORIENTED_EDGE('',*,*,#2354,.T.);
#1299=ORIENTED_EDGE('',*,*,#2355,.T.);
#1300=ORIENTED_EDGE('',*,*,#2356,.T.);
#1301=ORIENTED_EDGE('',*,*,#2351,.T.);
#1302=ORIENTED_EDGE('',*,*,#2357,.T.);
#1303=ORIENTED_EDGE('',*,*,#2341,.T.);
#1304=ORIENTED_EDGE('',*,*,#2343,.F.);
#1305=ORIENTED_EDGE('',*,*,#2358,.T.);
#1306=ORIENTED_EDGE('',*,*,#2359,.F.);
#1307=ORIENTED_EDGE('',*,*,#2346,.T.);
#1308=ORIENTED_EDGE('',*,*,#2356,.F.);
#1309=ORIENTED_EDGE('',*,*,#2350,.T.);
#1310=ORIENTED_EDGE('',*,*,#2360,.T.);
#1311=ORIENTED_EDGE('',*,*,#2358,.F.);
#1312=ORIENTED_EDGE('',*,*,#2345,.F.);
#1313=ORIENTED_EDGE('',*,*,#2355,.F.);
#1314=ORIENTED_EDGE('',*,*,#2361,.F.);
#1315=ORIENTED_EDGE('',*,*,#2352,.F.);
#1316=ORIENTED_EDGE('',*,*,#2359,.T.);
#1317=ORIENTED_EDGE('',*,*,#2361,.T.);
#1318=ORIENTED_EDGE('',*,*,#2354,.F.);
#1319=ORIENTED_EDGE('',*,*,#2347,.T.);
#1320=ORIENTED_EDGE('',*,*,#2353,.T.);
#1321=ORIENTED_EDGE('',*,*,#2342,.T.);
#1322=ORIENTED_EDGE('',*,*,#2357,.F.);
#1323=ORIENTED_EDGE('',*,*,#2349,.T.);
#1324=ORIENTED_EDGE('',*,*,#2362,.F.);
#1325=ORIENTED_EDGE('',*,*,#2363,.F.);
#1326=ORIENTED_EDGE('',*,*,#2364,.F.);
#1327=ORIENTED_EDGE('',*,*,#2365,.F.);
#1328=ORIENTED_EDGE('',*,*,#2366,.T.);
#1329=ORIENTED_EDGE('',*,*,#2363,.T.);
#1330=ORIENTED_EDGE('',*,*,#2367,.F.);
#1331=ORIENTED_EDGE('',*,*,#2368,.T.);
#1332=ORIENTED_EDGE('',*,*,#2369,.F.);
#1333=ORIENTED_EDGE('',*,*,#2370,.F.);
#1334=ORIENTED_EDGE('',*,*,#2371,.F.);
#1335=ORIENTED_EDGE('',*,*,#2372,.F.);
#1336=ORIENTED_EDGE('',*,*,#2373,.F.);
#1337=ORIENTED_EDGE('',*,*,#2374,.F.);
#1338=ORIENTED_EDGE('',*,*,#2375,.T.);
#1339=ORIENTED_EDGE('',*,*,#2367,.T.);
#1340=ORIENTED_EDGE('',*,*,#2362,.T.);
#1341=ORIENTED_EDGE('',*,*,#2376,.F.);
#1342=ORIENTED_EDGE('',*,*,#2371,.T.);
#1343=ORIENTED_EDGE('',*,*,#2377,.T.);
#1344=ORIENTED_EDGE('',*,*,#2378,.T.);
#1345=ORIENTED_EDGE('',*,*,#2379,.T.);
#1346=ORIENTED_EDGE('',*,*,#2374,.T.);
#1347=ORIENTED_EDGE('',*,*,#2380,.T.);
#1348=ORIENTED_EDGE('',*,*,#2364,.T.);
#1349=ORIENTED_EDGE('',*,*,#2366,.F.);
#1350=ORIENTED_EDGE('',*,*,#2381,.T.);
#1351=ORIENTED_EDGE('',*,*,#2382,.F.);
#1352=ORIENTED_EDGE('',*,*,#2369,.T.);
#1353=ORIENTED_EDGE('',*,*,#2379,.F.);
#1354=ORIENTED_EDGE('',*,*,#2373,.T.);
#1355=ORIENTED_EDGE('',*,*,#2383,.T.);
#1356=ORIENTED_EDGE('',*,*,#2381,.F.);
#1357=ORIENTED_EDGE('',*,*,#2368,.F.);
#1358=ORIENTED_EDGE('',*,*,#2378,.F.);
#1359=ORIENTED_EDGE('',*,*,#2384,.F.);
#1360=ORIENTED_EDGE('',*,*,#2375,.F.);
#1361=ORIENTED_EDGE('',*,*,#2382,.T.);
#1362=ORIENTED_EDGE('',*,*,#2384,.T.);
#1363=ORIENTED_EDGE('',*,*,#2377,.F.);
#1364=ORIENTED_EDGE('',*,*,#2370,.T.);
#1365=ORIENTED_EDGE('',*,*,#2376,.T.);
#1366=ORIENTED_EDGE('',*,*,#2365,.T.);
#1367=ORIENTED_EDGE('',*,*,#2380,.F.);
#1368=ORIENTED_EDGE('',*,*,#2372,.T.);
#1369=ORIENTED_EDGE('',*,*,#2385,.F.);
#1370=ORIENTED_EDGE('',*,*,#2386,.F.);
#1371=ORIENTED_EDGE('',*,*,#2387,.F.);
#1372=ORIENTED_EDGE('',*,*,#2388,.F.);
#1373=ORIENTED_EDGE('',*,*,#2389,.T.);
#1374=ORIENTED_EDGE('',*,*,#2386,.T.);
#1375=ORIENTED_EDGE('',*,*,#2390,.F.);
#1376=ORIENTED_EDGE('',*,*,#2391,.T.);
#1377=ORIENTED_EDGE('',*,*,#2392,.F.);
#1378=ORIENTED_EDGE('',*,*,#2393,.F.);
#1379=ORIENTED_EDGE('',*,*,#2394,.F.);
#1380=ORIENTED_EDGE('',*,*,#2395,.F.);
#1381=ORIENTED_EDGE('',*,*,#2396,.F.);
#1382=ORIENTED_EDGE('',*,*,#2397,.F.);
#1383=ORIENTED_EDGE('',*,*,#2398,.T.);
#1384=ORIENTED_EDGE('',*,*,#2390,.T.);
#1385=ORIENTED_EDGE('',*,*,#2385,.T.);
#1386=ORIENTED_EDGE('',*,*,#2399,.F.);
#1387=ORIENTED_EDGE('',*,*,#2394,.T.);
#1388=ORIENTED_EDGE('',*,*,#2400,.T.);
#1389=ORIENTED_EDGE('',*,*,#2401,.T.);
#1390=ORIENTED_EDGE('',*,*,#2402,.T.);
#1391=ORIENTED_EDGE('',*,*,#2397,.T.);
#1392=ORIENTED_EDGE('',*,*,#2403,.T.);
#1393=ORIENTED_EDGE('',*,*,#2387,.T.);
#1394=ORIENTED_EDGE('',*,*,#2389,.F.);
#1395=ORIENTED_EDGE('',*,*,#2404,.T.);
#1396=ORIENTED_EDGE('',*,*,#2405,.F.);
#1397=ORIENTED_EDGE('',*,*,#2392,.T.);
#1398=ORIENTED_EDGE('',*,*,#2402,.F.);
#1399=ORIENTED_EDGE('',*,*,#2396,.T.);
#1400=ORIENTED_EDGE('',*,*,#2406,.T.);
#1401=ORIENTED_EDGE('',*,*,#2404,.F.);
#1402=ORIENTED_EDGE('',*,*,#2391,.F.);
#1403=ORIENTED_EDGE('',*,*,#2401,.F.);
#1404=ORIENTED_EDGE('',*,*,#2407,.F.);
#1405=ORIENTED_EDGE('',*,*,#2398,.F.);
#1406=ORIENTED_EDGE('',*,*,#2405,.T.);
#1407=ORIENTED_EDGE('',*,*,#2407,.T.);
#1408=ORIENTED_EDGE('',*,*,#2400,.F.);
#1409=ORIENTED_EDGE('',*,*,#2393,.T.);
#1410=ORIENTED_EDGE('',*,*,#2399,.T.);
#1411=ORIENTED_EDGE('',*,*,#2388,.T.);
#1412=ORIENTED_EDGE('',*,*,#2403,.F.);
#1413=ORIENTED_EDGE('',*,*,#2395,.T.);
#1414=ORIENTED_EDGE('',*,*,#2408,.F.);
#1415=ORIENTED_EDGE('',*,*,#2409,.F.);
#1416=ORIENTED_EDGE('',*,*,#2410,.F.);
#1417=ORIENTED_EDGE('',*,*,#2411,.F.);
#1418=ORIENTED_EDGE('',*,*,#2412,.T.);
#1419=ORIENTED_EDGE('',*,*,#2409,.T.);
#1420=ORIENTED_EDGE('',*,*,#2413,.F.);
#1421=ORIENTED_EDGE('',*,*,#2414,.T.);
#1422=ORIENTED_EDGE('',*,*,#2415,.F.);
#1423=ORIENTED_EDGE('',*,*,#2416,.F.);
#1424=ORIENTED_EDGE('',*,*,#2417,.F.);
#1425=ORIENTED_EDGE('',*,*,#2418,.F.);
#1426=ORIENTED_EDGE('',*,*,#2419,.F.);
#1427=ORIENTED_EDGE('',*,*,#2420,.F.);
#1428=ORIENTED_EDGE('',*,*,#2421,.T.);
#1429=ORIENTED_EDGE('',*,*,#2413,.T.);
#1430=ORIENTED_EDGE('',*,*,#2408,.T.);
#1431=ORIENTED_EDGE('',*,*,#2422,.F.);
#1432=ORIENTED_EDGE('',*,*,#2417,.T.);
#1433=ORIENTED_EDGE('',*,*,#2423,.T.);
#1434=ORIENTED_EDGE('',*,*,#2424,.T.);
#1435=ORIENTED_EDGE('',*,*,#2425,.T.);
#1436=ORIENTED_EDGE('',*,*,#2420,.T.);
#1437=ORIENTED_EDGE('',*,*,#2426,.T.);
#1438=ORIENTED_EDGE('',*,*,#2410,.T.);
#1439=ORIENTED_EDGE('',*,*,#2412,.F.);
#1440=ORIENTED_EDGE('',*,*,#2427,.T.);
#1441=ORIENTED_EDGE('',*,*,#2428,.F.);
#1442=ORIENTED_EDGE('',*,*,#2415,.T.);
#1443=ORIENTED_EDGE('',*,*,#2425,.F.);
#1444=ORIENTED_EDGE('',*,*,#2419,.T.);
#1445=ORIENTED_EDGE('',*,*,#2429,.T.);
#1446=ORIENTED_EDGE('',*,*,#2427,.F.);
#1447=ORIENTED_EDGE('',*,*,#2414,.F.);
#1448=ORIENTED_EDGE('',*,*,#2424,.F.);
#1449=ORIENTED_EDGE('',*,*,#2430,.F.);
#1450=ORIENTED_EDGE('',*,*,#2421,.F.);
#1451=ORIENTED_EDGE('',*,*,#2428,.T.);
#1452=ORIENTED_EDGE('',*,*,#2430,.T.);
#1453=ORIENTED_EDGE('',*,*,#2423,.F.);
#1454=ORIENTED_EDGE('',*,*,#2416,.T.);
#1455=ORIENTED_EDGE('',*,*,#2422,.T.);
#1456=ORIENTED_EDGE('',*,*,#2411,.T.);
#1457=ORIENTED_EDGE('',*,*,#2426,.F.);
#1458=ORIENTED_EDGE('',*,*,#2418,.T.);
#1459=ORIENTED_EDGE('',*,*,#2431,.F.);
#1460=ORIENTED_EDGE('',*,*,#2432,.F.);
#1461=ORIENTED_EDGE('',*,*,#2433,.F.);
#1462=ORIENTED_EDGE('',*,*,#2434,.F.);
#1463=ORIENTED_EDGE('',*,*,#2435,.T.);
#1464=ORIENTED_EDGE('',*,*,#2432,.T.);
#1465=ORIENTED_EDGE('',*,*,#2436,.F.);
#1466=ORIENTED_EDGE('',*,*,#2437,.T.);
#1467=ORIENTED_EDGE('',*,*,#2438,.F.);
#1468=ORIENTED_EDGE('',*,*,#2439,.F.);
#1469=ORIENTED_EDGE('',*,*,#2440,.F.);
#1470=ORIENTED_EDGE('',*,*,#2441,.F.);
#1471=ORIENTED_EDGE('',*,*,#2442,.F.);
#1472=ORIENTED_EDGE('',*,*,#2443,.F.);
#1473=ORIENTED_EDGE('',*,*,#2444,.T.);
#1474=ORIENTED_EDGE('',*,*,#2436,.T.);
#1475=ORIENTED_EDGE('',*,*,#2431,.T.);
#1476=ORIENTED_EDGE('',*,*,#2445,.F.);
#1477=ORIENTED_EDGE('',*,*,#2440,.T.);
#1478=ORIENTED_EDGE('',*,*,#2446,.T.);
#1479=ORIENTED_EDGE('',*,*,#2447,.T.);
#1480=ORIENTED_EDGE('',*,*,#2448,.T.);
#1481=ORIENTED_EDGE('',*,*,#2443,.T.);
#1482=ORIENTED_EDGE('',*,*,#2449,.T.);
#1483=ORIENTED_EDGE('',*,*,#2433,.T.);
#1484=ORIENTED_EDGE('',*,*,#2435,.F.);
#1485=ORIENTED_EDGE('',*,*,#2450,.T.);
#1486=ORIENTED_EDGE('',*,*,#2451,.F.);
#1487=ORIENTED_EDGE('',*,*,#2438,.T.);
#1488=ORIENTED_EDGE('',*,*,#2448,.F.);
#1489=ORIENTED_EDGE('',*,*,#2442,.T.);
#1490=ORIENTED_EDGE('',*,*,#2452,.T.);
#1491=ORIENTED_EDGE('',*,*,#2450,.F.);
#1492=ORIENTED_EDGE('',*,*,#2437,.F.);
#1493=ORIENTED_EDGE('',*,*,#2447,.F.);
#1494=ORIENTED_EDGE('',*,*,#2453,.F.);
#1495=ORIENTED_EDGE('',*,*,#2444,.F.);
#1496=ORIENTED_EDGE('',*,*,#2451,.T.);
#1497=ORIENTED_EDGE('',*,*,#2453,.T.);
#1498=ORIENTED_EDGE('',*,*,#2446,.F.);
#1499=ORIENTED_EDGE('',*,*,#2439,.T.);
#1500=ORIENTED_EDGE('',*,*,#2445,.T.);
#1501=ORIENTED_EDGE('',*,*,#2434,.T.);
#1502=ORIENTED_EDGE('',*,*,#2449,.F.);
#1503=ORIENTED_EDGE('',*,*,#2441,.T.);
#1504=ORIENTED_EDGE('',*,*,#2454,.T.);
#1505=ORIENTED_EDGE('',*,*,#2455,.T.);
#1506=ORIENTED_EDGE('',*,*,#2456,.T.);
#1507=ORIENTED_EDGE('',*,*,#2457,.F.);
#1508=ORIENTED_EDGE('',*,*,#2458,.T.);
#1509=ORIENTED_EDGE('',*,*,#2459,.T.);
#1510=ORIENTED_EDGE('',*,*,#2460,.T.);
#1511=ORIENTED_EDGE('',*,*,#2461,.T.);
#1512=ORIENTED_EDGE('',*,*,#2462,.T.);
#1513=ORIENTED_EDGE('',*,*,#2463,.T.);
#1514=ORIENTED_EDGE('',*,*,#2464,.F.);
#1515=ORIENTED_EDGE('',*,*,#2465,.T.);
#1516=ORIENTED_EDGE('',*,*,#2466,.T.);
#1517=ORIENTED_EDGE('',*,*,#2467,.T.);
#1518=ORIENTED_EDGE('',*,*,#2468,.F.);
#1519=ORIENTED_EDGE('',*,*,#2469,.F.);
#1520=ORIENTED_EDGE('',*,*,#2470,.F.);
#1521=ORIENTED_EDGE('',*,*,#2468,.T.);
#1522=ORIENTED_EDGE('',*,*,#2470,.T.);
#1523=ORIENTED_EDGE('',*,*,#2471,.F.);
#1524=ORIENTED_EDGE('',*,*,#2472,.F.);
#1525=ORIENTED_EDGE('',*,*,#2473,.F.);
#1526=ORIENTED_EDGE('',*,*,#2471,.T.);
#1527=ORIENTED_EDGE('',*,*,#2473,.T.);
#1528=ORIENTED_EDGE('',*,*,#2474,.F.);
#1529=ORIENTED_EDGE('',*,*,#2475,.F.);
#1530=ORIENTED_EDGE('',*,*,#2476,.F.);
#1531=ORIENTED_EDGE('',*,*,#2474,.T.);
#1532=ORIENTED_EDGE('',*,*,#2476,.T.);
#1533=ORIENTED_EDGE('',*,*,#2477,.F.);
#1534=ORIENTED_EDGE('',*,*,#2478,.F.);
#1535=ORIENTED_EDGE('',*,*,#2479,.F.);
#1536=ORIENTED_EDGE('',*,*,#2477,.T.);
#1537=ORIENTED_EDGE('',*,*,#2479,.T.);
#1538=ORIENTED_EDGE('',*,*,#2480,.F.);
#1539=ORIENTED_EDGE('',*,*,#2481,.F.);
#1540=ORIENTED_EDGE('',*,*,#2482,.F.);
#1541=ORIENTED_EDGE('',*,*,#2480,.T.);
#1542=ORIENTED_EDGE('',*,*,#2482,.T.);
#1543=ORIENTED_EDGE('',*,*,#2483,.F.);
#1544=ORIENTED_EDGE('',*,*,#2484,.F.);
#1545=ORIENTED_EDGE('',*,*,#2485,.F.);
#1546=ORIENTED_EDGE('',*,*,#2483,.T.);
#1547=ORIENTED_EDGE('',*,*,#2485,.T.);
#1548=ORIENTED_EDGE('',*,*,#2486,.F.);
#1549=ORIENTED_EDGE('',*,*,#2487,.F.);
#1550=ORIENTED_EDGE('',*,*,#2488,.F.);
#1551=ORIENTED_EDGE('',*,*,#2487,.T.);
#1552=ORIENTED_EDGE('',*,*,#2488,.T.);
#1553=ORIENTED_EDGE('',*,*,#2489,.F.);
#1554=ORIENTED_EDGE('',*,*,#2490,.F.);
#1555=ORIENTED_EDGE('',*,*,#2491,.F.);
#1556=ORIENTED_EDGE('',*,*,#2490,.T.);
#1557=ORIENTED_EDGE('',*,*,#2491,.T.);
#1558=ORIENTED_EDGE('',*,*,#2492,.F.);
#1559=ORIENTED_EDGE('',*,*,#2493,.F.);
#1560=ORIENTED_EDGE('',*,*,#2494,.F.);
#1561=ORIENTED_EDGE('',*,*,#2493,.T.);
#1562=ORIENTED_EDGE('',*,*,#2494,.T.);
#1563=ORIENTED_EDGE('',*,*,#2495,.F.);
#1564=ORIENTED_EDGE('',*,*,#2496,.F.);
#1565=ORIENTED_EDGE('',*,*,#2497,.F.);
#1566=ORIENTED_EDGE('',*,*,#2496,.T.);
#1567=ORIENTED_EDGE('',*,*,#2497,.T.);
#1568=ORIENTED_EDGE('',*,*,#2498,.F.);
#1569=ORIENTED_EDGE('',*,*,#2499,.F.);
#1570=ORIENTED_EDGE('',*,*,#2500,.F.);
#1571=ORIENTED_EDGE('',*,*,#2499,.T.);
#1572=ORIENTED_EDGE('',*,*,#2500,.T.);
#1573=ORIENTED_EDGE('',*,*,#2501,.F.);
#1574=ORIENTED_EDGE('',*,*,#2502,.F.);
#1575=ORIENTED_EDGE('',*,*,#2503,.F.);
#1576=ORIENTED_EDGE('',*,*,#2502,.T.);
#1577=ORIENTED_EDGE('',*,*,#2503,.T.);
#1578=ORIENTED_EDGE('',*,*,#2504,.F.);
#1579=ORIENTED_EDGE('',*,*,#2505,.F.);
#1580=ORIENTED_EDGE('',*,*,#2506,.F.);
#1581=ORIENTED_EDGE('',*,*,#2505,.T.);
#1582=ORIENTED_EDGE('',*,*,#2506,.T.);
#1583=ORIENTED_EDGE('',*,*,#2469,.T.);
#1584=ORIENTED_EDGE('',*,*,#2472,.T.);
#1585=ORIENTED_EDGE('',*,*,#2475,.T.);
#1586=ORIENTED_EDGE('',*,*,#2478,.T.);
#1587=ORIENTED_EDGE('',*,*,#2481,.T.);
#1588=ORIENTED_EDGE('',*,*,#2484,.T.);
#1589=ORIENTED_EDGE('',*,*,#2486,.T.);
#1590=ORIENTED_EDGE('',*,*,#2489,.T.);
#1591=ORIENTED_EDGE('',*,*,#2492,.T.);
#1592=ORIENTED_EDGE('',*,*,#2495,.T.);
#1593=ORIENTED_EDGE('',*,*,#2498,.T.);
#1594=ORIENTED_EDGE('',*,*,#2501,.T.);
#1595=ORIENTED_EDGE('',*,*,#2504,.T.);
#1596=ORIENTED_EDGE('',*,*,#2507,.T.);
#1597=ORIENTED_EDGE('',*,*,#2508,.T.);
#1598=ORIENTED_EDGE('',*,*,#2509,.T.);
#1599=ORIENTED_EDGE('',*,*,#2510,.T.);
#1600=ORIENTED_EDGE('',*,*,#2511,.T.);
#1601=ORIENTED_EDGE('',*,*,#2512,.T.);
#1602=ORIENTED_EDGE('',*,*,#2513,.T.);
#1603=ORIENTED_EDGE('',*,*,#2514,.T.);
#1604=ORIENTED_EDGE('',*,*,#2515,.T.);
#1605=ORIENTED_EDGE('',*,*,#2516,.T.);
#1606=ORIENTED_EDGE('',*,*,#2517,.T.);
#1607=ORIENTED_EDGE('',*,*,#2518,.T.);
#1608=ORIENTED_EDGE('',*,*,#2519,.T.);
#1609=ORIENTED_EDGE('',*,*,#2520,.T.);
#1610=ORIENTED_EDGE('',*,*,#2521,.T.);
#1611=ORIENTED_EDGE('',*,*,#2522,.T.);
#1612=ORIENTED_EDGE('',*,*,#2523,.T.);
#1613=ORIENTED_EDGE('',*,*,#2524,.T.);
#1614=ORIENTED_EDGE('',*,*,#2525,.T.);
#1615=ORIENTED_EDGE('',*,*,#2526,.T.);
#1616=ORIENTED_EDGE('',*,*,#2527,.F.);
#1617=ORIENTED_EDGE('',*,*,#2528,.T.);
#1618=ORIENTED_EDGE('',*,*,#2529,.F.);
#1619=ORIENTED_EDGE('',*,*,#2530,.T.);
#1620=ORIENTED_EDGE('',*,*,#2531,.F.);
#1621=ORIENTED_EDGE('',*,*,#2532,.T.);
#1622=ORIENTED_EDGE('',*,*,#2533,.F.);
#1623=ORIENTED_EDGE('',*,*,#2534,.T.);
#1624=ORIENTED_EDGE('',*,*,#2533,.T.);
#1625=ORIENTED_EDGE('',*,*,#2535,.T.);
#1626=ORIENTED_EDGE('',*,*,#2143,.F.);
#1627=ORIENTED_EDGE('',*,*,#2536,.T.);
#1628=ORIENTED_EDGE('',*,*,#2145,.F.);
#1629=ORIENTED_EDGE('',*,*,#2537,.T.);
#1630=ORIENTED_EDGE('',*,*,#2531,.T.);
#1631=ORIENTED_EDGE('',*,*,#2538,.T.);
#1632=ORIENTED_EDGE('',*,*,#2529,.T.);
#1633=ORIENTED_EDGE('',*,*,#2539,.T.);
#1634=ORIENTED_EDGE('',*,*,#2139,.F.);
#1635=ORIENTED_EDGE('',*,*,#2540,.T.);
#1636=ORIENTED_EDGE('',*,*,#2141,.F.);
#1637=ORIENTED_EDGE('',*,*,#2541,.T.);
#1638=ORIENTED_EDGE('',*,*,#2527,.T.);
#1639=ORIENTED_EDGE('',*,*,#2542,.T.);
#1640=ORIENTED_EDGE('',*,*,#2543,.T.);
#1641=ORIENTED_EDGE('',*,*,#2544,.F.);
#1642=ORIENTED_EDGE('',*,*,#2545,.T.);
#1643=ORIENTED_EDGE('',*,*,#2546,.T.);
#1644=ORIENTED_EDGE('',*,*,#2547,.F.);
#1645=ORIENTED_EDGE('',*,*,#2548,.T.);
#1646=ORIENTED_EDGE('',*,*,#2549,.T.);
#1647=ORIENTED_EDGE('',*,*,#2550,.T.);
#1648=ORIENTED_EDGE('',*,*,#2551,.F.);
#1649=ORIENTED_EDGE('',*,*,#2552,.T.);
#1650=ORIENTED_EDGE('',*,*,#2547,.T.);
#1651=ORIENTED_EDGE('',*,*,#2553,.T.);
#1652=ORIENTED_EDGE('',*,*,#2554,.F.);
#1653=ORIENTED_EDGE('',*,*,#2555,.T.);
#1654=ORIENTED_EDGE('',*,*,#2551,.T.);
#1655=ORIENTED_EDGE('',*,*,#2556,.T.);
#1656=ORIENTED_EDGE('',*,*,#2557,.F.);
#1657=ORIENTED_EDGE('',*,*,#2558,.T.);
#1658=ORIENTED_EDGE('',*,*,#2554,.T.);
#1659=ORIENTED_EDGE('',*,*,#2559,.T.);
#1660=ORIENTED_EDGE('',*,*,#2560,.F.);
#1661=ORIENTED_EDGE('',*,*,#2561,.T.);
#1662=ORIENTED_EDGE('',*,*,#2557,.T.);
#1663=ORIENTED_EDGE('',*,*,#2562,.T.);
#1664=ORIENTED_EDGE('',*,*,#2563,.F.);
#1665=ORIENTED_EDGE('',*,*,#2564,.T.);
#1666=ORIENTED_EDGE('',*,*,#2560,.T.);
#1667=ORIENTED_EDGE('',*,*,#2565,.T.);
#1668=ORIENTED_EDGE('',*,*,#2566,.F.);
#1669=ORIENTED_EDGE('',*,*,#2567,.T.);
#1670=ORIENTED_EDGE('',*,*,#2563,.T.);
#1671=ORIENTED_EDGE('',*,*,#2568,.T.);
#1672=ORIENTED_EDGE('',*,*,#2569,.F.);
#1673=ORIENTED_EDGE('',*,*,#2570,.T.);
#1674=ORIENTED_EDGE('',*,*,#2571,.T.);
#1675=ORIENTED_EDGE('',*,*,#2510,.F.);
#1676=ORIENTED_EDGE('',*,*,#2572,.F.);
#1677=ORIENTED_EDGE('',*,*,#2573,.T.);
#1678=ORIENTED_EDGE('',*,*,#2569,.T.);
#1679=ORIENTED_EDGE('',*,*,#2509,.F.);
#1680=ORIENTED_EDGE('',*,*,#2574,.F.);
#1681=ORIENTED_EDGE('',*,*,#2575,.T.);
#1682=ORIENTED_EDGE('',*,*,#2572,.T.);
#1683=ORIENTED_EDGE('',*,*,#2516,.F.);
#1684=ORIENTED_EDGE('',*,*,#2576,.F.);
#1685=ORIENTED_EDGE('',*,*,#2577,.T.);
#1686=ORIENTED_EDGE('',*,*,#2574,.T.);
#1687=ORIENTED_EDGE('',*,*,#2515,.F.);
#1688=ORIENTED_EDGE('',*,*,#2578,.F.);
#1689=ORIENTED_EDGE('',*,*,#2579,.T.);
#1690=ORIENTED_EDGE('',*,*,#2576,.T.);
#1691=ORIENTED_EDGE('',*,*,#2514,.F.);
#1692=ORIENTED_EDGE('',*,*,#2580,.F.);
#1693=ORIENTED_EDGE('',*,*,#2581,.T.);
#1694=ORIENTED_EDGE('',*,*,#2578,.T.);
#1695=ORIENTED_EDGE('',*,*,#2513,.F.);
#1696=ORIENTED_EDGE('',*,*,#2582,.F.);
#1697=ORIENTED_EDGE('',*,*,#2583,.T.);
#1698=ORIENTED_EDGE('',*,*,#2580,.T.);
#1699=ORIENTED_EDGE('',*,*,#2512,.F.);
#1700=ORIENTED_EDGE('',*,*,#2571,.F.);
#1701=ORIENTED_EDGE('',*,*,#2584,.T.);
#1702=ORIENTED_EDGE('',*,*,#2582,.T.);
#1703=ORIENTED_EDGE('',*,*,#2511,.F.);
#1704=ORIENTED_EDGE('',*,*,#2549,.F.);
#1705=ORIENTED_EDGE('',*,*,#2585,.T.);
#1706=ORIENTED_EDGE('',*,*,#2566,.T.);
#1707=ORIENTED_EDGE('',*,*,#2586,.T.);
#1708=ORIENTED_EDGE('',*,*,#2587,.T.);
#1709=ORIENTED_EDGE('',*,*,#2588,.T.);
#1710=ORIENTED_EDGE('',*,*,#2589,.T.);
#1711=ORIENTED_EDGE('',*,*,#2590,.T.);
#1712=ORIENTED_EDGE('',*,*,#2591,.T.);
#1713=ORIENTED_EDGE('',*,*,#2592,.T.);
#1714=ORIENTED_EDGE('',*,*,#2593,.T.);
#1715=ORIENTED_EDGE('',*,*,#2594,.T.);
#1716=ORIENTED_EDGE('',*,*,#2595,.T.);
#1717=ORIENTED_EDGE('',*,*,#2596,.T.);
#1718=ORIENTED_EDGE('',*,*,#2597,.T.);
#1719=ORIENTED_EDGE('',*,*,#2598,.T.);
#1720=ORIENTED_EDGE('',*,*,#2599,.T.);
#1721=ORIENTED_EDGE('',*,*,#2600,.T.);
#1722=ORIENTED_EDGE('',*,*,#2601,.T.);
#1723=ORIENTED_EDGE('',*,*,#2602,.T.);
#1724=ORIENTED_EDGE('',*,*,#2603,.F.);
#1725=ORIENTED_EDGE('',*,*,#2524,.F.);
#1726=ORIENTED_EDGE('',*,*,#2604,.F.);
#1727=ORIENTED_EDGE('',*,*,#2550,.F.);
#1728=ORIENTED_EDGE('',*,*,#2604,.T.);
#1729=ORIENTED_EDGE('',*,*,#2523,.F.);
#1730=ORIENTED_EDGE('',*,*,#2605,.F.);
#1731=ORIENTED_EDGE('',*,*,#2553,.F.);
#1732=ORIENTED_EDGE('',*,*,#2603,.T.);
#1733=ORIENTED_EDGE('',*,*,#2586,.F.);
#1734=ORIENTED_EDGE('',*,*,#2606,.F.);
#1735=ORIENTED_EDGE('',*,*,#2525,.F.);
#1736=ORIENTED_EDGE('',*,*,#2605,.T.);
#1737=ORIENTED_EDGE('',*,*,#2522,.F.);
#1738=ORIENTED_EDGE('',*,*,#2607,.F.);
#1739=ORIENTED_EDGE('',*,*,#2556,.F.);
#1740=ORIENTED_EDGE('',*,*,#2606,.T.);
#1741=ORIENTED_EDGE('',*,*,#2568,.F.);
#1742=ORIENTED_EDGE('',*,*,#2608,.F.);
#1743=ORIENTED_EDGE('',*,*,#2526,.F.);
#1744=ORIENTED_EDGE('',*,*,#2607,.T.);
#1745=ORIENTED_EDGE('',*,*,#2521,.F.);
#1746=ORIENTED_EDGE('',*,*,#2609,.F.);
#1747=ORIENTED_EDGE('',*,*,#2559,.F.);
#1748=ORIENTED_EDGE('',*,*,#2608,.T.);
#1749=ORIENTED_EDGE('',*,*,#2565,.F.);
#1750=ORIENTED_EDGE('',*,*,#2610,.F.);
#1751=ORIENTED_EDGE('',*,*,#2519,.F.);
#1752=ORIENTED_EDGE('',*,*,#2609,.T.);
#1753=ORIENTED_EDGE('',*,*,#2520,.F.);
#1754=ORIENTED_EDGE('',*,*,#2610,.T.);
#1755=ORIENTED_EDGE('',*,*,#2562,.F.);
#1756=ORIENTED_EDGE('',*,*,#2611,.F.);
#1757=ORIENTED_EDGE('',*,*,#2548,.F.);
#1758=ORIENTED_EDGE('',*,*,#2612,.F.);
#1759=ORIENTED_EDGE('',*,*,#2600,.F.);
#1760=ORIENTED_EDGE('',*,*,#2612,.T.);
#1761=ORIENTED_EDGE('',*,*,#2552,.F.);
#1762=ORIENTED_EDGE('',*,*,#2613,.F.);
#1763=ORIENTED_EDGE('',*,*,#2601,.F.);
#1764=ORIENTED_EDGE('',*,*,#2611,.T.);
#1765=ORIENTED_EDGE('',*,*,#2599,.F.);
#1766=ORIENTED_EDGE('',*,*,#2614,.F.);
#1767=ORIENTED_EDGE('',*,*,#2585,.F.);
#1768=ORIENTED_EDGE('',*,*,#2613,.T.);
#1769=ORIENTED_EDGE('',*,*,#2555,.F.);
#1770=ORIENTED_EDGE('',*,*,#2615,.F.);
#1771=ORIENTED_EDGE('',*,*,#2602,.F.);
#1772=ORIENTED_EDGE('',*,*,#2614,.T.);
#1773=ORIENTED_EDGE('',*,*,#2598,.F.);
#1774=ORIENTED_EDGE('',*,*,#2616,.F.);
#1775=ORIENTED_EDGE('',*,*,#2567,.F.);
#1776=ORIENTED_EDGE('',*,*,#2615,.T.);
#1777=ORIENTED_EDGE('',*,*,#2558,.F.);
#1778=ORIENTED_EDGE('',*,*,#2617,.F.);
#1779=ORIENTED_EDGE('',*,*,#2595,.F.);
#1780=ORIENTED_EDGE('',*,*,#2616,.T.);
#1781=ORIENTED_EDGE('',*,*,#2597,.F.);
#1782=ORIENTED_EDGE('',*,*,#2618,.F.);
#1783=ORIENTED_EDGE('',*,*,#2564,.F.);
#1784=ORIENTED_EDGE('',*,*,#2617,.T.);
#1785=ORIENTED_EDGE('',*,*,#2561,.F.);
#1786=ORIENTED_EDGE('',*,*,#2618,.T.);
#1787=ORIENTED_EDGE('',*,*,#2596,.F.);
#1788=ORIENTED_EDGE('',*,*,#2619,.F.);
#1789=ORIENTED_EDGE('',*,*,#2592,.F.);
#1790=ORIENTED_EDGE('',*,*,#2620,.F.);
#1791=ORIENTED_EDGE('',*,*,#2575,.F.);
#1792=ORIENTED_EDGE('',*,*,#2620,.T.);
#1793=ORIENTED_EDGE('',*,*,#2591,.F.);
#1794=ORIENTED_EDGE('',*,*,#2621,.F.);
#1795=ORIENTED_EDGE('',*,*,#2573,.F.);
#1796=ORIENTED_EDGE('',*,*,#2619,.T.);
#1797=ORIENTED_EDGE('',*,*,#2577,.F.);
#1798=ORIENTED_EDGE('',*,*,#2622,.F.);
#1799=ORIENTED_EDGE('',*,*,#2593,.F.);
#1800=ORIENTED_EDGE('',*,*,#2621,.T.);
#1801=ORIENTED_EDGE('',*,*,#2590,.F.);
#1802=ORIENTED_EDGE('',*,*,#2623,.F.);
#1803=ORIENTED_EDGE('',*,*,#2570,.F.);
#1804=ORIENTED_EDGE('',*,*,#2622,.T.);
#1805=ORIENTED_EDGE('',*,*,#2579,.F.);
#1806=ORIENTED_EDGE('',*,*,#2624,.F.);
#1807=ORIENTED_EDGE('',*,*,#2594,.F.);
#1808=ORIENTED_EDGE('',*,*,#2623,.T.);
#1809=ORIENTED_EDGE('',*,*,#2589,.F.);
#1810=ORIENTED_EDGE('',*,*,#2625,.F.);
#1811=ORIENTED_EDGE('',*,*,#2584,.F.);
#1812=ORIENTED_EDGE('',*,*,#2624,.T.);
#1813=ORIENTED_EDGE('',*,*,#2581,.F.);
#1814=ORIENTED_EDGE('',*,*,#2626,.F.);
#1815=ORIENTED_EDGE('',*,*,#2587,.F.);
#1816=ORIENTED_EDGE('',*,*,#2625,.T.);
#1817=ORIENTED_EDGE('',*,*,#2588,.F.);
#1818=ORIENTED_EDGE('',*,*,#2626,.T.);
#1819=ORIENTED_EDGE('',*,*,#2583,.F.);
#1820=ORIENTED_EDGE('',*,*,#2534,.F.);
#1821=ORIENTED_EDGE('',*,*,#2536,.F.);
#1822=ORIENTED_EDGE('',*,*,#2142,.F.);
#1823=ORIENTED_EDGE('',*,*,#2542,.F.);
#1824=ORIENTED_EDGE('',*,*,#2530,.F.);
#1825=ORIENTED_EDGE('',*,*,#2540,.F.);
#1826=ORIENTED_EDGE('',*,*,#2146,.F.);
#1827=ORIENTED_EDGE('',*,*,#2538,.F.);
#1828=ORIENTED_EDGE('',*,*,#2532,.F.);
#1829=ORIENTED_EDGE('',*,*,#2537,.F.);
#1830=ORIENTED_EDGE('',*,*,#2144,.F.);
#1831=ORIENTED_EDGE('',*,*,#2535,.F.);
#1832=ORIENTED_EDGE('',*,*,#2528,.F.);
#1833=ORIENTED_EDGE('',*,*,#2541,.F.);
#1834=ORIENTED_EDGE('',*,*,#2140,.F.);
#1835=ORIENTED_EDGE('',*,*,#2539,.F.);
#1836=ORIENTED_EDGE('',*,*,#2627,.T.);
#1837=ORIENTED_EDGE('',*,*,#2628,.T.);
#1838=ORIENTED_EDGE('',*,*,#2629,.T.);
#1839=ORIENTED_EDGE('',*,*,#2630,.T.);
#1840=ORIENTED_EDGE('',*,*,#2630,.F.);
#1841=ORIENTED_EDGE('',*,*,#2628,.F.);
#1842=ORIENTED_EDGE('',*,*,#2627,.F.);
#1843=ORIENTED_EDGE('',*,*,#2507,.F.);
#1844=ORIENTED_EDGE('',*,*,#2508,.F.);
#1845=ORIENTED_EDGE('',*,*,#2629,.F.);
#1846=ORIENTED_EDGE('',*,*,#2631,.T.);
#1847=ORIENTED_EDGE('',*,*,#2632,.T.);
#1848=ORIENTED_EDGE('',*,*,#2633,.F.);
#1849=ORIENTED_EDGE('',*,*,#2634,.T.);
#1850=ORIENTED_EDGE('',*,*,#2635,.T.);
#1851=ORIENTED_EDGE('',*,*,#2636,.T.);
#1852=ORIENTED_EDGE('',*,*,#2631,.F.);
#1853=ORIENTED_EDGE('',*,*,#2637,.T.);
#1854=ORIENTED_EDGE('',*,*,#2638,.T.);
#1855=ORIENTED_EDGE('',*,*,#2639,.T.);
#1856=ORIENTED_EDGE('',*,*,#2635,.F.);
#1857=ORIENTED_EDGE('',*,*,#2640,.T.);
#1858=ORIENTED_EDGE('',*,*,#2641,.T.);
#1859=ORIENTED_EDGE('',*,*,#2642,.T.);
#1860=ORIENTED_EDGE('',*,*,#2638,.F.);
#1861=ORIENTED_EDGE('',*,*,#2643,.T.);
#1862=ORIENTED_EDGE('',*,*,#2644,.T.);
#1863=ORIENTED_EDGE('',*,*,#2645,.T.);
#1864=ORIENTED_EDGE('',*,*,#2641,.F.);
#1865=ORIENTED_EDGE('',*,*,#2646,.T.);
#1866=ORIENTED_EDGE('',*,*,#2647,.T.);
#1867=ORIENTED_EDGE('',*,*,#2648,.T.);
#1868=ORIENTED_EDGE('',*,*,#2644,.F.);
#1869=ORIENTED_EDGE('',*,*,#2649,.T.);
#1870=ORIENTED_EDGE('',*,*,#2650,.T.);
#1871=ORIENTED_EDGE('',*,*,#2651,.T.);
#1872=ORIENTED_EDGE('',*,*,#2647,.F.);
#1873=ORIENTED_EDGE('',*,*,#2652,.T.);
#1874=ORIENTED_EDGE('',*,*,#2633,.T.);
#1875=ORIENTED_EDGE('',*,*,#2653,.T.);
#1876=ORIENTED_EDGE('',*,*,#2650,.F.);
#1877=ORIENTED_EDGE('',*,*,#2654,.T.);
#1878=ORIENTED_EDGE('',*,*,#2655,.T.);
#1879=ORIENTED_EDGE('',*,*,#2656,.T.);
#1880=ORIENTED_EDGE('',*,*,#2657,.T.);
#1881=ORIENTED_EDGE('',*,*,#2658,.T.);
#1882=ORIENTED_EDGE('',*,*,#2659,.T.);
#1883=ORIENTED_EDGE('',*,*,#2660,.T.);
#1884=ORIENTED_EDGE('',*,*,#2661,.T.);
#1885=ORIENTED_EDGE('',*,*,#2662,.T.);
#1886=ORIENTED_EDGE('',*,*,#2663,.F.);
#1887=ORIENTED_EDGE('',*,*,#2664,.F.);
#1888=ORIENTED_EDGE('',*,*,#2665,.F.);
#1889=ORIENTED_EDGE('',*,*,#2666,.F.);
#1890=ORIENTED_EDGE('',*,*,#2667,.F.);
#1891=ORIENTED_EDGE('',*,*,#2668,.F.);
#1892=ORIENTED_EDGE('',*,*,#2669,.F.);
#1893=ORIENTED_EDGE('',*,*,#2670,.F.);
#1894=ORIENTED_EDGE('',*,*,#2671,.F.);
#1895=ORIENTED_EDGE('',*,*,#2672,.T.);
#1896=ORIENTED_EDGE('',*,*,#2673,.T.);
#1897=ORIENTED_EDGE('',*,*,#2663,.T.);
#1898=ORIENTED_EDGE('',*,*,#2674,.F.);
#1899=ORIENTED_EDGE('',*,*,#2675,.T.);
#1900=ORIENTED_EDGE('',*,*,#2671,.T.);
#1901=ORIENTED_EDGE('',*,*,#2670,.T.);
#1902=ORIENTED_EDGE('',*,*,#2676,.F.);
#1903=ORIENTED_EDGE('',*,*,#2677,.T.);
#1904=ORIENTED_EDGE('',*,*,#2674,.T.);
#1905=ORIENTED_EDGE('',*,*,#2669,.T.);
#1906=ORIENTED_EDGE('',*,*,#2678,.F.);
#1907=ORIENTED_EDGE('',*,*,#2679,.T.);
#1908=ORIENTED_EDGE('',*,*,#2676,.T.);
#1909=ORIENTED_EDGE('',*,*,#2668,.T.);
#1910=ORIENTED_EDGE('',*,*,#2680,.F.);
#1911=ORIENTED_EDGE('',*,*,#2681,.T.);
#1912=ORIENTED_EDGE('',*,*,#2678,.T.);
#1913=ORIENTED_EDGE('',*,*,#2667,.T.);
#1914=ORIENTED_EDGE('',*,*,#2682,.F.);
#1915=ORIENTED_EDGE('',*,*,#2683,.T.);
#1916=ORIENTED_EDGE('',*,*,#2680,.T.);
#1917=ORIENTED_EDGE('',*,*,#2666,.T.);
#1918=ORIENTED_EDGE('',*,*,#2684,.F.);
#1919=ORIENTED_EDGE('',*,*,#2685,.T.);
#1920=ORIENTED_EDGE('',*,*,#2682,.T.);
#1921=ORIENTED_EDGE('',*,*,#2665,.T.);
#1922=ORIENTED_EDGE('',*,*,#2673,.F.);
#1923=ORIENTED_EDGE('',*,*,#2686,.T.);
#1924=ORIENTED_EDGE('',*,*,#2684,.T.);
#1925=ORIENTED_EDGE('',*,*,#2664,.T.);
#1926=ORIENTED_EDGE('',*,*,#2687,.T.);
#1927=ORIENTED_EDGE('',*,*,#2688,.T.);
#1928=ORIENTED_EDGE('',*,*,#2689,.T.);
#1929=ORIENTED_EDGE('',*,*,#2690,.T.);
#1930=ORIENTED_EDGE('',*,*,#2691,.T.);
#1931=ORIENTED_EDGE('',*,*,#2692,.T.);
#1932=ORIENTED_EDGE('',*,*,#2693,.T.);
#1933=ORIENTED_EDGE('',*,*,#2694,.T.);
#1934=ORIENTED_EDGE('',*,*,#2176,.F.);
#1935=ORIENTED_EDGE('',*,*,#2199,.F.);
#1936=ORIENTED_EDGE('',*,*,#2222,.F.);
#1937=ORIENTED_EDGE('',*,*,#2245,.F.);
#1938=ORIENTED_EDGE('',*,*,#2268,.F.);
#1939=ORIENTED_EDGE('',*,*,#2291,.F.);
#1940=ORIENTED_EDGE('',*,*,#2314,.F.);
#1941=ORIENTED_EDGE('',*,*,#2337,.F.);
#1942=ORIENTED_EDGE('',*,*,#2360,.F.);
#1943=ORIENTED_EDGE('',*,*,#2383,.F.);
#1944=ORIENTED_EDGE('',*,*,#2406,.F.);
#1945=ORIENTED_EDGE('',*,*,#2429,.F.);
#1946=ORIENTED_EDGE('',*,*,#2452,.F.);
#1947=ORIENTED_EDGE('',*,*,#2695,.F.);
#1948=ORIENTED_EDGE('',*,*,#2696,.F.);
#1949=ORIENTED_EDGE('',*,*,#2697,.T.);
#1950=ORIENTED_EDGE('',*,*,#2698,.T.);
#1951=ORIENTED_EDGE('',*,*,#2455,.F.);
#1952=ORIENTED_EDGE('',*,*,#2699,.T.);
#1953=ORIENTED_EDGE('',*,*,#2700,.T.);
#1954=ORIENTED_EDGE('',*,*,#2701,.T.);
#1955=ORIENTED_EDGE('',*,*,#2697,.F.);
#1956=ORIENTED_EDGE('',*,*,#2702,.T.);
#1957=ORIENTED_EDGE('',*,*,#2703,.F.);
#1958=ORIENTED_EDGE('',*,*,#2704,.T.);
#1959=ORIENTED_EDGE('',*,*,#2705,.F.);
#1960=ORIENTED_EDGE('',*,*,#2706,.T.);
#1961=ORIENTED_EDGE('',*,*,#2696,.T.);
#1962=ORIENTED_EDGE('',*,*,#2707,.T.);
#1963=ORIENTED_EDGE('',*,*,#2708,.T.);
#1964=ORIENTED_EDGE('',*,*,#2462,.F.);
#1965=ORIENTED_EDGE('',*,*,#2709,.T.);
#1966=ORIENTED_EDGE('',*,*,#2710,.T.);
#1967=ORIENTED_EDGE('',*,*,#2711,.T.);
#1968=ORIENTED_EDGE('',*,*,#2707,.F.);
#1969=ORIENTED_EDGE('',*,*,#2712,.T.);
#1970=ORIENTED_EDGE('',*,*,#2713,.F.);
#1971=ORIENTED_EDGE('',*,*,#2714,.T.);
#1972=ORIENTED_EDGE('',*,*,#2715,.T.);
#1973=ORIENTED_EDGE('',*,*,#2716,.T.);
#1974=ORIENTED_EDGE('',*,*,#2695,.T.);
#1975=ORIENTED_EDGE('',*,*,#2715,.F.);
#1976=ORIENTED_EDGE('',*,*,#2717,.T.);
#1977=ORIENTED_EDGE('',*,*,#2464,.T.);
#1978=ORIENTED_EDGE('',*,*,#2718,.T.);
#1979=ORIENTED_EDGE('',*,*,#2710,.F.);
#1980=ORIENTED_EDGE('',*,*,#2719,.T.);
#1981=ORIENTED_EDGE('',*,*,#2713,.T.);
#1982=ORIENTED_EDGE('',*,*,#2720,.T.);
#1983=ORIENTED_EDGE('',*,*,#2466,.F.);
#1984=ORIENTED_EDGE('',*,*,#2721,.T.);
#1985=ORIENTED_EDGE('',*,*,#2705,.T.);
#1986=ORIENTED_EDGE('',*,*,#2722,.T.);
#1987=ORIENTED_EDGE('',*,*,#2457,.T.);
#1988=ORIENTED_EDGE('',*,*,#2723,.T.);
#1989=ORIENTED_EDGE('',*,*,#2700,.F.);
#1990=ORIENTED_EDGE('',*,*,#2724,.T.);
#1991=ORIENTED_EDGE('',*,*,#2703,.T.);
#1992=ORIENTED_EDGE('',*,*,#2725,.T.);
#1993=ORIENTED_EDGE('',*,*,#2459,.F.);
#1994=ORIENTED_EDGE('',*,*,#2726,.T.);
#1995=ORIENTED_EDGE('',*,*,#2704,.F.);
#1996=ORIENTED_EDGE('',*,*,#2726,.F.);
#1997=ORIENTED_EDGE('',*,*,#2458,.F.);
#1998=ORIENTED_EDGE('',*,*,#2724,.F.);
#1999=ORIENTED_EDGE('',*,*,#2706,.F.);
#2000=ORIENTED_EDGE('',*,*,#2722,.F.);
#2001=ORIENTED_EDGE('',*,*,#2716,.F.);
#2002=ORIENTED_EDGE('',*,*,#2717,.F.);
#2003=ORIENTED_EDGE('',*,*,#2714,.F.);
#2004=ORIENTED_EDGE('',*,*,#2721,.F.);
#2005=ORIENTED_EDGE('',*,*,#2465,.F.);
#2006=ORIENTED_EDGE('',*,*,#2719,.F.);
#2007=ORIENTED_EDGE('',*,*,#2702,.F.);
#2008=ORIENTED_EDGE('',*,*,#2699,.F.);
#2009=ORIENTED_EDGE('',*,*,#2460,.F.);
#2010=ORIENTED_EDGE('',*,*,#2725,.F.);
#2011=ORIENTED_EDGE('',*,*,#2467,.F.);
#2012=ORIENTED_EDGE('',*,*,#2720,.F.);
#2013=ORIENTED_EDGE('',*,*,#2712,.F.);
#2014=ORIENTED_EDGE('',*,*,#2709,.F.);
#2015=ORIENTED_EDGE('',*,*,#2711,.F.);
#2016=ORIENTED_EDGE('',*,*,#2718,.F.);
#2017=ORIENTED_EDGE('',*,*,#2463,.F.);
#2018=ORIENTED_EDGE('',*,*,#2708,.F.);
#2019=ORIENTED_EDGE('',*,*,#2456,.F.);
#2020=ORIENTED_EDGE('',*,*,#2698,.F.);
#2021=ORIENTED_EDGE('',*,*,#2701,.F.);
#2022=ORIENTED_EDGE('',*,*,#2723,.F.);
#2023=ORIENTED_EDGE('',*,*,#2461,.F.);
#2024=ORIENTED_EDGE('',*,*,#2454,.F.);
#2025=ORIENTED_EDGE('',*,*,#2727,.F.);
#2026=ORIENTED_EDGE('',*,*,#2660,.F.);
#2027=ORIENTED_EDGE('',*,*,#2728,.F.);
#2028=ORIENTED_EDGE('',*,*,#2654,.F.);
#2029=ORIENTED_EDGE('',*,*,#2728,.T.);
#2030=ORIENTED_EDGE('',*,*,#2659,.F.);
#2031=ORIENTED_EDGE('',*,*,#2729,.F.);
#2032=ORIENTED_EDGE('',*,*,#2634,.F.);
#2033=ORIENTED_EDGE('',*,*,#2727,.T.);
#2034=ORIENTED_EDGE('',*,*,#2652,.F.);
#2035=ORIENTED_EDGE('',*,*,#2730,.F.);
#2036=ORIENTED_EDGE('',*,*,#2661,.F.);
#2037=ORIENTED_EDGE('',*,*,#2729,.T.);
#2038=ORIENTED_EDGE('',*,*,#2658,.F.);
#2039=ORIENTED_EDGE('',*,*,#2731,.F.);
#2040=ORIENTED_EDGE('',*,*,#2637,.F.);
#2041=ORIENTED_EDGE('',*,*,#2730,.T.);
#2042=ORIENTED_EDGE('',*,*,#2649,.F.);
#2043=ORIENTED_EDGE('',*,*,#2732,.F.);
#2044=ORIENTED_EDGE('',*,*,#2662,.F.);
#2045=ORIENTED_EDGE('',*,*,#2731,.T.);
#2046=ORIENTED_EDGE('',*,*,#2657,.F.);
#2047=ORIENTED_EDGE('',*,*,#2733,.F.);
#2048=ORIENTED_EDGE('',*,*,#2640,.F.);
#2049=ORIENTED_EDGE('',*,*,#2732,.T.);
#2050=ORIENTED_EDGE('',*,*,#2646,.F.);
#2051=ORIENTED_EDGE('',*,*,#2734,.F.);
#2052=ORIENTED_EDGE('',*,*,#2655,.F.);
#2053=ORIENTED_EDGE('',*,*,#2733,.T.);
#2054=ORIENTED_EDGE('',*,*,#2656,.F.);
#2055=ORIENTED_EDGE('',*,*,#2734,.T.);
#2056=ORIENTED_EDGE('',*,*,#2643,.F.);
#2057=ORIENTED_EDGE('',*,*,#2735,.F.);
#2058=ORIENTED_EDGE('',*,*,#2653,.F.);
#2059=ORIENTED_EDGE('',*,*,#2736,.F.);
#2060=ORIENTED_EDGE('',*,*,#2152,.F.);
#2061=ORIENTED_EDGE('',*,*,#2736,.T.);
#2062=ORIENTED_EDGE('',*,*,#2632,.F.);
#2063=ORIENTED_EDGE('',*,*,#2737,.F.);
#2064=ORIENTED_EDGE('',*,*,#2153,.F.);
#2065=ORIENTED_EDGE('',*,*,#2735,.T.);
#2066=ORIENTED_EDGE('',*,*,#2151,.F.);
#2067=ORIENTED_EDGE('',*,*,#2738,.F.);
#2068=ORIENTED_EDGE('',*,*,#2651,.F.);
#2069=ORIENTED_EDGE('',*,*,#2737,.T.);
#2070=ORIENTED_EDGE('',*,*,#2636,.F.);
#2071=ORIENTED_EDGE('',*,*,#2739,.F.);
#2072=ORIENTED_EDGE('',*,*,#2154,.F.);
#2073=ORIENTED_EDGE('',*,*,#2738,.T.);
#2074=ORIENTED_EDGE('',*,*,#2150,.F.);
#2075=ORIENTED_EDGE('',*,*,#2740,.F.);
#2076=ORIENTED_EDGE('',*,*,#2648,.F.);
#2077=ORIENTED_EDGE('',*,*,#2739,.T.);
#2078=ORIENTED_EDGE('',*,*,#2639,.F.);
#2079=ORIENTED_EDGE('',*,*,#2741,.F.);
#2080=ORIENTED_EDGE('',*,*,#2147,.F.);
#2081=ORIENTED_EDGE('',*,*,#2740,.T.);
#2082=ORIENTED_EDGE('',*,*,#2149,.F.);
#2083=ORIENTED_EDGE('',*,*,#2742,.F.);
#2084=ORIENTED_EDGE('',*,*,#2645,.F.);
#2085=ORIENTED_EDGE('',*,*,#2741,.T.);
#2086=ORIENTED_EDGE('',*,*,#2642,.F.);
#2087=ORIENTED_EDGE('',*,*,#2742,.T.);
#2088=ORIENTED_EDGE('',*,*,#2148,.F.);
#2089=ORIENTED_EDGE('',*,*,#2743,.T.);
#2090=ORIENTED_EDGE('',*,*,#2546,.F.);
#2091=ORIENTED_EDGE('',*,*,#2744,.T.);
#2092=ORIENTED_EDGE('',*,*,#2544,.T.);
#2093=ORIENTED_EDGE('',*,*,#2745,.T.);
#2094=ORIENTED_EDGE('',*,*,#2743,.F.);
#2095=ORIENTED_EDGE('',*,*,#2746,.T.);
#2096=ORIENTED_EDGE('',*,*,#2744,.F.);
#2097=ORIENTED_EDGE('',*,*,#2138,.F.);
#2098=ORIENTED_EDGE('',*,*,#2745,.F.);
#2099=ORIENTED_EDGE('',*,*,#2137,.F.);
#2100=ORIENTED_EDGE('',*,*,#2746,.F.);
#2101=ORIENTED_EDGE('',*,*,#2518,.F.);
#2102=ORIENTED_EDGE('',*,*,#2545,.F.);
#2103=ORIENTED_EDGE('',*,*,#2543,.F.);
#2104=ORIENTED_EDGE('',*,*,#2517,.F.);
#2105=ORIENTED_EDGE('',*,*,#2747,.F.);
#2106=ORIENTED_EDGE('',*,*,#2683,.F.);
#2107=ORIENTED_EDGE('',*,*,#2748,.F.);
#2108=ORIENTED_EDGE('',*,*,#2692,.F.);
#2109=ORIENTED_EDGE('',*,*,#2748,.T.);
#2110=ORIENTED_EDGE('',*,*,#2685,.F.);
#2111=ORIENTED_EDGE('',*,*,#2749,.F.);
#2112=ORIENTED_EDGE('',*,*,#2693,.F.);
#2113=ORIENTED_EDGE('',*,*,#2747,.T.);
#2114=ORIENTED_EDGE('',*,*,#2691,.F.);
#2115=ORIENTED_EDGE('',*,*,#2750,.F.);
#2116=ORIENTED_EDGE('',*,*,#2681,.F.);
#2117=ORIENTED_EDGE('',*,*,#2749,.T.);
#2118=ORIENTED_EDGE('',*,*,#2686,.F.);
#2119=ORIENTED_EDGE('',*,*,#2751,.F.);
#2120=ORIENTED_EDGE('',*,*,#2694,.F.);
#2121=ORIENTED_EDGE('',*,*,#2750,.T.);
#2122=ORIENTED_EDGE('',*,*,#2690,.F.);
#2123=ORIENTED_EDGE('',*,*,#2752,.F.);
#2124=ORIENTED_EDGE('',*,*,#2679,.F.);
#2125=ORIENTED_EDGE('',*,*,#2751,.T.);
#2126=ORIENTED_EDGE('',*,*,#2672,.F.);
#2127=ORIENTED_EDGE('',*,*,#2753,.F.);
#2128=ORIENTED_EDGE('',*,*,#2687,.F.);
#2129=ORIENTED_EDGE('',*,*,#2752,.T.);
#2130=ORIENTED_EDGE('',*,*,#2689,.F.);
#2131=ORIENTED_EDGE('',*,*,#2754,.F.);
#2132=ORIENTED_EDGE('',*,*,#2677,.F.);
#2133=ORIENTED_EDGE('',*,*,#2753,.T.);
#2134=ORIENTED_EDGE('',*,*,#2675,.F.);
#2135=ORIENTED_EDGE('',*,*,#2754,.T.);
#2136=ORIENTED_EDGE('',*,*,#2688,.F.);
#2137=EDGE_CURVE('',#2755,#2755,#3195,.F.);
#2138=EDGE_CURVE('',#2756,#2756,#3196,.F.);
#2139=EDGE_CURVE('',#2757,#2758,#347,.T.);
#2140=EDGE_CURVE('',#2758,#2759,#3197,.T.);
#2141=EDGE_CURVE('',#2759,#2760,#348,.T.);
#2142=EDGE_CURVE('',#2760,#2761,#3198,.T.);
#2143=EDGE_CURVE('',#2761,#2762,#349,.T.);
#2144=EDGE_CURVE('',#2762,#2763,#3199,.T.);
#2145=EDGE_CURVE('',#2763,#2764,#350,.T.);
#2146=EDGE_CURVE('',#2764,#2757,#3200,.T.);
#2147=EDGE_CURVE('',#2765,#2766,#351,.T.);
#2148=EDGE_CURVE('',#2766,#2767,#3201,.F.);
#2149=EDGE_CURVE('',#2767,#2768,#352,.T.);
#2150=EDGE_CURVE('',#2768,#2769,#3202,.F.);
#2151=EDGE_CURVE('',#2769,#2770,#353,.T.);
#2152=EDGE_CURVE('',#2770,#2771,#3203,.F.);
#2153=EDGE_CURVE('',#2771,#2772,#354,.T.);
#2154=EDGE_CURVE('',#2772,#2765,#3204,.F.);
#2155=EDGE_CURVE('',#2773,#2774,#355,.T.);
#2156=EDGE_CURVE('',#2774,#2775,#356,.F.);
#2157=EDGE_CURVE('',#2776,#2775,#357,.T.);
#2158=EDGE_CURVE('',#2776,#2773,#358,.T.);
#2159=EDGE_CURVE('',#2777,#2777,#3205,.F.);
#2160=EDGE_CURVE('',#2778,#2779,#3206,.T.);
#2161=EDGE_CURVE('',#2779,#2780,#110,.T.);
#2162=EDGE_CURVE('',#2781,#2780,#359,.T.);
#2163=EDGE_CURVE('',#2781,#2776,#111,.T.);
#2164=EDGE_CURVE('',#2775,#2778,#112,.T.);
#2165=EDGE_CURVE('',#2783,#2774,#113,.T.);
#2166=EDGE_CURVE('',#2778,#2783,#360,.T.);
#2167=EDGE_CURVE('',#2784,#2785,#114,.T.);
#2168=EDGE_CURVE('',#2786,#2784,#361,.F.);
#2169=EDGE_CURVE('',#2773,#2786,#115,.T.);
#2170=EDGE_CURVE('',#2785,#2781,#362,.T.);
#2171=EDGE_CURVE('',#2780,#2787,#363,.F.);
#2172=EDGE_CURVE('',#2785,#2787,#364,.T.);
#2173=EDGE_CURVE('',#2786,#2784,#3207,.T.);
#2174=EDGE_CURVE('',#2787,#2788,#116,.T.);
#2175=EDGE_CURVE('',#2783,#2788,#3208,.T.);
#2176=EDGE_CURVE('',#2789,#2789,#3209,.T.);
#2177=EDGE_CURVE('',#2788,#2779,#365,.T.);
#2178=EDGE_CURVE('',#2790,#2791,#366,.T.);
#2179=EDGE_CURVE('',#2791,#2792,#367,.F.);
#2180=EDGE_CURVE('',#2793,#2792,#368,.T.);
#2181=EDGE_CURVE('',#2793,#2790,#369,.T.);
#2182=EDGE_CURVE('',#2794,#2794,#3210,.F.);
#2183=EDGE_CURVE('',#2795,#2796,#3211,.T.);
#2184=EDGE_CURVE('',#2796,#2797,#117,.T.);
#2185=EDGE_CURVE('',#2798,#2797,#370,.T.);
#2186=EDGE_CURVE('',#2798,#2793,#118,.T.);
#2187=EDGE_CURVE('',#2792,#2795,#119,.T.);
#2188=EDGE_CURVE('',#2800,#2791,#120,.T.);
#2189=EDGE_CURVE('',#2795,#2800,#371,.T.);
#2190=EDGE_CURVE('',#2801,#2802,#121,.T.);
#2191=EDGE_CURVE('',#2803,#2801,#372,.F.);
#2192=EDGE_CURVE('',#2790,#2803,#122,.T.);
#2193=EDGE_CURVE('',#2802,#2798,#373,.T.);
#2194=EDGE_CURVE('',#2797,#2804,#374,.F.);
#2195=EDGE_CURVE('',#2802,#2804,#375,.T.);
#2196=EDGE_CURVE('',#2803,#2801,#3212,.T.);
#2197=EDGE_CURVE('',#2804,#2805,#123,.T.);
#2198=EDGE_CURVE('',#2800,#2805,#3213,.T.);
#2199=EDGE_CURVE('',#2806,#2806,#3214,.T.);
#2200=EDGE_CURVE('',#2805,#2796,#376,.T.);
#2201=EDGE_CURVE('',#2807,#2808,#377,.T.);
#2202=EDGE_CURVE('',#2808,#2809,#378,.F.);
#2203=EDGE_CURVE('',#2810,#2809,#379,.T.);
#2204=EDGE_CURVE('',#2810,#2807,#380,.T.);
#2205=EDGE_CURVE('',#2811,#2811,#3215,.F.);
#2206=EDGE_CURVE('',#2812,#2813,#3216,.T.);
#2207=EDGE_CURVE('',#2813,#2814,#124,.T.);
#2208=EDGE_CURVE('',#2815,#2814,#381,.T.);
#2209=EDGE_CURVE('',#2815,#2810,#125,.T.);
#2210=EDGE_CURVE('',#2809,#2812,#126,.T.);
#2211=EDGE_CURVE('',#2817,#2808,#127,.T.);
#2212=EDGE_CURVE('',#2812,#2817,#382,.T.);
#2213=EDGE_CURVE('',#2818,#2819,#128,.T.);
#2214=EDGE_CURVE('',#2820,#2818,#383,.F.);
#2215=EDGE_CURVE('',#2807,#2820,#129,.T.);
#2216=EDGE_CURVE('',#2819,#2815,#384,.T.);
#2217=EDGE_CURVE('',#2814,#2821,#385,.F.);
#2218=EDGE_CURVE('',#2819,#2821,#386,.T.);
#2219=EDGE_CURVE('',#2820,#2818,#3217,.T.);
#2220=EDGE_CURVE('',#2821,#2822,#130,.T.);
#2221=EDGE_CURVE('',#2817,#2822,#3218,.T.);
#2222=EDGE_CURVE('',#2823,#2823,#3219,.T.);
#2223=EDGE_CURVE('',#2822,#2813,#387,.T.);
#2224=EDGE_CURVE('',#2824,#2825,#388,.T.);
#2225=EDGE_CURVE('',#2825,#2826,#389,.F.);
#2226=EDGE_CURVE('',#2827,#2826,#390,.T.);
#2227=EDGE_CURVE('',#2827,#2824,#391,.T.);
#2228=EDGE_CURVE('',#2828,#2828,#3220,.F.);
#2229=EDGE_CURVE('',#2829,#2830,#3221,.T.);
#2230=EDGE_CURVE('',#2830,#2831,#131,.T.);
#2231=EDGE_CURVE('',#2832,#2831,#392,.T.);
#2232=EDGE_CURVE('',#2832,#2827,#132,.T.);
#2233=EDGE_CURVE('',#2826,#2829,#133,.T.);
#2234=EDGE_CURVE('',#2834,#2825,#134,.T.);
#2235=EDGE_CURVE('',#2829,#2834,#393,.T.);
#2236=EDGE_CURVE('',#2835,#2836,#135,.T.);
#2237=EDGE_CURVE('',#2837,#2835,#394,.F.);
#2238=EDGE_CURVE('',#2824,#2837,#136,.T.);
#2239=EDGE_CURVE('',#2836,#2832,#395,.T.);
#2240=EDGE_CURVE('',#2831,#2838,#396,.F.);
#2241=EDGE_CURVE('',#2836,#2838,#397,.T.);
#2242=EDGE_CURVE('',#2837,#2835,#3222,.T.);
#2243=EDGE_CURVE('',#2838,#2839,#137,.T.);
#2244=EDGE_CURVE('',#2834,#2839,#3223,.T.);
#2245=EDGE_CURVE('',#2840,#2840,#3224,.T.);
#2246=EDGE_CURVE('',#2839,#2830,#398,.T.);
#2247=EDGE_CURVE('',#2841,#2842,#399,.T.);
#2248=EDGE_CURVE('',#2842,#2843,#400,.F.);
#2249=EDGE_CURVE('',#2844,#2843,#401,.T.);
#2250=EDGE_CURVE('',#2844,#2841,#402,.T.);
#2251=EDGE_CURVE('',#2845,#2845,#3225,.F.);
#2252=EDGE_CURVE('',#2846,#2847,#3226,.T.);
#2253=EDGE_CURVE('',#2847,#2848,#138,.T.);
#2254=EDGE_CURVE('',#2849,#2848,#403,.T.);
#2255=EDGE_CURVE('',#2849,#2844,#139,.T.);
#2256=EDGE_CURVE('',#2843,#2846,#140,.T.);
#2257=EDGE_CURVE('',#2851,#2842,#141,.T.);
#2258=EDGE_CURVE('',#2846,#2851,#404,.T.);
#2259=EDGE_CURVE('',#2852,#2853,#142,.T.);
#2260=EDGE_CURVE('',#2854,#2852,#405,.F.);
#2261=EDGE_CURVE('',#2841,#2854,#143,.T.);
#2262=EDGE_CURVE('',#2853,#2849,#406,.T.);
#2263=EDGE_CURVE('',#2848,#2855,#407,.F.);
#2264=EDGE_CURVE('',#2853,#2855,#408,.T.);
#2265=EDGE_CURVE('',#2854,#2852,#3227,.T.);
#2266=EDGE_CURVE('',#2855,#2856,#144,.T.);
#2267=EDGE_CURVE('',#2851,#2856,#3228,.T.);
#2268=EDGE_CURVE('',#2857,#2857,#3229,.T.);
#2269=EDGE_CURVE('',#2856,#2847,#409,.T.);
#2270=EDGE_CURVE('',#2858,#2859,#410,.T.);
#2271=EDGE_CURVE('',#2859,#2860,#411,.F.);
#2272=EDGE_CURVE('',#2861,#2860,#412,.T.);
#2273=EDGE_CURVE('',#2861,#2858,#413,.T.);
#2274=EDGE_CURVE('',#2862,#2862,#3230,.F.);
#2275=EDGE_CURVE('',#2863,#2864,#3231,.T.);
#2276=EDGE_CURVE('',#2864,#2865,#145,.T.);
#2277=EDGE_CURVE('',#2866,#2865,#414,.T.);
#2278=EDGE_CURVE('',#2866,#2861,#146,.T.);
#2279=EDGE_CURVE('',#2860,#2863,#147,.T.);
#2280=EDGE_CURVE('',#2868,#2859,#148,.T.);
#2281=EDGE_CURVE('',#2863,#2868,#415,.T.);
#2282=EDGE_CURVE('',#2869,#2870,#149,.T.);
#2283=EDGE_CURVE('',#2871,#2869,#416,.F.);
#2284=EDGE_CURVE('',#2858,#2871,#150,.T.);
#2285=EDGE_CURVE('',#2870,#2866,#417,.T.);
#2286=EDGE_CURVE('',#2865,#2872,#418,.F.);
#2287=EDGE_CURVE('',#2870,#2872,#419,.T.);
#2288=EDGE_CURVE('',#2871,#2869,#3232,.T.);
#2289=EDGE_CURVE('',#2872,#2873,#151,.T.);
#2290=EDGE_CURVE('',#2868,#2873,#3233,.T.);
#2291=EDGE_CURVE('',#2874,#2874,#3234,.T.);
#2292=EDGE_CURVE('',#2873,#2864,#420,.T.);
#2293=EDGE_CURVE('',#2875,#2876,#152,.T.);
#2294=EDGE_CURVE('',#2877,#2875,#421,.F.);
#2295=EDGE_CURVE('',#2878,#2877,#153,.T.);
#2296=EDGE_CURVE('',#2876,#2878,#422,.T.);
#2297=EDGE_CURVE('',#2879,#2877,#3235,.T.);
#2298=EDGE_CURVE('',#2880,#2875,#3236,.T.);
#2299=EDGE_CURVE('',#2880,#2879,#423,.F.);
#2300=EDGE_CURVE('',#2881,#2882,#154,.T.);
#2301=EDGE_CURVE('',#2883,#2881,#424,.F.);
#2302=EDGE_CURVE('',#2884,#2883,#155,.T.);
#2303=EDGE_CURVE('',#2885,#2884,#425,.T.);
#2304=EDGE_CURVE('',#2886,#2885,#156,.T.);
#2305=EDGE_CURVE('',#2882,#2886,#426,.T.);
#2306=EDGE_CURVE('',#2887,#2887,#3237,.F.);
#2307=EDGE_CURVE('',#2884,#2876,#427,.T.);
#2308=EDGE_CURVE('',#2883,#2888,#428,.T.);
#2309=EDGE_CURVE('',#2888,#2880,#157,.T.);
#2310=EDGE_CURVE('',#2886,#2882,#3238,.T.);
#2311=EDGE_CURVE('',#2885,#2878,#429,.T.);
#2312=EDGE_CURVE('',#2879,#2889,#158,.T.);
#2313=EDGE_CURVE('',#2881,#2889,#430,.T.);
#2314=EDGE_CURVE('',#2890,#2890,#3239,.T.);
#2315=EDGE_CURVE('',#2889,#2888,#431,.T.);
#2316=EDGE_CURVE('',#2892,#2893,#159,.T.);
#2317=EDGE_CURVE('',#2894,#2892,#432,.F.);
#2318=EDGE_CURVE('',#2895,#2894,#160,.T.);
#2319=EDGE_CURVE('',#2893,#2895,#433,.T.);
#2320=EDGE_CURVE('',#2896,#2894,#3240,.T.);
#2321=EDGE_CURVE('',#2897,#2892,#3241,.T.);
#2322=EDGE_CURVE('',#2897,#2896,#434,.F.);
#2323=EDGE_CURVE('',#2898,#2899,#161,.T.);
#2324=EDGE_CURVE('',#2900,#2898,#435,.F.);
#2325=EDGE_CURVE('',#2901,#2900,#162,.T.);
#2326=EDGE_CURVE('',#2902,#2901,#436,.T.);
#2327=EDGE_CURVE('',#2903,#2902,#163,.T.);
#2328=EDGE_CURVE('',#2899,#2903,#437,.T.);
#2329=EDGE_CURVE('',#2904,#2904,#3242,.F.);
#2330=EDGE_CURVE('',#2901,#2893,#438,.T.);
#2331=EDGE_CURVE('',#2900,#2905,#439,.T.);
#2332=EDGE_CURVE('',#2905,#2897,#164,.T.);
#2333=EDGE_CURVE('',#2903,#2899,#3243,.T.);
#2334=EDGE_CURVE('',#2902,#2895,#440,.T.);
#2335=EDGE_CURVE('',#2896,#2906,#165,.T.);
#2336=EDGE_CURVE('',#2898,#2906,#441,.T.);
#2337=EDGE_CURVE('',#2907,#2907,#3244,.T.);
#2338=EDGE_CURVE('',#2906,#2905,#442,.T.);
#2339=EDGE_CURVE('',#2909,#2910,#166,.T.);
#2340=EDGE_CURVE('',#2911,#2909,#443,.F.);
#2341=EDGE_CURVE('',#2912,#2911,#167,.T.);
#2342=EDGE_CURVE('',#2910,#2912,#444,.T.);
#2343=EDGE_CURVE('',#2913,#2911,#3245,.T.);
#2344=EDGE_CURVE('',#2914,#2909,#3246,.T.);
#2345=EDGE_CURVE('',#2914,#2913,#445,.F.);
#2346=EDGE_CURVE('',#2915,#2916,#168,.T.);
#2347=EDGE_CURVE('',#2917,#2915,#446,.F.);
#2348=EDGE_CURVE('',#2918,#2917,#169,.T.);
#2349=EDGE_CURVE('',#2919,#2918,#447,.T.);
#2350=EDGE_CURVE('',#2920,#2919,#170,.T.);
#2351=EDGE_CURVE('',#2916,#2920,#448,.T.);
#2352=EDGE_CURVE('',#2921,#2921,#3247,.F.);
#2353=EDGE_CURVE('',#2918,#2910,#449,.T.);
#2354=EDGE_CURVE('',#2917,#2922,#450,.T.);
#2355=EDGE_CURVE('',#2922,#2914,#171,.T.);
#2356=EDGE_CURVE('',#2920,#2916,#3248,.T.);
#2357=EDGE_CURVE('',#2919,#2912,#451,.T.);
#2358=EDGE_CURVE('',#2913,#2923,#172,.T.);
#2359=EDGE_CURVE('',#2915,#2923,#452,.T.);
#2360=EDGE_CURVE('',#2924,#2924,#3249,.T.);
#2361=EDGE_CURVE('',#2923,#2922,#453,.T.);
#2362=EDGE_CURVE('',#2926,#2927,#173,.T.);
#2363=EDGE_CURVE('',#2928,#2926,#454,.F.);
#2364=EDGE_CURVE('',#2929,#2928,#174,.T.);
#2365=EDGE_CURVE('',#2927,#2929,#455,.T.);
#2366=EDGE_CURVE('',#2930,#2928,#3250,.T.);
#2367=EDGE_CURVE('',#2931,#2926,#3251,.T.);
#2368=EDGE_CURVE('',#2931,#2930,#456,.F.);
#2369=EDGE_CURVE('',#2932,#2933,#175,.T.);
#2370=EDGE_CURVE('',#2934,#2932,#457,.F.);
#2371=EDGE_CURVE('',#2935,#2934,#176,.T.);
#2372=EDGE_CURVE('',#2936,#2935,#458,.T.);
#2373=EDGE_CURVE('',#2937,#2936,#177,.T.);
#2374=EDGE_CURVE('',#2933,#2937,#459,.T.);
#2375=EDGE_CURVE('',#2938,#2938,#3252,.F.);
#2376=EDGE_CURVE('',#2935,#2927,#460,.T.);
#2377=EDGE_CURVE('',#2934,#2939,#461,.T.);
#2378=EDGE_CURVE('',#2939,#2931,#178,.T.);
#2379=EDGE_CURVE('',#2937,#2933,#3253,.T.);
#2380=EDGE_CURVE('',#2936,#2929,#462,.T.);
#2381=EDGE_CURVE('',#2930,#2940,#179,.T.);
#2382=EDGE_CURVE('',#2932,#2940,#463,.T.);
#2383=EDGE_CURVE('',#2941,#2941,#3254,.T.);
#2384=EDGE_CURVE('',#2940,#2939,#464,.T.);
#2385=EDGE_CURVE('',#2943,#2944,#180,.T.);
#2386=EDGE_CURVE('',#2945,#2943,#465,.F.);
#2387=EDGE_CURVE('',#2946,#2945,#181,.T.);
#2388=EDGE_CURVE('',#2944,#2946,#466,.T.);
#2389=EDGE_CURVE('',#2947,#2945,#3255,.T.);
#2390=EDGE_CURVE('',#2948,#2943,#3256,.T.);
#2391=EDGE_CURVE('',#2948,#2947,#467,.F.);
#2392=EDGE_CURVE('',#2949,#2950,#182,.T.);
#2393=EDGE_CURVE('',#2951,#2949,#468,.F.);
#2394=EDGE_CURVE('',#2952,#2951,#183,.T.);
#2395=EDGE_CURVE('',#2953,#2952,#469,.T.);
#2396=EDGE_CURVE('',#2954,#2953,#184,.T.);
#2397=EDGE_CURVE('',#2950,#2954,#470,.T.);
#2398=EDGE_CURVE('',#2955,#2955,#3257,.F.);
#2399=EDGE_CURVE('',#2952,#2944,#471,.T.);
#2400=EDGE_CURVE('',#2951,#2956,#472,.T.);
#2401=EDGE_CURVE('',#2956,#2948,#185,.T.);
#2402=EDGE_CURVE('',#2954,#2950,#3258,.T.);
#2403=EDGE_CURVE('',#2953,#2946,#473,.T.);
#2404=EDGE_CURVE('',#2947,#2957,#186,.T.);
#2405=EDGE_CURVE('',#2949,#2957,#474,.T.);
#2406=EDGE_CURVE('',#2958,#2958,#3259,.T.);
#2407=EDGE_CURVE('',#2957,#2956,#475,.T.);
#2408=EDGE_CURVE('',#2960,#2961,#187,.T.);
#2409=EDGE_CURVE('',#2962,#2960,#476,.F.);
#2410=EDGE_CURVE('',#2963,#2962,#188,.T.);
#2411=EDGE_CURVE('',#2961,#2963,#477,.T.);
#2412=EDGE_CURVE('',#2964,#2962,#3260,.T.);
#2413=EDGE_CURVE('',#2965,#2960,#3261,.T.);
#2414=EDGE_CURVE('',#2965,#2964,#478,.F.);
#2415=EDGE_CURVE('',#2966,#2967,#189,.T.);
#2416=EDGE_CURVE('',#2968,#2966,#479,.F.);
#2417=EDGE_CURVE('',#2969,#2968,#190,.T.);
#2418=EDGE_CURVE('',#2970,#2969,#480,.T.);
#2419=EDGE_CURVE('',#2971,#2970,#191,.T.);
#2420=EDGE_CURVE('',#2967,#2971,#481,.T.);
#2421=EDGE_CURVE('',#2972,#2972,#3262,.F.);
#2422=EDGE_CURVE('',#2969,#2961,#482,.T.);
#2423=EDGE_CURVE('',#2968,#2973,#483,.T.);
#2424=EDGE_CURVE('',#2973,#2965,#192,.T.);
#2425=EDGE_CURVE('',#2971,#2967,#3263,.T.);
#2426=EDGE_CURVE('',#2970,#2963,#484,.T.);
#2427=EDGE_CURVE('',#2964,#2974,#193,.T.);
#2428=EDGE_CURVE('',#2966,#2974,#485,.T.);
#2429=EDGE_CURVE('',#2975,#2975,#3264,.T.);
#2430=EDGE_CURVE('',#2974,#2973,#486,.T.);
#2431=EDGE_CURVE('',#2977,#2978,#194,.T.);
#2432=EDGE_CURVE('',#2979,#2977,#487,.F.);
#2433=EDGE_CURVE('',#2980,#2979,#195,.T.);
#2434=EDGE_CURVE('',#2978,#2980,#488,.T.);
#2435=EDGE_CURVE('',#2981,#2979,#3265,.T.);
#2436=EDGE_CURVE('',#2982,#2977,#3266,.T.);
#2437=EDGE_CURVE('',#2982,#2981,#489,.F.);
#2438=EDGE_CURVE('',#2983,#2984,#196,.T.);
#2439=EDGE_CURVE('',#2985,#2983,#490,.F.);
#2440=EDGE_CURVE('',#2986,#2985,#197,.T.);
#2441=EDGE_CURVE('',#2987,#2986,#491,.T.);
#2442=EDGE_CURVE('',#2988,#2987,#198,.T.);
#2443=EDGE_CURVE('',#2984,#2988,#492,.T.);
#2444=EDGE_CURVE('',#2989,#2989,#3267,.F.);
#2445=EDGE_CURVE('',#2986,#2978,#493,.T.);
#2446=EDGE_CURVE('',#2985,#2990,#494,.T.);
#2447=EDGE_CURVE('',#2990,#2982,#199,.T.);
#2448=EDGE_CURVE('',#2988,#2984,#3268,.T.);
#2449=EDGE_CURVE('',#2987,#2980,#495,.T.);
#2450=EDGE_CURVE('',#2981,#2991,#200,.T.);
#2451=EDGE_CURVE('',#2983,#2991,#496,.T.);
#2452=EDGE_CURVE('',#2992,#2992,#3269,.T.);
#2453=EDGE_CURVE('',#2991,#2990,#497,.T.);
#2454=EDGE_CURVE('',#2994,#2994,#3270,.F.);
#2455=EDGE_CURVE('',#2995,#2996,#3271,.T.);
#2456=EDGE_CURVE('',#2996,#2997,#201,.T.);
#2457=EDGE_CURVE('',#2998,#2997,#498,.T.);
#2458=EDGE_CURVE('',#2998,#2999,#202,.T.);
#2459=EDGE_CURVE('',#2999,#3000,#499,.T.);
#2460=EDGE_CURVE('',#3000,#2995,#203,.T.);
#2461=EDGE_CURVE('',#3001,#3001,#3272,.F.);
#2462=EDGE_CURVE('',#3002,#3003,#3273,.T.);
#2463=EDGE_CURVE('',#3003,#3004,#204,.T.);
#2464=EDGE_CURVE('',#3005,#3004,#500,.T.);
#2465=EDGE_CURVE('',#3005,#3006,#205,.T.);
#2466=EDGE_CURVE('',#3006,#3007,#501,.T.);
#2467=EDGE_CURVE('',#3007,#3002,#206,.T.);
#2468=EDGE_CURVE('',#3008,#3008,#3274,.F.);
#2469=EDGE_CURVE('',#3009,#3009,#3275,.T.);
#2470=EDGE_CURVE('',#3010,#3010,#3276,.F.);
#2471=EDGE_CURVE('',#3011,#3011,#3277,.F.);
#2472=EDGE_CURVE('',#3012,#3012,#3278,.T.);
#2473=EDGE_CURVE('',#3013,#3013,#3279,.F.);
#2474=EDGE_CURVE('',#3014,#3014,#3280,.F.);
#2475=EDGE_CURVE('',#3015,#3015,#3281,.T.);
#2476=EDGE_CURVE('',#3016,#3016,#3282,.F.);
#2477=EDGE_CURVE('',#3017,#3017,#3283,.F.);
#2478=EDGE_CURVE('',#3018,#3018,#3284,.T.);
#2479=EDGE_CURVE('',#3019,#3019,#3285,.F.);
#2480=EDGE_CURVE('',#3020,#3020,#3286,.F.);
#2481=EDGE_CURVE('',#3021,#3021,#3287,.T.);
#2482=EDGE_CURVE('',#3022,#3022,#3288,.F.);
#2483=EDGE_CURVE('',#3023,#3023,#3289,.F.);
#2484=EDGE_CURVE('',#3024,#3024,#3290,.T.);
#2485=EDGE_CURVE('',#3025,#3025,#3291,.F.);
#2486=EDGE_CURVE('',#3026,#3026,#3292,.T.);
#2487=EDGE_CURVE('',#3027,#3027,#3293,.F.);
#2488=EDGE_CURVE('',#3028,#3028,#3294,.F.);
#2489=EDGE_CURVE('',#3029,#3029,#3295,.T.);
#2490=EDGE_CURVE('',#3030,#3030,#3296,.F.);
#2491=EDGE_CURVE('',#3031,#3031,#3297,.F.);
#2492=EDGE_CURVE('',#3032,#3032,#3298,.T.);
#2493=EDGE_CURVE('',#3033,#3033,#3299,.F.);
#2494=EDGE_CURVE('',#3034,#3034,#3300,.F.);
#2495=EDGE_CURVE('',#3035,#3035,#3301,.T.);
#2496=EDGE_CURVE('',#3036,#3036,#3302,.F.);
#2497=EDGE_CURVE('',#3037,#3037,#3303,.F.);
#2498=EDGE_CURVE('',#3038,#3038,#3304,.T.);
#2499=EDGE_CURVE('',#3039,#3039,#3305,.F.);
#2500=EDGE_CURVE('',#3040,#3040,#3306,.F.);
#2501=EDGE_CURVE('',#3041,#3041,#3307,.T.);
#2502=EDGE_CURVE('',#3042,#3042,#3308,.F.);
#2503=EDGE_CURVE('',#3043,#3043,#3309,.F.);
#2504=EDGE_CURVE('',#3044,#3044,#3310,.T.);
#2505=EDGE_CURVE('',#3045,#3045,#3311,.F.);
#2506=EDGE_CURVE('',#3046,#3046,#3312,.F.);
#2507=EDGE_CURVE('',#3047,#3047,#3313,.T.);
#2508=EDGE_CURVE('',#3048,#3048,#3314,.T.);
#2509=EDGE_CURVE('',#3049,#3050,#3315,.T.);
#2510=EDGE_CURVE('',#3050,#3051,#502,.T.);
#2511=EDGE_CURVE('',#3051,#3052,#3316,.T.);
#2512=EDGE_CURVE('',#3052,#3053,#503,.T.);
#2513=EDGE_CURVE('',#3053,#3054,#3317,.T.);
#2514=EDGE_CURVE('',#3054,#3055,#504,.T.);
#2515=EDGE_CURVE('',#3055,#3056,#3318,.T.);
#2516=EDGE_CURVE('',#3056,#3049,#505,.T.);
#2517=EDGE_CURVE('',#3057,#3057,#3319,.T.);
#2518=EDGE_CURVE('',#3058,#3058,#3320,.T.);
#2519=EDGE_CURVE('',#3059,#3060,#506,.F.);
#2520=EDGE_CURVE('',#3060,#3061,#3321,.T.);
#2521=EDGE_CURVE('',#3061,#3062,#507,.F.);
#2522=EDGE_CURVE('',#3062,#3063,#3322,.T.);
#2523=EDGE_CURVE('',#3063,#3064,#508,.F.);
#2524=EDGE_CURVE('',#3064,#3065,#3323,.T.);
#2525=EDGE_CURVE('',#3065,#3066,#509,.F.);
#2526=EDGE_CURVE('',#3066,#3059,#3324,.T.);
#2527=EDGE_CURVE('',#3067,#3068,#510,.T.);
#2528=EDGE_CURVE('',#3067,#3069,#3325,.F.);
#2529=EDGE_CURVE('',#3070,#3069,#511,.T.);
#2530=EDGE_CURVE('',#3070,#3071,#3326,.F.);
#2531=EDGE_CURVE('',#3072,#3071,#512,.T.);
#2532=EDGE_CURVE('',#3072,#3073,#3327,.F.);
#2533=EDGE_CURVE('',#3074,#3073,#513,.T.);
#2534=EDGE_CURVE('',#3074,#3068,#3328,.F.);
#2535=EDGE_CURVE('',#3073,#2762,#514,.T.);
#2536=EDGE_CURVE('',#2761,#3074,#515,.F.);
#2537=EDGE_CURVE('',#2763,#3072,#516,.F.);
#2538=EDGE_CURVE('',#3071,#2764,#517,.T.);
#2539=EDGE_CURVE('',#3069,#2758,#518,.T.);
#2540=EDGE_CURVE('',#2757,#3070,#519,.F.);
#2541=EDGE_CURVE('',#2759,#3067,#520,.F.);
#2542=EDGE_CURVE('',#3068,#2760,#521,.T.);
#2543=EDGE_CURVE('',#3075,#3075,#3329,.F.);
#2544=EDGE_CURVE('',#3076,#3076,#3330,.T.);
#2545=EDGE_CURVE('',#3077,#3077,#3331,.F.);
#2546=EDGE_CURVE('',#3078,#3078,#3332,.T.);
#2547=EDGE_CURVE('',#3079,#3080,#522,.T.);
#2548=EDGE_CURVE('',#3079,#3081,#3333,.F.);
#2549=EDGE_CURVE('',#3081,#3082,#523,.T.);
#2550=EDGE_CURVE('',#3082,#3080,#3334,.F.);
#2551=EDGE_CURVE('',#3083,#3084,#524,.F.);
#2552=EDGE_CURVE('',#3083,#3079,#525,.F.);
#2553=EDGE_CURVE('',#3080,#3084,#526,.T.);
#2554=EDGE_CURVE('',#3085,#3086,#527,.T.);
#2555=EDGE_CURVE('',#3085,#3083,#3335,.F.);
#2556=EDGE_CURVE('',#3084,#3086,#3336,.F.);
#2557=EDGE_CURVE('',#3087,#3088,#528,.T.);
#2558=EDGE_CURVE('',#3087,#3085,#529,.F.);
#2559=EDGE_CURVE('',#3086,#3088,#530,.T.);
#2560=EDGE_CURVE('',#3089,#3090,#531,.T.);
#2561=EDGE_CURVE('',#3089,#3087,#3337,.F.);
#2562=EDGE_CURVE('',#3088,#3090,#3338,.F.);
#2563=EDGE_CURVE('',#3091,#3092,#532,.F.);
#2564=EDGE_CURVE('',#3091,#3089,#533,.F.);
#2565=EDGE_CURVE('',#3090,#3092,#534,.T.);
#2566=EDGE_CURVE('',#3093,#3094,#535,.T.);
#2567=EDGE_CURVE('',#3093,#3091,#3339,.F.);
#2568=EDGE_CURVE('',#3092,#3094,#3340,.F.);
#2569=EDGE_CURVE('',#3095,#3050,#536,.T.);
#2570=EDGE_CURVE('',#3095,#3096,#537,.F.);
#2571=EDGE_CURVE('',#3096,#3051,#538,.F.);
#2572=EDGE_CURVE('',#3097,#3049,#539,.T.);
#2573=EDGE_CURVE('',#3097,#3095,#3341,.T.);
#2574=EDGE_CURVE('',#3098,#3056,#540,.T.);
#2575=EDGE_CURVE('',#3098,#3097,#541,.T.);
#2576=EDGE_CURVE('',#3099,#3055,#542,.F.);
#2577=EDGE_CURVE('',#3099,#3098,#3342,.T.);
#2578=EDGE_CURVE('',#3100,#3054,#543,.T.);
#2579=EDGE_CURVE('',#3100,#3099,#544,.F.);
#2580=EDGE_CURVE('',#3101,#3053,#545,.T.);
#2581=EDGE_CURVE('',#3101,#3100,#3343,.T.);
#2582=EDGE_CURVE('',#3102,#3052,#546,.T.);
#2583=EDGE_CURVE('',#3102,#3101,#547,.T.);
#2584=EDGE_CURVE('',#3096,#3102,#3344,.T.);
#2585=EDGE_CURVE('',#3081,#3093,#548,.F.);
#2586=EDGE_CURVE('',#3094,#3082,#549,.T.);
#2587=EDGE_CURVE('',#3103,#3104,#3345,.F.);
#2588=EDGE_CURVE('',#3104,#3105,#550,.T.);
#2589=EDGE_CURVE('',#3105,#3106,#3346,.F.);
#2590=EDGE_CURVE('',#3106,#3107,#551,.F.);
#2591=EDGE_CURVE('',#3107,#3108,#3347,.F.);
#2592=EDGE_CURVE('',#3108,#3109,#552,.T.);
#2593=EDGE_CURVE('',#3109,#3110,#3348,.F.);
#2594=EDGE_CURVE('',#3110,#3103,#553,.F.);
#2595=EDGE_CURVE('',#3111,#3112,#554,.T.);
#2596=EDGE_CURVE('',#3112,#3113,#3349,.T.);
#2597=EDGE_CURVE('',#3113,#3114,#555,.T.);
#2598=EDGE_CURVE('',#3114,#3115,#3350,.T.);
#2599=EDGE_CURVE('',#3115,#3116,#556,.T.);
#2600=EDGE_CURVE('',#3116,#3117,#3351,.T.);
#2601=EDGE_CURVE('',#3117,#3118,#557,.T.);
#2602=EDGE_CURVE('',#3118,#3111,#3352,.T.);
#2603=EDGE_CURVE('',#3065,#3082,#3353,.T.);
#2604=EDGE_CURVE('',#3080,#3064,#3354,.T.);
#2605=EDGE_CURVE('',#3084,#3063,#3355,.T.);
#2606=EDGE_CURVE('',#3066,#3094,#3356,.T.);
#2607=EDGE_CURVE('',#3086,#3062,#3357,.T.);
#2608=EDGE_CURVE('',#3059,#3092,#3358,.F.);
#2609=EDGE_CURVE('',#3088,#3061,#3359,.T.);
#2610=EDGE_CURVE('',#3060,#3090,#3360,.F.);
#2611=EDGE_CURVE('',#3081,#3116,#3361,.T.);
#2612=EDGE_CURVE('',#3117,#3079,#3362,.T.);
#2613=EDGE_CURVE('',#3118,#3083,#3363,.F.);
#2614=EDGE_CURVE('',#3093,#3115,#3364,.T.);
#2615=EDGE_CURVE('',#3111,#3085,#3365,.T.);
#2616=EDGE_CURVE('',#3091,#3114,#3366,.T.);
#2617=EDGE_CURVE('',#3112,#3087,#3367,.T.);
#2618=EDGE_CURVE('',#3089,#3113,#3368,.F.);
#2619=EDGE_CURVE('',#3109,#3098,#558,.F.);
#2620=EDGE_CURVE('',#3097,#3108,#559,.T.);
#2621=EDGE_CURVE('',#3095,#3107,#560,.T.);
#2622=EDGE_CURVE('',#3110,#3099,#561,.T.);
#2623=EDGE_CURVE('',#3096,#3106,#562,.T.);
#2624=EDGE_CURVE('',#3103,#3100,#563,.T.);
#2625=EDGE_CURVE('',#3102,#3105,#564,.T.);
#2626=EDGE_CURVE('',#3104,#3101,#565,.F.);
#2627=EDGE_CURVE('',#3119,#3119,#3369,.F.);
#2628=EDGE_CURVE('',#3120,#3120,#3370,.F.);
#2629=EDGE_CURVE('',#3121,#3121,#3371,.F.);
#2630=EDGE_CURVE('',#3122,#3122,#3372,.F.);
#2631=EDGE_CURVE('',#3123,#3124,#566,.T.);
#2632=EDGE_CURVE('',#3124,#3125,#567,.F.);
#2633=EDGE_CURVE('',#3126,#3125,#568,.T.);
#2634=EDGE_CURVE('',#3126,#3123,#569,.T.);
#2635=EDGE_CURVE('',#3127,#3128,#570,.F.);
#2636=EDGE_CURVE('',#3128,#3124,#3373,.T.);
#2637=EDGE_CURVE('',#3123,#3127,#3374,.T.);
#2638=EDGE_CURVE('',#3129,#3130,#571,.T.);
#2639=EDGE_CURVE('',#3130,#3128,#572,.F.);
#2640=EDGE_CURVE('',#3127,#3129,#573,.T.);
#2641=EDGE_CURVE('',#3131,#3132,#574,.T.);
#2642=EDGE_CURVE('',#3132,#3130,#3375,.T.);
#2643=EDGE_CURVE('',#3129,#3131,#3376,.T.);
#2644=EDGE_CURVE('',#3133,#3134,#575,.T.);
#2645=EDGE_CURVE('',#3134,#3132,#576,.F.);
#2646=EDGE_CURVE('',#3131,#3133,#577,.T.);
#2647=EDGE_CURVE('',#3135,#3136,#578,.F.);
#2648=EDGE_CURVE('',#3136,#3134,#3377,.T.);
#2649=EDGE_CURVE('',#3133,#3135,#3378,.T.);
#2650=EDGE_CURVE('',#3137,#3138,#579,.T.);
#2651=EDGE_CURVE('',#3138,#3136,#580,.F.);
#2652=EDGE_CURVE('',#3135,#3137,#581,.T.);
#2653=EDGE_CURVE('',#3125,#3138,#3379,.T.);
#2654=EDGE_CURVE('',#3137,#3126,#3380,.T.);
#2655=EDGE_CURVE('',#3139,#3140,#582,.F.);
#2656=EDGE_CURVE('',#3140,#3141,#3381,.F.);
#2657=EDGE_CURVE('',#3141,#3142,#583,.F.);
#2658=EDGE_CURVE('',#3142,#3143,#3382,.F.);
#2659=EDGE_CURVE('',#3143,#3144,#584,.F.);
#2660=EDGE_CURVE('',#3144,#3145,#3383,.F.);
#2661=EDGE_CURVE('',#3145,#3146,#585,.F.);
#2662=EDGE_CURVE('',#3146,#3139,#3384,.F.);
#2663=EDGE_CURVE('',#3147,#3148,#586,.T.);
#2664=EDGE_CURVE('',#3149,#3147,#3385,.T.);
#2665=EDGE_CURVE('',#3150,#3149,#587,.T.);
#2666=EDGE_CURVE('',#3151,#3150,#3386,.T.);
#2667=EDGE_CURVE('',#3152,#3151,#588,.T.);
#2668=EDGE_CURVE('',#3153,#3152,#3387,.T.);
#2669=EDGE_CURVE('',#3154,#3153,#589,.T.);
#2670=EDGE_CURVE('',#3148,#3154,#3388,.T.);
#2671=EDGE_CURVE('',#3155,#3148,#590,.T.);
#2672=EDGE_CURVE('',#3155,#3156,#591,.F.);
#2673=EDGE_CURVE('',#3156,#3147,#592,.T.);
#2674=EDGE_CURVE('',#3157,#3154,#593,.T.);
#2675=EDGE_CURVE('',#3157,#3155,#3389,.F.);
#2676=EDGE_CURVE('',#3158,#3153,#594,.T.);
#2677=EDGE_CURVE('',#3158,#3157,#595,.F.);
#2678=EDGE_CURVE('',#3159,#3152,#596,.T.);
#2679=EDGE_CURVE('',#3159,#3158,#3390,.F.);
#2680=EDGE_CURVE('',#3160,#3151,#597,.T.);
#2681=EDGE_CURVE('',#3160,#3159,#598,.F.);
#2682=EDGE_CURVE('',#3161,#3150,#599,.T.);
#2683=EDGE_CURVE('',#3161,#3160,#3391,.F.);
#2684=EDGE_CURVE('',#3162,#3149,#600,.T.);
#2685=EDGE_CURVE('',#3162,#3161,#601,.F.);
#2686=EDGE_CURVE('',#3156,#3162,#3392,.F.);
#2687=EDGE_CURVE('',#3163,#3164,#602,.T.);
#2688=EDGE_CURVE('',#3164,#3165,#3393,.T.);
#2689=EDGE_CURVE('',#3165,#3166,#603,.T.);
#2690=EDGE_CURVE('',#3166,#3167,#3394,.T.);
#2691=EDGE_CURVE('',#3167,#3168,#604,.T.);
#2692=EDGE_CURVE('',#3168,#3169,#3395,.T.);
#2693=EDGE_CURVE('',#3169,#3170,#605,.T.);
#2694=EDGE_CURVE('',#3170,#3163,#3396,.T.);
#2695=EDGE_CURVE('',#3171,#3171,#3397,.T.);
#2696=EDGE_CURVE('',#3172,#3172,#3398,.T.);
#2697=EDGE_CURVE('',#3173,#3174,#3399,.T.);
#2698=EDGE_CURVE('',#3174,#2996,#606,.F.);
#2699=EDGE_CURVE('',#2995,#3173,#607,.F.);
#2700=EDGE_CURVE('',#3175,#3176,#608,.T.);
#2701=EDGE_CURVE('',#3176,#3174,#207,.T.);
#2702=EDGE_CURVE('',#3173,#3177,#208,.T.);
#2703=EDGE_CURVE('',#3178,#3177,#609,.T.);
#2704=EDGE_CURVE('',#3178,#3179,#209,.T.);
#2705=EDGE_CURVE('',#3180,#3179,#3400,.T.);
#2706=EDGE_CURVE('',#3180,#3175,#210,.T.);
#2707=EDGE_CURVE('',#3181,#3182,#3401,.T.);
#2708=EDGE_CURVE('',#3182,#3003,#610,.T.);
#2709=EDGE_CURVE('',#3002,#3181,#611,.T.);
#2710=EDGE_CURVE('',#3183,#3184,#612,.T.);
#2711=EDGE_CURVE('',#3184,#3182,#211,.T.);
#2712=EDGE_CURVE('',#3181,#3185,#212,.T.);
#2713=EDGE_CURVE('',#3186,#3185,#613,.T.);
#2714=EDGE_CURVE('',#3186,#3187,#213,.T.);
#2715=EDGE_CURVE('',#3187,#3188,#3402,.T.);
#2716=EDGE_CURVE('',#3188,#3183,#214,.T.);
#2717=EDGE_CURVE('',#3187,#3188,#614,.F.);
#2718=EDGE_CURVE('',#3004,#3184,#615,.F.);
#2719=EDGE_CURVE('',#3183,#3005,#616,.T.);
#2720=EDGE_CURVE('',#3185,#3007,#617,.F.);
#2721=EDGE_CURVE('',#3006,#3186,#618,.T.);
#2722=EDGE_CURVE('',#3179,#3180,#619,.T.);
#2723=EDGE_CURVE('',#2997,#3176,#620,.T.);
#2724=EDGE_CURVE('',#3175,#2998,#621,.T.);
#2725=EDGE_CURVE('',#3177,#3000,#622,.T.);
#2726=EDGE_CURVE('',#2999,#3178,#623,.F.);
#2727=EDGE_CURVE('',#3145,#3137,#3403,.T.);
#2728=EDGE_CURVE('',#3126,#3144,#3404,.T.);
#2729=EDGE_CURVE('',#3123,#3143,#3405,.T.);
#2730=EDGE_CURVE('',#3146,#3135,#3406,.T.);
#2731=EDGE_CURVE('',#3127,#3142,#3407,.T.);
#2732=EDGE_CURVE('',#3139,#3133,#3408,.T.);
#2733=EDGE_CURVE('',#3129,#3141,#3409,.T.);
#2734=EDGE_CURVE('',#3140,#3131,#3410,.T.);
#2735=EDGE_CURVE('',#3138,#2770,#3411,.T.);
#2736=EDGE_CURVE('',#2771,#3125,#3412,.T.);
#2737=EDGE_CURVE('',#2772,#3124,#3413,.T.);
#2738=EDGE_CURVE('',#3136,#2769,#3414,.T.);
#2739=EDGE_CURVE('',#2765,#3128,#3415,.T.);
#2740=EDGE_CURVE('',#3134,#2768,#3416,.T.);
#2741=EDGE_CURVE('',#2766,#3130,#3417,.T.);
#2742=EDGE_CURVE('',#3132,#2767,#3418,.T.);
#2743=EDGE_CURVE('',#3191,#3191,#3419,.F.);
#2744=EDGE_CURVE('',#3192,#3192,#3420,.T.);
#2745=EDGE_CURVE('',#3193,#3193,#3421,.F.);
#2746=EDGE_CURVE('',#3194,#3194,#3422,.F.);
#2747=EDGE_CURVE('',#3160,#3168,#3423,.T.);
#2748=EDGE_CURVE('',#3169,#3161,#3424,.T.);
#2749=EDGE_CURVE('',#3170,#3162,#3425,.T.);
#2750=EDGE_CURVE('',#3159,#3167,#3426,.T.);
#2751=EDGE_CURVE('',#3163,#3156,#3427,.T.);
#2752=EDGE_CURVE('',#3158,#3166,#3428,.T.);
#2753=EDGE_CURVE('',#3164,#3155,#3429,.T.);
#2754=EDGE_CURVE('',#3157,#3165,#3430,.T.);
#2755=VERTEX_POINT('',#8639);
#2756=VERTEX_POINT('',#8641);
#2757=VERTEX_POINT('',#8643);
#2758=VERTEX_POINT('',#8644);
#2759=VERTEX_POINT('',#8646);
#2760=VERTEX_POINT('',#8648);
#2761=VERTEX_POINT('',#8650);
#2762=VERTEX_POINT('',#8652);
#2763=VERTEX_POINT('',#8654);
#2764=VERTEX_POINT('',#8656);
#2765=VERTEX_POINT('',#8659);
#2766=VERTEX_POINT('',#8660);
#2767=VERTEX_POINT('',#8662);
#2768=VERTEX_POINT('',#8664);
#2769=VERTEX_POINT('',#8666);
#2770=VERTEX_POINT('',#8668);
#2771=VERTEX_POINT('',#8670);
#2772=VERTEX_POINT('',#8672);
#2773=VERTEX_POINT('',#8676);
#2774=VERTEX_POINT('',#8677);
#2775=VERTEX_POINT('',#8679);
#2776=VERTEX_POINT('',#8681);
#2777=VERTEX_POINT('',#8685);
#2778=VERTEX_POINT('',#8687);
#2779=VERTEX_POINT('',#8688);
#2780=VERTEX_POINT('',#8693);
#2781=VERTEX_POINT('',#8695);
#2782=VERTEX_POINT('',#8712);
#2783=VERTEX_POINT('',#8718);
#2784=VERTEX_POINT('',#8727);
#2785=VERTEX_POINT('',#8728);
#2786=VERTEX_POINT('',#8730);
#2787=VERTEX_POINT('',#8740);
#2788=VERTEX_POINT('',#8749);
#2789=VERTEX_POINT('',#8752);
#2790=VERTEX_POINT('',#8758);
#2791=VERTEX_POINT('',#8759);
#2792=VERTEX_POINT('',#8761);
#2793=VERTEX_POINT('',#8763);
#2794=VERTEX_POINT('',#8767);
#2795=VERTEX_POINT('',#8769);
#2796=VERTEX_POINT('',#8770);
#2797=VERTEX_POINT('',#8775);
#2798=VERTEX_POINT('',#8777);
#2799=VERTEX_POINT('',#8794);
#2800=VERTEX_POINT('',#8800);
#2801=VERTEX_POINT('',#8809);
#2802=VERTEX_POINT('',#8810);
#2803=VERTEX_POINT('',#8812);
#2804=VERTEX_POINT('',#8822);
#2805=VERTEX_POINT('',#8831);
#2806=VERTEX_POINT('',#8834);
#2807=VERTEX_POINT('',#8840);
#2808=VERTEX_POINT('',#8841);
#2809=VERTEX_POINT('',#8843);
#2810=VERTEX_POINT('',#8845);
#2811=VERTEX_POINT('',#8849);
#2812=VERTEX_POINT('',#8851);
#2813=VERTEX_POINT('',#8852);
#2814=VERTEX_POINT('',#8857);
#2815=VERTEX_POINT('',#8859);
#2816=VERTEX_POINT('',#8876);
#2817=VERTEX_POINT('',#8882);
#2818=VERTEX_POINT('',#8891);
#2819=VERTEX_POINT('',#8892);
#2820=VERTEX_POINT('',#8894);
#2821=VERTEX_POINT('',#8904);
#2822=VERTEX_POINT('',#8913);
#2823=VERTEX_POINT('',#8916);
#2824=VERTEX_POINT('',#8922);
#2825=VERTEX_POINT('',#8923);
#2826=VERTEX_POINT('',#8925);
#2827=VERTEX_POINT('',#8927);
#2828=VERTEX_POINT('',#8931);
#2829=VERTEX_POINT('',#8933);
#2830=VERTEX_POINT('',#8934);
#2831=VERTEX_POINT('',#8939);
#2832=VERTEX_POINT('',#8941);
#2833=VERTEX_POINT('',#8958);
#2834=VERTEX_POINT('',#8964);
#2835=VERTEX_POINT('',#8973);
#2836=VERTEX_POINT('',#8974);
#2837=VERTEX_POINT('',#8976);
#2838=VERTEX_POINT('',#8986);
#2839=VERTEX_POINT('',#8995);
#2840=VERTEX_POINT('',#8998);
#2841=VERTEX_POINT('',#9004);
#2842=VERTEX_POINT('',#9005);
#2843=VERTEX_POINT('',#9007);
#2844=VERTEX_POINT('',#9009);
#2845=VERTEX_POINT('',#9013);
#2846=VERTEX_POINT('',#9015);
#2847=VERTEX_POINT('',#9016);
#2848=VERTEX_POINT('',#9021);
#2849=VERTEX_POINT('',#9023);
#2850=VERTEX_POINT('',#9040);
#2851=VERTEX_POINT('',#9046);
#2852=VERTEX_POINT('',#9055);
#2853=VERTEX_POINT('',#9056);
#2854=VERTEX_POINT('',#9058);
#2855=VERTEX_POINT('',#9068);
#2856=VERTEX_POINT('',#9077);
#2857=VERTEX_POINT('',#9080);
#2858=VERTEX_POINT('',#9086);
#2859=VERTEX_POINT('',#9087);
#2860=VERTEX_POINT('',#9089);
#2861=VERTEX_POINT('',#9091);
#2862=VERTEX_POINT('',#9095);
#2863=VERTEX_POINT('',#9097);
#2864=VERTEX_POINT('',#9098);
#2865=VERTEX_POINT('',#9103);
#2866=VERTEX_POINT('',#9105);
#2867=VERTEX_POINT('',#9122);
#2868=VERTEX_POINT('',#9128);
#2869=VERTEX_POINT('',#9137);
#2870=VERTEX_POINT('',#9138);
#2871=VERTEX_POINT('',#9140);
#2872=VERTEX_POINT('',#9150);
#2873=VERTEX_POINT('',#9159);
#2874=VERTEX_POINT('',#9162);
#2875=VERTEX_POINT('',#9171);
#2876=VERTEX_POINT('',#9172);
#2877=VERTEX_POINT('',#9174);
#2878=VERTEX_POINT('',#9179);
#2879=VERTEX_POINT('',#9183);
#2880=VERTEX_POINT('',#9185);
#2881=VERTEX_POINT('',#9194);
#2882=VERTEX_POINT('',#9195);
#2883=VERTEX_POINT('',#9197);
#2884=VERTEX_POINT('',#9209);
#2885=VERTEX_POINT('',#9211);
#2886=VERTEX_POINT('',#9218);
#2887=VERTEX_POINT('',#9222);
#2888=VERTEX_POINT('',#9225);
#2889=VERTEX_POINT('',#9238);
#2890=VERTEX_POINT('',#9241);
#2891=VERTEX_POINT('',#9245);
#2892=VERTEX_POINT('',#9253);
#2893=VERTEX_POINT('',#9254);
#2894=VERTEX_POINT('',#9256);
#2895=VERTEX_POINT('',#9261);
#2896=VERTEX_POINT('',#9265);
#2897=VERTEX_POINT('',#9267);
#2898=VERTEX_POINT('',#9276);
#2899=VERTEX_POINT('',#9277);
#2900=VERTEX_POINT('',#9279);
#2901=VERTEX_POINT('',#9291);
#2902=VERTEX_POINT('',#9293);
#2903=VERTEX_POINT('',#9300);
#2904=VERTEX_POINT('',#9304);
#2905=VERTEX_POINT('',#9307);
#2906=VERTEX_POINT('',#9320);
#2907=VERTEX_POINT('',#9323);
#2908=VERTEX_POINT('',#9327);
#2909=VERTEX_POINT('',#9335);
#2910=VERTEX_POINT('',#9336);
#2911=VERTEX_POINT('',#9338);
#2912=VERTEX_POINT('',#9343);
#2913=VERTEX_POINT('',#9347);
#2914=VERTEX_POINT('',#9349);
#2915=VERTEX_POINT('',#9358);
#2916=VERTEX_POINT('',#9359);
#2917=VERTEX_POINT('',#9361);
#2918=VERTEX_POINT('',#9373);
#2919=VERTEX_POINT('',#9375);
#2920=VERTEX_POINT('',#9382);
#2921=VERTEX_POINT('',#9386);
#2922=VERTEX_POINT('',#9389);
#2923=VERTEX_POINT('',#9402);
#2924=VERTEX_POINT('',#9405);
#2925=VERTEX_POINT('',#9409);
#2926=VERTEX_POINT('',#9417);
#2927=VERTEX_POINT('',#9418);
#2928=VERTEX_POINT('',#9420);
#2929=VERTEX_POINT('',#9425);
#2930=VERTEX_POINT('',#9429);
#2931=VERTEX_POINT('',#9431);
#2932=VERTEX_POINT('',#9440);
#2933=VERTEX_POINT('',#9441);
#2934=VERTEX_POINT('',#9443);
#2935=VERTEX_POINT('',#9455);
#2936=VERTEX_POINT('',#9457);
#2937=VERTEX_POINT('',#9464);
#2938=VERTEX_POINT('',#9468);
#2939=VERTEX_POINT('',#9471);
#2940=VERTEX_POINT('',#9484);
#2941=VERTEX_POINT('',#9487);
#2942=VERTEX_POINT('',#9491);
#2943=VERTEX_POINT('',#9499);
#2944=VERTEX_POINT('',#9500);
#2945=VERTEX_POINT('',#9502);
#2946=VERTEX_POINT('',#9507);
#2947=VERTEX_POINT('',#9511);
#2948=VERTEX_POINT('',#9513);
#2949=VERTEX_POINT('',#9522);
#2950=VERTEX_POINT('',#9523);
#2951=VERTEX_POINT('',#9525);
#2952=VERTEX_POINT('',#9537);
#2953=VERTEX_POINT('',#9539);
#2954=VERTEX_POINT('',#9546);
#2955=VERTEX_POINT('',#9550);
#2956=VERTEX_POINT('',#9553);
#2957=VERTEX_POINT('',#9566);
#2958=VERTEX_POINT('',#9569);
#2959=VERTEX_POINT('',#9573);
#2960=VERTEX_POINT('',#9581);
#2961=VERTEX_POINT('',#9582);
#2962=VERTEX_POINT('',#9584);
#2963=VERTEX_POINT('',#9589);
#2964=VERTEX_POINT('',#9593);
#2965=VERTEX_POINT('',#9595);
#2966=VERTEX_POINT('',#9604);
#2967=VERTEX_POINT('',#9605);
#2968=VERTEX_POINT('',#9607);
#2969=VERTEX_POINT('',#9619);
#2970=VERTEX_POINT('',#9621);
#2971=VERTEX_POINT('',#9628);
#2972=VERTEX_POINT('',#9632);
#2973=VERTEX_POINT('',#9635);
#2974=VERTEX_POINT('',#9648);
#2975=VERTEX_POINT('',#9651);
#2976=VERTEX_POINT('',#9655);
#2977=VERTEX_POINT('',#9663);
#2978=VERTEX_POINT('',#9664);
#2979=VERTEX_POINT('',#9666);
#2980=VERTEX_POINT('',#9671);
#2981=VERTEX_POINT('',#9675);
#2982=VERTEX_POINT('',#9677);
#2983=VERTEX_POINT('',#9686);
#2984=VERTEX_POINT('',#9687);
#2985=VERTEX_POINT('',#9689);
#2986=VERTEX_POINT('',#9701);
#2987=VERTEX_POINT('',#9703);
#2988=VERTEX_POINT('',#9710);
#2989=VERTEX_POINT('',#9714);
#2990=VERTEX_POINT('',#9717);
#2991=VERTEX_POINT('',#9730);
#2992=VERTEX_POINT('',#9733);
#2993=VERTEX_POINT('',#9737);
#2994=VERTEX_POINT('',#9742);
#2995=VERTEX_POINT('',#9744);
#2996=VERTEX_POINT('',#9745);
#2997=VERTEX_POINT('',#9750);
#2998=VERTEX_POINT('',#9752);
#2999=VERTEX_POINT('',#9764);
#3000=VERTEX_POINT('',#9766);
#3001=VERTEX_POINT('',#9773);
#3002=VERTEX_POINT('',#9775);
#3003=VERTEX_POINT('',#9776);
#3004=VERTEX_POINT('',#9781);
#3005=VERTEX_POINT('',#9783);
#3006=VERTEX_POINT('',#9795);
#3007=VERTEX_POINT('',#9797);
#3008=VERTEX_POINT('',#9804);
#3009=VERTEX_POINT('',#9806);
#3010=VERTEX_POINT('',#9809);
#3011=VERTEX_POINT('',#9813);
#3012=VERTEX_POINT('',#9815);
#3013=VERTEX_POINT('',#9818);
#3014=VERTEX_POINT('',#9822);
#3015=VERTEX_POINT('',#9824);
#3016=VERTEX_POINT('',#9827);
#3017=VERTEX_POINT('',#9831);
#3018=VERTEX_POINT('',#9833);
#3019=VERTEX_POINT('',#9836);
#3020=VERTEX_POINT('',#9840);
#3021=VERTEX_POINT('',#9842);
#3022=VERTEX_POINT('',#9845);
#3023=VERTEX_POINT('',#9849);
#3024=VERTEX_POINT('',#9851);
#3025=VERTEX_POINT('',#9854);
#3026=VERTEX_POINT('',#9858);
#3027=VERTEX_POINT('',#9860);
#3028=VERTEX_POINT('',#9863);
#3029=VERTEX_POINT('',#9867);
#3030=VERTEX_POINT('',#9869);
#3031=VERTEX_POINT('',#9872);
#3032=VERTEX_POINT('',#9876);
#3033=VERTEX_POINT('',#9878);
#3034=VERTEX_POINT('',#9881);
#3035=VERTEX_POINT('',#9885);
#3036=VERTEX_POINT('',#9887);
#3037=VERTEX_POINT('',#9890);
#3038=VERTEX_POINT('',#9894);
#3039=VERTEX_POINT('',#9896);
#3040=VERTEX_POINT('',#9899);
#3041=VERTEX_POINT('',#9903);
#3042=VERTEX_POINT('',#9905);
#3043=VERTEX_POINT('',#9908);
#3044=VERTEX_POINT('',#9912);
#3045=VERTEX_POINT('',#9914);
#3046=VERTEX_POINT('',#9917);
#3047=VERTEX_POINT('',#9921);
#3048=VERTEX_POINT('',#9923);
#3049=VERTEX_POINT('',#9925);
#3050=VERTEX_POINT('',#9926);
#3051=VERTEX_POINT('',#9928);
#3052=VERTEX_POINT('',#9930);
#3053=VERTEX_POINT('',#9932);
#3054=VERTEX_POINT('',#9934);
#3055=VERTEX_POINT('',#9936);
#3056=VERTEX_POINT('',#9938);
#3057=VERTEX_POINT('',#9942);
#3058=VERTEX_POINT('',#9944);
#3059=VERTEX_POINT('',#9946);
#3060=VERTEX_POINT('',#9947);
#3061=VERTEX_POINT('',#9949);
#3062=VERTEX_POINT('',#9951);
#3063=VERTEX_POINT('',#9953);
#3064=VERTEX_POINT('',#9955);
#3065=VERTEX_POINT('',#9957);
#3066=VERTEX_POINT('',#9959);
#3067=VERTEX_POINT('',#9962);
#3068=VERTEX_POINT('',#9963);
#3069=VERTEX_POINT('',#9965);
#3070=VERTEX_POINT('',#9967);
#3071=VERTEX_POINT('',#9969);
#3072=VERTEX_POINT('',#9971);
#3073=VERTEX_POINT('',#9973);
#3074=VERTEX_POINT('',#9975);
#3075=VERTEX_POINT('',#9991);
#3076=VERTEX_POINT('',#9993);
#3077=VERTEX_POINT('',#9996);
#3078=VERTEX_POINT('',#9998);
#3079=VERTEX_POINT('',#10001);
#3080=VERTEX_POINT('',#10002);
#3081=VERTEX_POINT('',#10004);
#3082=VERTEX_POINT('',#10006);
#3083=VERTEX_POINT('',#10010);
#3084=VERTEX_POINT('',#10011);
#3085=VERTEX_POINT('',#10016);
#3086=VERTEX_POINT('',#10017);
#3087=VERTEX_POINT('',#10022);
#3088=VERTEX_POINT('',#10023);
#3089=VERTEX_POINT('',#10028);
#3090=VERTEX_POINT('',#10029);
#3091=VERTEX_POINT('',#10034);
#3092=VERTEX_POINT('',#10035);
#3093=VERTEX_POINT('',#10040);
#3094=VERTEX_POINT('',#10041);
#3095=VERTEX_POINT('',#10046);
#3096=VERTEX_POINT('',#10048);
#3097=VERTEX_POINT('',#10052);
#3098=VERTEX_POINT('',#10056);
#3099=VERTEX_POINT('',#10060);
#3100=VERTEX_POINT('',#10064);
#3101=VERTEX_POINT('',#10068);
#3102=VERTEX_POINT('',#10072);
#3103=VERTEX_POINT('',#10081);
#3104=VERTEX_POINT('',#10082);
#3105=VERTEX_POINT('',#10084);
#3106=VERTEX_POINT('',#10086);
#3107=VERTEX_POINT('',#10088);
#3108=VERTEX_POINT('',#10090);
#3109=VERTEX_POINT('',#10092);
#3110=VERTEX_POINT('',#10094);
#3111=VERTEX_POINT('',#10097);
#3112=VERTEX_POINT('',#10098);
#3113=VERTEX_POINT('',#10100);
#3114=VERTEX_POINT('',#10102);
#3115=VERTEX_POINT('',#10104);
#3116=VERTEX_POINT('',#10106);
#3117=VERTEX_POINT('',#10108);
#3118=VERTEX_POINT('',#10110);
#3119=VERTEX_POINT('',#10166);
#3120=VERTEX_POINT('',#10168);
#3121=VERTEX_POINT('',#10171);
#3122=VERTEX_POINT('',#10173);
#3123=VERTEX_POINT('',#10180);
#3124=VERTEX_POINT('',#10181);
#3125=VERTEX_POINT('',#10183);
#3126=VERTEX_POINT('',#10185);
#3127=VERTEX_POINT('',#10189);
#3128=VERTEX_POINT('',#10190);
#3129=VERTEX_POINT('',#10195);
#3130=VERTEX_POINT('',#10196);
#3131=VERTEX_POINT('',#10201);
#3132=VERTEX_POINT('',#10202);
#3133=VERTEX_POINT('',#10207);
#3134=VERTEX_POINT('',#10208);
#3135=VERTEX_POINT('',#10213);
#3136=VERTEX_POINT('',#10214);
#3137=VERTEX_POINT('',#10219);
#3138=VERTEX_POINT('',#10220);
#3139=VERTEX_POINT('',#10228);
#3140=VERTEX_POINT('',#10229);
#3141=VERTEX_POINT('',#10231);
#3142=VERTEX_POINT('',#10233);
#3143=VERTEX_POINT('',#10235);
#3144=VERTEX_POINT('',#10237);
#3145=VERTEX_POINT('',#10239);
#3146=VERTEX_POINT('',#10241);
#3147=VERTEX_POINT('',#10244);
#3148=VERTEX_POINT('',#10245);
#3149=VERTEX_POINT('',#10247);
#3150=VERTEX_POINT('',#10249);
#3151=VERTEX_POINT('',#10251);
#3152=VERTEX_POINT('',#10253);
#3153=VERTEX_POINT('',#10255);
#3154=VERTEX_POINT('',#10257);
#3155=VERTEX_POINT('',#10261);
#3156=VERTEX_POINT('',#10263);
#3157=VERTEX_POINT('',#10267);
#3158=VERTEX_POINT('',#10271);
#3159=VERTEX_POINT('',#10275);
#3160=VERTEX_POINT('',#10279);
#3161=VERTEX_POINT('',#10283);
#3162=VERTEX_POINT('',#10287);
#3163=VERTEX_POINT('',#10293);
#3164=VERTEX_POINT('',#10294);
#3165=VERTEX_POINT('',#10296);
#3166=VERTEX_POINT('',#10298);
#3167=VERTEX_POINT('',#10300);
#3168=VERTEX_POINT('',#10302);
#3169=VERTEX_POINT('',#10304);
#3170=VERTEX_POINT('',#10306);
#3171=VERTEX_POINT('',#10309);
#3172=VERTEX_POINT('',#10311);
#3173=VERTEX_POINT('',#10314);
#3174=VERTEX_POINT('',#10315);
#3175=VERTEX_POINT('',#10320);
#3176=VERTEX_POINT('',#10321);
#3177=VERTEX_POINT('',#10330);
#3178=VERTEX_POINT('',#10332);
#3179=VERTEX_POINT('',#10339);
#3180=VERTEX_POINT('',#10341);
#3181=VERTEX_POINT('',#10350);
#3182=VERTEX_POINT('',#10351);
#3183=VERTEX_POINT('',#10356);
#3184=VERTEX_POINT('',#10357);
#3185=VERTEX_POINT('',#10366);
#3186=VERTEX_POINT('',#10368);
#3187=VERTEX_POINT('',#10375);
#3188=VERTEX_POINT('',#10377);
#3189=VERTEX_POINT('',#10407);
#3190=VERTEX_POINT('',#10409);
#3191=VERTEX_POINT('',#10444);
#3192=VERTEX_POINT('',#10447);
#3193=VERTEX_POINT('',#10450);
#3194=VERTEX_POINT('',#10453);
#3195=CIRCLE('',#6753,2.19641016151378);
#3196=CIRCLE('',#6754,2.19641016151378);
#3197=CIRCLE('',#6755,1.5);
#3198=CIRCLE('',#6756,1.5);
#3199=CIRCLE('',#6757,1.5);
#3200=CIRCLE('',#6758,1.5);
#3201=CIRCLE('',#6759,1.85);
#3202=CIRCLE('',#6760,1.85);
#3203=CIRCLE('',#6761,1.85);
#3204=CIRCLE('',#6762,1.85);
#3205=CIRCLE('',#6765,0.55);
#3206=CIRCLE('',#6766,0.55);
#3207=CIRCLE('',#6772,0.8);
#3208=CIRCLE('',#6774,0.8);
#3209=CIRCLE('',#6775,0.8);
#3210=CIRCLE('',#6780,0.55);
#3211=CIRCLE('',#6781,0.55);
#3212=CIRCLE('',#6787,0.8);
#3213=CIRCLE('',#6789,0.8);
#3214=CIRCLE('',#6790,0.8);
#3215=CIRCLE('',#6795,0.55);
#3216=CIRCLE('',#6796,0.55);
#3217=CIRCLE('',#6802,0.8);
#3218=CIRCLE('',#6804,0.8);
#3219=CIRCLE('',#6805,0.8);
#3220=CIRCLE('',#6810,0.55);
#3221=CIRCLE('',#6811,0.55);
#3222=CIRCLE('',#6817,0.8);
#3223=CIRCLE('',#6819,0.8);
#3224=CIRCLE('',#6820,0.8);
#3225=CIRCLE('',#6825,0.55);
#3226=CIRCLE('',#6826,0.55);
#3227=CIRCLE('',#6832,0.8);
#3228=CIRCLE('',#6834,0.8);
#3229=CIRCLE('',#6835,0.8);
#3230=CIRCLE('',#6840,0.55);
#3231=CIRCLE('',#6841,0.55);
#3232=CIRCLE('',#6847,0.8);
#3233=CIRCLE('',#6849,0.8);
#3234=CIRCLE('',#6850,0.8);
#3235=CIRCLE('',#6855,0.8);
#3236=CIRCLE('',#6856,0.55);
#3237=CIRCLE('',#6859,0.55);
#3238=CIRCLE('',#6861,0.8);
#3239=CIRCLE('',#6863,0.8);
#3240=CIRCLE('',#6870,0.8);
#3241=CIRCLE('',#6871,0.55);
#3242=CIRCLE('',#6874,0.55);
#3243=CIRCLE('',#6876,0.8);
#3244=CIRCLE('',#6878,0.8);
#3245=CIRCLE('',#6885,0.8);
#3246=CIRCLE('',#6886,0.55);
#3247=CIRCLE('',#6889,0.55);
#3248=CIRCLE('',#6891,0.8);
#3249=CIRCLE('',#6893,0.8);
#3250=CIRCLE('',#6900,0.8);
#3251=CIRCLE('',#6901,0.55);
#3252=CIRCLE('',#6904,0.55);
#3253=CIRCLE('',#6906,0.8);
#3254=CIRCLE('',#6908,0.8);
#3255=CIRCLE('',#6915,0.8);
#3256=CIRCLE('',#6916,0.55);
#3257=CIRCLE('',#6919,0.55);
#3258=CIRCLE('',#6921,0.8);
#3259=CIRCLE('',#6923,0.8);
#3260=CIRCLE('',#6930,0.8);
#3261=CIRCLE('',#6931,0.55);
#3262=CIRCLE('',#6934,0.55);
#3263=CIRCLE('',#6936,0.8);
#3264=CIRCLE('',#6938,0.8);
#3265=CIRCLE('',#6945,0.8);
#3266=CIRCLE('',#6946,0.55);
#3267=CIRCLE('',#6949,0.55);
#3268=CIRCLE('',#6951,0.8);
#3269=CIRCLE('',#6953,0.8);
#3270=CIRCLE('',#6959,0.55);
#3271=CIRCLE('',#6960,0.55);
#3272=CIRCLE('',#6962,0.55);
#3273=CIRCLE('',#6963,0.55);
#3274=CIRCLE('',#6965,0.55);
#3275=CIRCLE('',#6966,0.75);
#3276=CIRCLE('',#6968,0.55);
#3277=CIRCLE('',#6971,0.55);
#3278=CIRCLE('',#6972,0.75);
#3279=CIRCLE('',#6974,0.55);
#3280=CIRCLE('',#6977,0.55);
#3281=CIRCLE('',#6978,0.75);
#3282=CIRCLE('',#6980,0.55);
#3283=CIRCLE('',#6983,0.55);
#3284=CIRCLE('',#6984,0.75);
#3285=CIRCLE('',#6986,0.55);
#3286=CIRCLE('',#6989,0.55);
#3287=CIRCLE('',#6990,0.75);
#3288=CIRCLE('',#6992,0.55);
#3289=CIRCLE('',#6995,0.55);
#3290=CIRCLE('',#6996,0.75);
#3291=CIRCLE('',#6998,0.55);
#3292=CIRCLE('',#7001,0.75);
#3293=CIRCLE('',#7002,0.55);
#3294=CIRCLE('',#7004,0.55);
#3295=CIRCLE('',#7007,0.75);
#3296=CIRCLE('',#7008,0.55);
#3297=CIRCLE('',#7010,0.55);
#3298=CIRCLE('',#7013,0.75);
#3299=CIRCLE('',#7014,0.55);
#3300=CIRCLE('',#7016,0.55);
#3301=CIRCLE('',#7019,0.75);
#3302=CIRCLE('',#7020,0.55);
#3303=CIRCLE('',#7022,0.55);
#3304=CIRCLE('',#7025,0.75);
#3305=CIRCLE('',#7026,0.55);
#3306=CIRCLE('',#7028,0.55);
#3307=CIRCLE('',#7031,0.75);
#3308=CIRCLE('',#7032,0.55);
#3309=CIRCLE('',#7034,0.55);
#3310=CIRCLE('',#7037,0.75);
#3311=CIRCLE('',#7038,0.55);
#3312=CIRCLE('',#7040,0.55);
#3313=CIRCLE('',#7043,0.75);
#3314=CIRCLE('',#7044,0.75);
#3315=CIRCLE('',#7045,1.);
#3316=CIRCLE('',#7046,1.);
#3317=CIRCLE('',#7047,1.);
#3318=CIRCLE('',#7048,1.);
#3319=CIRCLE('',#7050,1.65);
#3320=CIRCLE('',#7051,1.65);
#3321=CIRCLE('',#7052,2.);
#3322=CIRCLE('',#7053,2.);
#3323=CIRCLE('',#7054,2.);
#3324=CIRCLE('',#7055,2.);
#3325=CIRCLE('',#7056,1.5);
#3326=CIRCLE('',#7057,1.5);
#3327=CIRCLE('',#7058,1.5);
#3328=CIRCLE('',#7059,1.5);
#3329=CIRCLE('',#7065,1.55);
#3330=CIRCLE('',#7066,1.55);
#3331=CIRCLE('',#7068,1.55);
#3332=CIRCLE('',#7069,1.55);
#3333=CIRCLE('',#7071,1.5);
#3334=CIRCLE('',#7072,1.5);
#3335=CIRCLE('',#7075,1.5);
#3336=CIRCLE('',#7076,1.5);
#3337=CIRCLE('',#7079,1.5);
#3338=CIRCLE('',#7080,1.5);
#3339=CIRCLE('',#7083,1.5);
#3340=CIRCLE('',#7084,1.5);
#3341=CIRCLE('',#7087,1.);
#3342=CIRCLE('',#7090,1.);
#3343=CIRCLE('',#7093,1.);
#3344=CIRCLE('',#7096,1.);
#3345=CIRCLE('',#7099,1.0762);
#3346=CIRCLE('',#7100,1.0762);
#3347=CIRCLE('',#7101,1.0762);
#3348=CIRCLE('',#7102,1.0762);
#3349=CIRCLE('',#7103,1.1);
#3350=CIRCLE('',#7104,1.1);
#3351=CIRCLE('',#7105,1.1);
#3352=CIRCLE('',#7106,1.1);
#3353=CIRCLE('',#7108,0.499999999999998);
#3354=CIRCLE('',#7109,0.499999999999998);
#3355=CIRCLE('',#7111,0.499999999999998);
#3356=CIRCLE('',#7113,0.499999999999998);
#3357=CIRCLE('',#7115,0.499999999999998);
#3358=CIRCLE('',#7117,0.499999999999998);
#3359=CIRCLE('',#7119,0.499999999999998);
#3360=CIRCLE('',#7121,0.499999999999998);
#3361=CIRCLE('',#7124,0.399999999999997);
#3362=CIRCLE('',#7125,0.399999999999997);
#3363=CIRCLE('',#7127,0.399999999999997);
#3364=CIRCLE('',#7129,0.399999999999997);
#3365=CIRCLE('',#7131,0.399999999999997);
#3366=CIRCLE('',#7133,0.399999999999997);
#3367=CIRCLE('',#7135,0.399999999999997);
#3368=CIRCLE('',#7137,0.399999999999997);
#3369=CIRCLE('',#7152,0.55);
#3370=CIRCLE('',#7153,0.55);
#3371=CIRCLE('',#7155,0.55);
#3372=CIRCLE('',#7156,0.55);
#3373=CIRCLE('',#7163,1.5);
#3374=CIRCLE('',#7164,1.5);
#3375=CIRCLE('',#7167,1.5);
#3376=CIRCLE('',#7168,1.5);
#3377=CIRCLE('',#7171,1.5);
#3378=CIRCLE('',#7172,1.5);
#3379=CIRCLE('',#7175,1.5);
#3380=CIRCLE('',#7176,1.5);
#3381=CIRCLE('',#7178,0.5);
#3382=CIRCLE('',#7179,0.5);
#3383=CIRCLE('',#7180,0.5);
#3384=CIRCLE('',#7181,0.5);
#3385=CIRCLE('',#7182,1.5);
#3386=CIRCLE('',#7183,1.5);
#3387=CIRCLE('',#7184,1.5);
#3388=CIRCLE('',#7185,1.5);
#3389=CIRCLE('',#7188,1.5);
#3390=CIRCLE('',#7191,1.5);
#3391=CIRCLE('',#7194,1.5);
#3392=CIRCLE('',#7197,1.5);
#3393=CIRCLE('',#7199,1.4);
#3394=CIRCLE('',#7200,1.4);
#3395=CIRCLE('',#7201,1.4);
#3396=CIRCLE('',#7202,1.4);
#3397=CIRCLE('',#7203,0.8);
#3398=CIRCLE('',#7204,0.8);
#3399=CIRCLE('',#7206,0.8);
#3400=CIRCLE('',#7208,0.8);
#3401=CIRCLE('',#7210,0.8);
#3402=CIRCLE('',#7212,0.8);
#3403=CIRCLE('',#7228,1.);
#3404=CIRCLE('',#7229,1.);
#3405=CIRCLE('',#7231,1.);
#3406=CIRCLE('',#7233,1.);
#3407=CIRCLE('',#7235,1.);
#3408=CIRCLE('',#7237,1.);
#3409=CIRCLE('',#7239,1.);
#3410=CIRCLE('',#7241,1.);
#3411=CIRCLE('',#7244,0.35);
#3412=CIRCLE('',#7245,0.35);
#3413=CIRCLE('',#7247,0.35);
#3414=CIRCLE('',#7249,0.35);
#3415=CIRCLE('',#7251,0.35);
#3416=CIRCLE('',#7253,0.35);
#3417=CIRCLE('',#7255,0.35);
#3418=CIRCLE('',#7257,0.35);
#3419=CIRCLE('',#7260,1.85);
#3420=CIRCLE('',#7262,1.85);
#3421=CIRCLE('',#7264,1.99846149779162);
#3422=CIRCLE('',#7266,1.99846149779162);
#3423=CIRCLE('',#7272,0.0999999999999993);
#3424=CIRCLE('',#7273,0.0999999999999993);
#3425=CIRCLE('',#7275,0.0999999999999993);
#3426=CIRCLE('',#7277,0.0999999999999993);
#3427=CIRCLE('',#7279,0.0999999999999993);
#3428=CIRCLE('',#7281,0.0999999999999993);
#3429=CIRCLE('',#7283,0.0999999999999993);
#3430=CIRCLE('',#7285,0.0999999999999993);
#3431=EDGE_LOOP('',(#901));
#3432=EDGE_LOOP('',(#902));
#3433=EDGE_LOOP('',(#903,#904,#905,#906,#907,#908,#909,#910));
#3434=EDGE_LOOP('',(#911,#912,#913,#914,#915,#916,#917,#918));
#3435=EDGE_LOOP('',(#919,#920,#921,#922));
#3436=EDGE_LOOP('',(#923));
#3437=EDGE_LOOP('',(#924,#925,#926,#927,#928,#929));
#3438=EDGE_LOOP('',(#930));
#3439=EDGE_LOOP('',(#931,#932,#933,#934));
#3440=EDGE_LOOP('',(#935,#936,#937,#938,#939,#940));
#3441=EDGE_LOOP('',(#941,#942,#943,#944));
#3442=EDGE_LOOP('',(#945,#946));
#3443=EDGE_LOOP('',(#947,#948,#949,#950,#951,#952,#953,#954));
#3444=EDGE_LOOP('',(#955));
#3445=EDGE_LOOP('',(#956,#957,#958,#959));
#3446=EDGE_LOOP('',(#960,#961,#962,#963));
#3447=EDGE_LOOP('',(#964,#965,#966,#967));
#3448=EDGE_LOOP('',(#968));
#3449=EDGE_LOOP('',(#969,#970,#971,#972,#973,#974));
#3450=EDGE_LOOP('',(#975));
#3451=EDGE_LOOP('',(#976,#977,#978,#979));
#3452=EDGE_LOOP('',(#980,#981,#982,#983,#984,#985));
#3453=EDGE_LOOP('',(#986,#987,#988,#989));
#3454=EDGE_LOOP('',(#990,#991));
#3455=EDGE_LOOP('',(#992,#993,#994,#995,#996,#997,#998,#999));
#3456=EDGE_LOOP('',(#1000));
#3457=EDGE_LOOP('',(#1001,#1002,#1003,#1004));
#3458=EDGE_LOOP('',(#1005,#1006,#1007,#1008));
#3459=EDGE_LOOP('',(#1009,#1010,#1011,#1012));
#3460=EDGE_LOOP('',(#1013));
#3461=EDGE_LOOP('',(#1014,#1015,#1016,#1017,#1018,#1019));
#3462=EDGE_LOOP('',(#1020));
#3463=EDGE_LOOP('',(#1021,#1022,#1023,#1024));
#3464=EDGE_LOOP('',(#1025,#1026,#1027,#1028,#1029,#1030));
#3465=EDGE_LOOP('',(#1031,#1032,#1033,#1034));
#3466=EDGE_LOOP('',(#1035,#1036));
#3467=EDGE_LOOP('',(#1037,#1038,#1039,#1040,#1041,#1042,#1043,#1044));
#3468=EDGE_LOOP('',(#1045));
#3469=EDGE_LOOP('',(#1046,#1047,#1048,#1049));
#3470=EDGE_LOOP('',(#1050,#1051,#1052,#1053));
#3471=EDGE_LOOP('',(#1054,#1055,#1056,#1057));
#3472=EDGE_LOOP('',(#1058));
#3473=EDGE_LOOP('',(#1059,#1060,#1061,#1062,#1063,#1064));
#3474=EDGE_LOOP('',(#1065));
#3475=EDGE_LOOP('',(#1066,#1067,#1068,#1069));
#3476=EDGE_LOOP('',(#1070,#1071,#1072,#1073,#1074,#1075));
#3477=EDGE_LOOP('',(#1076,#1077,#1078,#1079));
#3478=EDGE_LOOP('',(#1080,#1081));
#3479=EDGE_LOOP('',(#1082,#1083,#1084,#1085,#1086,#1087,#1088,#1089));
#3480=EDGE_LOOP('',(#1090));
#3481=EDGE_LOOP('',(#1091,#1092,#1093,#1094));
#3482=EDGE_LOOP('',(#1095,#1096,#1097,#1098));
#3483=EDGE_LOOP('',(#1099,#1100,#1101,#1102));
#3484=EDGE_LOOP('',(#1103));
#3485=EDGE_LOOP('',(#1104,#1105,#1106,#1107,#1108,#1109));
#3486=EDGE_LOOP('',(#1110));
#3487=EDGE_LOOP('',(#1111,#1112,#1113,#1114));
#3488=EDGE_LOOP('',(#1115,#1116,#1117,#1118,#1119,#1120));
#3489=EDGE_LOOP('',(#1121,#1122,#1123,#1124));
#3490=EDGE_LOOP('',(#1125,#1126));
#3491=EDGE_LOOP('',(#1127,#1128,#1129,#1130,#1131,#1132,#1133,#1134));
#3492=EDGE_LOOP('',(#1135));
#3493=EDGE_LOOP('',(#1136,#1137,#1138,#1139));
#3494=EDGE_LOOP('',(#1140,#1141,#1142,#1143));
#3495=EDGE_LOOP('',(#1144,#1145,#1146,#1147));
#3496=EDGE_LOOP('',(#1148));
#3497=EDGE_LOOP('',(#1149,#1150,#1151,#1152,#1153,#1154));
#3498=EDGE_LOOP('',(#1155));
#3499=EDGE_LOOP('',(#1156,#1157,#1158,#1159));
#3500=EDGE_LOOP('',(#1160,#1161,#1162,#1163,#1164,#1165));
#3501=EDGE_LOOP('',(#1166,#1167,#1168,#1169));
#3502=EDGE_LOOP('',(#1170,#1171));
#3503=EDGE_LOOP('',(#1172,#1173,#1174,#1175,#1176,#1177,#1178,#1179));
#3504=EDGE_LOOP('',(#1180));
#3505=EDGE_LOOP('',(#1181,#1182,#1183,#1184));
#3506=EDGE_LOOP('',(#1185,#1186,#1187,#1188));
#3507=EDGE_LOOP('',(#1189,#1190,#1191,#1192));
#3508=EDGE_LOOP('',(#1193,#1194,#1195,#1196));
#3509=EDGE_LOOP('',(#1197,#1198,#1199,#1200,#1201,#1202));
#3510=EDGE_LOOP('',(#1203));
#3511=EDGE_LOOP('',(#1204,#1205,#1206,#1207,#1208,#1209));
#3512=EDGE_LOOP('',(#1210,#1211));
#3513=EDGE_LOOP('',(#1212,#1213,#1214,#1215,#1216,#1217,#1218,#1219));
#3514=EDGE_LOOP('',(#1220));
#3515=EDGE_LOOP('',(#1221,#1222,#1223,#1224));
#3516=EDGE_LOOP('',(#1225));
#3517=EDGE_LOOP('',(#1226,#1227,#1228,#1229));
#3518=EDGE_LOOP('',(#1230,#1231,#1232,#1233));
#3519=EDGE_LOOP('',(#1234,#1235,#1236,#1237));
#3520=EDGE_LOOP('',(#1238,#1239,#1240,#1241));
#3521=EDGE_LOOP('',(#1242,#1243,#1244,#1245,#1246,#1247));
#3522=EDGE_LOOP('',(#1248));
#3523=EDGE_LOOP('',(#1249,#1250,#1251,#1252,#1253,#1254));
#3524=EDGE_LOOP('',(#1255,#1256));
#3525=EDGE_LOOP('',(#1257,#1258,#1259,#1260,#1261,#1262,#1263,#1264));
#3526=EDGE_LOOP('',(#1265));
#3527=EDGE_LOOP('',(#1266,#1267,#1268,#1269));
#3528=EDGE_LOOP('',(#1270));
#3529=EDGE_LOOP('',(#1271,#1272,#1273,#1274));
#3530=EDGE_LOOP('',(#1275,#1276,#1277,#1278));
#3531=EDGE_LOOP('',(#1279,#1280,#1281,#1282));
#3532=EDGE_LOOP('',(#1283,#1284,#1285,#1286));
#3533=EDGE_LOOP('',(#1287,#1288,#1289,#1290,#1291,#1292));
#3534=EDGE_LOOP('',(#1293));
#3535=EDGE_LOOP('',(#1294,#1295,#1296,#1297,#1298,#1299));
#3536=EDGE_LOOP('',(#1300,#1301));
#3537=EDGE_LOOP('',(#1302,#1303,#1304,#1305,#1306,#1307,#1308,#1309));
#3538=EDGE_LOOP('',(#1310));
#3539=EDGE_LOOP('',(#1311,#1312,#1313,#1314));
#3540=EDGE_LOOP('',(#1315));
#3541=EDGE_LOOP('',(#1316,#1317,#1318,#1319));
#3542=EDGE_LOOP('',(#1320,#1321,#1322,#1323));
#3543=EDGE_LOOP('',(#1324,#1325,#1326,#1327));
#3544=EDGE_LOOP('',(#1328,#1329,#1330,#1331));
#3545=EDGE_LOOP('',(#1332,#1333,#1334,#1335,#1336,#1337));
#3546=EDGE_LOOP('',(#1338));
#3547=EDGE_LOOP('',(#1339,#1340,#1341,#1342,#1343,#1344));
#3548=EDGE_LOOP('',(#1345,#1346));
#3549=EDGE_LOOP('',(#1347,#1348,#1349,#1350,#1351,#1352,#1353,#1354));
#3550=EDGE_LOOP('',(#1355));
#3551=EDGE_LOOP('',(#1356,#1357,#1358,#1359));
#3552=EDGE_LOOP('',(#1360));
#3553=EDGE_LOOP('',(#1361,#1362,#1363,#1364));
#3554=EDGE_LOOP('',(#1365,#1366,#1367,#1368));
#3555=EDGE_LOOP('',(#1369,#1370,#1371,#1372));
#3556=EDGE_LOOP('',(#1373,#1374,#1375,#1376));
#3557=EDGE_LOOP('',(#1377,#1378,#1379,#1380,#1381,#1382));
#3558=EDGE_LOOP('',(#1383));
#3559=EDGE_LOOP('',(#1384,#1385,#1386,#1387,#1388,#1389));
#3560=EDGE_LOOP('',(#1390,#1391));
#3561=EDGE_LOOP('',(#1392,#1393,#1394,#1395,#1396,#1397,#1398,#1399));
#3562=EDGE_LOOP('',(#1400));
#3563=EDGE_LOOP('',(#1401,#1402,#1403,#1404));
#3564=EDGE_LOOP('',(#1405));
#3565=EDGE_LOOP('',(#1406,#1407,#1408,#1409));
#3566=EDGE_LOOP('',(#1410,#1411,#1412,#1413));
#3567=EDGE_LOOP('',(#1414,#1415,#1416,#1417));
#3568=EDGE_LOOP('',(#1418,#1419,#1420,#1421));
#3569=EDGE_LOOP('',(#1422,#1423,#1424,#1425,#1426,#1427));
#3570=EDGE_LOOP('',(#1428));
#3571=EDGE_LOOP('',(#1429,#1430,#1431,#1432,#1433,#1434));
#3572=EDGE_LOOP('',(#1435,#1436));
#3573=EDGE_LOOP('',(#1437,#1438,#1439,#1440,#1441,#1442,#1443,#1444));
#3574=EDGE_LOOP('',(#1445));
#3575=EDGE_LOOP('',(#1446,#1447,#1448,#1449));
#3576=EDGE_LOOP('',(#1450));
#3577=EDGE_LOOP('',(#1451,#1452,#1453,#1454));
#3578=EDGE_LOOP('',(#1455,#1456,#1457,#1458));
#3579=EDGE_LOOP('',(#1459,#1460,#1461,#1462));
#3580=EDGE_LOOP('',(#1463,#1464,#1465,#1466));
#3581=EDGE_LOOP('',(#1467,#1468,#1469,#1470,#1471,#1472));
#3582=EDGE_LOOP('',(#1473));
#3583=EDGE_LOOP('',(#1474,#1475,#1476,#1477,#1478,#1479));
#3584=EDGE_LOOP('',(#1480,#1481));
#3585=EDGE_LOOP('',(#1482,#1483,#1484,#1485,#1486,#1487,#1488,#1489));
#3586=EDGE_LOOP('',(#1490));
#3587=EDGE_LOOP('',(#1491,#1492,#1493,#1494));
#3588=EDGE_LOOP('',(#1495));
#3589=EDGE_LOOP('',(#1496,#1497,#1498,#1499));
#3590=EDGE_LOOP('',(#1500,#1501,#1502,#1503));
#3591=EDGE_LOOP('',(#1504));
#3592=EDGE_LOOP('',(#1505,#1506,#1507,#1508,#1509,#1510));
#3593=EDGE_LOOP('',(#1511));
#3594=EDGE_LOOP('',(#1512,#1513,#1514,#1515,#1516,#1517));
#3595=EDGE_LOOP('',(#1518));
#3596=EDGE_LOOP('',(#1519));
#3597=EDGE_LOOP('',(#1520));
#3598=EDGE_LOOP('',(#1521));
#3599=EDGE_LOOP('',(#1522));
#3600=EDGE_LOOP('',(#1523));
#3601=EDGE_LOOP('',(#1524));
#3602=EDGE_LOOP('',(#1525));
#3603=EDGE_LOOP('',(#1526));
#3604=EDGE_LOOP('',(#1527));
#3605=EDGE_LOOP('',(#1528));
#3606=EDGE_LOOP('',(#1529));
#3607=EDGE_LOOP('',(#1530));
#3608=EDGE_LOOP('',(#1531));
#3609=EDGE_LOOP('',(#1532));
#3610=EDGE_LOOP('',(#1533));
#3611=EDGE_LOOP('',(#1534));
#3612=EDGE_LOOP('',(#1535));
#3613=EDGE_LOOP('',(#1536));
#3614=EDGE_LOOP('',(#1537));
#3615=EDGE_LOOP('',(#1538));
#3616=EDGE_LOOP('',(#1539));
#3617=EDGE_LOOP('',(#1540));
#3618=EDGE_LOOP('',(#1541));
#3619=EDGE_LOOP('',(#1542));
#3620=EDGE_LOOP('',(#1543));
#3621=EDGE_LOOP('',(#1544));
#3622=EDGE_LOOP('',(#1545));
#3623=EDGE_LOOP('',(#1546));
#3624=EDGE_LOOP('',(#1547));
#3625=EDGE_LOOP('',(#1548));
#3626=EDGE_LOOP('',(#1549));
#3627=EDGE_LOOP('',(#1550));
#3628=EDGE_LOOP('',(#1551));
#3629=EDGE_LOOP('',(#1552));
#3630=EDGE_LOOP('',(#1553));
#3631=EDGE_LOOP('',(#1554));
#3632=EDGE_LOOP('',(#1555));
#3633=EDGE_LOOP('',(#1556));
#3634=EDGE_LOOP('',(#1557));
#3635=EDGE_LOOP('',(#1558));
#3636=EDGE_LOOP('',(#1559));
#3637=EDGE_LOOP('',(#1560));
#3638=EDGE_LOOP('',(#1561));
#3639=EDGE_LOOP('',(#1562));
#3640=EDGE_LOOP('',(#1563));
#3641=EDGE_LOOP('',(#1564));
#3642=EDGE_LOOP('',(#1565));
#3643=EDGE_LOOP('',(#1566));
#3644=EDGE_LOOP('',(#1567));
#3645=EDGE_LOOP('',(#1568));
#3646=EDGE_LOOP('',(#1569));
#3647=EDGE_LOOP('',(#1570));
#3648=EDGE_LOOP('',(#1571));
#3649=EDGE_LOOP('',(#1572));
#3650=EDGE_LOOP('',(#1573));
#3651=EDGE_LOOP('',(#1574));
#3652=EDGE_LOOP('',(#1575));
#3653=EDGE_LOOP('',(#1576));
#3654=EDGE_LOOP('',(#1577));
#3655=EDGE_LOOP('',(#1578));
#3656=EDGE_LOOP('',(#1579));
#3657=EDGE_LOOP('',(#1580));
#3658=EDGE_LOOP('',(#1581));
#3659=EDGE_LOOP('',(#1582));
#3660=EDGE_LOOP('',(#1583));
#3661=EDGE_LOOP('',(#1584));
#3662=EDGE_LOOP('',(#1585));
#3663=EDGE_LOOP('',(#1586));
#3664=EDGE_LOOP('',(#1587));
#3665=EDGE_LOOP('',(#1588));
#3666=EDGE_LOOP('',(#1589));
#3667=EDGE_LOOP('',(#1590));
#3668=EDGE_LOOP('',(#1591));
#3669=EDGE_LOOP('',(#1592));
#3670=EDGE_LOOP('',(#1593));
#3671=EDGE_LOOP('',(#1594));
#3672=EDGE_LOOP('',(#1595));
#3673=EDGE_LOOP('',(#1596));
#3674=EDGE_LOOP('',(#1597));
#3675=EDGE_LOOP('',(#1598,#1599,#1600,#1601,#1602,#1603,#1604,#1605));
#3676=EDGE_LOOP('',(#1606));
#3677=EDGE_LOOP('',(#1607));
#3678=EDGE_LOOP('',(#1608,#1609,#1610,#1611,#1612,#1613,#1614,#1615));
#3679=EDGE_LOOP('',(#1616,#1617,#1618,#1619,#1620,#1621,#1622,#1623));
#3680=EDGE_LOOP('',(#1624,#1625,#1626,#1627));
#3681=EDGE_LOOP('',(#1628,#1629,#1630,#1631));
#3682=EDGE_LOOP('',(#1632,#1633,#1634,#1635));
#3683=EDGE_LOOP('',(#1636,#1637,#1638,#1639));
#3684=EDGE_LOOP('',(#1640));
#3685=EDGE_LOOP('',(#1641));
#3686=EDGE_LOOP('',(#1642));
#3687=EDGE_LOOP('',(#1643));
#3688=EDGE_LOOP('',(#1644,#1645,#1646,#1647));
#3689=EDGE_LOOP('',(#1648,#1649,#1650,#1651));
#3690=EDGE_LOOP('',(#1652,#1653,#1654,#1655));
#3691=EDGE_LOOP('',(#1656,#1657,#1658,#1659));
#3692=EDGE_LOOP('',(#1660,#1661,#1662,#1663));
#3693=EDGE_LOOP('',(#1664,#1665,#1666,#1667));
#3694=EDGE_LOOP('',(#1668,#1669,#1670,#1671));
#3695=EDGE_LOOP('',(#1672,#1673,#1674,#1675));
#3696=EDGE_LOOP('',(#1676,#1677,#1678,#1679));
#3697=EDGE_LOOP('',(#1680,#1681,#1682,#1683));
#3698=EDGE_LOOP('',(#1684,#1685,#1686,#1687));
#3699=EDGE_LOOP('',(#1688,#1689,#1690,#1691));
#3700=EDGE_LOOP('',(#1692,#1693,#1694,#1695));
#3701=EDGE_LOOP('',(#1696,#1697,#1698,#1699));
#3702=EDGE_LOOP('',(#1700,#1701,#1702,#1703));
#3703=EDGE_LOOP('',(#1704,#1705,#1706,#1707));
#3704=EDGE_LOOP('',(#1708,#1709,#1710,#1711,#1712,#1713,#1714,#1715));
#3705=EDGE_LOOP('',(#1716,#1717,#1718,#1719,#1720,#1721,#1722,#1723));
#3706=EDGE_LOOP('',(#1724,#1725,#1726,#1727));
#3707=EDGE_LOOP('',(#1728,#1729,#1730,#1731));
#3708=EDGE_LOOP('',(#1732,#1733,#1734,#1735));
#3709=EDGE_LOOP('',(#1736,#1737,#1738,#1739));
#3710=EDGE_LOOP('',(#1740,#1741,#1742,#1743));
#3711=EDGE_LOOP('',(#1744,#1745,#1746,#1747));
#3712=EDGE_LOOP('',(#1748,#1749,#1750,#1751));
#3713=EDGE_LOOP('',(#1752,#1753,#1754,#1755));
#3714=EDGE_LOOP('',(#1756,#1757,#1758,#1759));
#3715=EDGE_LOOP('',(#1760,#1761,#1762,#1763));
#3716=EDGE_LOOP('',(#1764,#1765,#1766,#1767));
#3717=EDGE_LOOP('',(#1768,#1769,#1770,#1771));
#3718=EDGE_LOOP('',(#1772,#1773,#1774,#1775));
#3719=EDGE_LOOP('',(#1776,#1777,#1778,#1779));
#3720=EDGE_LOOP('',(#1780,#1781,#1782,#1783));
#3721=EDGE_LOOP('',(#1784,#1785,#1786,#1787));
#3722=EDGE_LOOP('',(#1788,#1789,#1790,#1791));
#3723=EDGE_LOOP('',(#1792,#1793,#1794,#1795));
#3724=EDGE_LOOP('',(#1796,#1797,#1798,#1799));
#3725=EDGE_LOOP('',(#1800,#1801,#1802,#1803));
#3726=EDGE_LOOP('',(#1804,#1805,#1806,#1807));
#3727=EDGE_LOOP('',(#1808,#1809,#1810,#1811));
#3728=EDGE_LOOP('',(#1812,#1813,#1814,#1815));
#3729=EDGE_LOOP('',(#1816,#1817,#1818,#1819));
#3730=EDGE_LOOP('',(#1820,#1821,#1822,#1823));
#3731=EDGE_LOOP('',(#1824,#1825,#1826,#1827));
#3732=EDGE_LOOP('',(#1828,#1829,#1830,#1831));
#3733=EDGE_LOOP('',(#1832,#1833,#1834,#1835));
#3734=EDGE_LOOP('',(#1836));
#3735=EDGE_LOOP('',(#1837));
#3736=EDGE_LOOP('',(#1838));
#3737=EDGE_LOOP('',(#1839));
#3738=EDGE_LOOP('',(#1840));
#3739=EDGE_LOOP('',(#1841));
#3740=EDGE_LOOP('',(#1842));
#3741=EDGE_LOOP('',(#1843));
#3742=EDGE_LOOP('',(#1844));
#3743=EDGE_LOOP('',(#1845));
#3744=EDGE_LOOP('',(#1846,#1847,#1848,#1849));
#3745=EDGE_LOOP('',(#1850,#1851,#1852,#1853));
#3746=EDGE_LOOP('',(#1854,#1855,#1856,#1857));
#3747=EDGE_LOOP('',(#1858,#1859,#1860,#1861));
#3748=EDGE_LOOP('',(#1862,#1863,#1864,#1865));
#3749=EDGE_LOOP('',(#1866,#1867,#1868,#1869));
#3750=EDGE_LOOP('',(#1870,#1871,#1872,#1873));
#3751=EDGE_LOOP('',(#1874,#1875,#1876,#1877));
#3752=EDGE_LOOP('',(#1878,#1879,#1880,#1881,#1882,#1883,#1884,#1885));
#3753=EDGE_LOOP('',(#1886,#1887,#1888,#1889,#1890,#1891,#1892,#1893));
#3754=EDGE_LOOP('',(#1894,#1895,#1896,#1897));
#3755=EDGE_LOOP('',(#1898,#1899,#1900,#1901));
#3756=EDGE_LOOP('',(#1902,#1903,#1904,#1905));
#3757=EDGE_LOOP('',(#1906,#1907,#1908,#1909));
#3758=EDGE_LOOP('',(#1910,#1911,#1912,#1913));
#3759=EDGE_LOOP('',(#1914,#1915,#1916,#1917));
#3760=EDGE_LOOP('',(#1918,#1919,#1920,#1921));
#3761=EDGE_LOOP('',(#1922,#1923,#1924,#1925));
#3762=EDGE_LOOP('',(#1926,#1927,#1928,#1929,#1930,#1931,#1932,#1933));
#3763=EDGE_LOOP('',(#1934));
#3764=EDGE_LOOP('',(#1935));
#3765=EDGE_LOOP('',(#1936));
#3766=EDGE_LOOP('',(#1937));
#3767=EDGE_LOOP('',(#1938));
#3768=EDGE_LOOP('',(#1939));
#3769=EDGE_LOOP('',(#1940));
#3770=EDGE_LOOP('',(#1941));
#3771=EDGE_LOOP('',(#1942));
#3772=EDGE_LOOP('',(#1943));
#3773=EDGE_LOOP('',(#1944));
#3774=EDGE_LOOP('',(#1945));
#3775=EDGE_LOOP('',(#1946));
#3776=EDGE_LOOP('',(#1947));
#3777=EDGE_LOOP('',(#1948));
#3778=EDGE_LOOP('',(#1949,#1950,#1951,#1952));
#3779=EDGE_LOOP('',(#1953,#1954,#1955,#1956,#1957,#1958,#1959,#1960));
#3780=EDGE_LOOP('',(#1961));
#3781=EDGE_LOOP('',(#1962,#1963,#1964,#1965));
#3782=EDGE_LOOP('',(#1966,#1967,#1968,#1969,#1970,#1971,#1972,#1973));
#3783=EDGE_LOOP('',(#1974));
#3784=EDGE_LOOP('',(#1975,#1976));
#3785=EDGE_LOOP('',(#1977,#1978,#1979,#1980));
#3786=EDGE_LOOP('',(#1981,#1982,#1983,#1984));
#3787=EDGE_LOOP('',(#1985,#1986));
#3788=EDGE_LOOP('',(#1987,#1988,#1989,#1990));
#3789=EDGE_LOOP('',(#1991,#1992,#1993,#1994));
#3790=EDGE_LOOP('',(#1995,#1996,#1997,#1998,#1999,#2000));
#3791=EDGE_LOOP('',(#2001,#2002,#2003,#2004,#2005,#2006));
#3792=EDGE_LOOP('',(#2007,#2008,#2009,#2010));
#3793=EDGE_LOOP('',(#2011,#2012,#2013,#2014));
#3794=EDGE_LOOP('',(#2015,#2016,#2017,#2018));
#3795=EDGE_LOOP('',(#2019,#2020,#2021,#2022));
#3796=EDGE_LOOP('',(#2023));
#3797=EDGE_LOOP('',(#2024));
#3798=EDGE_LOOP('',(#2025,#2026,#2027,#2028));
#3799=EDGE_LOOP('',(#2029,#2030,#2031,#2032));
#3800=EDGE_LOOP('',(#2033,#2034,#2035,#2036));
#3801=EDGE_LOOP('',(#2037,#2038,#2039,#2040));
#3802=EDGE_LOOP('',(#2041,#2042,#2043,#2044));
#3803=EDGE_LOOP('',(#2045,#2046,#2047,#2048));
#3804=EDGE_LOOP('',(#2049,#2050,#2051,#2052));
#3805=EDGE_LOOP('',(#2053,#2054,#2055,#2056));
#3806=EDGE_LOOP('',(#2057,#2058,#2059,#2060));
#3807=EDGE_LOOP('',(#2061,#2062,#2063,#2064));
#3808=EDGE_LOOP('',(#2065,#2066,#2067,#2068));
#3809=EDGE_LOOP('',(#2069,#2070,#2071,#2072));
#3810=EDGE_LOOP('',(#2073,#2074,#2075,#2076));
#3811=EDGE_LOOP('',(#2077,#2078,#2079,#2080));
#3812=EDGE_LOOP('',(#2081,#2082,#2083,#2084));
#3813=EDGE_LOOP('',(#2085,#2086,#2087,#2088));
#3814=EDGE_LOOP('',(#2089));
#3815=EDGE_LOOP('',(#2090));
#3816=EDGE_LOOP('',(#2091));
#3817=EDGE_LOOP('',(#2092));
#3818=EDGE_LOOP('',(#2093));
#3819=EDGE_LOOP('',(#2094));
#3820=EDGE_LOOP('',(#2095));
#3821=EDGE_LOOP('',(#2096));
#3822=EDGE_LOOP('',(#2097));
#3823=EDGE_LOOP('',(#2098));
#3824=EDGE_LOOP('',(#2099));
#3825=EDGE_LOOP('',(#2100));
#3826=EDGE_LOOP('',(#2101));
#3827=EDGE_LOOP('',(#2102));
#3828=EDGE_LOOP('',(#2103));
#3829=EDGE_LOOP('',(#2104));
#3830=EDGE_LOOP('',(#2105,#2106,#2107,#2108));
#3831=EDGE_LOOP('',(#2109,#2110,#2111,#2112));
#3832=EDGE_LOOP('',(#2113,#2114,#2115,#2116));
#3833=EDGE_LOOP('',(#2117,#2118,#2119,#2120));
#3834=EDGE_LOOP('',(#2121,#2122,#2123,#2124));
#3835=EDGE_LOOP('',(#2125,#2126,#2127,#2128));
#3836=EDGE_LOOP('',(#2129,#2130,#2131,#2132));
#3837=EDGE_LOOP('',(#2133,#2134,#2135,#2136));
#3838=FACE_BOUND('',#3431,.T.);
#3839=FACE_BOUND('',#3432,.T.);
#3840=FACE_BOUND('',#3433,.T.);
#3841=FACE_BOUND('',#3434,.T.);
#3842=FACE_BOUND('',#3435,.T.);
#3843=FACE_BOUND('',#3436,.T.);
#3844=FACE_BOUND('',#3437,.T.);
#3845=FACE_BOUND('',#3438,.T.);
#3846=FACE_BOUND('',#61,.T.);
#3847=FACE_BOUND('',#3439,.T.);
#3848=FACE_BOUND('',#3440,.T.);
#3849=FACE_BOUND('',#3441,.T.);
#3850=FACE_BOUND('',#3442,.T.);
#3851=FACE_BOUND('',#3443,.T.);
#3852=FACE_BOUND('',#3444,.T.);
#3853=FACE_BOUND('',#3445,.T.);
#3854=FACE_BOUND('',#3446,.T.);
#3855=FACE_BOUND('',#3447,.T.);
#3856=FACE_BOUND('',#3448,.T.);
#3857=FACE_BOUND('',#3449,.T.);
#3858=FACE_BOUND('',#3450,.T.);
#3859=FACE_BOUND('',#62,.T.);
#3860=FACE_BOUND('',#3451,.T.);
#3861=FACE_BOUND('',#3452,.T.);
#3862=FACE_BOUND('',#3453,.T.);
#3863=FACE_BOUND('',#3454,.T.);
#3864=FACE_BOUND('',#3455,.T.);
#3865=FACE_BOUND('',#3456,.T.);
#3866=FACE_BOUND('',#3457,.T.);
#3867=FACE_BOUND('',#3458,.T.);
#3868=FACE_BOUND('',#3459,.T.);
#3869=FACE_BOUND('',#3460,.T.);
#3870=FACE_BOUND('',#3461,.T.);
#3871=FACE_BOUND('',#3462,.T.);
#3872=FACE_BOUND('',#63,.T.);
#3873=FACE_BOUND('',#3463,.T.);
#3874=FACE_BOUND('',#3464,.T.);
#3875=FACE_BOUND('',#3465,.T.);
#3876=FACE_BOUND('',#3466,.T.);
#3877=FACE_BOUND('',#3467,.T.);
#3878=FACE_BOUND('',#3468,.T.);
#3879=FACE_BOUND('',#3469,.T.);
#3880=FACE_BOUND('',#3470,.T.);
#3881=FACE_BOUND('',#3471,.T.);
#3882=FACE_BOUND('',#3472,.T.);
#3883=FACE_BOUND('',#3473,.T.);
#3884=FACE_BOUND('',#3474,.T.);
#3885=FACE_BOUND('',#64,.T.);
#3886=FACE_BOUND('',#3475,.T.);
#3887=FACE_BOUND('',#3476,.T.);
#3888=FACE_BOUND('',#3477,.T.);
#3889=FACE_BOUND('',#3478,.T.);
#3890=FACE_BOUND('',#3479,.T.);
#3891=FACE_BOUND('',#3480,.T.);
#3892=FACE_BOUND('',#3481,.T.);
#3893=FACE_BOUND('',#3482,.T.);
#3894=FACE_BOUND('',#3483,.T.);
#3895=FACE_BOUND('',#3484,.T.);
#3896=FACE_BOUND('',#3485,.T.);
#3897=FACE_BOUND('',#3486,.T.);
#3898=FACE_BOUND('',#65,.T.);
#3899=FACE_BOUND('',#3487,.T.);
#3900=FACE_BOUND('',#3488,.T.);
#3901=FACE_BOUND('',#3489,.T.);
#3902=FACE_BOUND('',#3490,.T.);
#3903=FACE_BOUND('',#3491,.T.);
#3904=FACE_BOUND('',#3492,.T.);
#3905=FACE_BOUND('',#3493,.T.);
#3906=FACE_BOUND('',#3494,.T.);
#3907=FACE_BOUND('',#3495,.T.);
#3908=FACE_BOUND('',#3496,.T.);
#3909=FACE_BOUND('',#3497,.T.);
#3910=FACE_BOUND('',#3498,.T.);
#3911=FACE_BOUND('',#66,.T.);
#3912=FACE_BOUND('',#3499,.T.);
#3913=FACE_BOUND('',#3500,.T.);
#3914=FACE_BOUND('',#3501,.T.);
#3915=FACE_BOUND('',#3502,.T.);
#3916=FACE_BOUND('',#3503,.T.);
#3917=FACE_BOUND('',#3504,.T.);
#3918=FACE_BOUND('',#3505,.T.);
#3919=FACE_BOUND('',#3506,.T.);
#3920=FACE_BOUND('',#3507,.T.);
#3921=FACE_BOUND('',#3508,.T.);
#3922=FACE_BOUND('',#3509,.T.);
#3923=FACE_BOUND('',#3510,.T.);
#3924=FACE_BOUND('',#3511,.T.);
#3925=FACE_BOUND('',#3512,.T.);
#3926=FACE_BOUND('',#3513,.T.);
#3927=FACE_BOUND('',#3514,.T.);
#3928=FACE_BOUND('',#3515,.T.);
#3929=FACE_BOUND('',#3516,.T.);
#3930=FACE_BOUND('',#67,.T.);
#3931=FACE_BOUND('',#3517,.T.);
#3932=FACE_BOUND('',#3518,.T.);
#3933=FACE_BOUND('',#3519,.T.);
#3934=FACE_BOUND('',#3520,.T.);
#3935=FACE_BOUND('',#3521,.T.);
#3936=FACE_BOUND('',#3522,.T.);
#3937=FACE_BOUND('',#3523,.T.);
#3938=FACE_BOUND('',#3524,.T.);
#3939=FACE_BOUND('',#3525,.T.);
#3940=FACE_BOUND('',#3526,.T.);
#3941=FACE_BOUND('',#3527,.T.);
#3942=FACE_BOUND('',#3528,.T.);
#3943=FACE_BOUND('',#68,.T.);
#3944=FACE_BOUND('',#3529,.T.);
#3945=FACE_BOUND('',#3530,.T.);
#3946=FACE_BOUND('',#3531,.T.);
#3947=FACE_BOUND('',#3532,.T.);
#3948=FACE_BOUND('',#3533,.T.);
#3949=FACE_BOUND('',#3534,.T.);
#3950=FACE_BOUND('',#3535,.T.);
#3951=FACE_BOUND('',#3536,.T.);
#3952=FACE_BOUND('',#3537,.T.);
#3953=FACE_BOUND('',#3538,.T.);
#3954=FACE_BOUND('',#3539,.T.);
#3955=FACE_BOUND('',#3540,.T.);
#3956=FACE_BOUND('',#69,.T.);
#3957=FACE_BOUND('',#3541,.T.);
#3958=FACE_BOUND('',#3542,.T.);
#3959=FACE_BOUND('',#3543,.T.);
#3960=FACE_BOUND('',#3544,.T.);
#3961=FACE_BOUND('',#3545,.T.);
#3962=FACE_BOUND('',#3546,.T.);
#3963=FACE_BOUND('',#3547,.T.);
#3964=FACE_BOUND('',#3548,.T.);
#3965=FACE_BOUND('',#3549,.T.);
#3966=FACE_BOUND('',#3550,.T.);
#3967=FACE_BOUND('',#3551,.T.);
#3968=FACE_BOUND('',#3552,.T.);
#3969=FACE_BOUND('',#70,.T.);
#3970=FACE_BOUND('',#3553,.T.);
#3971=FACE_BOUND('',#3554,.T.);
#3972=FACE_BOUND('',#3555,.T.);
#3973=FACE_BOUND('',#3556,.T.);
#3974=FACE_BOUND('',#3557,.T.);
#3975=FACE_BOUND('',#3558,.T.);
#3976=FACE_BOUND('',#3559,.T.);
#3977=FACE_BOUND('',#3560,.T.);
#3978=FACE_BOUND('',#3561,.T.);
#3979=FACE_BOUND('',#3562,.T.);
#3980=FACE_BOUND('',#3563,.T.);
#3981=FACE_BOUND('',#3564,.T.);
#3982=FACE_BOUND('',#71,.T.);
#3983=FACE_BOUND('',#3565,.T.);
#3984=FACE_BOUND('',#3566,.T.);
#3985=FACE_BOUND('',#3567,.T.);
#3986=FACE_BOUND('',#3568,.T.);
#3987=FACE_BOUND('',#3569,.T.);
#3988=FACE_BOUND('',#3570,.T.);
#3989=FACE_BOUND('',#3571,.T.);
#3990=FACE_BOUND('',#3572,.T.);
#3991=FACE_BOUND('',#3573,.T.);
#3992=FACE_BOUND('',#3574,.T.);
#3993=FACE_BOUND('',#3575,.T.);
#3994=FACE_BOUND('',#3576,.T.);
#3995=FACE_BOUND('',#72,.T.);
#3996=FACE_BOUND('',#3577,.T.);
#3997=FACE_BOUND('',#3578,.T.);
#3998=FACE_BOUND('',#3579,.T.);
#3999=FACE_BOUND('',#3580,.T.);
#4000=FACE_BOUND('',#3581,.T.);
#4001=FACE_BOUND('',#3582,.T.);
#4002=FACE_BOUND('',#3583,.T.);
#4003=FACE_BOUND('',#3584,.T.);
#4004=FACE_BOUND('',#3585,.T.);
#4005=FACE_BOUND('',#3586,.T.);
#4006=FACE_BOUND('',#3587,.T.);
#4007=FACE_BOUND('',#3588,.T.);
#4008=FACE_BOUND('',#73,.T.);
#4009=FACE_BOUND('',#3589,.T.);
#4010=FACE_BOUND('',#3590,.T.);
#4011=FACE_BOUND('',#3591,.T.);
#4012=FACE_BOUND('',#3592,.T.);
#4013=FACE_BOUND('',#3593,.T.);
#4014=FACE_BOUND('',#3594,.T.);
#4015=FACE_BOUND('',#3595,.T.);
#4016=FACE_BOUND('',#3596,.T.);
#4017=FACE_BOUND('',#3597,.T.);
#4018=FACE_BOUND('',#3598,.T.);
#4019=FACE_BOUND('',#3599,.T.);
#4020=FACE_BOUND('',#3600,.T.);
#4021=FACE_BOUND('',#3601,.T.);
#4022=FACE_BOUND('',#3602,.T.);
#4023=FACE_BOUND('',#3603,.T.);
#4024=FACE_BOUND('',#3604,.T.);
#4025=FACE_BOUND('',#3605,.T.);
#4026=FACE_BOUND('',#3606,.T.);
#4027=FACE_BOUND('',#3607,.T.);
#4028=FACE_BOUND('',#3608,.T.);
#4029=FACE_BOUND('',#3609,.T.);
#4030=FACE_BOUND('',#3610,.T.);
#4031=FACE_BOUND('',#3611,.T.);
#4032=FACE_BOUND('',#3612,.T.);
#4033=FACE_BOUND('',#3613,.T.);
#4034=FACE_BOUND('',#3614,.T.);
#4035=FACE_BOUND('',#3615,.T.);
#4036=FACE_BOUND('',#3616,.T.);
#4037=FACE_BOUND('',#3617,.T.);
#4038=FACE_BOUND('',#3618,.T.);
#4039=FACE_BOUND('',#3619,.T.);
#4040=FACE_BOUND('',#3620,.T.);
#4041=FACE_BOUND('',#3621,.T.);
#4042=FACE_BOUND('',#3622,.T.);
#4043=FACE_BOUND('',#3623,.T.);
#4044=FACE_BOUND('',#3624,.T.);
#4045=FACE_BOUND('',#3625,.T.);
#4046=FACE_BOUND('',#3626,.T.);
#4047=FACE_BOUND('',#3627,.T.);
#4048=FACE_BOUND('',#3628,.T.);
#4049=FACE_BOUND('',#3629,.T.);
#4050=FACE_BOUND('',#3630,.T.);
#4051=FACE_BOUND('',#3631,.T.);
#4052=FACE_BOUND('',#3632,.T.);
#4053=FACE_BOUND('',#3633,.T.);
#4054=FACE_BOUND('',#3634,.T.);
#4055=FACE_BOUND('',#3635,.T.);
#4056=FACE_BOUND('',#3636,.T.);
#4057=FACE_BOUND('',#3637,.T.);
#4058=FACE_BOUND('',#3638,.T.);
#4059=FACE_BOUND('',#3639,.T.);
#4060=FACE_BOUND('',#3640,.T.);
#4061=FACE_BOUND('',#3641,.T.);
#4062=FACE_BOUND('',#3642,.T.);
#4063=FACE_BOUND('',#3643,.T.);
#4064=FACE_BOUND('',#3644,.T.);
#4065=FACE_BOUND('',#3645,.T.);
#4066=FACE_BOUND('',#3646,.T.);
#4067=FACE_BOUND('',#3647,.T.);
#4068=FACE_BOUND('',#3648,.T.);
#4069=FACE_BOUND('',#3649,.T.);
#4070=FACE_BOUND('',#3650,.T.);
#4071=FACE_BOUND('',#3651,.T.);
#4072=FACE_BOUND('',#3652,.T.);
#4073=FACE_BOUND('',#3653,.T.);
#4074=FACE_BOUND('',#3654,.T.);
#4075=FACE_BOUND('',#3655,.T.);
#4076=FACE_BOUND('',#3656,.T.);
#4077=FACE_BOUND('',#3657,.T.);
#4078=FACE_BOUND('',#3658,.T.);
#4079=FACE_BOUND('',#3659,.T.);
#4080=FACE_BOUND('',#3660,.T.);
#4081=FACE_BOUND('',#3661,.T.);
#4082=FACE_BOUND('',#3662,.T.);
#4083=FACE_BOUND('',#3663,.T.);
#4084=FACE_BOUND('',#3664,.T.);
#4085=FACE_BOUND('',#3665,.T.);
#4086=FACE_BOUND('',#3666,.T.);
#4087=FACE_BOUND('',#3667,.T.);
#4088=FACE_BOUND('',#3668,.T.);
#4089=FACE_BOUND('',#3669,.T.);
#4090=FACE_BOUND('',#3670,.T.);
#4091=FACE_BOUND('',#3671,.T.);
#4092=FACE_BOUND('',#3672,.T.);
#4093=FACE_BOUND('',#3673,.T.);
#4094=FACE_BOUND('',#3674,.T.);
#4095=FACE_BOUND('',#3675,.T.);
#4096=FACE_BOUND('',#3676,.T.);
#4097=FACE_BOUND('',#3677,.T.);
#4098=FACE_BOUND('',#3678,.T.);
#4099=FACE_BOUND('',#3679,.T.);
#4100=FACE_BOUND('',#3680,.T.);
#4101=FACE_BOUND('',#3681,.T.);
#4102=FACE_BOUND('',#3682,.T.);
#4103=FACE_BOUND('',#3683,.T.);
#4104=FACE_BOUND('',#3684,.T.);
#4105=FACE_BOUND('',#3685,.T.);
#4106=FACE_BOUND('',#3686,.T.);
#4107=FACE_BOUND('',#3687,.T.);
#4108=FACE_BOUND('',#3688,.T.);
#4109=FACE_BOUND('',#3689,.T.);
#4110=FACE_BOUND('',#3690,.T.);
#4111=FACE_BOUND('',#3691,.T.);
#4112=FACE_BOUND('',#3692,.T.);
#4113=FACE_BOUND('',#3693,.T.);
#4114=FACE_BOUND('',#3694,.T.);
#4115=FACE_BOUND('',#3695,.T.);
#4116=FACE_BOUND('',#3696,.T.);
#4117=FACE_BOUND('',#3697,.T.);
#4118=FACE_BOUND('',#3698,.T.);
#4119=FACE_BOUND('',#3699,.T.);
#4120=FACE_BOUND('',#3700,.T.);
#4121=FACE_BOUND('',#3701,.T.);
#4122=FACE_BOUND('',#3702,.T.);
#4123=FACE_BOUND('',#3703,.T.);
#4124=FACE_BOUND('',#3704,.T.);
#4125=FACE_BOUND('',#3705,.T.);
#4126=FACE_BOUND('',#3706,.T.);
#4127=FACE_BOUND('',#3707,.T.);
#4128=FACE_BOUND('',#3708,.T.);
#4129=FACE_BOUND('',#3709,.T.);
#4130=FACE_BOUND('',#3710,.T.);
#4131=FACE_BOUND('',#3711,.T.);
#4132=FACE_BOUND('',#3712,.T.);
#4133=FACE_BOUND('',#3713,.T.);
#4134=FACE_BOUND('',#3714,.T.);
#4135=FACE_BOUND('',#3715,.T.);
#4136=FACE_BOUND('',#3716,.T.);
#4137=FACE_BOUND('',#3717,.T.);
#4138=FACE_BOUND('',#3718,.T.);
#4139=FACE_BOUND('',#3719,.T.);
#4140=FACE_BOUND('',#3720,.T.);
#4141=FACE_BOUND('',#3721,.T.);
#4142=FACE_BOUND('',#3722,.T.);
#4143=FACE_BOUND('',#3723,.T.);
#4144=FACE_BOUND('',#3724,.T.);
#4145=FACE_BOUND('',#3725,.T.);
#4146=FACE_BOUND('',#3726,.T.);
#4147=FACE_BOUND('',#3727,.T.);
#4148=FACE_BOUND('',#3728,.T.);
#4149=FACE_BOUND('',#3729,.T.);
#4150=FACE_BOUND('',#3730,.T.);
#4151=FACE_BOUND('',#3731,.T.);
#4152=FACE_BOUND('',#3732,.T.);
#4153=FACE_BOUND('',#3733,.T.);
#4154=FACE_BOUND('',#3734,.T.);
#4155=FACE_BOUND('',#3735,.T.);
#4156=FACE_BOUND('',#3736,.T.);
#4157=FACE_BOUND('',#3737,.T.);
#4158=FACE_BOUND('',#3738,.T.);
#4159=FACE_BOUND('',#3739,.T.);
#4160=FACE_BOUND('',#3740,.T.);
#4161=FACE_BOUND('',#3741,.T.);
#4162=FACE_BOUND('',#3742,.T.);
#4163=FACE_BOUND('',#3743,.T.);
#4164=FACE_BOUND('',#3744,.T.);
#4165=FACE_BOUND('',#3745,.T.);
#4166=FACE_BOUND('',#3746,.T.);
#4167=FACE_BOUND('',#3747,.T.);
#4168=FACE_BOUND('',#3748,.T.);
#4169=FACE_BOUND('',#3749,.T.);
#4170=FACE_BOUND('',#3750,.T.);
#4171=FACE_BOUND('',#3751,.T.);
#4172=FACE_BOUND('',#3752,.T.);
#4173=FACE_BOUND('',#3753,.T.);
#4174=FACE_BOUND('',#3754,.T.);
#4175=FACE_BOUND('',#3755,.T.);
#4176=FACE_BOUND('',#3756,.T.);
#4177=FACE_BOUND('',#3757,.T.);
#4178=FACE_BOUND('',#3758,.T.);
#4179=FACE_BOUND('',#3759,.T.);
#4180=FACE_BOUND('',#3760,.T.);
#4181=FACE_BOUND('',#3761,.T.);
#4182=FACE_BOUND('',#3762,.T.);
#4183=FACE_BOUND('',#3763,.T.);
#4184=FACE_BOUND('',#3764,.T.);
#4185=FACE_BOUND('',#3765,.T.);
#4186=FACE_BOUND('',#3766,.T.);
#4187=FACE_BOUND('',#3767,.T.);
#4188=FACE_BOUND('',#3768,.T.);
#4189=FACE_BOUND('',#3769,.T.);
#4190=FACE_BOUND('',#3770,.T.);
#4191=FACE_BOUND('',#3771,.T.);
#4192=FACE_BOUND('',#3772,.T.);
#4193=FACE_BOUND('',#3773,.T.);
#4194=FACE_BOUND('',#3774,.T.);
#4195=FACE_BOUND('',#3775,.T.);
#4196=FACE_BOUND('',#3776,.T.);
#4197=FACE_BOUND('',#3777,.T.);
#4198=FACE_BOUND('',#3778,.T.);
#4199=FACE_BOUND('',#3779,.T.);
#4200=FACE_BOUND('',#3780,.T.);
#4201=FACE_BOUND('',#3781,.T.);
#4202=FACE_BOUND('',#3782,.T.);
#4203=FACE_BOUND('',#3783,.T.);
#4204=FACE_BOUND('',#3784,.T.);
#4205=FACE_BOUND('',#3785,.T.);
#4206=FACE_BOUND('',#3786,.T.);
#4207=FACE_BOUND('',#3787,.T.);
#4208=FACE_BOUND('',#3788,.T.);
#4209=FACE_BOUND('',#3789,.T.);
#4210=FACE_BOUND('',#3790,.T.);
#4211=FACE_BOUND('',#3791,.T.);
#4212=FACE_BOUND('',#3792,.T.);
#4213=FACE_BOUND('',#3793,.T.);
#4214=FACE_BOUND('',#3794,.T.);
#4215=FACE_BOUND('',#3795,.T.);
#4216=FACE_BOUND('',#3796,.T.);
#4217=FACE_BOUND('',#74,.T.);
#4218=FACE_BOUND('',#3797,.T.);
#4219=FACE_BOUND('',#75,.T.);
#4220=FACE_BOUND('',#3798,.T.);
#4221=FACE_BOUND('',#3799,.T.);
#4222=FACE_BOUND('',#3800,.T.);
#4223=FACE_BOUND('',#3801,.T.);
#4224=FACE_BOUND('',#3802,.T.);
#4225=FACE_BOUND('',#3803,.T.);
#4226=FACE_BOUND('',#3804,.T.);
#4227=FACE_BOUND('',#3805,.T.);
#4228=FACE_BOUND('',#3806,.T.);
#4229=FACE_BOUND('',#3807,.T.);
#4230=FACE_BOUND('',#3808,.T.);
#4231=FACE_BOUND('',#3809,.T.);
#4232=FACE_BOUND('',#3810,.T.);
#4233=FACE_BOUND('',#3811,.T.);
#4234=FACE_BOUND('',#3812,.T.);
#4235=FACE_BOUND('',#3813,.T.);
#4236=FACE_BOUND('',#3814,.T.);
#4237=FACE_BOUND('',#3815,.T.);
#4238=FACE_BOUND('',#3816,.T.);
#4239=FACE_BOUND('',#3817,.T.);
#4240=FACE_BOUND('',#3818,.T.);
#4241=FACE_BOUND('',#3819,.T.);
#4242=FACE_BOUND('',#3820,.T.);
#4243=FACE_BOUND('',#3821,.T.);
#4244=FACE_BOUND('',#3822,.T.);
#4245=FACE_BOUND('',#3823,.T.);
#4246=FACE_BOUND('',#3824,.T.);
#4247=FACE_BOUND('',#3825,.T.);
#4248=FACE_BOUND('',#3826,.T.);
#4249=FACE_BOUND('',#3827,.T.);
#4250=FACE_BOUND('',#3828,.T.);
#4251=FACE_BOUND('',#3829,.T.);
#4252=FACE_BOUND('',#3830,.T.);
#4253=FACE_BOUND('',#3831,.T.);
#4254=FACE_BOUND('',#3832,.T.);
#4255=FACE_BOUND('',#3833,.T.);
#4256=FACE_BOUND('',#3834,.T.);
#4257=FACE_BOUND('',#3835,.T.);
#4258=FACE_BOUND('',#3836,.T.);
#4259=FACE_BOUND('',#3837,.T.);
#4260=PLANE('',#6752);
#4261=PLANE('',#6763);
#4262=PLANE('',#6770);
#4263=PLANE('',#6771);
#4264=PLANE('',#6777);
#4265=PLANE('',#6778);
#4266=PLANE('',#6785);
#4267=PLANE('',#6786);
#4268=PLANE('',#6792);
#4269=PLANE('',#6793);
#4270=PLANE('',#6800);
#4271=PLANE('',#6801);
#4272=PLANE('',#6807);
#4273=PLANE('',#6808);
#4274=PLANE('',#6815);
#4275=PLANE('',#6816);
#4276=PLANE('',#6822);
#4277=PLANE('',#6823);
#4278=PLANE('',#6830);
#4279=PLANE('',#6831);
#4280=PLANE('',#6837);
#4281=PLANE('',#6838);
#4282=PLANE('',#6845);
#4283=PLANE('',#6846);
#4284=PLANE('',#6852);
#4285=PLANE('',#6854);
#4286=PLANE('',#6860);
#4287=PLANE('',#6866);
#4288=PLANE('',#6867);
#4289=PLANE('',#6869);
#4290=PLANE('',#6875);
#4291=PLANE('',#6881);
#4292=PLANE('',#6882);
#4293=PLANE('',#6884);
#4294=PLANE('',#6890);
#4295=PLANE('',#6896);
#4296=PLANE('',#6897);
#4297=PLANE('',#6899);
#4298=PLANE('',#6905);
#4299=PLANE('',#6911);
#4300=PLANE('',#6912);
#4301=PLANE('',#6914);
#4302=PLANE('',#6920);
#4303=PLANE('',#6926);
#4304=PLANE('',#6927);
#4305=PLANE('',#6929);
#4306=PLANE('',#6935);
#4307=PLANE('',#6941);
#4308=PLANE('',#6942);
#4309=PLANE('',#6944);
#4310=PLANE('',#6950);
#4311=PLANE('',#6956);
#4312=PLANE('',#6957);
#4313=PLANE('',#7042);
#4314=PLANE('',#7049);
#4315=PLANE('',#7060);
#4316=PLANE('',#7061);
#4317=PLANE('',#7062);
#4318=PLANE('',#7063);
#4319=PLANE('',#7073);
#4320=PLANE('',#7077);
#4321=PLANE('',#7081);
#4322=PLANE('',#7085);
#4323=PLANE('',#7088);
#4324=PLANE('',#7091);
#4325=PLANE('',#7094);
#4326=PLANE('',#7097);
#4327=PLANE('',#7098);
#4328=PLANE('',#7139);
#4329=PLANE('',#7142);
#4330=PLANE('',#7143);
#4331=PLANE('',#7146);
#4332=PLANE('',#7161);
#4333=PLANE('',#7165);
#4334=PLANE('',#7169);
#4335=PLANE('',#7173);
#4336=PLANE('',#7177);
#4337=PLANE('',#7186);
#4338=PLANE('',#7189);
#4339=PLANE('',#7192);
#4340=PLANE('',#7195);
#4341=PLANE('',#7198);
#4342=PLANE('',#7205);
#4343=PLANE('',#7209);
#4344=PLANE('',#7213);
#4345=PLANE('',#7214);
#4346=PLANE('',#7215);
#4347=PLANE('',#7216);
#4348=PLANE('',#7217);
#4349=PLANE('',#7218);
#4350=PLANE('',#7259);
#4351=PLANE('',#7261);
#4352=STYLED_ITEM('',(#4651),#6448);
#4353=STYLED_ITEM('',(#4652),#6449);
#4354=STYLED_ITEM('',(#4653),#6450);
#4355=STYLED_ITEM('',(#4654),#6451);
#4356=STYLED_ITEM('',(#4655),#6452);
#4357=STYLED_ITEM('',(#4656),#6453);
#4358=STYLED_ITEM('',(#4657),#6454);
#4359=STYLED_ITEM('',(#4658),#6455);
#4360=STYLED_ITEM('',(#4659),#6456);
#4361=STYLED_ITEM('',(#4660),#6457);
#4362=STYLED_ITEM('',(#4661),#6458);
#4363=STYLED_ITEM('',(#4662),#6459);
#4364=STYLED_ITEM('',(#4663),#6460);
#4365=STYLED_ITEM('',(#4664),#6461);
#4366=STYLED_ITEM('',(#4665),#6462);
#4367=STYLED_ITEM('',(#4666),#6463);
#4368=STYLED_ITEM('',(#4667),#6464);
#4369=STYLED_ITEM('',(#4668),#6465);
#4370=STYLED_ITEM('',(#4669),#6466);
#4371=STYLED_ITEM('',(#4670),#6467);
#4372=STYLED_ITEM('',(#4671),#6468);
#4373=STYLED_ITEM('',(#4672),#6469);
#4374=STYLED_ITEM('',(#4673),#6470);
#4375=STYLED_ITEM('',(#4674),#6471);
#4376=STYLED_ITEM('',(#4675),#6472);
#4377=STYLED_ITEM('',(#4676),#6473);
#4378=STYLED_ITEM('',(#4677),#6474);
#4379=STYLED_ITEM('',(#4678),#6475);
#4380=STYLED_ITEM('',(#4679),#6476);
#4381=STYLED_ITEM('',(#4680),#6477);
#4382=STYLED_ITEM('',(#4681),#6478);
#4383=STYLED_ITEM('',(#4682),#6479);
#4384=STYLED_ITEM('',(#4683),#6480);
#4385=STYLED_ITEM('',(#4684),#6481);
#4386=STYLED_ITEM('',(#4685),#6482);
#4387=STYLED_ITEM('',(#4686),#6483);
#4388=STYLED_ITEM('',(#4687),#6484);
#4389=STYLED_ITEM('',(#4688),#6485);
#4390=STYLED_ITEM('',(#4689),#6486);
#4391=STYLED_ITEM('',(#4690),#6487);
#4392=STYLED_ITEM('',(#4691),#6488);
#4393=STYLED_ITEM('',(#4692),#6489);
#4394=STYLED_ITEM('',(#4693),#6490);
#4395=STYLED_ITEM('',(#4694),#6491);
#4396=STYLED_ITEM('',(#4695),#6492);
#4397=STYLED_ITEM('',(#4696),#6493);
#4398=STYLED_ITEM('',(#4697),#6494);
#4399=STYLED_ITEM('',(#4698),#6495);
#4400=STYLED_ITEM('',(#4699),#6496);
#4401=STYLED_ITEM('',(#4700),#6497);
#4402=STYLED_ITEM('',(#4701),#6498);
#4403=STYLED_ITEM('',(#4702),#6499);
#4404=STYLED_ITEM('',(#4703),#6500);
#4405=STYLED_ITEM('',(#4704),#6501);
#4406=STYLED_ITEM('',(#4705),#6502);
#4407=STYLED_ITEM('',(#4706),#6503);
#4408=STYLED_ITEM('',(#4707),#6504);
#4409=STYLED_ITEM('',(#4708),#6505);
#4410=STYLED_ITEM('',(#4709),#6506);
#4411=STYLED_ITEM('',(#4710),#6507);
#4412=STYLED_ITEM('',(#4711),#6508);
#4413=STYLED_ITEM('',(#4712),#6509);
#4414=STYLED_ITEM('',(#4713),#6510);
#4415=STYLED_ITEM('',(#4714),#6511);
#4416=STYLED_ITEM('',(#4715),#6512);
#4417=STYLED_ITEM('',(#4716),#6513);
#4418=STYLED_ITEM('',(#4717),#6514);
#4419=STYLED_ITEM('',(#4718),#6515);
#4420=STYLED_ITEM('',(#4719),#6516);
#4421=STYLED_ITEM('',(#4720),#6517);
#4422=STYLED_ITEM('',(#4721),#6518);
#4423=STYLED_ITEM('',(#4722),#6519);
#4424=STYLED_ITEM('',(#4723),#6520);
#4425=STYLED_ITEM('',(#4724),#6521);
#4426=STYLED_ITEM('',(#4725),#6522);
#4427=STYLED_ITEM('',(#4726),#6523);
#4428=STYLED_ITEM('',(#4727),#6524);
#4429=STYLED_ITEM('',(#4728),#6525);
#4430=STYLED_ITEM('',(#4729),#6526);
#4431=STYLED_ITEM('',(#4730),#6527);
#4432=STYLED_ITEM('',(#4731),#6528);
#4433=STYLED_ITEM('',(#4732),#6529);
#4434=STYLED_ITEM('',(#4733),#6530);
#4435=STYLED_ITEM('',(#4734),#6531);
#4436=STYLED_ITEM('',(#4735),#6532);
#4437=STYLED_ITEM('',(#4736),#6533);
#4438=STYLED_ITEM('',(#4737),#6534);
#4439=STYLED_ITEM('',(#4738),#6535);
#4440=STYLED_ITEM('',(#4739),#6536);
#4441=STYLED_ITEM('',(#4740),#6537);
#4442=STYLED_ITEM('',(#4741),#6538);
#4443=STYLED_ITEM('',(#4742),#6539);
#4444=STYLED_ITEM('',(#4743),#6540);
#4445=STYLED_ITEM('',(#4744),#6541);
#4446=STYLED_ITEM('',(#4745),#6542);
#4447=STYLED_ITEM('',(#4746),#6543);
#4448=STYLED_ITEM('',(#4747),#6544);
#4449=STYLED_ITEM('',(#4748),#6545);
#4450=STYLED_ITEM('',(#4749),#6546);
#4451=STYLED_ITEM('',(#4750),#6547);
#4452=STYLED_ITEM('',(#4751),#6548);
#4453=STYLED_ITEM('',(#4752),#6549);
#4454=STYLED_ITEM('',(#4753),#6550);
#4455=STYLED_ITEM('',(#4754),#6551);
#4456=STYLED_ITEM('',(#4755),#6552);
#4457=STYLED_ITEM('',(#4756),#6553);
#4458=STYLED_ITEM('',(#4757),#6554);
#4459=STYLED_ITEM('',(#4758),#6555);
#4460=STYLED_ITEM('',(#4759),#6556);
#4461=STYLED_ITEM('',(#4760),#6557);
#4462=STYLED_ITEM('',(#4761),#6558);
#4463=STYLED_ITEM('',(#4762),#6559);
#4464=STYLED_ITEM('',(#4763),#6560);
#4465=STYLED_ITEM('',(#4764),#6561);
#4466=STYLED_ITEM('',(#4765),#6562);
#4467=STYLED_ITEM('',(#4766),#6563);
#4468=STYLED_ITEM('',(#4767),#6564);
#4469=STYLED_ITEM('',(#4768),#6565);
#4470=STYLED_ITEM('',(#4769),#6566);
#4471=STYLED_ITEM('',(#4770),#6567);
#4472=STYLED_ITEM('',(#4771),#6568);
#4473=STYLED_ITEM('',(#4772),#6569);
#4474=STYLED_ITEM('',(#4773),#6570);
#4475=STYLED_ITEM('',(#4774),#6571);
#4476=STYLED_ITEM('',(#4775),#6572);
#4477=STYLED_ITEM('',(#4776),#6573);
#4478=STYLED_ITEM('',(#4777),#6574);
#4479=STYLED_ITEM('',(#4778),#6575);
#4480=STYLED_ITEM('',(#4779),#6576);
#4481=STYLED_ITEM('',(#4780),#6577);
#4482=STYLED_ITEM('',(#4781),#6578);
#4483=STYLED_ITEM('',(#4782),#6579);
#4484=STYLED_ITEM('',(#4783),#6580);
#4485=STYLED_ITEM('',(#4784),#6581);
#4486=STYLED_ITEM('',(#4785),#6582);
#4487=STYLED_ITEM('',(#4786),#6583);
#4488=STYLED_ITEM('',(#4787),#6584);
#4489=STYLED_ITEM('',(#4788),#6585);
#4490=STYLED_ITEM('',(#4789),#6586);
#4491=STYLED_ITEM('',(#4790),#6587);
#4492=STYLED_ITEM('',(#4791),#6588);
#4493=STYLED_ITEM('',(#4792),#6589);
#4494=STYLED_ITEM('',(#4793),#6590);
#4495=STYLED_ITEM('',(#4794),#6591);
#4496=STYLED_ITEM('',(#4795),#6592);
#4497=STYLED_ITEM('',(#4796),#6593);
#4498=STYLED_ITEM('',(#4797),#6594);
#4499=STYLED_ITEM('',(#4798),#6595);
#4500=STYLED_ITEM('',(#4799),#6596);
#4501=STYLED_ITEM('',(#4800),#6597);
#4502=STYLED_ITEM('',(#4801),#6598);
#4503=STYLED_ITEM('',(#4802),#6599);
#4504=STYLED_ITEM('',(#4803),#6600);
#4505=STYLED_ITEM('',(#4804),#6601);
#4506=STYLED_ITEM('',(#4805),#6602);
#4507=STYLED_ITEM('',(#4806),#6603);
#4508=STYLED_ITEM('',(#4807),#6604);
#4509=STYLED_ITEM('',(#4808),#6605);
#4510=STYLED_ITEM('',(#4809),#6606);
#4511=STYLED_ITEM('',(#4810),#6607);
#4512=STYLED_ITEM('',(#4811),#6608);
#4513=STYLED_ITEM('',(#4812),#6609);
#4514=STYLED_ITEM('',(#4813),#6610);
#4515=STYLED_ITEM('',(#4814),#6611);
#4516=STYLED_ITEM('',(#4815),#6612);
#4517=STYLED_ITEM('',(#4816),#6613);
#4518=STYLED_ITEM('',(#4817),#6614);
#4519=STYLED_ITEM('',(#4818),#6615);
#4520=STYLED_ITEM('',(#4819),#6616);
#4521=STYLED_ITEM('',(#4820),#6617);
#4522=STYLED_ITEM('',(#4821),#6618);
#4523=STYLED_ITEM('',(#4822),#6619);
#4524=STYLED_ITEM('',(#4823),#6620);
#4525=STYLED_ITEM('',(#4824),#6621);
#4526=STYLED_ITEM('',(#4825),#6622);
#4527=STYLED_ITEM('',(#4826),#6623);
#4528=STYLED_ITEM('',(#4827),#6624);
#4529=STYLED_ITEM('',(#4828),#6625);
#4530=STYLED_ITEM('',(#4829),#6626);
#4531=STYLED_ITEM('',(#4830),#6627);
#4532=STYLED_ITEM('',(#4831),#6628);
#4533=STYLED_ITEM('',(#4832),#6629);
#4534=STYLED_ITEM('',(#4833),#6630);
#4535=STYLED_ITEM('',(#4834),#6631);
#4536=STYLED_ITEM('',(#4835),#6632);
#4537=STYLED_ITEM('',(#4836),#6633);
#4538=STYLED_ITEM('',(#4837),#6634);
#4539=STYLED_ITEM('',(#4838),#6635);
#4540=STYLED_ITEM('',(#4839),#6636);
#4541=STYLED_ITEM('',(#4840),#6637);
#4542=STYLED_ITEM('',(#4841),#6638);
#4543=STYLED_ITEM('',(#4842),#6639);
#4544=STYLED_ITEM('',(#4843),#6640);
#4545=STYLED_ITEM('',(#4844),#6641);
#4546=STYLED_ITEM('',(#4845),#6642);
#4547=STYLED_ITEM('',(#4846),#6643);
#4548=STYLED_ITEM('',(#4847),#6644);
#4549=STYLED_ITEM('',(#4848),#6645);
#4550=STYLED_ITEM('',(#4849),#6646);
#4551=STYLED_ITEM('',(#4850),#6647);
#4552=STYLED_ITEM('',(#4851),#6648);
#4553=STYLED_ITEM('',(#4852),#6649);
#4554=STYLED_ITEM('',(#4853),#6650);
#4555=STYLED_ITEM('',(#4854),#6651);
#4556=STYLED_ITEM('',(#4855),#6652);
#4557=STYLED_ITEM('',(#4856),#6653);
#4558=STYLED_ITEM('',(#4857),#6654);
#4559=STYLED_ITEM('',(#4858),#6655);
#4560=STYLED_ITEM('',(#4859),#6656);
#4561=STYLED_ITEM('',(#4860),#6657);
#4562=STYLED_ITEM('',(#4861),#6658);
#4563=STYLED_ITEM('',(#4862),#6659);
#4564=STYLED_ITEM('',(#4863),#6660);
#4565=STYLED_ITEM('',(#4864),#6661);
#4566=STYLED_ITEM('',(#4865),#6662);
#4567=STYLED_ITEM('',(#4866),#6663);
#4568=STYLED_ITEM('',(#4867),#6664);
#4569=STYLED_ITEM('',(#4868),#6665);
#4570=STYLED_ITEM('',(#4869),#6666);
#4571=STYLED_ITEM('',(#4870),#6667);
#4572=STYLED_ITEM('',(#4871),#6668);
#4573=STYLED_ITEM('',(#4872),#6669);
#4574=STYLED_ITEM('',(#4873),#6670);
#4575=STYLED_ITEM('',(#4874),#6671);
#4576=STYLED_ITEM('',(#4875),#6672);
#4577=STYLED_ITEM('',(#4876),#6673);
#4578=STYLED_ITEM('',(#4877),#6674);
#4579=STYLED_ITEM('',(#4878),#6675);
#4580=STYLED_ITEM('',(#4879),#6676);
#4581=STYLED_ITEM('',(#4880),#6677);
#4582=STYLED_ITEM('',(#4881),#6678);
#4583=STYLED_ITEM('',(#4882),#6679);
#4584=STYLED_ITEM('',(#4883),#6680);
#4585=STYLED_ITEM('',(#4884),#6681);
#4586=STYLED_ITEM('',(#4885),#6682);
#4587=STYLED_ITEM('',(#4886),#6683);
#4588=STYLED_ITEM('',(#4887),#6684);
#4589=STYLED_ITEM('',(#4888),#6685);
#4590=STYLED_ITEM('',(#4889),#6686);
#4591=STYLED_ITEM('',(#4890),#6687);
#4592=STYLED_ITEM('',(#4891),#6688);
#4593=STYLED_ITEM('',(#4892),#6689);
#4594=STYLED_ITEM('',(#4893),#6690);
#4595=STYLED_ITEM('',(#4894),#6691);
#4596=STYLED_ITEM('',(#4895),#6692);
#4597=STYLED_ITEM('',(#4896),#6693);
#4598=STYLED_ITEM('',(#4897),#6694);
#4599=STYLED_ITEM('',(#4898),#6695);
#4600=STYLED_ITEM('',(#4899),#6696);
#4601=STYLED_ITEM('',(#4900),#6697);
#4602=STYLED_ITEM('',(#4901),#6698);
#4603=STYLED_ITEM('',(#4902),#6699);
#4604=STYLED_ITEM('',(#4903),#6700);
#4605=STYLED_ITEM('',(#4904),#6701);
#4606=STYLED_ITEM('',(#4905),#6702);
#4607=STYLED_ITEM('',(#4906),#6703);
#4608=STYLED_ITEM('',(#4907),#6704);
#4609=STYLED_ITEM('',(#4908),#6705);
#4610=STYLED_ITEM('',(#4909),#6706);
#4611=STYLED_ITEM('',(#4910),#6707);
#4612=STYLED_ITEM('',(#4911),#6708);
#4613=STYLED_ITEM('',(#4912),#6709);
#4614=STYLED_ITEM('',(#4913),#6710);
#4615=STYLED_ITEM('',(#4914),#6711);
#4616=STYLED_ITEM('',(#4915),#6712);
#4617=STYLED_ITEM('',(#4916),#6713);
#4618=STYLED_ITEM('',(#4917),#6714);
#4619=STYLED_ITEM('',(#4918),#6715);
#4620=STYLED_ITEM('',(#4919),#6716);
#4621=STYLED_ITEM('',(#4920),#6717);
#4622=STYLED_ITEM('',(#4921),#6718);
#4623=STYLED_ITEM('',(#4922),#6719);
#4624=STYLED_ITEM('',(#4923),#6720);
#4625=STYLED_ITEM('',(#4924),#6721);
#4626=STYLED_ITEM('',(#4925),#6722);
#4627=STYLED_ITEM('',(#4926),#6723);
#4628=STYLED_ITEM('',(#4927),#6724);
#4629=STYLED_ITEM('',(#4928),#6725);
#4630=STYLED_ITEM('',(#4929),#6726);
#4631=STYLED_ITEM('',(#4930),#6727);
#4632=STYLED_ITEM('',(#4931),#6728);
#4633=STYLED_ITEM('',(#4932),#6729);
#4634=STYLED_ITEM('',(#4933),#6730);
#4635=STYLED_ITEM('',(#4934),#6731);
#4636=STYLED_ITEM('',(#4935),#6732);
#4637=STYLED_ITEM('',(#4936),#6733);
#4638=STYLED_ITEM('',(#4937),#6734);
#4639=STYLED_ITEM('',(#4938),#6735);
#4640=STYLED_ITEM('',(#4939),#6736);
#4641=STYLED_ITEM('',(#4940),#6737);
#4642=STYLED_ITEM('',(#4941),#6738);
#4643=STYLED_ITEM('',(#4942),#6739);
#4644=STYLED_ITEM('',(#4943),#6740);
#4645=STYLED_ITEM('',(#4944),#6741);
#4646=STYLED_ITEM('',(#4945),#6742);
#4647=STYLED_ITEM('',(#4946),#6743);
#4648=STYLED_ITEM('',(#4947),#6744);
#4649=STYLED_ITEM('',(#4948),#6745);
#4650=STYLED_ITEM('',(#4949),#6746);
#4651=PRESENTATION_STYLE_ASSIGNMENT((#4950));
#4652=PRESENTATION_STYLE_ASSIGNMENT((#4951));
#4653=PRESENTATION_STYLE_ASSIGNMENT((#4952));
#4654=PRESENTATION_STYLE_ASSIGNMENT((#4953));
#4655=PRESENTATION_STYLE_ASSIGNMENT((#4954));
#4656=PRESENTATION_STYLE_ASSIGNMENT((#4955));
#4657=PRESENTATION_STYLE_ASSIGNMENT((#4956));
#4658=PRESENTATION_STYLE_ASSIGNMENT((#4957));
#4659=PRESENTATION_STYLE_ASSIGNMENT((#4958));
#4660=PRESENTATION_STYLE_ASSIGNMENT((#4959));
#4661=PRESENTATION_STYLE_ASSIGNMENT((#4960));
#4662=PRESENTATION_STYLE_ASSIGNMENT((#4961));
#4663=PRESENTATION_STYLE_ASSIGNMENT((#4962));
#4664=PRESENTATION_STYLE_ASSIGNMENT((#4963));
#4665=PRESENTATION_STYLE_ASSIGNMENT((#4964));
#4666=PRESENTATION_STYLE_ASSIGNMENT((#4965));
#4667=PRESENTATION_STYLE_ASSIGNMENT((#4966));
#4668=PRESENTATION_STYLE_ASSIGNMENT((#4967));
#4669=PRESENTATION_STYLE_ASSIGNMENT((#4968));
#4670=PRESENTATION_STYLE_ASSIGNMENT((#4969));
#4671=PRESENTATION_STYLE_ASSIGNMENT((#4970));
#4672=PRESENTATION_STYLE_ASSIGNMENT((#4971));
#4673=PRESENTATION_STYLE_ASSIGNMENT((#4972));
#4674=PRESENTATION_STYLE_ASSIGNMENT((#4973));
#4675=PRESENTATION_STYLE_ASSIGNMENT((#4974));
#4676=PRESENTATION_STYLE_ASSIGNMENT((#4975));
#4677=PRESENTATION_STYLE_ASSIGNMENT((#4976));
#4678=PRESENTATION_STYLE_ASSIGNMENT((#4977));
#4679=PRESENTATION_STYLE_ASSIGNMENT((#4978));
#4680=PRESENTATION_STYLE_ASSIGNMENT((#4979));
#4681=PRESENTATION_STYLE_ASSIGNMENT((#4980));
#4682=PRESENTATION_STYLE_ASSIGNMENT((#4981));
#4683=PRESENTATION_STYLE_ASSIGNMENT((#4982));
#4684=PRESENTATION_STYLE_ASSIGNMENT((#4983));
#4685=PRESENTATION_STYLE_ASSIGNMENT((#4984));
#4686=PRESENTATION_STYLE_ASSIGNMENT((#4985));
#4687=PRESENTATION_STYLE_ASSIGNMENT((#4986));
#4688=PRESENTATION_STYLE_ASSIGNMENT((#4987));
#4689=PRESENTATION_STYLE_ASSIGNMENT((#4988));
#4690=PRESENTATION_STYLE_ASSIGNMENT((#4989));
#4691=PRESENTATION_STYLE_ASSIGNMENT((#4990));
#4692=PRESENTATION_STYLE_ASSIGNMENT((#4991));
#4693=PRESENTATION_STYLE_ASSIGNMENT((#4992));
#4694=PRESENTATION_STYLE_ASSIGNMENT((#4993));
#4695=PRESENTATION_STYLE_ASSIGNMENT((#4994));
#4696=PRESENTATION_STYLE_ASSIGNMENT((#4995));
#4697=PRESENTATION_STYLE_ASSIGNMENT((#4996));
#4698=PRESENTATION_STYLE_ASSIGNMENT((#4997));
#4699=PRESENTATION_STYLE_ASSIGNMENT((#4998));
#4700=PRESENTATION_STYLE_ASSIGNMENT((#4999));
#4701=PRESENTATION_STYLE_ASSIGNMENT((#5000));
#4702=PRESENTATION_STYLE_ASSIGNMENT((#5001));
#4703=PRESENTATION_STYLE_ASSIGNMENT((#5002));
#4704=PRESENTATION_STYLE_ASSIGNMENT((#5003));
#4705=PRESENTATION_STYLE_ASSIGNMENT((#5004));
#4706=PRESENTATION_STYLE_ASSIGNMENT((#5005));
#4707=PRESENTATION_STYLE_ASSIGNMENT((#5006));
#4708=PRESENTATION_STYLE_ASSIGNMENT((#5007));
#4709=PRESENTATION_STYLE_ASSIGNMENT((#5008));
#4710=PRESENTATION_STYLE_ASSIGNMENT((#5009));
#4711=PRESENTATION_STYLE_ASSIGNMENT((#5010));
#4712=PRESENTATION_STYLE_ASSIGNMENT((#5011));
#4713=PRESENTATION_STYLE_ASSIGNMENT((#5012));
#4714=PRESENTATION_STYLE_ASSIGNMENT((#5013));
#4715=PRESENTATION_STYLE_ASSIGNMENT((#5014));
#4716=PRESENTATION_STYLE_ASSIGNMENT((#5015));
#4717=PRESENTATION_STYLE_ASSIGNMENT((#5016));
#4718=PRESENTATION_STYLE_ASSIGNMENT((#5017));
#4719=PRESENTATION_STYLE_ASSIGNMENT((#5018));
#4720=PRESENTATION_STYLE_ASSIGNMENT((#5019));
#4721=PRESENTATION_STYLE_ASSIGNMENT((#5020));
#4722=PRESENTATION_STYLE_ASSIGNMENT((#5021));
#4723=PRESENTATION_STYLE_ASSIGNMENT((#5022));
#4724=PRESENTATION_STYLE_ASSIGNMENT((#5023));
#4725=PRESENTATION_STYLE_ASSIGNMENT((#5024));
#4726=PRESENTATION_STYLE_ASSIGNMENT((#5025));
#4727=PRESENTATION_STYLE_ASSIGNMENT((#5026));
#4728=PRESENTATION_STYLE_ASSIGNMENT((#5027));
#4729=PRESENTATION_STYLE_ASSIGNMENT((#5028));
#4730=PRESENTATION_STYLE_ASSIGNMENT((#5029));
#4731=PRESENTATION_STYLE_ASSIGNMENT((#5030));
#4732=PRESENTATION_STYLE_ASSIGNMENT((#5031));
#4733=PRESENTATION_STYLE_ASSIGNMENT((#5032));
#4734=PRESENTATION_STYLE_ASSIGNMENT((#5033));
#4735=PRESENTATION_STYLE_ASSIGNMENT((#5034));
#4736=PRESENTATION_STYLE_ASSIGNMENT((#5035));
#4737=PRESENTATION_STYLE_ASSIGNMENT((#5036));
#4738=PRESENTATION_STYLE_ASSIGNMENT((#5037));
#4739=PRESENTATION_STYLE_ASSIGNMENT((#5038));
#4740=PRESENTATION_STYLE_ASSIGNMENT((#5039));
#4741=PRESENTATION_STYLE_ASSIGNMENT((#5040));
#4742=PRESENTATION_STYLE_ASSIGNMENT((#5041));
#4743=PRESENTATION_STYLE_ASSIGNMENT((#5042));
#4744=PRESENTATION_STYLE_ASSIGNMENT((#5043));
#4745=PRESENTATION_STYLE_ASSIGNMENT((#5044));
#4746=PRESENTATION_STYLE_ASSIGNMENT((#5045));
#4747=PRESENTATION_STYLE_ASSIGNMENT((#5046));
#4748=PRESENTATION_STYLE_ASSIGNMENT((#5047));
#4749=PRESENTATION_STYLE_ASSIGNMENT((#5048));
#4750=PRESENTATION_STYLE_ASSIGNMENT((#5049));
#4751=PRESENTATION_STYLE_ASSIGNMENT((#5050));
#4752=PRESENTATION_STYLE_ASSIGNMENT((#5051));
#4753=PRESENTATION_STYLE_ASSIGNMENT((#5052));
#4754=PRESENTATION_STYLE_ASSIGNMENT((#5053));
#4755=PRESENTATION_STYLE_ASSIGNMENT((#5054));
#4756=PRESENTATION_STYLE_ASSIGNMENT((#5055));
#4757=PRESENTATION_STYLE_ASSIGNMENT((#5056));
#4758=PRESENTATION_STYLE_ASSIGNMENT((#5057));
#4759=PRESENTATION_STYLE_ASSIGNMENT((#5058));
#4760=PRESENTATION_STYLE_ASSIGNMENT((#5059));
#4761=PRESENTATION_STYLE_ASSIGNMENT((#5060));
#4762=PRESENTATION_STYLE_ASSIGNMENT((#5061));
#4763=PRESENTATION_STYLE_ASSIGNMENT((#5062));
#4764=PRESENTATION_STYLE_ASSIGNMENT((#5063));
#4765=PRESENTATION_STYLE_ASSIGNMENT((#5064));
#4766=PRESENTATION_STYLE_ASSIGNMENT((#5065));
#4767=PRESENTATION_STYLE_ASSIGNMENT((#5066));
#4768=PRESENTATION_STYLE_ASSIGNMENT((#5067));
#4769=PRESENTATION_STYLE_ASSIGNMENT((#5068));
#4770=PRESENTATION_STYLE_ASSIGNMENT((#5069));
#4771=PRESENTATION_STYLE_ASSIGNMENT((#5070));
#4772=PRESENTATION_STYLE_ASSIGNMENT((#5071));
#4773=PRESENTATION_STYLE_ASSIGNMENT((#5072));
#4774=PRESENTATION_STYLE_ASSIGNMENT((#5073));
#4775=PRESENTATION_STYLE_ASSIGNMENT((#5074));
#4776=PRESENTATION_STYLE_ASSIGNMENT((#5075));
#4777=PRESENTATION_STYLE_ASSIGNMENT((#5076));
#4778=PRESENTATION_STYLE_ASSIGNMENT((#5077));
#4779=PRESENTATION_STYLE_ASSIGNMENT((#5078));
#4780=PRESENTATION_STYLE_ASSIGNMENT((#5079));
#4781=PRESENTATION_STYLE_ASSIGNMENT((#5080));
#4782=PRESENTATION_STYLE_ASSIGNMENT((#5081));
#4783=PRESENTATION_STYLE_ASSIGNMENT((#5082));
#4784=PRESENTATION_STYLE_ASSIGNMENT((#5083));
#4785=PRESENTATION_STYLE_ASSIGNMENT((#5084));
#4786=PRESENTATION_STYLE_ASSIGNMENT((#5085));
#4787=PRESENTATION_STYLE_ASSIGNMENT((#5086));
#4788=PRESENTATION_STYLE_ASSIGNMENT((#5087));
#4789=PRESENTATION_STYLE_ASSIGNMENT((#5088));
#4790=PRESENTATION_STYLE_ASSIGNMENT((#5089));
#4791=PRESENTATION_STYLE_ASSIGNMENT((#5090));
#4792=PRESENTATION_STYLE_ASSIGNMENT((#5091));
#4793=PRESENTATION_STYLE_ASSIGNMENT((#5092));
#4794=PRESENTATION_STYLE_ASSIGNMENT((#5093));
#4795=PRESENTATION_STYLE_ASSIGNMENT((#5094));
#4796=PRESENTATION_STYLE_ASSIGNMENT((#5095));
#4797=PRESENTATION_STYLE_ASSIGNMENT((#5096));
#4798=PRESENTATION_STYLE_ASSIGNMENT((#5097));
#4799=PRESENTATION_STYLE_ASSIGNMENT((#5098));
#4800=PRESENTATION_STYLE_ASSIGNMENT((#5099));
#4801=PRESENTATION_STYLE_ASSIGNMENT((#5100));
#4802=PRESENTATION_STYLE_ASSIGNMENT((#5101));
#4803=PRESENTATION_STYLE_ASSIGNMENT((#5102));
#4804=PRESENTATION_STYLE_ASSIGNMENT((#5103));
#4805=PRESENTATION_STYLE_ASSIGNMENT((#5104));
#4806=PRESENTATION_STYLE_ASSIGNMENT((#5105));
#4807=PRESENTATION_STYLE_ASSIGNMENT((#5106));
#4808=PRESENTATION_STYLE_ASSIGNMENT((#5107));
#4809=PRESENTATION_STYLE_ASSIGNMENT((#5108));
#4810=PRESENTATION_STYLE_ASSIGNMENT((#5109));
#4811=PRESENTATION_STYLE_ASSIGNMENT((#5110));
#4812=PRESENTATION_STYLE_ASSIGNMENT((#5111));
#4813=PRESENTATION_STYLE_ASSIGNMENT((#5112));
#4814=PRESENTATION_STYLE_ASSIGNMENT((#5113));
#4815=PRESENTATION_STYLE_ASSIGNMENT((#5114));
#4816=PRESENTATION_STYLE_ASSIGNMENT((#5115));
#4817=PRESENTATION_STYLE_ASSIGNMENT((#5116));
#4818=PRESENTATION_STYLE_ASSIGNMENT((#5117));
#4819=PRESENTATION_STYLE_ASSIGNMENT((#5118));
#4820=PRESENTATION_STYLE_ASSIGNMENT((#5119));
#4821=PRESENTATION_STYLE_ASSIGNMENT((#5120));
#4822=PRESENTATION_STYLE_ASSIGNMENT((#5121));
#4823=PRESENTATION_STYLE_ASSIGNMENT((#5122));
#4824=PRESENTATION_STYLE_ASSIGNMENT((#5123));
#4825=PRESENTATION_STYLE_ASSIGNMENT((#5124));
#4826=PRESENTATION_STYLE_ASSIGNMENT((#5125));
#4827=PRESENTATION_STYLE_ASSIGNMENT((#5126));
#4828=PRESENTATION_STYLE_ASSIGNMENT((#5127));
#4829=PRESENTATION_STYLE_ASSIGNMENT((#5128));
#4830=PRESENTATION_STYLE_ASSIGNMENT((#5129));
#4831=PRESENTATION_STYLE_ASSIGNMENT((#5130));
#4832=PRESENTATION_STYLE_ASSIGNMENT((#5131));
#4833=PRESENTATION_STYLE_ASSIGNMENT((#5132));
#4834=PRESENTATION_STYLE_ASSIGNMENT((#5133));
#4835=PRESENTATION_STYLE_ASSIGNMENT((#5134));
#4836=PRESENTATION_STYLE_ASSIGNMENT((#5135));
#4837=PRESENTATION_STYLE_ASSIGNMENT((#5136));
#4838=PRESENTATION_STYLE_ASSIGNMENT((#5137));
#4839=PRESENTATION_STYLE_ASSIGNMENT((#5138));
#4840=PRESENTATION_STYLE_ASSIGNMENT((#5139));
#4841=PRESENTATION_STYLE_ASSIGNMENT((#5140));
#4842=PRESENTATION_STYLE_ASSIGNMENT((#5141));
#4843=PRESENTATION_STYLE_ASSIGNMENT((#5142));
#4844=PRESENTATION_STYLE_ASSIGNMENT((#5143));
#4845=PRESENTATION_STYLE_ASSIGNMENT((#5144));
#4846=PRESENTATION_STYLE_ASSIGNMENT((#5145));
#4847=PRESENTATION_STYLE_ASSIGNMENT((#5146));
#4848=PRESENTATION_STYLE_ASSIGNMENT((#5147));
#4849=PRESENTATION_STYLE_ASSIGNMENT((#5148));
#4850=PRESENTATION_STYLE_ASSIGNMENT((#5149));
#4851=PRESENTATION_STYLE_ASSIGNMENT((#5150));
#4852=PRESENTATION_STYLE_ASSIGNMENT((#5151));
#4853=PRESENTATION_STYLE_ASSIGNMENT((#5152));
#4854=PRESENTATION_STYLE_ASSIGNMENT((#5153));
#4855=PRESENTATION_STYLE_ASSIGNMENT((#5154));
#4856=PRESENTATION_STYLE_ASSIGNMENT((#5155));
#4857=PRESENTATION_STYLE_ASSIGNMENT((#5156));
#4858=PRESENTATION_STYLE_ASSIGNMENT((#5157));
#4859=PRESENTATION_STYLE_ASSIGNMENT((#5158));
#4860=PRESENTATION_STYLE_ASSIGNMENT((#5159));
#4861=PRESENTATION_STYLE_ASSIGNMENT((#5160));
#4862=PRESENTATION_STYLE_ASSIGNMENT((#5161));
#4863=PRESENTATION_STYLE_ASSIGNMENT((#5162));
#4864=PRESENTATION_STYLE_ASSIGNMENT((#5163));
#4865=PRESENTATION_STYLE_ASSIGNMENT((#5164));
#4866=PRESENTATION_STYLE_ASSIGNMENT((#5165));
#4867=PRESENTATION_STYLE_ASSIGNMENT((#5166));
#4868=PRESENTATION_STYLE_ASSIGNMENT((#5167));
#4869=PRESENTATION_STYLE_ASSIGNMENT((#5168));
#4870=PRESENTATION_STYLE_ASSIGNMENT((#5169));
#4871=PRESENTATION_STYLE_ASSIGNMENT((#5170));
#4872=PRESENTATION_STYLE_ASSIGNMENT((#5171));
#4873=PRESENTATION_STYLE_ASSIGNMENT((#5172));
#4874=PRESENTATION_STYLE_ASSIGNMENT((#5173));
#4875=PRESENTATION_STYLE_ASSIGNMENT((#5174));
#4876=PRESENTATION_STYLE_ASSIGNMENT((#5175));
#4877=PRESENTATION_STYLE_ASSIGNMENT((#5176));
#4878=PRESENTATION_STYLE_ASSIGNMENT((#5177));
#4879=PRESENTATION_STYLE_ASSIGNMENT((#5178));
#4880=PRESENTATION_STYLE_ASSIGNMENT((#5179));
#4881=PRESENTATION_STYLE_ASSIGNMENT((#5180));
#4882=PRESENTATION_STYLE_ASSIGNMENT((#5181));
#4883=PRESENTATION_STYLE_ASSIGNMENT((#5182));
#4884=PRESENTATION_STYLE_ASSIGNMENT((#5183));
#4885=PRESENTATION_STYLE_ASSIGNMENT((#5184));
#4886=PRESENTATION_STYLE_ASSIGNMENT((#5185));
#4887=PRESENTATION_STYLE_ASSIGNMENT((#5186));
#4888=PRESENTATION_STYLE_ASSIGNMENT((#5187));
#4889=PRESENTATION_STYLE_ASSIGNMENT((#5188));
#4890=PRESENTATION_STYLE_ASSIGNMENT((#5189));
#4891=PRESENTATION_STYLE_ASSIGNMENT((#5190));
#4892=PRESENTATION_STYLE_ASSIGNMENT((#5191));
#4893=PRESENTATION_STYLE_ASSIGNMENT((#5192));
#4894=PRESENTATION_STYLE_ASSIGNMENT((#5193));
#4895=PRESENTATION_STYLE_ASSIGNMENT((#5194));
#4896=PRESENTATION_STYLE_ASSIGNMENT((#5195));
#4897=PRESENTATION_STYLE_ASSIGNMENT((#5196));
#4898=PRESENTATION_STYLE_ASSIGNMENT((#5197));
#4899=PRESENTATION_STYLE_ASSIGNMENT((#5198));
#4900=PRESENTATION_STYLE_ASSIGNMENT((#5199));
#4901=PRESENTATION_STYLE_ASSIGNMENT((#5200));
#4902=PRESENTATION_STYLE_ASSIGNMENT((#5201));
#4903=PRESENTATION_STYLE_ASSIGNMENT((#5202));
#4904=PRESENTATION_STYLE_ASSIGNMENT((#5203));
#4905=PRESENTATION_STYLE_ASSIGNMENT((#5204));
#4906=PRESENTATION_STYLE_ASSIGNMENT((#5205));
#4907=PRESENTATION_STYLE_ASSIGNMENT((#5206));
#4908=PRESENTATION_STYLE_ASSIGNMENT((#5207));
#4909=PRESENTATION_STYLE_ASSIGNMENT((#5208));
#4910=PRESENTATION_STYLE_ASSIGNMENT((#5209));
#4911=PRESENTATION_STYLE_ASSIGNMENT((#5210));
#4912=PRESENTATION_STYLE_ASSIGNMENT((#5211));
#4913=PRESENTATION_STYLE_ASSIGNMENT((#5212));
#4914=PRESENTATION_STYLE_ASSIGNMENT((#5213));
#4915=PRESENTATION_STYLE_ASSIGNMENT((#5214));
#4916=PRESENTATION_STYLE_ASSIGNMENT((#5215));
#4917=PRESENTATION_STYLE_ASSIGNMENT((#5216));
#4918=PRESENTATION_STYLE_ASSIGNMENT((#5217));
#4919=PRESENTATION_STYLE_ASSIGNMENT((#5218));
#4920=PRESENTATION_STYLE_ASSIGNMENT((#5219));
#4921=PRESENTATION_STYLE_ASSIGNMENT((#5220));
#4922=PRESENTATION_STYLE_ASSIGNMENT((#5221));
#4923=PRESENTATION_STYLE_ASSIGNMENT((#5222));
#4924=PRESENTATION_STYLE_ASSIGNMENT((#5223));
#4925=PRESENTATION_STYLE_ASSIGNMENT((#5224));
#4926=PRESENTATION_STYLE_ASSIGNMENT((#5225));
#4927=PRESENTATION_STYLE_ASSIGNMENT((#5226));
#4928=PRESENTATION_STYLE_ASSIGNMENT((#5227));
#4929=PRESENTATION_STYLE_ASSIGNMENT((#5228));
#4930=PRESENTATION_STYLE_ASSIGNMENT((#5229));
#4931=PRESENTATION_STYLE_ASSIGNMENT((#5230));
#4932=PRESENTATION_STYLE_ASSIGNMENT((#5231));
#4933=PRESENTATION_STYLE_ASSIGNMENT((#5232));
#4934=PRESENTATION_STYLE_ASSIGNMENT((#5233));
#4935=PRESENTATION_STYLE_ASSIGNMENT((#5234));
#4936=PRESENTATION_STYLE_ASSIGNMENT((#5235));
#4937=PRESENTATION_STYLE_ASSIGNMENT((#5236));
#4938=PRESENTATION_STYLE_ASSIGNMENT((#5237));
#4939=PRESENTATION_STYLE_ASSIGNMENT((#5238));
#4940=PRESENTATION_STYLE_ASSIGNMENT((#5239));
#4941=PRESENTATION_STYLE_ASSIGNMENT((#5240));
#4942=PRESENTATION_STYLE_ASSIGNMENT((#5241));
#4943=PRESENTATION_STYLE_ASSIGNMENT((#5242));
#4944=PRESENTATION_STYLE_ASSIGNMENT((#5243));
#4945=PRESENTATION_STYLE_ASSIGNMENT((#5244));
#4946=PRESENTATION_STYLE_ASSIGNMENT((#5245));
#4947=PRESENTATION_STYLE_ASSIGNMENT((#5246));
#4948=PRESENTATION_STYLE_ASSIGNMENT((#5247));
#4949=PRESENTATION_STYLE_ASSIGNMENT((#5248));
#4950=SURFACE_STYLE_USAGE(.BOTH.,#5249);
#4951=SURFACE_STYLE_USAGE(.BOTH.,#5250);
#4952=SURFACE_STYLE_USAGE(.BOTH.,#5251);
#4953=SURFACE_STYLE_USAGE(.BOTH.,#5252);
#4954=SURFACE_STYLE_USAGE(.BOTH.,#5253);
#4955=SURFACE_STYLE_USAGE(.BOTH.,#5254);
#4956=SURFACE_STYLE_USAGE(.BOTH.,#5255);
#4957=SURFACE_STYLE_USAGE(.BOTH.,#5256);
#4958=SURFACE_STYLE_USAGE(.BOTH.,#5257);
#4959=SURFACE_STYLE_USAGE(.BOTH.,#5258);
#4960=SURFACE_STYLE_USAGE(.BOTH.,#5259);
#4961=SURFACE_STYLE_USAGE(.BOTH.,#5260);
#4962=SURFACE_STYLE_USAGE(.BOTH.,#5261);
#4963=SURFACE_STYLE_USAGE(.BOTH.,#5262);
#4964=SURFACE_STYLE_USAGE(.BOTH.,#5263);
#4965=SURFACE_STYLE_USAGE(.BOTH.,#5264);
#4966=SURFACE_STYLE_USAGE(.BOTH.,#5265);
#4967=SURFACE_STYLE_USAGE(.BOTH.,#5266);
#4968=SURFACE_STYLE_USAGE(.BOTH.,#5267);
#4969=SURFACE_STYLE_USAGE(.BOTH.,#5268);
#4970=SURFACE_STYLE_USAGE(.BOTH.,#5269);
#4971=SURFACE_STYLE_USAGE(.BOTH.,#5270);
#4972=SURFACE_STYLE_USAGE(.BOTH.,#5271);
#4973=SURFACE_STYLE_USAGE(.BOTH.,#5272);
#4974=SURFACE_STYLE_USAGE(.BOTH.,#5273);
#4975=SURFACE_STYLE_USAGE(.BOTH.,#5274);
#4976=SURFACE_STYLE_USAGE(.BOTH.,#5275);
#4977=SURFACE_STYLE_USAGE(.BOTH.,#5276);
#4978=SURFACE_STYLE_USAGE(.BOTH.,#5277);
#4979=SURFACE_STYLE_USAGE(.BOTH.,#5278);
#4980=SURFACE_STYLE_USAGE(.BOTH.,#5279);
#4981=SURFACE_STYLE_USAGE(.BOTH.,#5280);
#4982=SURFACE_STYLE_USAGE(.BOTH.,#5281);
#4983=SURFACE_STYLE_USAGE(.BOTH.,#5282);
#4984=SURFACE_STYLE_USAGE(.BOTH.,#5283);
#4985=SURFACE_STYLE_USAGE(.BOTH.,#5284);
#4986=SURFACE_STYLE_USAGE(.BOTH.,#5285);
#4987=SURFACE_STYLE_USAGE(.BOTH.,#5286);
#4988=SURFACE_STYLE_USAGE(.BOTH.,#5287);
#4989=SURFACE_STYLE_USAGE(.BOTH.,#5288);
#4990=SURFACE_STYLE_USAGE(.BOTH.,#5289);
#4991=SURFACE_STYLE_USAGE(.BOTH.,#5290);
#4992=SURFACE_STYLE_USAGE(.BOTH.,#5291);
#4993=SURFACE_STYLE_USAGE(.BOTH.,#5292);
#4994=SURFACE_STYLE_USAGE(.BOTH.,#5293);
#4995=SURFACE_STYLE_USAGE(.BOTH.,#5294);
#4996=SURFACE_STYLE_USAGE(.BOTH.,#5295);
#4997=SURFACE_STYLE_USAGE(.BOTH.,#5296);
#4998=SURFACE_STYLE_USAGE(.BOTH.,#5297);
#4999=SURFACE_STYLE_USAGE(.BOTH.,#5298);
#5000=SURFACE_STYLE_USAGE(.BOTH.,#5299);
#5001=SURFACE_STYLE_USAGE(.BOTH.,#5300);
#5002=SURFACE_STYLE_USAGE(.BOTH.,#5301);
#5003=SURFACE_STYLE_USAGE(.BOTH.,#5302);
#5004=SURFACE_STYLE_USAGE(.BOTH.,#5303);
#5005=SURFACE_STYLE_USAGE(.BOTH.,#5304);
#5006=SURFACE_STYLE_USAGE(.BOTH.,#5305);
#5007=SURFACE_STYLE_USAGE(.BOTH.,#5306);
#5008=SURFACE_STYLE_USAGE(.BOTH.,#5307);
#5009=SURFACE_STYLE_USAGE(.BOTH.,#5308);
#5010=SURFACE_STYLE_USAGE(.BOTH.,#5309);
#5011=SURFACE_STYLE_USAGE(.BOTH.,#5310);
#5012=SURFACE_STYLE_USAGE(.BOTH.,#5311);
#5013=SURFACE_STYLE_USAGE(.BOTH.,#5312);
#5014=SURFACE_STYLE_USAGE(.BOTH.,#5313);
#5015=SURFACE_STYLE_USAGE(.BOTH.,#5314);
#5016=SURFACE_STYLE_USAGE(.BOTH.,#5315);
#5017=SURFACE_STYLE_USAGE(.BOTH.,#5316);
#5018=SURFACE_STYLE_USAGE(.BOTH.,#5317);
#5019=SURFACE_STYLE_USAGE(.BOTH.,#5318);
#5020=SURFACE_STYLE_USAGE(.BOTH.,#5319);
#5021=SURFACE_STYLE_USAGE(.BOTH.,#5320);
#5022=SURFACE_STYLE_USAGE(.BOTH.,#5321);
#5023=SURFACE_STYLE_USAGE(.BOTH.,#5322);
#5024=SURFACE_STYLE_USAGE(.BOTH.,#5323);
#5025=SURFACE_STYLE_USAGE(.BOTH.,#5324);
#5026=SURFACE_STYLE_USAGE(.BOTH.,#5325);
#5027=SURFACE_STYLE_USAGE(.BOTH.,#5326);
#5028=SURFACE_STYLE_USAGE(.BOTH.,#5327);
#5029=SURFACE_STYLE_USAGE(.BOTH.,#5328);
#5030=SURFACE_STYLE_USAGE(.BOTH.,#5329);
#5031=SURFACE_STYLE_USAGE(.BOTH.,#5330);
#5032=SURFACE_STYLE_USAGE(.BOTH.,#5331);
#5033=SURFACE_STYLE_USAGE(.BOTH.,#5332);
#5034=SURFACE_STYLE_USAGE(.BOTH.,#5333);
#5035=SURFACE_STYLE_USAGE(.BOTH.,#5334);
#5036=SURFACE_STYLE_USAGE(.BOTH.,#5335);
#5037=SURFACE_STYLE_USAGE(.BOTH.,#5336);
#5038=SURFACE_STYLE_USAGE(.BOTH.,#5337);
#5039=SURFACE_STYLE_USAGE(.BOTH.,#5338);
#5040=SURFACE_STYLE_USAGE(.BOTH.,#5339);
#5041=SURFACE_STYLE_USAGE(.BOTH.,#5340);
#5042=SURFACE_STYLE_USAGE(.BOTH.,#5341);
#5043=SURFACE_STYLE_USAGE(.BOTH.,#5342);
#5044=SURFACE_STYLE_USAGE(.BOTH.,#5343);
#5045=SURFACE_STYLE_USAGE(.BOTH.,#5344);
#5046=SURFACE_STYLE_USAGE(.BOTH.,#5345);
#5047=SURFACE_STYLE_USAGE(.BOTH.,#5346);
#5048=SURFACE_STYLE_USAGE(.BOTH.,#5347);
#5049=SURFACE_STYLE_USAGE(.BOTH.,#5348);
#5050=SURFACE_STYLE_USAGE(.BOTH.,#5349);
#5051=SURFACE_STYLE_USAGE(.BOTH.,#5350);
#5052=SURFACE_STYLE_USAGE(.BOTH.,#5351);
#5053=SURFACE_STYLE_USAGE(.BOTH.,#5352);
#5054=SURFACE_STYLE_USAGE(.BOTH.,#5353);
#5055=SURFACE_STYLE_USAGE(.BOTH.,#5354);
#5056=SURFACE_STYLE_USAGE(.BOTH.,#5355);
#5057=SURFACE_STYLE_USAGE(.BOTH.,#5356);
#5058=SURFACE_STYLE_USAGE(.BOTH.,#5357);
#5059=SURFACE_STYLE_USAGE(.BOTH.,#5358);
#5060=SURFACE_STYLE_USAGE(.BOTH.,#5359);
#5061=SURFACE_STYLE_USAGE(.BOTH.,#5360);
#5062=SURFACE_STYLE_USAGE(.BOTH.,#5361);
#5063=SURFACE_STYLE_USAGE(.BOTH.,#5362);
#5064=SURFACE_STYLE_USAGE(.BOTH.,#5363);
#5065=SURFACE_STYLE_USAGE(.BOTH.,#5364);
#5066=SURFACE_STYLE_USAGE(.BOTH.,#5365);
#5067=SURFACE_STYLE_USAGE(.BOTH.,#5366);
#5068=SURFACE_STYLE_USAGE(.BOTH.,#5367);
#5069=SURFACE_STYLE_USAGE(.BOTH.,#5368);
#5070=SURFACE_STYLE_USAGE(.BOTH.,#5369);
#5071=SURFACE_STYLE_USAGE(.BOTH.,#5370);
#5072=SURFACE_STYLE_USAGE(.BOTH.,#5371);
#5073=SURFACE_STYLE_USAGE(.BOTH.,#5372);
#5074=SURFACE_STYLE_USAGE(.BOTH.,#5373);
#5075=SURFACE_STYLE_USAGE(.BOTH.,#5374);
#5076=SURFACE_STYLE_USAGE(.BOTH.,#5375);
#5077=SURFACE_STYLE_USAGE(.BOTH.,#5376);
#5078=SURFACE_STYLE_USAGE(.BOTH.,#5377);
#5079=SURFACE_STYLE_USAGE(.BOTH.,#5378);
#5080=SURFACE_STYLE_USAGE(.BOTH.,#5379);
#5081=SURFACE_STYLE_USAGE(.BOTH.,#5380);
#5082=SURFACE_STYLE_USAGE(.BOTH.,#5381);
#5083=SURFACE_STYLE_USAGE(.BOTH.,#5382);
#5084=SURFACE_STYLE_USAGE(.BOTH.,#5383);
#5085=SURFACE_STYLE_USAGE(.BOTH.,#5384);
#5086=SURFACE_STYLE_USAGE(.BOTH.,#5385);
#5087=SURFACE_STYLE_USAGE(.BOTH.,#5386);
#5088=SURFACE_STYLE_USAGE(.BOTH.,#5387);
#5089=SURFACE_STYLE_USAGE(.BOTH.,#5388);
#5090=SURFACE_STYLE_USAGE(.BOTH.,#5389);
#5091=SURFACE_STYLE_USAGE(.BOTH.,#5390);
#5092=SURFACE_STYLE_USAGE(.BOTH.,#5391);
#5093=SURFACE_STYLE_USAGE(.BOTH.,#5392);
#5094=SURFACE_STYLE_USAGE(.BOTH.,#5393);
#5095=SURFACE_STYLE_USAGE(.BOTH.,#5394);
#5096=SURFACE_STYLE_USAGE(.BOTH.,#5395);
#5097=SURFACE_STYLE_USAGE(.BOTH.,#5396);
#5098=SURFACE_STYLE_USAGE(.BOTH.,#5397);
#5099=SURFACE_STYLE_USAGE(.BOTH.,#5398);
#5100=SURFACE_STYLE_USAGE(.BOTH.,#5399);
#5101=SURFACE_STYLE_USAGE(.BOTH.,#5400);
#5102=SURFACE_STYLE_USAGE(.BOTH.,#5401);
#5103=SURFACE_STYLE_USAGE(.BOTH.,#5402);
#5104=SURFACE_STYLE_USAGE(.BOTH.,#5403);
#5105=SURFACE_STYLE_USAGE(.BOTH.,#5404);
#5106=SURFACE_STYLE_USAGE(.BOTH.,#5405);
#5107=SURFACE_STYLE_USAGE(.BOTH.,#5406);
#5108=SURFACE_STYLE_USAGE(.BOTH.,#5407);
#5109=SURFACE_STYLE_USAGE(.BOTH.,#5408);
#5110=SURFACE_STYLE_USAGE(.BOTH.,#5409);
#5111=SURFACE_STYLE_USAGE(.BOTH.,#5410);
#5112=SURFACE_STYLE_USAGE(.BOTH.,#5411);
#5113=SURFACE_STYLE_USAGE(.BOTH.,#5412);
#5114=SURFACE_STYLE_USAGE(.BOTH.,#5413);
#5115=SURFACE_STYLE_USAGE(.BOTH.,#5414);
#5116=SURFACE_STYLE_USAGE(.BOTH.,#5415);
#5117=SURFACE_STYLE_USAGE(.BOTH.,#5416);
#5118=SURFACE_STYLE_USAGE(.BOTH.,#5417);
#5119=SURFACE_STYLE_USAGE(.BOTH.,#5418);
#5120=SURFACE_STYLE_USAGE(.BOTH.,#5419);
#5121=SURFACE_STYLE_USAGE(.BOTH.,#5420);
#5122=SURFACE_STYLE_USAGE(.BOTH.,#5421);
#5123=SURFACE_STYLE_USAGE(.BOTH.,#5422);
#5124=SURFACE_STYLE_USAGE(.BOTH.,#5423);
#5125=SURFACE_STYLE_USAGE(.BOTH.,#5424);
#5126=SURFACE_STYLE_USAGE(.BOTH.,#5425);
#5127=SURFACE_STYLE_USAGE(.BOTH.,#5426);
#5128=SURFACE_STYLE_USAGE(.BOTH.,#5427);
#5129=SURFACE_STYLE_USAGE(.BOTH.,#5428);
#5130=SURFACE_STYLE_USAGE(.BOTH.,#5429);
#5131=SURFACE_STYLE_USAGE(.BOTH.,#5430);
#5132=SURFACE_STYLE_USAGE(.BOTH.,#5431);
#5133=SURFACE_STYLE_USAGE(.BOTH.,#5432);
#5134=SURFACE_STYLE_USAGE(.BOTH.,#5433);
#5135=SURFACE_STYLE_USAGE(.BOTH.,#5434);
#5136=SURFACE_STYLE_USAGE(.BOTH.,#5435);
#5137=SURFACE_STYLE_USAGE(.BOTH.,#5436);
#5138=SURFACE_STYLE_USAGE(.BOTH.,#5437);
#5139=SURFACE_STYLE_USAGE(.BOTH.,#5438);
#5140=SURFACE_STYLE_USAGE(.BOTH.,#5439);
#5141=SURFACE_STYLE_USAGE(.BOTH.,#5440);
#5142=SURFACE_STYLE_USAGE(.BOTH.,#5441);
#5143=SURFACE_STYLE_USAGE(.BOTH.,#5442);
#5144=SURFACE_STYLE_USAGE(.BOTH.,#5443);
#5145=SURFACE_STYLE_USAGE(.BOTH.,#5444);
#5146=SURFACE_STYLE_USAGE(.BOTH.,#5445);
#5147=SURFACE_STYLE_USAGE(.BOTH.,#5446);
#5148=SURFACE_STYLE_USAGE(.BOTH.,#5447);
#5149=SURFACE_STYLE_USAGE(.BOTH.,#5448);
#5150=SURFACE_STYLE_USAGE(.BOTH.,#5449);
#5151=SURFACE_STYLE_USAGE(.BOTH.,#5450);
#5152=SURFACE_STYLE_USAGE(.BOTH.,#5451);
#5153=SURFACE_STYLE_USAGE(.BOTH.,#5452);
#5154=SURFACE_STYLE_USAGE(.BOTH.,#5453);
#5155=SURFACE_STYLE_USAGE(.BOTH.,#5454);
#5156=SURFACE_STYLE_USAGE(.BOTH.,#5455);
#5157=SURFACE_STYLE_USAGE(.BOTH.,#5456);
#5158=SURFACE_STYLE_USAGE(.BOTH.,#5457);
#5159=SURFACE_STYLE_USAGE(.BOTH.,#5458);
#5160=SURFACE_STYLE_USAGE(.BOTH.,#5459);
#5161=SURFACE_STYLE_USAGE(.BOTH.,#5460);
#5162=SURFACE_STYLE_USAGE(.BOTH.,#5461);
#5163=SURFACE_STYLE_USAGE(.BOTH.,#5462);
#5164=SURFACE_STYLE_USAGE(.BOTH.,#5463);
#5165=SURFACE_STYLE_USAGE(.BOTH.,#5464);
#5166=SURFACE_STYLE_USAGE(.BOTH.,#5465);
#5167=SURFACE_STYLE_USAGE(.BOTH.,#5466);
#5168=SURFACE_STYLE_USAGE(.BOTH.,#5467);
#5169=SURFACE_STYLE_USAGE(.BOTH.,#5468);
#5170=SURFACE_STYLE_USAGE(.BOTH.,#5469);
#5171=SURFACE_STYLE_USAGE(.BOTH.,#5470);
#5172=SURFACE_STYLE_USAGE(.BOTH.,#5471);
#5173=SURFACE_STYLE_USAGE(.BOTH.,#5472);
#5174=SURFACE_STYLE_USAGE(.BOTH.,#5473);
#5175=SURFACE_STYLE_USAGE(.BOTH.,#5474);
#5176=SURFACE_STYLE_USAGE(.BOTH.,#5475);
#5177=SURFACE_STYLE_USAGE(.BOTH.,#5476);
#5178=SURFACE_STYLE_USAGE(.BOTH.,#5477);
#5179=SURFACE_STYLE_USAGE(.BOTH.,#5478);
#5180=SURFACE_STYLE_USAGE(.BOTH.,#5479);
#5181=SURFACE_STYLE_USAGE(.BOTH.,#5480);
#5182=SURFACE_STYLE_USAGE(.BOTH.,#5481);
#5183=SURFACE_STYLE_USAGE(.BOTH.,#5482);
#5184=SURFACE_STYLE_USAGE(.BOTH.,#5483);
#5185=SURFACE_STYLE_USAGE(.BOTH.,#5484);
#5186=SURFACE_STYLE_USAGE(.BOTH.,#5485);
#5187=SURFACE_STYLE_USAGE(.BOTH.,#5486);
#5188=SURFACE_STYLE_USAGE(.BOTH.,#5487);
#5189=SURFACE_STYLE_USAGE(.BOTH.,#5488);
#5190=SURFACE_STYLE_USAGE(.BOTH.,#5489);
#5191=SURFACE_STYLE_USAGE(.BOTH.,#5490);
#5192=SURFACE_STYLE_USAGE(.BOTH.,#5491);
#5193=SURFACE_STYLE_USAGE(.BOTH.,#5492);
#5194=SURFACE_STYLE_USAGE(.BOTH.,#5493);
#5195=SURFACE_STYLE_USAGE(.BOTH.,#5494);
#5196=SURFACE_STYLE_USAGE(.BOTH.,#5495);
#5197=SURFACE_STYLE_USAGE(.BOTH.,#5496);
#5198=SURFACE_STYLE_USAGE(.BOTH.,#5497);
#5199=SURFACE_STYLE_USAGE(.BOTH.,#5498);
#5200=SURFACE_STYLE_USAGE(.BOTH.,#5499);
#5201=SURFACE_STYLE_USAGE(.BOTH.,#5500);
#5202=SURFACE_STYLE_USAGE(.BOTH.,#5501);
#5203=SURFACE_STYLE_USAGE(.BOTH.,#5502);
#5204=SURFACE_STYLE_USAGE(.BOTH.,#5503);
#5205=SURFACE_STYLE_USAGE(.BOTH.,#5504);
#5206=SURFACE_STYLE_USAGE(.BOTH.,#5505);
#5207=SURFACE_STYLE_USAGE(.BOTH.,#5506);
#5208=SURFACE_STYLE_USAGE(.BOTH.,#5507);
#5209=SURFACE_STYLE_USAGE(.BOTH.,#5508);
#5210=SURFACE_STYLE_USAGE(.BOTH.,#5509);
#5211=SURFACE_STYLE_USAGE(.BOTH.,#5510);
#5212=SURFACE_STYLE_USAGE(.BOTH.,#5511);
#5213=SURFACE_STYLE_USAGE(.BOTH.,#5512);
#5214=SURFACE_STYLE_USAGE(.BOTH.,#5513);
#5215=SURFACE_STYLE_USAGE(.BOTH.,#5514);
#5216=SURFACE_STYLE_USAGE(.BOTH.,#5515);
#5217=SURFACE_STYLE_USAGE(.BOTH.,#5516);
#5218=SURFACE_STYLE_USAGE(.BOTH.,#5517);
#5219=SURFACE_STYLE_USAGE(.BOTH.,#5518);
#5220=SURFACE_STYLE_USAGE(.BOTH.,#5519);
#5221=SURFACE_STYLE_USAGE(.BOTH.,#5520);
#5222=SURFACE_STYLE_USAGE(.BOTH.,#5521);
#5223=SURFACE_STYLE_USAGE(.BOTH.,#5522);
#5224=SURFACE_STYLE_USAGE(.BOTH.,#5523);
#5225=SURFACE_STYLE_USAGE(.BOTH.,#5524);
#5226=SURFACE_STYLE_USAGE(.BOTH.,#5525);
#5227=SURFACE_STYLE_USAGE(.BOTH.,#5526);
#5228=SURFACE_STYLE_USAGE(.BOTH.,#5527);
#5229=SURFACE_STYLE_USAGE(.BOTH.,#5528);
#5230=SURFACE_STYLE_USAGE(.BOTH.,#5529);
#5231=SURFACE_STYLE_USAGE(.BOTH.,#5530);
#5232=SURFACE_STYLE_USAGE(.BOTH.,#5531);
#5233=SURFACE_STYLE_USAGE(.BOTH.,#5532);
#5234=SURFACE_STYLE_USAGE(.BOTH.,#5533);
#5235=SURFACE_STYLE_USAGE(.BOTH.,#5534);
#5236=SURFACE_STYLE_USAGE(.BOTH.,#5535);
#5237=SURFACE_STYLE_USAGE(.BOTH.,#5536);
#5238=SURFACE_STYLE_USAGE(.BOTH.,#5537);
#5239=SURFACE_STYLE_USAGE(.BOTH.,#5538);
#5240=SURFACE_STYLE_USAGE(.BOTH.,#5539);
#5241=SURFACE_STYLE_USAGE(.BOTH.,#5540);
#5242=SURFACE_STYLE_USAGE(.BOTH.,#5541);
#5243=SURFACE_STYLE_USAGE(.BOTH.,#5542);
#5244=SURFACE_STYLE_USAGE(.BOTH.,#5543);
#5245=SURFACE_STYLE_USAGE(.BOTH.,#5544);
#5246=SURFACE_STYLE_USAGE(.BOTH.,#5545);
#5247=SURFACE_STYLE_USAGE(.BOTH.,#5546);
#5248=SURFACE_STYLE_USAGE(.BOTH.,#5547);
#5249=SURFACE_SIDE_STYLE('',(#5548));
#5250=SURFACE_SIDE_STYLE('',(#5549));
#5251=SURFACE_SIDE_STYLE('',(#5550));
#5252=SURFACE_SIDE_STYLE('',(#5551));
#5253=SURFACE_SIDE_STYLE('',(#5552));
#5254=SURFACE_SIDE_STYLE('',(#5553));
#5255=SURFACE_SIDE_STYLE('',(#5554));
#5256=SURFACE_SIDE_STYLE('',(#5555));
#5257=SURFACE_SIDE_STYLE('',(#5556));
#5258=SURFACE_SIDE_STYLE('',(#5557));
#5259=SURFACE_SIDE_STYLE('',(#5558));
#5260=SURFACE_SIDE_STYLE('',(#5559));
#5261=SURFACE_SIDE_STYLE('',(#5560));
#5262=SURFACE_SIDE_STYLE('',(#5561));
#5263=SURFACE_SIDE_STYLE('',(#5562));
#5264=SURFACE_SIDE_STYLE('',(#5563));
#5265=SURFACE_SIDE_STYLE('',(#5564));
#5266=SURFACE_SIDE_STYLE('',(#5565));
#5267=SURFACE_SIDE_STYLE('',(#5566));
#5268=SURFACE_SIDE_STYLE('',(#5567));
#5269=SURFACE_SIDE_STYLE('',(#5568));
#5270=SURFACE_SIDE_STYLE('',(#5569));
#5271=SURFACE_SIDE_STYLE('',(#5570));
#5272=SURFACE_SIDE_STYLE('',(#5571));
#5273=SURFACE_SIDE_STYLE('',(#5572));
#5274=SURFACE_SIDE_STYLE('',(#5573));
#5275=SURFACE_SIDE_STYLE('',(#5574));
#5276=SURFACE_SIDE_STYLE('',(#5575));
#5277=SURFACE_SIDE_STYLE('',(#5576));
#5278=SURFACE_SIDE_STYLE('',(#5577));
#5279=SURFACE_SIDE_STYLE('',(#5578));
#5280=SURFACE_SIDE_STYLE('',(#5579));
#5281=SURFACE_SIDE_STYLE('',(#5580));
#5282=SURFACE_SIDE_STYLE('',(#5581));
#5283=SURFACE_SIDE_STYLE('',(#5582));
#5284=SURFACE_SIDE_STYLE('',(#5583));
#5285=SURFACE_SIDE_STYLE('',(#5584));
#5286=SURFACE_SIDE_STYLE('',(#5585));
#5287=SURFACE_SIDE_STYLE('',(#5586));
#5288=SURFACE_SIDE_STYLE('',(#5587));
#5289=SURFACE_SIDE_STYLE('',(#5588));
#5290=SURFACE_SIDE_STYLE('',(#5589));
#5291=SURFACE_SIDE_STYLE('',(#5590));
#5292=SURFACE_SIDE_STYLE('',(#5591));
#5293=SURFACE_SIDE_STYLE('',(#5592));
#5294=SURFACE_SIDE_STYLE('',(#5593));
#5295=SURFACE_SIDE_STYLE('',(#5594));
#5296=SURFACE_SIDE_STYLE('',(#5595));
#5297=SURFACE_SIDE_STYLE('',(#5596));
#5298=SURFACE_SIDE_STYLE('',(#5597));
#5299=SURFACE_SIDE_STYLE('',(#5598));
#5300=SURFACE_SIDE_STYLE('',(#5599));
#5301=SURFACE_SIDE_STYLE('',(#5600));
#5302=SURFACE_SIDE_STYLE('',(#5601));
#5303=SURFACE_SIDE_STYLE('',(#5602));
#5304=SURFACE_SIDE_STYLE('',(#5603));
#5305=SURFACE_SIDE_STYLE('',(#5604));
#5306=SURFACE_SIDE_STYLE('',(#5605));
#5307=SURFACE_SIDE_STYLE('',(#5606));
#5308=SURFACE_SIDE_STYLE('',(#5607));
#5309=SURFACE_SIDE_STYLE('',(#5608));
#5310=SURFACE_SIDE_STYLE('',(#5609));
#5311=SURFACE_SIDE_STYLE('',(#5610));
#5312=SURFACE_SIDE_STYLE('',(#5611));
#5313=SURFACE_SIDE_STYLE('',(#5612));
#5314=SURFACE_SIDE_STYLE('',(#5613));
#5315=SURFACE_SIDE_STYLE('',(#5614));
#5316=SURFACE_SIDE_STYLE('',(#5615));
#5317=SURFACE_SIDE_STYLE('',(#5616));
#5318=SURFACE_SIDE_STYLE('',(#5617));
#5319=SURFACE_SIDE_STYLE('',(#5618));
#5320=SURFACE_SIDE_STYLE('',(#5619));
#5321=SURFACE_SIDE_STYLE('',(#5620));
#5322=SURFACE_SIDE_STYLE('',(#5621));
#5323=SURFACE_SIDE_STYLE('',(#5622));
#5324=SURFACE_SIDE_STYLE('',(#5623));
#5325=SURFACE_SIDE_STYLE('',(#5624));
#5326=SURFACE_SIDE_STYLE('',(#5625));
#5327=SURFACE_SIDE_STYLE('',(#5626));
#5328=SURFACE_SIDE_STYLE('',(#5627));
#5329=SURFACE_SIDE_STYLE('',(#5628));
#5330=SURFACE_SIDE_STYLE('',(#5629));
#5331=SURFACE_SIDE_STYLE('',(#5630));
#5332=SURFACE_SIDE_STYLE('',(#5631));
#5333=SURFACE_SIDE_STYLE('',(#5632));
#5334=SURFACE_SIDE_STYLE('',(#5633));
#5335=SURFACE_SIDE_STYLE('',(#5634));
#5336=SURFACE_SIDE_STYLE('',(#5635));
#5337=SURFACE_SIDE_STYLE('',(#5636));
#5338=SURFACE_SIDE_STYLE('',(#5637));
#5339=SURFACE_SIDE_STYLE('',(#5638));
#5340=SURFACE_SIDE_STYLE('',(#5639));
#5341=SURFACE_SIDE_STYLE('',(#5640));
#5342=SURFACE_SIDE_STYLE('',(#5641));
#5343=SURFACE_SIDE_STYLE('',(#5642));
#5344=SURFACE_SIDE_STYLE('',(#5643));
#5345=SURFACE_SIDE_STYLE('',(#5644));
#5346=SURFACE_SIDE_STYLE('',(#5645));
#5347=SURFACE_SIDE_STYLE('',(#5646));
#5348=SURFACE_SIDE_STYLE('',(#5647));
#5349=SURFACE_SIDE_STYLE('',(#5648));
#5350=SURFACE_SIDE_STYLE('',(#5649));
#5351=SURFACE_SIDE_STYLE('',(#5650));
#5352=SURFACE_SIDE_STYLE('',(#5651));
#5353=SURFACE_SIDE_STYLE('',(#5652));
#5354=SURFACE_SIDE_STYLE('',(#5653));
#5355=SURFACE_SIDE_STYLE('',(#5654));
#5356=SURFACE_SIDE_STYLE('',(#5655));
#5357=SURFACE_SIDE_STYLE('',(#5656));
#5358=SURFACE_SIDE_STYLE('',(#5657));
#5359=SURFACE_SIDE_STYLE('',(#5658));
#5360=SURFACE_SIDE_STYLE('',(#5659));
#5361=SURFACE_SIDE_STYLE('',(#5660));
#5362=SURFACE_SIDE_STYLE('',(#5661));
#5363=SURFACE_SIDE_STYLE('',(#5662));
#5364=SURFACE_SIDE_STYLE('',(#5663));
#5365=SURFACE_SIDE_STYLE('',(#5664));
#5366=SURFACE_SIDE_STYLE('',(#5665));
#5367=SURFACE_SIDE_STYLE('',(#5666));
#5368=SURFACE_SIDE_STYLE('',(#5667));
#5369=SURFACE_SIDE_STYLE('',(#5668));
#5370=SURFACE_SIDE_STYLE('',(#5669));
#5371=SURFACE_SIDE_STYLE('',(#5670));
#5372=SURFACE_SIDE_STYLE('',(#5671));
#5373=SURFACE_SIDE_STYLE('',(#5672));
#5374=SURFACE_SIDE_STYLE('',(#5673));
#5375=SURFACE_SIDE_STYLE('',(#5674));
#5376=SURFACE_SIDE_STYLE('',(#5675));
#5377=SURFACE_SIDE_STYLE('',(#5676));
#5378=SURFACE_SIDE_STYLE('',(#5677));
#5379=SURFACE_SIDE_STYLE('',(#5678));
#5380=SURFACE_SIDE_STYLE('',(#5679));
#5381=SURFACE_SIDE_STYLE('',(#5680));
#5382=SURFACE_SIDE_STYLE('',(#5681));
#5383=SURFACE_SIDE_STYLE('',(#5682));
#5384=SURFACE_SIDE_STYLE('',(#5683));
#5385=SURFACE_SIDE_STYLE('',(#5684));
#5386=SURFACE_SIDE_STYLE('',(#5685));
#5387=SURFACE_SIDE_STYLE('',(#5686));
#5388=SURFACE_SIDE_STYLE('',(#5687));
#5389=SURFACE_SIDE_STYLE('',(#5688));
#5390=SURFACE_SIDE_STYLE('',(#5689));
#5391=SURFACE_SIDE_STYLE('',(#5690));
#5392=SURFACE_SIDE_STYLE('',(#5691));
#5393=SURFACE_SIDE_STYLE('',(#5692));
#5394=SURFACE_SIDE_STYLE('',(#5693));
#5395=SURFACE_SIDE_STYLE('',(#5694));
#5396=SURFACE_SIDE_STYLE('',(#5695));
#5397=SURFACE_SIDE_STYLE('',(#5696));
#5398=SURFACE_SIDE_STYLE('',(#5697));
#5399=SURFACE_SIDE_STYLE('',(#5698));
#5400=SURFACE_SIDE_STYLE('',(#5699));
#5401=SURFACE_SIDE_STYLE('',(#5700));
#5402=SURFACE_SIDE_STYLE('',(#5701));
#5403=SURFACE_SIDE_STYLE('',(#5702));
#5404=SURFACE_SIDE_STYLE('',(#5703));
#5405=SURFACE_SIDE_STYLE('',(#5704));
#5406=SURFACE_SIDE_STYLE('',(#5705));
#5407=SURFACE_SIDE_STYLE('',(#5706));
#5408=SURFACE_SIDE_STYLE('',(#5707));
#5409=SURFACE_SIDE_STYLE('',(#5708));
#5410=SURFACE_SIDE_STYLE('',(#5709));
#5411=SURFACE_SIDE_STYLE('',(#5710));
#5412=SURFACE_SIDE_STYLE('',(#5711));
#5413=SURFACE_SIDE_STYLE('',(#5712));
#5414=SURFACE_SIDE_STYLE('',(#5713));
#5415=SURFACE_SIDE_STYLE('',(#5714));
#5416=SURFACE_SIDE_STYLE('',(#5715));
#5417=SURFACE_SIDE_STYLE('',(#5716));
#5418=SURFACE_SIDE_STYLE('',(#5717));
#5419=SURFACE_SIDE_STYLE('',(#5718));
#5420=SURFACE_SIDE_STYLE('',(#5719));
#5421=SURFACE_SIDE_STYLE('',(#5720));
#5422=SURFACE_SIDE_STYLE('',(#5721));
#5423=SURFACE_SIDE_STYLE('',(#5722));
#5424=SURFACE_SIDE_STYLE('',(#5723));
#5425=SURFACE_SIDE_STYLE('',(#5724));
#5426=SURFACE_SIDE_STYLE('',(#5725));
#5427=SURFACE_SIDE_STYLE('',(#5726));
#5428=SURFACE_SIDE_STYLE('',(#5727));
#5429=SURFACE_SIDE_STYLE('',(#5728));
#5430=SURFACE_SIDE_STYLE('',(#5729));
#5431=SURFACE_SIDE_STYLE('',(#5730));
#5432=SURFACE_SIDE_STYLE('',(#5731));
#5433=SURFACE_SIDE_STYLE('',(#5732));
#5434=SURFACE_SIDE_STYLE('',(#5733));
#5435=SURFACE_SIDE_STYLE('',(#5734));
#5436=SURFACE_SIDE_STYLE('',(#5735));
#5437=SURFACE_SIDE_STYLE('',(#5736));
#5438=SURFACE_SIDE_STYLE('',(#5737));
#5439=SURFACE_SIDE_STYLE('',(#5738));
#5440=SURFACE_SIDE_STYLE('',(#5739));
#5441=SURFACE_SIDE_STYLE('',(#5740));
#5442=SURFACE_SIDE_STYLE('',(#5741));
#5443=SURFACE_SIDE_STYLE('',(#5742));
#5444=SURFACE_SIDE_STYLE('',(#5743));
#5445=SURFACE_SIDE_STYLE('',(#5744));
#5446=SURFACE_SIDE_STYLE('',(#5745));
#5447=SURFACE_SIDE_STYLE('',(#5746));
#5448=SURFACE_SIDE_STYLE('',(#5747));
#5449=SURFACE_SIDE_STYLE('',(#5748));
#5450=SURFACE_SIDE_STYLE('',(#5749));
#5451=SURFACE_SIDE_STYLE('',(#5750));
#5452=SURFACE_SIDE_STYLE('',(#5751));
#5453=SURFACE_SIDE_STYLE('',(#5752));
#5454=SURFACE_SIDE_STYLE('',(#5753));
#5455=SURFACE_SIDE_STYLE('',(#5754));
#5456=SURFACE_SIDE_STYLE('',(#5755));
#5457=SURFACE_SIDE_STYLE('',(#5756));
#5458=SURFACE_SIDE_STYLE('',(#5757));
#5459=SURFACE_SIDE_STYLE('',(#5758));
#5460=SURFACE_SIDE_STYLE('',(#5759));
#5461=SURFACE_SIDE_STYLE('',(#5760));
#5462=SURFACE_SIDE_STYLE('',(#5761));
#5463=SURFACE_SIDE_STYLE('',(#5762));
#5464=SURFACE_SIDE_STYLE('',(#5763));
#5465=SURFACE_SIDE_STYLE('',(#5764));
#5466=SURFACE_SIDE_STYLE('',(#5765));
#5467=SURFACE_SIDE_STYLE('',(#5766));
#5468=SURFACE_SIDE_STYLE('',(#5767));
#5469=SURFACE_SIDE_STYLE('',(#5768));
#5470=SURFACE_SIDE_STYLE('',(#5769));
#5471=SURFACE_SIDE_STYLE('',(#5770));
#5472=SURFACE_SIDE_STYLE('',(#5771));
#5473=SURFACE_SIDE_STYLE('',(#5772));
#5474=SURFACE_SIDE_STYLE('',(#5773));
#5475=SURFACE_SIDE_STYLE('',(#5774));
#5476=SURFACE_SIDE_STYLE('',(#5775));
#5477=SURFACE_SIDE_STYLE('',(#5776));
#5478=SURFACE_SIDE_STYLE('',(#5777));
#5479=SURFACE_SIDE_STYLE('',(#5778));
#5480=SURFACE_SIDE_STYLE('',(#5779));
#5481=SURFACE_SIDE_STYLE('',(#5780));
#5482=SURFACE_SIDE_STYLE('',(#5781));
#5483=SURFACE_SIDE_STYLE('',(#5782));
#5484=SURFACE_SIDE_STYLE('',(#5783));
#5485=SURFACE_SIDE_STYLE('',(#5784));
#5486=SURFACE_SIDE_STYLE('',(#5785));
#5487=SURFACE_SIDE_STYLE('',(#5786));
#5488=SURFACE_SIDE_STYLE('',(#5787));
#5489=SURFACE_SIDE_STYLE('',(#5788));
#5490=SURFACE_SIDE_STYLE('',(#5789));
#5491=SURFACE_SIDE_STYLE('',(#5790));
#5492=SURFACE_SIDE_STYLE('',(#5791));
#5493=SURFACE_SIDE_STYLE('',(#5792));
#5494=SURFACE_SIDE_STYLE('',(#5793));
#5495=SURFACE_SIDE_STYLE('',(#5794));
#5496=SURFACE_SIDE_STYLE('',(#5795));
#5497=SURFACE_SIDE_STYLE('',(#5796));
#5498=SURFACE_SIDE_STYLE('',(#5797));
#5499=SURFACE_SIDE_STYLE('',(#5798));
#5500=SURFACE_SIDE_STYLE('',(#5799));
#5501=SURFACE_SIDE_STYLE('',(#5800));
#5502=SURFACE_SIDE_STYLE('',(#5801));
#5503=SURFACE_SIDE_STYLE('',(#5802));
#5504=SURFACE_SIDE_STYLE('',(#5803));
#5505=SURFACE_SIDE_STYLE('',(#5804));
#5506=SURFACE_SIDE_STYLE('',(#5805));
#5507=SURFACE_SIDE_STYLE('',(#5806));
#5508=SURFACE_SIDE_STYLE('',(#5807));
#5509=SURFACE_SIDE_STYLE('',(#5808));
#5510=SURFACE_SIDE_STYLE('',(#5809));
#5511=SURFACE_SIDE_STYLE('',(#5810));
#5512=SURFACE_SIDE_STYLE('',(#5811));
#5513=SURFACE_SIDE_STYLE('',(#5812));
#5514=SURFACE_SIDE_STYLE('',(#5813));
#5515=SURFACE_SIDE_STYLE('',(#5814));
#5516=SURFACE_SIDE_STYLE('',(#5815));
#5517=SURFACE_SIDE_STYLE('',(#5816));
#5518=SURFACE_SIDE_STYLE('',(#5817));
#5519=SURFACE_SIDE_STYLE('',(#5818));
#5520=SURFACE_SIDE_STYLE('',(#5819));
#5521=SURFACE_SIDE_STYLE('',(#5820));
#5522=SURFACE_SIDE_STYLE('',(#5821));
#5523=SURFACE_SIDE_STYLE('',(#5822));
#5524=SURFACE_SIDE_STYLE('',(#5823));
#5525=SURFACE_SIDE_STYLE('',(#5824));
#5526=SURFACE_SIDE_STYLE('',(#5825));
#5527=SURFACE_SIDE_STYLE('',(#5826));
#5528=SURFACE_SIDE_STYLE('',(#5827));
#5529=SURFACE_SIDE_STYLE('',(#5828));
#5530=SURFACE_SIDE_STYLE('',(#5829));
#5531=SURFACE_SIDE_STYLE('',(#5830));
#5532=SURFACE_SIDE_STYLE('',(#5831));
#5533=SURFACE_SIDE_STYLE('',(#5832));
#5534=SURFACE_SIDE_STYLE('',(#5833));
#5535=SURFACE_SIDE_STYLE('',(#5834));
#5536=SURFACE_SIDE_STYLE('',(#5835));
#5537=SURFACE_SIDE_STYLE('',(#5836));
#5538=SURFACE_SIDE_STYLE('',(#5837));
#5539=SURFACE_SIDE_STYLE('',(#5838));
#5540=SURFACE_SIDE_STYLE('',(#5839));
#5541=SURFACE_SIDE_STYLE('',(#5840));
#5542=SURFACE_SIDE_STYLE('',(#5841));
#5543=SURFACE_SIDE_STYLE('',(#5842));
#5544=SURFACE_SIDE_STYLE('',(#5843));
#5545=SURFACE_SIDE_STYLE('',(#5844));
#5546=SURFACE_SIDE_STYLE('',(#5845));
#5547=SURFACE_SIDE_STYLE('',(#5846));
#5548=SURFACE_STYLE_FILL_AREA(#5847);
#5549=SURFACE_STYLE_FILL_AREA(#5848);
#5550=SURFACE_STYLE_FILL_AREA(#5849);
#5551=SURFACE_STYLE_FILL_AREA(#5850);
#5552=SURFACE_STYLE_FILL_AREA(#5851);
#5553=SURFACE_STYLE_FILL_AREA(#5852);
#5554=SURFACE_STYLE_FILL_AREA(#5853);
#5555=SURFACE_STYLE_FILL_AREA(#5854);
#5556=SURFACE_STYLE_FILL_AREA(#5855);
#5557=SURFACE_STYLE_FILL_AREA(#5856);
#5558=SURFACE_STYLE_FILL_AREA(#5857);
#5559=SURFACE_STYLE_FILL_AREA(#5858);
#5560=SURFACE_STYLE_FILL_AREA(#5859);
#5561=SURFACE_STYLE_FILL_AREA(#5860);
#5562=SURFACE_STYLE_FILL_AREA(#5861);
#5563=SURFACE_STYLE_FILL_AREA(#5862);
#5564=SURFACE_STYLE_FILL_AREA(#5863);
#5565=SURFACE_STYLE_FILL_AREA(#5864);
#5566=SURFACE_STYLE_FILL_AREA(#5865);
#5567=SURFACE_STYLE_FILL_AREA(#5866);
#5568=SURFACE_STYLE_FILL_AREA(#5867);
#5569=SURFACE_STYLE_FILL_AREA(#5868);
#5570=SURFACE_STYLE_FILL_AREA(#5869);
#5571=SURFACE_STYLE_FILL_AREA(#5870);
#5572=SURFACE_STYLE_FILL_AREA(#5871);
#5573=SURFACE_STYLE_FILL_AREA(#5872);
#5574=SURFACE_STYLE_FILL_AREA(#5873);
#5575=SURFACE_STYLE_FILL_AREA(#5874);
#5576=SURFACE_STYLE_FILL_AREA(#5875);
#5577=SURFACE_STYLE_FILL_AREA(#5876);
#5578=SURFACE_STYLE_FILL_AREA(#5877);
#5579=SURFACE_STYLE_FILL_AREA(#5878);
#5580=SURFACE_STYLE_FILL_AREA(#5879);
#5581=SURFACE_STYLE_FILL_AREA(#5880);
#5582=SURFACE_STYLE_FILL_AREA(#5881);
#5583=SURFACE_STYLE_FILL_AREA(#5882);
#5584=SURFACE_STYLE_FILL_AREA(#5883);
#5585=SURFACE_STYLE_FILL_AREA(#5884);
#5586=SURFACE_STYLE_FILL_AREA(#5885);
#5587=SURFACE_STYLE_FILL_AREA(#5886);
#5588=SURFACE_STYLE_FILL_AREA(#5887);
#5589=SURFACE_STYLE_FILL_AREA(#5888);
#5590=SURFACE_STYLE_FILL_AREA(#5889);
#5591=SURFACE_STYLE_FILL_AREA(#5890);
#5592=SURFACE_STYLE_FILL_AREA(#5891);
#5593=SURFACE_STYLE_FILL_AREA(#5892);
#5594=SURFACE_STYLE_FILL_AREA(#5893);
#5595=SURFACE_STYLE_FILL_AREA(#5894);
#5596=SURFACE_STYLE_FILL_AREA(#5895);
#5597=SURFACE_STYLE_FILL_AREA(#5896);
#5598=SURFACE_STYLE_FILL_AREA(#5897);
#5599=SURFACE_STYLE_FILL_AREA(#5898);
#5600=SURFACE_STYLE_FILL_AREA(#5899);
#5601=SURFACE_STYLE_FILL_AREA(#5900);
#5602=SURFACE_STYLE_FILL_AREA(#5901);
#5603=SURFACE_STYLE_FILL_AREA(#5902);
#5604=SURFACE_STYLE_FILL_AREA(#5903);
#5605=SURFACE_STYLE_FILL_AREA(#5904);
#5606=SURFACE_STYLE_FILL_AREA(#5905);
#5607=SURFACE_STYLE_FILL_AREA(#5906);
#5608=SURFACE_STYLE_FILL_AREA(#5907);
#5609=SURFACE_STYLE_FILL_AREA(#5908);
#5610=SURFACE_STYLE_FILL_AREA(#5909);
#5611=SURFACE_STYLE_FILL_AREA(#5910);
#5612=SURFACE_STYLE_FILL_AREA(#5911);
#5613=SURFACE_STYLE_FILL_AREA(#5912);
#5614=SURFACE_STYLE_FILL_AREA(#5913);
#5615=SURFACE_STYLE_FILL_AREA(#5914);
#5616=SURFACE_STYLE_FILL_AREA(#5915);
#5617=SURFACE_STYLE_FILL_AREA(#5916);
#5618=SURFACE_STYLE_FILL_AREA(#5917);
#5619=SURFACE_STYLE_FILL_AREA(#5918);
#5620=SURFACE_STYLE_FILL_AREA(#5919);
#5621=SURFACE_STYLE_FILL_AREA(#5920);
#5622=SURFACE_STYLE_FILL_AREA(#5921);
#5623=SURFACE_STYLE_FILL_AREA(#5922);
#5624=SURFACE_STYLE_FILL_AREA(#5923);
#5625=SURFACE_STYLE_FILL_AREA(#5924);
#5626=SURFACE_STYLE_FILL_AREA(#5925);
#5627=SURFACE_STYLE_FILL_AREA(#5926);
#5628=SURFACE_STYLE_FILL_AREA(#5927);
#5629=SURFACE_STYLE_FILL_AREA(#5928);
#5630=SURFACE_STYLE_FILL_AREA(#5929);
#5631=SURFACE_STYLE_FILL_AREA(#5930);
#5632=SURFACE_STYLE_FILL_AREA(#5931);
#5633=SURFACE_STYLE_FILL_AREA(#5932);
#5634=SURFACE_STYLE_FILL_AREA(#5933);
#5635=SURFACE_STYLE_FILL_AREA(#5934);
#5636=SURFACE_STYLE_FILL_AREA(#5935);
#5637=SURFACE_STYLE_FILL_AREA(#5936);
#5638=SURFACE_STYLE_FILL_AREA(#5937);
#5639=SURFACE_STYLE_FILL_AREA(#5938);
#5640=SURFACE_STYLE_FILL_AREA(#5939);
#5641=SURFACE_STYLE_FILL_AREA(#5940);
#5642=SURFACE_STYLE_FILL_AREA(#5941);
#5643=SURFACE_STYLE_FILL_AREA(#5942);
#5644=SURFACE_STYLE_FILL_AREA(#5943);
#5645=SURFACE_STYLE_FILL_AREA(#5944);
#5646=SURFACE_STYLE_FILL_AREA(#5945);
#5647=SURFACE_STYLE_FILL_AREA(#5946);
#5648=SURFACE_STYLE_FILL_AREA(#5947);
#5649=SURFACE_STYLE_FILL_AREA(#5948);
#5650=SURFACE_STYLE_FILL_AREA(#5949);
#5651=SURFACE_STYLE_FILL_AREA(#5950);
#5652=SURFACE_STYLE_FILL_AREA(#5951);
#5653=SURFACE_STYLE_FILL_AREA(#5952);
#5654=SURFACE_STYLE_FILL_AREA(#5953);
#5655=SURFACE_STYLE_FILL_AREA(#5954);
#5656=SURFACE_STYLE_FILL_AREA(#5955);
#5657=SURFACE_STYLE_FILL_AREA(#5956);
#5658=SURFACE_STYLE_FILL_AREA(#5957);
#5659=SURFACE_STYLE_FILL_AREA(#5958);
#5660=SURFACE_STYLE_FILL_AREA(#5959);
#5661=SURFACE_STYLE_FILL_AREA(#5960);
#5662=SURFACE_STYLE_FILL_AREA(#5961);
#5663=SURFACE_STYLE_FILL_AREA(#5962);
#5664=SURFACE_STYLE_FILL_AREA(#5963);
#5665=SURFACE_STYLE_FILL_AREA(#5964);
#5666=SURFACE_STYLE_FILL_AREA(#5965);
#5667=SURFACE_STYLE_FILL_AREA(#5966);
#5668=SURFACE_STYLE_FILL_AREA(#5967);
#5669=SURFACE_STYLE_FILL_AREA(#5968);
#5670=SURFACE_STYLE_FILL_AREA(#5969);
#5671=SURFACE_STYLE_FILL_AREA(#5970);
#5672=SURFACE_STYLE_FILL_AREA(#5971);
#5673=SURFACE_STYLE_FILL_AREA(#5972);
#5674=SURFACE_STYLE_FILL_AREA(#5973);
#5675=SURFACE_STYLE_FILL_AREA(#5974);
#5676=SURFACE_STYLE_FILL_AREA(#5975);
#5677=SURFACE_STYLE_FILL_AREA(#5976);
#5678=SURFACE_STYLE_FILL_AREA(#5977);
#5679=SURFACE_STYLE_FILL_AREA(#5978);
#5680=SURFACE_STYLE_FILL_AREA(#5979);
#5681=SURFACE_STYLE_FILL_AREA(#5980);
#5682=SURFACE_STYLE_FILL_AREA(#5981);
#5683=SURFACE_STYLE_FILL_AREA(#5982);
#5684=SURFACE_STYLE_FILL_AREA(#5983);
#5685=SURFACE_STYLE_FILL_AREA(#5984);
#5686=SURFACE_STYLE_FILL_AREA(#5985);
#5687=SURFACE_STYLE_FILL_AREA(#5986);
#5688=SURFACE_STYLE_FILL_AREA(#5987);
#5689=SURFACE_STYLE_FILL_AREA(#5988);
#5690=SURFACE_STYLE_FILL_AREA(#5989);
#5691=SURFACE_STYLE_FILL_AREA(#5990);
#5692=SURFACE_STYLE_FILL_AREA(#5991);
#5693=SURFACE_STYLE_FILL_AREA(#5992);
#5694=SURFACE_STYLE_FILL_AREA(#5993);
#5695=SURFACE_STYLE_FILL_AREA(#5994);
#5696=SURFACE_STYLE_FILL_AREA(#5995);
#5697=SURFACE_STYLE_FILL_AREA(#5996);
#5698=SURFACE_STYLE_FILL_AREA(#5997);
#5699=SURFACE_STYLE_FILL_AREA(#5998);
#5700=SURFACE_STYLE_FILL_AREA(#5999);
#5701=SURFACE_STYLE_FILL_AREA(#6000);
#5702=SURFACE_STYLE_FILL_AREA(#6001);
#5703=SURFACE_STYLE_FILL_AREA(#6002);
#5704=SURFACE_STYLE_FILL_AREA(#6003);
#5705=SURFACE_STYLE_FILL_AREA(#6004);
#5706=SURFACE_STYLE_FILL_AREA(#6005);
#5707=SURFACE_STYLE_FILL_AREA(#6006);
#5708=SURFACE_STYLE_FILL_AREA(#6007);
#5709=SURFACE_STYLE_FILL_AREA(#6008);
#5710=SURFACE_STYLE_FILL_AREA(#6009);
#5711=SURFACE_STYLE_FILL_AREA(#6010);
#5712=SURFACE_STYLE_FILL_AREA(#6011);
#5713=SURFACE_STYLE_FILL_AREA(#6012);
#5714=SURFACE_STYLE_FILL_AREA(#6013);
#5715=SURFACE_STYLE_FILL_AREA(#6014);
#5716=SURFACE_STYLE_FILL_AREA(#6015);
#5717=SURFACE_STYLE_FILL_AREA(#6016);
#5718=SURFACE_STYLE_FILL_AREA(#6017);
#5719=SURFACE_STYLE_FILL_AREA(#6018);
#5720=SURFACE_STYLE_FILL_AREA(#6019);
#5721=SURFACE_STYLE_FILL_AREA(#6020);
#5722=SURFACE_STYLE_FILL_AREA(#6021);
#5723=SURFACE_STYLE_FILL_AREA(#6022);
#5724=SURFACE_STYLE_FILL_AREA(#6023);
#5725=SURFACE_STYLE_FILL_AREA(#6024);
#5726=SURFACE_STYLE_FILL_AREA(#6025);
#5727=SURFACE_STYLE_FILL_AREA(#6026);
#5728=SURFACE_STYLE_FILL_AREA(#6027);
#5729=SURFACE_STYLE_FILL_AREA(#6028);
#5730=SURFACE_STYLE_FILL_AREA(#6029);
#5731=SURFACE_STYLE_FILL_AREA(#6030);
#5732=SURFACE_STYLE_FILL_AREA(#6031);
#5733=SURFACE_STYLE_FILL_AREA(#6032);
#5734=SURFACE_STYLE_FILL_AREA(#6033);
#5735=SURFACE_STYLE_FILL_AREA(#6034);
#5736=SURFACE_STYLE_FILL_AREA(#6035);
#5737=SURFACE_STYLE_FILL_AREA(#6036);
#5738=SURFACE_STYLE_FILL_AREA(#6037);
#5739=SURFACE_STYLE_FILL_AREA(#6038);
#5740=SURFACE_STYLE_FILL_AREA(#6039);
#5741=SURFACE_STYLE_FILL_AREA(#6040);
#5742=SURFACE_STYLE_FILL_AREA(#6041);
#5743=SURFACE_STYLE_FILL_AREA(#6042);
#5744=SURFACE_STYLE_FILL_AREA(#6043);
#5745=SURFACE_STYLE_FILL_AREA(#6044);
#5746=SURFACE_STYLE_FILL_AREA(#6045);
#5747=SURFACE_STYLE_FILL_AREA(#6046);
#5748=SURFACE_STYLE_FILL_AREA(#6047);
#5749=SURFACE_STYLE_FILL_AREA(#6048);
#5750=SURFACE_STYLE_FILL_AREA(#6049);
#5751=SURFACE_STYLE_FILL_AREA(#6050);
#5752=SURFACE_STYLE_FILL_AREA(#6051);
#5753=SURFACE_STYLE_FILL_AREA(#6052);
#5754=SURFACE_STYLE_FILL_AREA(#6053);
#5755=SURFACE_STYLE_FILL_AREA(#6054);
#5756=SURFACE_STYLE_FILL_AREA(#6055);
#5757=SURFACE_STYLE_FILL_AREA(#6056);
#5758=SURFACE_STYLE_FILL_AREA(#6057);
#5759=SURFACE_STYLE_FILL_AREA(#6058);
#5760=SURFACE_STYLE_FILL_AREA(#6059);
#5761=SURFACE_STYLE_FILL_AREA(#6060);
#5762=SURFACE_STYLE_FILL_AREA(#6061);
#5763=SURFACE_STYLE_FILL_AREA(#6062);
#5764=SURFACE_STYLE_FILL_AREA(#6063);
#5765=SURFACE_STYLE_FILL_AREA(#6064);
#5766=SURFACE_STYLE_FILL_AREA(#6065);
#5767=SURFACE_STYLE_FILL_AREA(#6066);
#5768=SURFACE_STYLE_FILL_AREA(#6067);
#5769=SURFACE_STYLE_FILL_AREA(#6068);
#5770=SURFACE_STYLE_FILL_AREA(#6069);
#5771=SURFACE_STYLE_FILL_AREA(#6070);
#5772=SURFACE_STYLE_FILL_AREA(#6071);
#5773=SURFACE_STYLE_FILL_AREA(#6072);
#5774=SURFACE_STYLE_FILL_AREA(#6073);
#5775=SURFACE_STYLE_FILL_AREA(#6074);
#5776=SURFACE_STYLE_FILL_AREA(#6075);
#5777=SURFACE_STYLE_FILL_AREA(#6076);
#5778=SURFACE_STYLE_FILL_AREA(#6077);
#5779=SURFACE_STYLE_FILL_AREA(#6078);
#5780=SURFACE_STYLE_FILL_AREA(#6079);
#5781=SURFACE_STYLE_FILL_AREA(#6080);
#5782=SURFACE_STYLE_FILL_AREA(#6081);
#5783=SURFACE_STYLE_FILL_AREA(#6082);
#5784=SURFACE_STYLE_FILL_AREA(#6083);
#5785=SURFACE_STYLE_FILL_AREA(#6084);
#5786=SURFACE_STYLE_FILL_AREA(#6085);
#5787=SURFACE_STYLE_FILL_AREA(#6086);
#5788=SURFACE_STYLE_FILL_AREA(#6087);
#5789=SURFACE_STYLE_FILL_AREA(#6088);
#5790=SURFACE_STYLE_FILL_AREA(#6089);
#5791=SURFACE_STYLE_FILL_AREA(#6090);
#5792=SURFACE_STYLE_FILL_AREA(#6091);
#5793=SURFACE_STYLE_FILL_AREA(#6092);
#5794=SURFACE_STYLE_FILL_AREA(#6093);
#5795=SURFACE_STYLE_FILL_AREA(#6094);
#5796=SURFACE_STYLE_FILL_AREA(#6095);
#5797=SURFACE_STYLE_FILL_AREA(#6096);
#5798=SURFACE_STYLE_FILL_AREA(#6097);
#5799=SURFACE_STYLE_FILL_AREA(#6098);
#5800=SURFACE_STYLE_FILL_AREA(#6099);
#5801=SURFACE_STYLE_FILL_AREA(#6100);
#5802=SURFACE_STYLE_FILL_AREA(#6101);
#5803=SURFACE_STYLE_FILL_AREA(#6102);
#5804=SURFACE_STYLE_FILL_AREA(#6103);
#5805=SURFACE_STYLE_FILL_AREA(#6104);
#5806=SURFACE_STYLE_FILL_AREA(#6105);
#5807=SURFACE_STYLE_FILL_AREA(#6106);
#5808=SURFACE_STYLE_FILL_AREA(#6107);
#5809=SURFACE_STYLE_FILL_AREA(#6108);
#5810=SURFACE_STYLE_FILL_AREA(#6109);
#5811=SURFACE_STYLE_FILL_AREA(#6110);
#5812=SURFACE_STYLE_FILL_AREA(#6111);
#5813=SURFACE_STYLE_FILL_AREA(#6112);
#5814=SURFACE_STYLE_FILL_AREA(#6113);
#5815=SURFACE_STYLE_FILL_AREA(#6114);
#5816=SURFACE_STYLE_FILL_AREA(#6115);
#5817=SURFACE_STYLE_FILL_AREA(#6116);
#5818=SURFACE_STYLE_FILL_AREA(#6117);
#5819=SURFACE_STYLE_FILL_AREA(#6118);
#5820=SURFACE_STYLE_FILL_AREA(#6119);
#5821=SURFACE_STYLE_FILL_AREA(#6120);
#5822=SURFACE_STYLE_FILL_AREA(#6121);
#5823=SURFACE_STYLE_FILL_AREA(#6122);
#5824=SURFACE_STYLE_FILL_AREA(#6123);
#5825=SURFACE_STYLE_FILL_AREA(#6124);
#5826=SURFACE_STYLE_FILL_AREA(#6125);
#5827=SURFACE_STYLE_FILL_AREA(#6126);
#5828=SURFACE_STYLE_FILL_AREA(#6127);
#5829=SURFACE_STYLE_FILL_AREA(#6128);
#5830=SURFACE_STYLE_FILL_AREA(#6129);
#5831=SURFACE_STYLE_FILL_AREA(#6130);
#5832=SURFACE_STYLE_FILL_AREA(#6131);
#5833=SURFACE_STYLE_FILL_AREA(#6132);
#5834=SURFACE_STYLE_FILL_AREA(#6133);
#5835=SURFACE_STYLE_FILL_AREA(#6134);
#5836=SURFACE_STYLE_FILL_AREA(#6135);
#5837=SURFACE_STYLE_FILL_AREA(#6136);
#5838=SURFACE_STYLE_FILL_AREA(#6137);
#5839=SURFACE_STYLE_FILL_AREA(#6138);
#5840=SURFACE_STYLE_FILL_AREA(#6139);
#5841=SURFACE_STYLE_FILL_AREA(#6140);
#5842=SURFACE_STYLE_FILL_AREA(#6141);
#5843=SURFACE_STYLE_FILL_AREA(#6142);
#5844=SURFACE_STYLE_FILL_AREA(#6143);
#5845=SURFACE_STYLE_FILL_AREA(#6144);
#5846=SURFACE_STYLE_FILL_AREA(#6145);
#5847=FILL_AREA_STYLE('',(#6146));
#5848=FILL_AREA_STYLE('',(#6147));
#5849=FILL_AREA_STYLE('',(#6148));
#5850=FILL_AREA_STYLE('',(#6149));
#5851=FILL_AREA_STYLE('',(#6150));
#5852=FILL_AREA_STYLE('',(#6151));
#5853=FILL_AREA_STYLE('',(#6152));
#5854=FILL_AREA_STYLE('',(#6153));
#5855=FILL_AREA_STYLE('',(#6154));
#5856=FILL_AREA_STYLE('',(#6155));
#5857=FILL_AREA_STYLE('',(#6156));
#5858=FILL_AREA_STYLE('',(#6157));
#5859=FILL_AREA_STYLE('',(#6158));
#5860=FILL_AREA_STYLE('',(#6159));
#5861=FILL_AREA_STYLE('',(#6160));
#5862=FILL_AREA_STYLE('',(#6161));
#5863=FILL_AREA_STYLE('',(#6162));
#5864=FILL_AREA_STYLE('',(#6163));
#5865=FILL_AREA_STYLE('',(#6164));
#5866=FILL_AREA_STYLE('',(#6165));
#5867=FILL_AREA_STYLE('',(#6166));
#5868=FILL_AREA_STYLE('',(#6167));
#5869=FILL_AREA_STYLE('',(#6168));
#5870=FILL_AREA_STYLE('',(#6169));
#5871=FILL_AREA_STYLE('',(#6170));
#5872=FILL_AREA_STYLE('',(#6171));
#5873=FILL_AREA_STYLE('',(#6172));
#5874=FILL_AREA_STYLE('',(#6173));
#5875=FILL_AREA_STYLE('',(#6174));
#5876=FILL_AREA_STYLE('',(#6175));
#5877=FILL_AREA_STYLE('',(#6176));
#5878=FILL_AREA_STYLE('',(#6177));
#5879=FILL_AREA_STYLE('',(#6178));
#5880=FILL_AREA_STYLE('',(#6179));
#5881=FILL_AREA_STYLE('',(#6180));
#5882=FILL_AREA_STYLE('',(#6181));
#5883=FILL_AREA_STYLE('',(#6182));
#5884=FILL_AREA_STYLE('',(#6183));
#5885=FILL_AREA_STYLE('',(#6184));
#5886=FILL_AREA_STYLE('',(#6185));
#5887=FILL_AREA_STYLE('',(#6186));
#5888=FILL_AREA_STYLE('',(#6187));
#5889=FILL_AREA_STYLE('',(#6188));
#5890=FILL_AREA_STYLE('',(#6189));
#5891=FILL_AREA_STYLE('',(#6190));
#5892=FILL_AREA_STYLE('',(#6191));
#5893=FILL_AREA_STYLE('',(#6192));
#5894=FILL_AREA_STYLE('',(#6193));
#5895=FILL_AREA_STYLE('',(#6194));
#5896=FILL_AREA_STYLE('',(#6195));
#5897=FILL_AREA_STYLE('',(#6196));
#5898=FILL_AREA_STYLE('',(#6197));
#5899=FILL_AREA_STYLE('',(#6198));
#5900=FILL_AREA_STYLE('',(#6199));
#5901=FILL_AREA_STYLE('',(#6200));
#5902=FILL_AREA_STYLE('',(#6201));
#5903=FILL_AREA_STYLE('',(#6202));
#5904=FILL_AREA_STYLE('',(#6203));
#5905=FILL_AREA_STYLE('',(#6204));
#5906=FILL_AREA_STYLE('',(#6205));
#5907=FILL_AREA_STYLE('',(#6206));
#5908=FILL_AREA_STYLE('',(#6207));
#5909=FILL_AREA_STYLE('',(#6208));
#5910=FILL_AREA_STYLE('',(#6209));
#5911=FILL_AREA_STYLE('',(#6210));
#5912=FILL_AREA_STYLE('',(#6211));
#5913=FILL_AREA_STYLE('',(#6212));
#5914=FILL_AREA_STYLE('',(#6213));
#5915=FILL_AREA_STYLE('',(#6214));
#5916=FILL_AREA_STYLE('',(#6215));
#5917=FILL_AREA_STYLE('',(#6216));
#5918=FILL_AREA_STYLE('',(#6217));
#5919=FILL_AREA_STYLE('',(#6218));
#5920=FILL_AREA_STYLE('',(#6219));
#5921=FILL_AREA_STYLE('',(#6220));
#5922=FILL_AREA_STYLE('',(#6221));
#5923=FILL_AREA_STYLE('',(#6222));
#5924=FILL_AREA_STYLE('',(#6223));
#5925=FILL_AREA_STYLE('',(#6224));
#5926=FILL_AREA_STYLE('',(#6225));
#5927=FILL_AREA_STYLE('',(#6226));
#5928=FILL_AREA_STYLE('',(#6227));
#5929=FILL_AREA_STYLE('',(#6228));
#5930=FILL_AREA_STYLE('',(#6229));
#5931=FILL_AREA_STYLE('',(#6230));
#5932=FILL_AREA_STYLE('',(#6231));
#5933=FILL_AREA_STYLE('',(#6232));
#5934=FILL_AREA_STYLE('',(#6233));
#5935=FILL_AREA_STYLE('',(#6234));
#5936=FILL_AREA_STYLE('',(#6235));
#5937=FILL_AREA_STYLE('',(#6236));
#5938=FILL_AREA_STYLE('',(#6237));
#5939=FILL_AREA_STYLE('',(#6238));
#5940=FILL_AREA_STYLE('',(#6239));
#5941=FILL_AREA_STYLE('',(#6240));
#5942=FILL_AREA_STYLE('',(#6241));
#5943=FILL_AREA_STYLE('',(#6242));
#5944=FILL_AREA_STYLE('',(#6243));
#5945=FILL_AREA_STYLE('',(#6244));
#5946=FILL_AREA_STYLE('',(#6245));
#5947=FILL_AREA_STYLE('',(#6246));
#5948=FILL_AREA_STYLE('',(#6247));
#5949=FILL_AREA_STYLE('',(#6248));
#5950=FILL_AREA_STYLE('',(#6249));
#5951=FILL_AREA_STYLE('',(#6250));
#5952=FILL_AREA_STYLE('',(#6251));
#5953=FILL_AREA_STYLE('',(#6252));
#5954=FILL_AREA_STYLE('',(#6253));
#5955=FILL_AREA_STYLE('',(#6254));
#5956=FILL_AREA_STYLE('',(#6255));
#5957=FILL_AREA_STYLE('',(#6256));
#5958=FILL_AREA_STYLE('',(#6257));
#5959=FILL_AREA_STYLE('',(#6258));
#5960=FILL_AREA_STYLE('',(#6259));
#5961=FILL_AREA_STYLE('',(#6260));
#5962=FILL_AREA_STYLE('',(#6261));
#5963=FILL_AREA_STYLE('',(#6262));
#5964=FILL_AREA_STYLE('',(#6263));
#5965=FILL_AREA_STYLE('',(#6264));
#5966=FILL_AREA_STYLE('',(#6265));
#5967=FILL_AREA_STYLE('',(#6266));
#5968=FILL_AREA_STYLE('',(#6267));
#5969=FILL_AREA_STYLE('',(#6268));
#5970=FILL_AREA_STYLE('',(#6269));
#5971=FILL_AREA_STYLE('',(#6270));
#5972=FILL_AREA_STYLE('',(#6271));
#5973=FILL_AREA_STYLE('',(#6272));
#5974=FILL_AREA_STYLE('',(#6273));
#5975=FILL_AREA_STYLE('',(#6274));
#5976=FILL_AREA_STYLE('',(#6275));
#5977=FILL_AREA_STYLE('',(#6276));
#5978=FILL_AREA_STYLE('',(#6277));
#5979=FILL_AREA_STYLE('',(#6278));
#5980=FILL_AREA_STYLE('',(#6279));
#5981=FILL_AREA_STYLE('',(#6280));
#5982=FILL_AREA_STYLE('',(#6281));
#5983=FILL_AREA_STYLE('',(#6282));
#5984=FILL_AREA_STYLE('',(#6283));
#5985=FILL_AREA_STYLE('',(#6284));
#5986=FILL_AREA_STYLE('',(#6285));
#5987=FILL_AREA_STYLE('',(#6286));
#5988=FILL_AREA_STYLE('',(#6287));
#5989=FILL_AREA_STYLE('',(#6288));
#5990=FILL_AREA_STYLE('',(#6289));
#5991=FILL_AREA_STYLE('',(#6290));
#5992=FILL_AREA_STYLE('',(#6291));
#5993=FILL_AREA_STYLE('',(#6292));
#5994=FILL_AREA_STYLE('',(#6293));
#5995=FILL_AREA_STYLE('',(#6294));
#5996=FILL_AREA_STYLE('',(#6295));
#5997=FILL_AREA_STYLE('',(#6296));
#5998=FILL_AREA_STYLE('',(#6297));
#5999=FILL_AREA_STYLE('',(#6298));
#6000=FILL_AREA_STYLE('',(#6299));
#6001=FILL_AREA_STYLE('',(#6300));
#6002=FILL_AREA_STYLE('',(#6301));
#6003=FILL_AREA_STYLE('',(#6302));
#6004=FILL_AREA_STYLE('',(#6303));
#6005=FILL_AREA_STYLE('',(#6304));
#6006=FILL_AREA_STYLE('',(#6305));
#6007=FILL_AREA_STYLE('',(#6306));
#6008=FILL_AREA_STYLE('',(#6307));
#6009=FILL_AREA_STYLE('',(#6308));
#6010=FILL_AREA_STYLE('',(#6309));
#6011=FILL_AREA_STYLE('',(#6310));
#6012=FILL_AREA_STYLE('',(#6311));
#6013=FILL_AREA_STYLE('',(#6312));
#6014=FILL_AREA_STYLE('',(#6313));
#6015=FILL_AREA_STYLE('',(#6314));
#6016=FILL_AREA_STYLE('',(#6315));
#6017=FILL_AREA_STYLE('',(#6316));
#6018=FILL_AREA_STYLE('',(#6317));
#6019=FILL_AREA_STYLE('',(#6318));
#6020=FILL_AREA_STYLE('',(#6319));
#6021=FILL_AREA_STYLE('',(#6320));
#6022=FILL_AREA_STYLE('',(#6321));
#6023=FILL_AREA_STYLE('',(#6322));
#6024=FILL_AREA_STYLE('',(#6323));
#6025=FILL_AREA_STYLE('',(#6324));
#6026=FILL_AREA_STYLE('',(#6325));
#6027=FILL_AREA_STYLE('',(#6326));
#6028=FILL_AREA_STYLE('',(#6327));
#6029=FILL_AREA_STYLE('',(#6328));
#6030=FILL_AREA_STYLE('',(#6329));
#6031=FILL_AREA_STYLE('',(#6330));
#6032=FILL_AREA_STYLE('',(#6331));
#6033=FILL_AREA_STYLE('',(#6332));
#6034=FILL_AREA_STYLE('',(#6333));
#6035=FILL_AREA_STYLE('',(#6334));
#6036=FILL_AREA_STYLE('',(#6335));
#6037=FILL_AREA_STYLE('',(#6336));
#6038=FILL_AREA_STYLE('',(#6337));
#6039=FILL_AREA_STYLE('',(#6338));
#6040=FILL_AREA_STYLE('',(#6339));
#6041=FILL_AREA_STYLE('',(#6340));
#6042=FILL_AREA_STYLE('',(#6341));
#6043=FILL_AREA_STYLE('',(#6342));
#6044=FILL_AREA_STYLE('',(#6343));
#6045=FILL_AREA_STYLE('',(#6344));
#6046=FILL_AREA_STYLE('',(#6345));
#6047=FILL_AREA_STYLE('',(#6346));
#6048=FILL_AREA_STYLE('',(#6347));
#6049=FILL_AREA_STYLE('',(#6348));
#6050=FILL_AREA_STYLE('',(#6349));
#6051=FILL_AREA_STYLE('',(#6350));
#6052=FILL_AREA_STYLE('',(#6351));
#6053=FILL_AREA_STYLE('',(#6352));
#6054=FILL_AREA_STYLE('',(#6353));
#6055=FILL_AREA_STYLE('',(#6354));
#6056=FILL_AREA_STYLE('',(#6355));
#6057=FILL_AREA_STYLE('',(#6356));
#6058=FILL_AREA_STYLE('',(#6357));
#6059=FILL_AREA_STYLE('',(#6358));
#6060=FILL_AREA_STYLE('',(#6359));
#6061=FILL_AREA_STYLE('',(#6360));
#6062=FILL_AREA_STYLE('',(#6361));
#6063=FILL_AREA_STYLE('',(#6362));
#6064=FILL_AREA_STYLE('',(#6363));
#6065=FILL_AREA_STYLE('',(#6364));
#6066=FILL_AREA_STYLE('',(#6365));
#6067=FILL_AREA_STYLE('',(#6366));
#6068=FILL_AREA_STYLE('',(#6367));
#6069=FILL_AREA_STYLE('',(#6368));
#6070=FILL_AREA_STYLE('',(#6369));
#6071=FILL_AREA_STYLE('',(#6370));
#6072=FILL_AREA_STYLE('',(#6371));
#6073=FILL_AREA_STYLE('',(#6372));
#6074=FILL_AREA_STYLE('',(#6373));
#6075=FILL_AREA_STYLE('',(#6374));
#6076=FILL_AREA_STYLE('',(#6375));
#6077=FILL_AREA_STYLE('',(#6376));
#6078=FILL_AREA_STYLE('',(#6377));
#6079=FILL_AREA_STYLE('',(#6378));
#6080=FILL_AREA_STYLE('',(#6379));
#6081=FILL_AREA_STYLE('',(#6380));
#6082=FILL_AREA_STYLE('',(#6381));
#6083=FILL_AREA_STYLE('',(#6382));
#6084=FILL_AREA_STYLE('',(#6383));
#6085=FILL_AREA_STYLE('',(#6384));
#6086=FILL_AREA_STYLE('',(#6385));
#6087=FILL_AREA_STYLE('',(#6386));
#6088=FILL_AREA_STYLE('',(#6387));
#6089=FILL_AREA_STYLE('',(#6388));
#6090=FILL_AREA_STYLE('',(#6389));
#6091=FILL_AREA_STYLE('',(#6390));
#6092=FILL_AREA_STYLE('',(#6391));
#6093=FILL_AREA_STYLE('',(#6392));
#6094=FILL_AREA_STYLE('',(#6393));
#6095=FILL_AREA_STYLE('',(#6394));
#6096=FILL_AREA_STYLE('',(#6395));
#6097=FILL_AREA_STYLE('',(#6396));
#6098=FILL_AREA_STYLE('',(#6397));
#6099=FILL_AREA_STYLE('',(#6398));
#6100=FILL_AREA_STYLE('',(#6399));
#6101=FILL_AREA_STYLE('',(#6400));
#6102=FILL_AREA_STYLE('',(#6401));
#6103=FILL_AREA_STYLE('',(#6402));
#6104=FILL_AREA_STYLE('',(#6403));
#6105=FILL_AREA_STYLE('',(#6404));
#6106=FILL_AREA_STYLE('',(#6405));
#6107=FILL_AREA_STYLE('',(#6406));
#6108=FILL_AREA_STYLE('',(#6407));
#6109=FILL_AREA_STYLE('',(#6408));
#6110=FILL_AREA_STYLE('',(#6409));
#6111=FILL_AREA_STYLE('',(#6410));
#6112=FILL_AREA_STYLE('',(#6411));
#6113=FILL_AREA_STYLE('',(#6412));
#6114=FILL_AREA_STYLE('',(#6413));
#6115=FILL_AREA_STYLE('',(#6414));
#6116=FILL_AREA_STYLE('',(#6415));
#6117=FILL_AREA_STYLE('',(#6416));
#6118=FILL_AREA_STYLE('',(#6417));
#6119=FILL_AREA_STYLE('',(#6418));
#6120=FILL_AREA_STYLE('',(#6419));
#6121=FILL_AREA_STYLE('',(#6420));
#6122=FILL_AREA_STYLE('',(#6421));
#6123=FILL_AREA_STYLE('',(#6422));
#6124=FILL_AREA_STYLE('',(#6423));
#6125=FILL_AREA_STYLE('',(#6424));
#6126=FILL_AREA_STYLE('',(#6425));
#6127=FILL_AREA_STYLE('',(#6426));
#6128=FILL_AREA_STYLE('',(#6427));
#6129=FILL_AREA_STYLE('',(#6428));
#6130=FILL_AREA_STYLE('',(#6429));
#6131=FILL_AREA_STYLE('',(#6430));
#6132=FILL_AREA_STYLE('',(#6431));
#6133=FILL_AREA_STYLE('',(#6432));
#6134=FILL_AREA_STYLE('',(#6433));
#6135=FILL_AREA_STYLE('',(#6434));
#6136=FILL_AREA_STYLE('',(#6435));
#6137=FILL_AREA_STYLE('',(#6436));
#6138=FILL_AREA_STYLE('',(#6437));
#6139=FILL_AREA_STYLE('',(#6438));
#6140=FILL_AREA_STYLE('',(#6439));
#6141=FILL_AREA_STYLE('',(#6440));
#6142=FILL_AREA_STYLE('',(#6441));
#6143=FILL_AREA_STYLE('',(#6442));
#6144=FILL_AREA_STYLE('',(#6443));
#6145=FILL_AREA_STYLE('',(#6444));
#6146=FILL_AREA_STYLE_COLOUR('',#6445);
#6147=FILL_AREA_STYLE_COLOUR('',#6446);
#6148=FILL_AREA_STYLE_COLOUR('',#6446);
#6149=FILL_AREA_STYLE_COLOUR('',#6446);
#6150=FILL_AREA_STYLE_COLOUR('',#6446);
#6151=FILL_AREA_STYLE_COLOUR('',#6446);
#6152=FILL_AREA_STYLE_COLOUR('',#6446);
#6153=FILL_AREA_STYLE_COLOUR('',#6446);
#6154=FILL_AREA_STYLE_COLOUR('',#6446);
#6155=FILL_AREA_STYLE_COLOUR('',#6446);
#6156=FILL_AREA_STYLE_COLOUR('',#6446);
#6157=FILL_AREA_STYLE_COLOUR('',#6446);
#6158=FILL_AREA_STYLE_COLOUR('',#6446);
#6159=FILL_AREA_STYLE_COLOUR('',#6446);
#6160=FILL_AREA_STYLE_COLOUR('',#6446);
#6161=FILL_AREA_STYLE_COLOUR('',#6446);
#6162=FILL_AREA_STYLE_COLOUR('',#6446);
#6163=FILL_AREA_STYLE_COLOUR('',#6446);
#6164=FILL_AREA_STYLE_COLOUR('',#6446);
#6165=FILL_AREA_STYLE_COLOUR('',#6446);
#6166=FILL_AREA_STYLE_COLOUR('',#6446);
#6167=FILL_AREA_STYLE_COLOUR('',#6446);
#6168=FILL_AREA_STYLE_COLOUR('',#6446);
#6169=FILL_AREA_STYLE_COLOUR('',#6446);
#6170=FILL_AREA_STYLE_COLOUR('',#6446);
#6171=FILL_AREA_STYLE_COLOUR('',#6446);
#6172=FILL_AREA_STYLE_COLOUR('',#6446);
#6173=FILL_AREA_STYLE_COLOUR('',#6446);
#6174=FILL_AREA_STYLE_COLOUR('',#6446);
#6175=FILL_AREA_STYLE_COLOUR('',#6446);
#6176=FILL_AREA_STYLE_COLOUR('',#6446);
#6177=FILL_AREA_STYLE_COLOUR('',#6446);
#6178=FILL_AREA_STYLE_COLOUR('',#6446);
#6179=FILL_AREA_STYLE_COLOUR('',#6446);
#6180=FILL_AREA_STYLE_COLOUR('',#6446);
#6181=FILL_AREA_STYLE_COLOUR('',#6446);
#6182=FILL_AREA_STYLE_COLOUR('',#6446);
#6183=FILL_AREA_STYLE_COLOUR('',#6446);
#6184=FILL_AREA_STYLE_COLOUR('',#6446);
#6185=FILL_AREA_STYLE_COLOUR('',#6446);
#6186=FILL_AREA_STYLE_COLOUR('',#6446);
#6187=FILL_AREA_STYLE_COLOUR('',#6446);
#6188=FILL_AREA_STYLE_COLOUR('',#6446);
#6189=FILL_AREA_STYLE_COLOUR('',#6446);
#6190=FILL_AREA_STYLE_COLOUR('',#6446);
#6191=FILL_AREA_STYLE_COLOUR('',#6446);
#6192=FILL_AREA_STYLE_COLOUR('',#6446);
#6193=FILL_AREA_STYLE_COLOUR('',#6446);
#6194=FILL_AREA_STYLE_COLOUR('',#6446);
#6195=FILL_AREA_STYLE_COLOUR('',#6446);
#6196=FILL_AREA_STYLE_COLOUR('',#6446);
#6197=FILL_AREA_STYLE_COLOUR('',#6446);
#6198=FILL_AREA_STYLE_COLOUR('',#6446);
#6199=FILL_AREA_STYLE_COLOUR('',#6446);
#6200=FILL_AREA_STYLE_COLOUR('',#6446);
#6201=FILL_AREA_STYLE_COLOUR('',#6446);
#6202=FILL_AREA_STYLE_COLOUR('',#6446);
#6203=FILL_AREA_STYLE_COLOUR('',#6446);
#6204=FILL_AREA_STYLE_COLOUR('',#6446);
#6205=FILL_AREA_STYLE_COLOUR('',#6446);
#6206=FILL_AREA_STYLE_COLOUR('',#6446);
#6207=FILL_AREA_STYLE_COLOUR('',#6446);
#6208=FILL_AREA_STYLE_COLOUR('',#6446);
#6209=FILL_AREA_STYLE_COLOUR('',#6446);
#6210=FILL_AREA_STYLE_COLOUR('',#6446);
#6211=FILL_AREA_STYLE_COLOUR('',#6446);
#6212=FILL_AREA_STYLE_COLOUR('',#6446);
#6213=FILL_AREA_STYLE_COLOUR('',#6446);
#6214=FILL_AREA_STYLE_COLOUR('',#6446);
#6215=FILL_AREA_STYLE_COLOUR('',#6446);
#6216=FILL_AREA_STYLE_COLOUR('',#6446);
#6217=FILL_AREA_STYLE_COLOUR('',#6446);
#6218=FILL_AREA_STYLE_COLOUR('',#6446);
#6219=FILL_AREA_STYLE_COLOUR('',#6446);
#6220=FILL_AREA_STYLE_COLOUR('',#6446);
#6221=FILL_AREA_STYLE_COLOUR('',#6446);
#6222=FILL_AREA_STYLE_COLOUR('',#6446);
#6223=FILL_AREA_STYLE_COLOUR('',#6446);
#6224=FILL_AREA_STYLE_COLOUR('',#6446);
#6225=FILL_AREA_STYLE_COLOUR('',#6446);
#6226=FILL_AREA_STYLE_COLOUR('',#6446);
#6227=FILL_AREA_STYLE_COLOUR('',#6446);
#6228=FILL_AREA_STYLE_COLOUR('',#6446);
#6229=FILL_AREA_STYLE_COLOUR('',#6446);
#6230=FILL_AREA_STYLE_COLOUR('',#6446);
#6231=FILL_AREA_STYLE_COLOUR('',#6446);
#6232=FILL_AREA_STYLE_COLOUR('',#6446);
#6233=FILL_AREA_STYLE_COLOUR('',#6446);
#6234=FILL_AREA_STYLE_COLOUR('',#6446);
#6235=FILL_AREA_STYLE_COLOUR('',#6446);
#6236=FILL_AREA_STYLE_COLOUR('',#6446);
#6237=FILL_AREA_STYLE_COLOUR('',#6446);
#6238=FILL_AREA_STYLE_COLOUR('',#6446);
#6239=FILL_AREA_STYLE_COLOUR('',#6446);
#6240=FILL_AREA_STYLE_COLOUR('',#6446);
#6241=FILL_AREA_STYLE_COLOUR('',#6446);
#6242=FILL_AREA_STYLE_COLOUR('',#6446);
#6243=FILL_AREA_STYLE_COLOUR('',#6446);
#6244=FILL_AREA_STYLE_COLOUR('',#6446);
#6245=FILL_AREA_STYLE_COLOUR('',#6446);
#6246=FILL_AREA_STYLE_COLOUR('',#6446);
#6247=FILL_AREA_STYLE_COLOUR('',#6446);
#6248=FILL_AREA_STYLE_COLOUR('',#6446);
#6249=FILL_AREA_STYLE_COLOUR('',#6446);
#6250=FILL_AREA_STYLE_COLOUR('',#6446);
#6251=FILL_AREA_STYLE_COLOUR('',#6446);
#6252=FILL_AREA_STYLE_COLOUR('',#6446);
#6253=FILL_AREA_STYLE_COLOUR('',#6446);
#6254=FILL_AREA_STYLE_COLOUR('',#6446);
#6255=FILL_AREA_STYLE_COLOUR('',#6446);
#6256=FILL_AREA_STYLE_COLOUR('',#6446);
#6257=FILL_AREA_STYLE_COLOUR('',#6446);
#6258=FILL_AREA_STYLE_COLOUR('',#6446);
#6259=FILL_AREA_STYLE_COLOUR('',#6446);
#6260=FILL_AREA_STYLE_COLOUR('',#6446);
#6261=FILL_AREA_STYLE_COLOUR('',#6446);
#6262=FILL_AREA_STYLE_COLOUR('',#6446);
#6263=FILL_AREA_STYLE_COLOUR('',#6446);
#6264=FILL_AREA_STYLE_COLOUR('',#6446);
#6265=FILL_AREA_STYLE_COLOUR('',#6446);
#6266=FILL_AREA_STYLE_COLOUR('',#6446);
#6267=FILL_AREA_STYLE_COLOUR('',#6446);
#6268=FILL_AREA_STYLE_COLOUR('',#6446);
#6269=FILL_AREA_STYLE_COLOUR('',#6446);
#6270=FILL_AREA_STYLE_COLOUR('',#6446);
#6271=FILL_AREA_STYLE_COLOUR('',#6446);
#6272=FILL_AREA_STYLE_COLOUR('',#6446);
#6273=FILL_AREA_STYLE_COLOUR('',#6446);
#6274=FILL_AREA_STYLE_COLOUR('',#6446);
#6275=FILL_AREA_STYLE_COLOUR('',#6446);
#6276=FILL_AREA_STYLE_COLOUR('',#6446);
#6277=FILL_AREA_STYLE_COLOUR('',#6446);
#6278=FILL_AREA_STYLE_COLOUR('',#6446);
#6279=FILL_AREA_STYLE_COLOUR('',#6447);
#6280=FILL_AREA_STYLE_COLOUR('',#6447);
#6281=FILL_AREA_STYLE_COLOUR('',#6447);
#6282=FILL_AREA_STYLE_COLOUR('',#6447);
#6283=FILL_AREA_STYLE_COLOUR('',#6447);
#6284=FILL_AREA_STYLE_COLOUR('',#6447);
#6285=FILL_AREA_STYLE_COLOUR('',#6447);
#6286=FILL_AREA_STYLE_COLOUR('',#6447);
#6287=FILL_AREA_STYLE_COLOUR('',#6447);
#6288=FILL_AREA_STYLE_COLOUR('',#6447);
#6289=FILL_AREA_STYLE_COLOUR('',#6447);
#6290=FILL_AREA_STYLE_COLOUR('',#6447);
#6291=FILL_AREA_STYLE_COLOUR('',#6447);
#6292=FILL_AREA_STYLE_COLOUR('',#6447);
#6293=FILL_AREA_STYLE_COLOUR('',#6447);
#6294=FILL_AREA_STYLE_COLOUR('',#6447);
#6295=FILL_AREA_STYLE_COLOUR('',#6447);
#6296=FILL_AREA_STYLE_COLOUR('',#6447);
#6297=FILL_AREA_STYLE_COLOUR('',#6447);
#6298=FILL_AREA_STYLE_COLOUR('',#6447);
#6299=FILL_AREA_STYLE_COLOUR('',#6447);
#6300=FILL_AREA_STYLE_COLOUR('',#6447);
#6301=FILL_AREA_STYLE_COLOUR('',#6447);
#6302=FILL_AREA_STYLE_COLOUR('',#6447);
#6303=FILL_AREA_STYLE_COLOUR('',#6447);
#6304=FILL_AREA_STYLE_COLOUR('',#6447);
#6305=FILL_AREA_STYLE_COLOUR('',#6447);
#6306=FILL_AREA_STYLE_COLOUR('',#6447);
#6307=FILL_AREA_STYLE_COLOUR('',#6447);
#6308=FILL_AREA_STYLE_COLOUR('',#6447);
#6309=FILL_AREA_STYLE_COLOUR('',#6447);
#6310=FILL_AREA_STYLE_COLOUR('',#6447);
#6311=FILL_AREA_STYLE_COLOUR('',#6447);
#6312=FILL_AREA_STYLE_COLOUR('',#6447);
#6313=FILL_AREA_STYLE_COLOUR('',#6447);
#6314=FILL_AREA_STYLE_COLOUR('',#6447);
#6315=FILL_AREA_STYLE_COLOUR('',#6447);
#6316=FILL_AREA_STYLE_COLOUR('',#6447);
#6317=FILL_AREA_STYLE_COLOUR('',#6447);
#6318=FILL_AREA_STYLE_COLOUR('',#6447);
#6319=FILL_AREA_STYLE_COLOUR('',#6445);
#6320=FILL_AREA_STYLE_COLOUR('',#6445);
#6321=FILL_AREA_STYLE_COLOUR('',#6445);
#6322=FILL_AREA_STYLE_COLOUR('',#6445);
#6323=FILL_AREA_STYLE_COLOUR('',#6445);
#6324=FILL_AREA_STYLE_COLOUR('',#6445);
#6325=FILL_AREA_STYLE_COLOUR('',#6445);
#6326=FILL_AREA_STYLE_COLOUR('',#6445);
#6327=FILL_AREA_STYLE_COLOUR('',#6445);
#6328=FILL_AREA_STYLE_COLOUR('',#6445);
#6329=FILL_AREA_STYLE_COLOUR('',#6445);
#6330=FILL_AREA_STYLE_COLOUR('',#6445);
#6331=FILL_AREA_STYLE_COLOUR('',#6445);
#6332=FILL_AREA_STYLE_COLOUR('',#6445);
#6333=FILL_AREA_STYLE_COLOUR('',#6445);
#6334=FILL_AREA_STYLE_COLOUR('',#6445);
#6335=FILL_AREA_STYLE_COLOUR('',#6445);
#6336=FILL_AREA_STYLE_COLOUR('',#6445);
#6337=FILL_AREA_STYLE_COLOUR('',#6445);
#6338=FILL_AREA_STYLE_COLOUR('',#6445);
#6339=FILL_AREA_STYLE_COLOUR('',#6445);
#6340=FILL_AREA_STYLE_COLOUR('',#6445);
#6341=FILL_AREA_STYLE_COLOUR('',#6445);
#6342=FILL_AREA_STYLE_COLOUR('',#6445);
#6343=FILL_AREA_STYLE_COLOUR('',#6445);
#6344=FILL_AREA_STYLE_COLOUR('',#6445);
#6345=FILL_AREA_STYLE_COLOUR('',#6445);
#6346=FILL_AREA_STYLE_COLOUR('',#6445);
#6347=FILL_AREA_STYLE_COLOUR('',#6445);
#6348=FILL_AREA_STYLE_COLOUR('',#6445);
#6349=FILL_AREA_STYLE_COLOUR('',#6445);
#6350=FILL_AREA_STYLE_COLOUR('',#6445);
#6351=FILL_AREA_STYLE_COLOUR('',#6445);
#6352=FILL_AREA_STYLE_COLOUR('',#6445);
#6353=FILL_AREA_STYLE_COLOUR('',#6445);
#6354=FILL_AREA_STYLE_COLOUR('',#6445);
#6355=FILL_AREA_STYLE_COLOUR('',#6445);
#6356=FILL_AREA_STYLE_COLOUR('',#6445);
#6357=FILL_AREA_STYLE_COLOUR('',#6445);
#6358=FILL_AREA_STYLE_COLOUR('',#6445);
#6359=FILL_AREA_STYLE_COLOUR('',#6445);
#6360=FILL_AREA_STYLE_COLOUR('',#6445);
#6361=FILL_AREA_STYLE_COLOUR('',#6445);
#6362=FILL_AREA_STYLE_COLOUR('',#6445);
#6363=FILL_AREA_STYLE_COLOUR('',#6445);
#6364=FILL_AREA_STYLE_COLOUR('',#6445);
#6365=FILL_AREA_STYLE_COLOUR('',#6445);
#6366=FILL_AREA_STYLE_COLOUR('',#6445);
#6367=FILL_AREA_STYLE_COLOUR('',#6445);
#6368=FILL_AREA_STYLE_COLOUR('',#6445);
#6369=FILL_AREA_STYLE_COLOUR('',#6445);
#6370=FILL_AREA_STYLE_COLOUR('',#6445);
#6371=FILL_AREA_STYLE_COLOUR('',#6447);
#6372=FILL_AREA_STYLE_COLOUR('',#6447);
#6373=FILL_AREA_STYLE_COLOUR('',#6447);
#6374=FILL_AREA_STYLE_COLOUR('',#6447);
#6375=FILL_AREA_STYLE_COLOUR('',#6447);
#6376=FILL_AREA_STYLE_COLOUR('',#6447);
#6377=FILL_AREA_STYLE_COLOUR('',#6445);
#6378=FILL_AREA_STYLE_COLOUR('',#6445);
#6379=FILL_AREA_STYLE_COLOUR('',#6445);
#6380=FILL_AREA_STYLE_COLOUR('',#6445);
#6381=FILL_AREA_STYLE_COLOUR('',#6445);
#6382=FILL_AREA_STYLE_COLOUR('',#6445);
#6383=FILL_AREA_STYLE_COLOUR('',#6445);
#6384=FILL_AREA_STYLE_COLOUR('',#6445);
#6385=FILL_AREA_STYLE_COLOUR('',#6445);
#6386=FILL_AREA_STYLE_COLOUR('',#6447);
#6387=FILL_AREA_STYLE_COLOUR('',#6447);
#6388=FILL_AREA_STYLE_COLOUR('',#6447);
#6389=FILL_AREA_STYLE_COLOUR('',#6447);
#6390=FILL_AREA_STYLE_COLOUR('',#6447);
#6391=FILL_AREA_STYLE_COLOUR('',#6447);
#6392=FILL_AREA_STYLE_COLOUR('',#6447);
#6393=FILL_AREA_STYLE_COLOUR('',#6447);
#6394=FILL_AREA_STYLE_COLOUR('',#6447);
#6395=FILL_AREA_STYLE_COLOUR('',#6446);
#6396=FILL_AREA_STYLE_COLOUR('',#6446);
#6397=FILL_AREA_STYLE_COLOUR('',#6446);
#6398=FILL_AREA_STYLE_COLOUR('',#6446);
#6399=FILL_AREA_STYLE_COLOUR('',#6446);
#6400=FILL_AREA_STYLE_COLOUR('',#6446);
#6401=FILL_AREA_STYLE_COLOUR('',#6446);
#6402=FILL_AREA_STYLE_COLOUR('',#6446);
#6403=FILL_AREA_STYLE_COLOUR('',#6446);
#6404=FILL_AREA_STYLE_COLOUR('',#6446);
#6405=FILL_AREA_STYLE_COLOUR('',#6446);
#6406=FILL_AREA_STYLE_COLOUR('',#6446);
#6407=FILL_AREA_STYLE_COLOUR('',#6446);
#6408=FILL_AREA_STYLE_COLOUR('',#6446);
#6409=FILL_AREA_STYLE_COLOUR('',#6446);
#6410=FILL_AREA_STYLE_COLOUR('',#6446);
#6411=FILL_AREA_STYLE_COLOUR('',#6446);
#6412=FILL_AREA_STYLE_COLOUR('',#6446);
#6413=FILL_AREA_STYLE_COLOUR('',#6445);
#6414=FILL_AREA_STYLE_COLOUR('',#6445);
#6415=FILL_AREA_STYLE_COLOUR('',#6445);
#6416=FILL_AREA_STYLE_COLOUR('',#6445);
#6417=FILL_AREA_STYLE_COLOUR('',#6445);
#6418=FILL_AREA_STYLE_COLOUR('',#6445);
#6419=FILL_AREA_STYLE_COLOUR('',#6445);
#6420=FILL_AREA_STYLE_COLOUR('',#6445);
#6421=FILL_AREA_STYLE_COLOUR('',#6445);
#6422=FILL_AREA_STYLE_COLOUR('',#6445);
#6423=FILL_AREA_STYLE_COLOUR('',#6445);
#6424=FILL_AREA_STYLE_COLOUR('',#6445);
#6425=FILL_AREA_STYLE_COLOUR('',#6445);
#6426=FILL_AREA_STYLE_COLOUR('',#6445);
#6427=FILL_AREA_STYLE_COLOUR('',#6445);
#6428=FILL_AREA_STYLE_COLOUR('',#6445);
#6429=FILL_AREA_STYLE_COLOUR('',#6445);
#6430=FILL_AREA_STYLE_COLOUR('',#6445);
#6431=FILL_AREA_STYLE_COLOUR('',#6445);
#6432=FILL_AREA_STYLE_COLOUR('',#6445);
#6433=FILL_AREA_STYLE_COLOUR('',#6445);
#6434=FILL_AREA_STYLE_COLOUR('',#6445);
#6435=FILL_AREA_STYLE_COLOUR('',#6445);
#6436=FILL_AREA_STYLE_COLOUR('',#6445);
#6437=FILL_AREA_STYLE_COLOUR('',#6447);
#6438=FILL_AREA_STYLE_COLOUR('',#6447);
#6439=FILL_AREA_STYLE_COLOUR('',#6447);
#6440=FILL_AREA_STYLE_COLOUR('',#6447);
#6441=FILL_AREA_STYLE_COLOUR('',#6447);
#6442=FILL_AREA_STYLE_COLOUR('',#6447);
#6443=FILL_AREA_STYLE_COLOUR('',#6447);
#6444=FILL_AREA_STYLE_COLOUR('',#6447);
#6445=COLOUR_RGB('',0.699999988079071,0.699999988079071,0.699999988079071);
#6446=COLOUR_RGB('',0.87058824300766,0.633254885673523,0.172549024224281);
#6447=COLOUR_RGB('',0.200000002980232,0.200000002980232,0.200000002980232);
#6448=ADVANCED_FACE('',(#3838,#3839,#3840,#3841),#4260,.T.);
#6449=ADVANCED_FACE('',(#3842),#4261,.T.);
#6450=ADVANCED_FACE('',(#3843,#3844),#215,.F.);
#6451=ADVANCED_FACE('',(#3845,#3846),#76,.F.);
#6452=ADVANCED_FACE('',(#3847),#216,.T.);
#6453=ADVANCED_FACE('',(#3848),#217,.F.);
#6454=ADVANCED_FACE('',(#3849),#4262,.T.);
#6455=ADVANCED_FACE('',(#3850),#4263,.F.);
#6456=ADVANCED_FACE('',(#3851,#3852),#218,.T.);
#6457=ADVANCED_FACE('',(#3853),#219,.T.);
#6458=ADVANCED_FACE('',(#3854),#4264,.T.);
#6459=ADVANCED_FACE('',(#3855),#4265,.T.);
#6460=ADVANCED_FACE('',(#3856,#3857),#220,.F.);
#6461=ADVANCED_FACE('',(#3858,#3859),#77,.F.);
#6462=ADVANCED_FACE('',(#3860),#221,.T.);
#6463=ADVANCED_FACE('',(#3861),#222,.F.);
#6464=ADVANCED_FACE('',(#3862),#4266,.T.);
#6465=ADVANCED_FACE('',(#3863),#4267,.F.);
#6466=ADVANCED_FACE('',(#3864,#3865),#223,.T.);
#6467=ADVANCED_FACE('',(#3866),#224,.T.);
#6468=ADVANCED_FACE('',(#3867),#4268,.T.);
#6469=ADVANCED_FACE('',(#3868),#4269,.T.);
#6470=ADVANCED_FACE('',(#3869,#3870),#225,.F.);
#6471=ADVANCED_FACE('',(#3871,#3872),#78,.F.);
#6472=ADVANCED_FACE('',(#3873),#226,.T.);
#6473=ADVANCED_FACE('',(#3874),#227,.F.);
#6474=ADVANCED_FACE('',(#3875),#4270,.T.);
#6475=ADVANCED_FACE('',(#3876),#4271,.F.);
#6476=ADVANCED_FACE('',(#3877,#3878),#228,.T.);
#6477=ADVANCED_FACE('',(#3879),#229,.T.);
#6478=ADVANCED_FACE('',(#3880),#4272,.T.);
#6479=ADVANCED_FACE('',(#3881),#4273,.T.);
#6480=ADVANCED_FACE('',(#3882,#3883),#230,.F.);
#6481=ADVANCED_FACE('',(#3884,#3885),#79,.F.);
#6482=ADVANCED_FACE('',(#3886),#231,.T.);
#6483=ADVANCED_FACE('',(#3887),#232,.F.);
#6484=ADVANCED_FACE('',(#3888),#4274,.T.);
#6485=ADVANCED_FACE('',(#3889),#4275,.F.);
#6486=ADVANCED_FACE('',(#3890,#3891),#233,.T.);
#6487=ADVANCED_FACE('',(#3892),#234,.T.);
#6488=ADVANCED_FACE('',(#3893),#4276,.T.);
#6489=ADVANCED_FACE('',(#3894),#4277,.T.);
#6490=ADVANCED_FACE('',(#3895,#3896),#235,.F.);
#6491=ADVANCED_FACE('',(#3897,#3898),#80,.F.);
#6492=ADVANCED_FACE('',(#3899),#236,.T.);
#6493=ADVANCED_FACE('',(#3900),#237,.F.);
#6494=ADVANCED_FACE('',(#3901),#4278,.T.);
#6495=ADVANCED_FACE('',(#3902),#4279,.F.);
#6496=ADVANCED_FACE('',(#3903,#3904),#238,.T.);
#6497=ADVANCED_FACE('',(#3905),#239,.T.);
#6498=ADVANCED_FACE('',(#3906),#4280,.T.);
#6499=ADVANCED_FACE('',(#3907),#4281,.T.);
#6500=ADVANCED_FACE('',(#3908,#3909),#240,.F.);
#6501=ADVANCED_FACE('',(#3910,#3911),#81,.F.);
#6502=ADVANCED_FACE('',(#3912),#241,.T.);
#6503=ADVANCED_FACE('',(#3913),#242,.F.);
#6504=ADVANCED_FACE('',(#3914),#4282,.T.);
#6505=ADVANCED_FACE('',(#3915),#4283,.F.);
#6506=ADVANCED_FACE('',(#3916,#3917),#243,.T.);
#6507=ADVANCED_FACE('',(#3918),#244,.T.);
#6508=ADVANCED_FACE('',(#3919),#4284,.T.);
#6509=ADVANCED_FACE('',(#3920),#245,.T.);
#6510=ADVANCED_FACE('',(#3921),#4285,.T.);
#6511=ADVANCED_FACE('',(#3922),#246,.F.);
#6512=ADVANCED_FACE('',(#3923,#3924),#247,.F.);
#6513=ADVANCED_FACE('',(#3925),#4286,.F.);
#6514=ADVANCED_FACE('',(#3926,#3927),#248,.T.);
#6515=ADVANCED_FACE('',(#3928),#249,.T.);
#6516=ADVANCED_FACE('',(#3929,#3930),#82,.F.);
#6517=ADVANCED_FACE('',(#3931),#4287,.F.);
#6518=ADVANCED_FACE('',(#3932),#4288,.F.);
#6519=ADVANCED_FACE('',(#3933),#250,.T.);
#6520=ADVANCED_FACE('',(#3934),#4289,.T.);
#6521=ADVANCED_FACE('',(#3935),#251,.F.);
#6522=ADVANCED_FACE('',(#3936,#3937),#252,.F.);
#6523=ADVANCED_FACE('',(#3938),#4290,.F.);
#6524=ADVANCED_FACE('',(#3939,#3940),#253,.T.);
#6525=ADVANCED_FACE('',(#3941),#254,.T.);
#6526=ADVANCED_FACE('',(#3942,#3943),#83,.F.);
#6527=ADVANCED_FACE('',(#3944),#4291,.F.);
#6528=ADVANCED_FACE('',(#3945),#4292,.F.);
#6529=ADVANCED_FACE('',(#3946),#255,.T.);
#6530=ADVANCED_FACE('',(#3947),#4293,.T.);
#6531=ADVANCED_FACE('',(#3948),#256,.F.);
#6532=ADVANCED_FACE('',(#3949,#3950),#257,.F.);
#6533=ADVANCED_FACE('',(#3951),#4294,.F.);
#6534=ADVANCED_FACE('',(#3952,#3953),#258,.T.);
#6535=ADVANCED_FACE('',(#3954),#259,.T.);
#6536=ADVANCED_FACE('',(#3955,#3956),#84,.F.);
#6537=ADVANCED_FACE('',(#3957),#4295,.F.);
#6538=ADVANCED_FACE('',(#3958),#4296,.F.);
#6539=ADVANCED_FACE('',(#3959),#260,.T.);
#6540=ADVANCED_FACE('',(#3960),#4297,.T.);
#6541=ADVANCED_FACE('',(#3961),#261,.F.);
#6542=ADVANCED_FACE('',(#3962,#3963),#262,.F.);
#6543=ADVANCED_FACE('',(#3964),#4298,.F.);
#6544=ADVANCED_FACE('',(#3965,#3966),#263,.T.);
#6545=ADVANCED_FACE('',(#3967),#264,.T.);
#6546=ADVANCED_FACE('',(#3968,#3969),#85,.F.);
#6547=ADVANCED_FACE('',(#3970),#4299,.F.);
#6548=ADVANCED_FACE('',(#3971),#4300,.F.);
#6549=ADVANCED_FACE('',(#3972),#265,.T.);
#6550=ADVANCED_FACE('',(#3973),#4301,.T.);
#6551=ADVANCED_FACE('',(#3974),#266,.F.);
#6552=ADVANCED_FACE('',(#3975,#3976),#267,.F.);
#6553=ADVANCED_FACE('',(#3977),#4302,.F.);
#6554=ADVANCED_FACE('',(#3978,#3979),#268,.T.);
#6555=ADVANCED_FACE('',(#3980),#269,.T.);
#6556=ADVANCED_FACE('',(#3981,#3982),#86,.F.);
#6557=ADVANCED_FACE('',(#3983),#4303,.F.);
#6558=ADVANCED_FACE('',(#3984),#4304,.F.);
#6559=ADVANCED_FACE('',(#3985),#270,.T.);
#6560=ADVANCED_FACE('',(#3986),#4305,.T.);
#6561=ADVANCED_FACE('',(#3987),#271,.F.);
#6562=ADVANCED_FACE('',(#3988,#3989),#272,.F.);
#6563=ADVANCED_FACE('',(#3990),#4306,.F.);
#6564=ADVANCED_FACE('',(#3991,#3992),#273,.T.);
#6565=ADVANCED_FACE('',(#3993),#274,.T.);
#6566=ADVANCED_FACE('',(#3994,#3995),#87,.F.);
#6567=ADVANCED_FACE('',(#3996),#4307,.F.);
#6568=ADVANCED_FACE('',(#3997),#4308,.F.);
#6569=ADVANCED_FACE('',(#3998),#275,.T.);
#6570=ADVANCED_FACE('',(#3999),#4309,.T.);
#6571=ADVANCED_FACE('',(#4000),#276,.F.);
#6572=ADVANCED_FACE('',(#4001,#4002),#277,.F.);
#6573=ADVANCED_FACE('',(#4003),#4310,.F.);
#6574=ADVANCED_FACE('',(#4004,#4005),#278,.T.);
#6575=ADVANCED_FACE('',(#4006),#279,.T.);
#6576=ADVANCED_FACE('',(#4007,#4008),#88,.F.);
#6577=ADVANCED_FACE('',(#4009),#4311,.F.);
#6578=ADVANCED_FACE('',(#4010),#4312,.F.);
#6579=ADVANCED_FACE('',(#4011,#4012),#280,.F.);
#6580=ADVANCED_FACE('',(#4013,#4014),#281,.F.);
#6581=ADVANCED_FACE('',(#4015,#4016),#89,.F.);
#6582=ADVANCED_FACE('',(#4017),#46,.F.);
#6583=ADVANCED_FACE('',(#4018,#4019),#282,.F.);
#6584=ADVANCED_FACE('',(#4020,#4021),#90,.F.);
#6585=ADVANCED_FACE('',(#4022),#47,.F.);
#6586=ADVANCED_FACE('',(#4023,#4024),#283,.F.);
#6587=ADVANCED_FACE('',(#4025,#4026),#91,.F.);
#6588=ADVANCED_FACE('',(#4027),#48,.F.);
#6589=ADVANCED_FACE('',(#4028,#4029),#284,.F.);
#6590=ADVANCED_FACE('',(#4030,#4031),#92,.F.);
#6591=ADVANCED_FACE('',(#4032),#49,.F.);
#6592=ADVANCED_FACE('',(#4033,#4034),#285,.F.);
#6593=ADVANCED_FACE('',(#4035,#4036),#93,.F.);
#6594=ADVANCED_FACE('',(#4037),#50,.F.);
#6595=ADVANCED_FACE('',(#4038,#4039),#286,.F.);
#6596=ADVANCED_FACE('',(#4040,#4041),#94,.F.);
#6597=ADVANCED_FACE('',(#4042),#51,.F.);
#6598=ADVANCED_FACE('',(#4043,#4044),#287,.F.);
#6599=ADVANCED_FACE('',(#4045,#4046),#95,.F.);
#6600=ADVANCED_FACE('',(#4047),#52,.F.);
#6601=ADVANCED_FACE('',(#4048,#4049),#288,.F.);
#6602=ADVANCED_FACE('',(#4050,#4051),#96,.F.);
#6603=ADVANCED_FACE('',(#4052),#53,.F.);
#6604=ADVANCED_FACE('',(#4053,#4054),#289,.F.);
#6605=ADVANCED_FACE('',(#4055,#4056),#97,.F.);
#6606=ADVANCED_FACE('',(#4057),#54,.F.);
#6607=ADVANCED_FACE('',(#4058,#4059),#290,.F.);
#6608=ADVANCED_FACE('',(#4060,#4061),#98,.F.);
#6609=ADVANCED_FACE('',(#4062),#55,.F.);
#6610=ADVANCED_FACE('',(#4063,#4064),#291,.F.);
#6611=ADVANCED_FACE('',(#4065,#4066),#99,.F.);
#6612=ADVANCED_FACE('',(#4067),#56,.F.);
#6613=ADVANCED_FACE('',(#4068,#4069),#292,.F.);
#6614=ADVANCED_FACE('',(#4070,#4071),#100,.F.);
#6615=ADVANCED_FACE('',(#4072),#57,.F.);
#6616=ADVANCED_FACE('',(#4073,#4074),#293,.F.);
#6617=ADVANCED_FACE('',(#4075,#4076),#101,.F.);
#6618=ADVANCED_FACE('',(#4077),#58,.F.);
#6619=ADVANCED_FACE('',(#4078,#4079),#294,.F.);
#6620=ADVANCED_FACE('',(#4080,#4081,#4082,#4083,#4084,#4085,#4086,#4087,
#4088,#4089,#4090,#4091,#4092,#4093,#4094,#4095),#4313,.F.);
#6621=ADVANCED_FACE('',(#4096,#4097,#4098,#4099),#4314,.F.);
#6622=ADVANCED_FACE('',(#4100),#4315,.T.);
#6623=ADVANCED_FACE('',(#4101),#4316,.T.);
#6624=ADVANCED_FACE('',(#4102),#4317,.T.);
#6625=ADVANCED_FACE('',(#4103),#4318,.T.);
#6626=ADVANCED_FACE('',(#4104,#4105),#295,.F.);
#6627=ADVANCED_FACE('',(#4106,#4107),#296,.F.);
#6628=ADVANCED_FACE('',(#4108),#297,.T.);
#6629=ADVANCED_FACE('',(#4109),#4319,.F.);
#6630=ADVANCED_FACE('',(#4110),#298,.T.);
#6631=ADVANCED_FACE('',(#4111),#4320,.F.);
#6632=ADVANCED_FACE('',(#4112),#299,.T.);
#6633=ADVANCED_FACE('',(#4113),#4321,.F.);
#6634=ADVANCED_FACE('',(#4114),#300,.T.);
#6635=ADVANCED_FACE('',(#4115),#4322,.T.);
#6636=ADVANCED_FACE('',(#4116),#301,.F.);
#6637=ADVANCED_FACE('',(#4117),#4323,.T.);
#6638=ADVANCED_FACE('',(#4118),#302,.F.);
#6639=ADVANCED_FACE('',(#4119),#4324,.T.);
#6640=ADVANCED_FACE('',(#4120),#303,.F.);
#6641=ADVANCED_FACE('',(#4121),#4325,.T.);
#6642=ADVANCED_FACE('',(#4122),#304,.F.);
#6643=ADVANCED_FACE('',(#4123),#4326,.F.);
#6644=ADVANCED_FACE('',(#4124,#4125),#4327,.T.);
#6645=ADVANCED_FACE('',(#4126),#24,.F.);
#6646=ADVANCED_FACE('',(#4127),#305,.F.);
#6647=ADVANCED_FACE('',(#4128),#306,.F.);
#6648=ADVANCED_FACE('',(#4129),#25,.F.);
#6649=ADVANCED_FACE('',(#4130),#26,.F.);
#6650=ADVANCED_FACE('',(#4131),#307,.F.);
#6651=ADVANCED_FACE('',(#4132),#308,.F.);
#6652=ADVANCED_FACE('',(#4133),#27,.F.);
#6653=ADVANCED_FACE('',(#4134),#28,.T.);
#6654=ADVANCED_FACE('',(#4135),#309,.T.);
#6655=ADVANCED_FACE('',(#4136),#310,.T.);
#6656=ADVANCED_FACE('',(#4137),#29,.T.);
#6657=ADVANCED_FACE('',(#4138),#30,.T.);
#6658=ADVANCED_FACE('',(#4139),#311,.T.);
#6659=ADVANCED_FACE('',(#4140),#312,.T.);
#6660=ADVANCED_FACE('',(#4141),#31,.T.);
#6661=ADVANCED_FACE('',(#4142),#4328,.F.);
#6662=ADVANCED_FACE('',(#4143),#102,.F.);
#6663=ADVANCED_FACE('',(#4144),#103,.F.);
#6664=ADVANCED_FACE('',(#4145),#4329,.F.);
#6665=ADVANCED_FACE('',(#4146),#4330,.F.);
#6666=ADVANCED_FACE('',(#4147),#104,.F.);
#6667=ADVANCED_FACE('',(#4148),#105,.F.);
#6668=ADVANCED_FACE('',(#4149),#4331,.F.);
#6669=ADVANCED_FACE('',(#4150),#313,.T.);
#6670=ADVANCED_FACE('',(#4151),#314,.T.);
#6671=ADVANCED_FACE('',(#4152),#315,.T.);
#6672=ADVANCED_FACE('',(#4153),#316,.T.);
#6673=ADVANCED_FACE('',(#4154,#4155),#317,.F.);
#6674=ADVANCED_FACE('',(#4156,#4157),#318,.F.);
#6675=ADVANCED_FACE('',(#4158),#59,.F.);
#6676=ADVANCED_FACE('',(#4159),#60,.F.);
#6677=ADVANCED_FACE('',(#4160,#4161),#106,.F.);
#6678=ADVANCED_FACE('',(#4162,#4163),#107,.F.);
#6679=ADVANCED_FACE('',(#4164),#4332,.T.);
#6680=ADVANCED_FACE('',(#4165),#319,.T.);
#6681=ADVANCED_FACE('',(#4166),#4333,.T.);
#6682=ADVANCED_FACE('',(#4167),#320,.T.);
#6683=ADVANCED_FACE('',(#4168),#4334,.T.);
#6684=ADVANCED_FACE('',(#4169),#321,.T.);
#6685=ADVANCED_FACE('',(#4170),#4335,.T.);
#6686=ADVANCED_FACE('',(#4171),#322,.T.);
#6687=ADVANCED_FACE('',(#4172,#4173),#4336,.F.);
#6688=ADVANCED_FACE('',(#4174),#4337,.F.);
#6689=ADVANCED_FACE('',(#4175),#323,.T.);
#6690=ADVANCED_FACE('',(#4176),#4338,.F.);
#6691=ADVANCED_FACE('',(#4177),#324,.T.);
#6692=ADVANCED_FACE('',(#4178),#4339,.F.);
#6693=ADVANCED_FACE('',(#4179),#325,.T.);
#6694=ADVANCED_FACE('',(#4180),#4340,.F.);
#6695=ADVANCED_FACE('',(#4181),#326,.T.);
#6696=ADVANCED_FACE('',(#4182,#4183,#4184,#4185,#4186,#4187,#4188,#4189,
#4190,#4191,#4192,#4193,#4194,#4195,#4196,#4197),#4341,.T.);
#6697=ADVANCED_FACE('',(#4198),#4342,.T.);
#6698=ADVANCED_FACE('',(#4199,#4200),#327,.T.);
#6699=ADVANCED_FACE('',(#4201),#4343,.T.);
#6700=ADVANCED_FACE('',(#4202,#4203),#328,.T.);
#6701=ADVANCED_FACE('',(#4204),#4344,.F.);
#6702=ADVANCED_FACE('',(#4205),#4345,.T.);
#6703=ADVANCED_FACE('',(#4206),#4346,.T.);
#6704=ADVANCED_FACE('',(#4207),#4347,.F.);
#6705=ADVANCED_FACE('',(#4208),#4348,.F.);
#6706=ADVANCED_FACE('',(#4209),#4349,.F.);
#6707=ADVANCED_FACE('',(#4210),#329,.F.);
#6708=ADVANCED_FACE('',(#4211),#330,.F.);
#6709=ADVANCED_FACE('',(#4212),#331,.T.);
#6710=ADVANCED_FACE('',(#4213),#332,.T.);
#6711=ADVANCED_FACE('',(#4214),#333,.T.);
#6712=ADVANCED_FACE('',(#4215),#334,.T.);
#6713=ADVANCED_FACE('',(#4216,#4217),#108,.F.);
#6714=ADVANCED_FACE('',(#4218,#4219),#109,.F.);
#6715=ADVANCED_FACE('',(#4220),#20,.T.);
#6716=ADVANCED_FACE('',(#4221),#335,.T.);
#6717=ADVANCED_FACE('',(#4222),#336,.T.);
#6718=ADVANCED_FACE('',(#4223),#21,.T.);
#6719=ADVANCED_FACE('',(#4224),#22,.T.);
#6720=ADVANCED_FACE('',(#4225),#337,.T.);
#6721=ADVANCED_FACE('',(#4226),#338,.T.);
#6722=ADVANCED_FACE('',(#4227),#23,.T.);
#6723=ADVANCED_FACE('',(#4228),#32,.F.);
#6724=ADVANCED_FACE('',(#4229),#339,.F.);
#6725=ADVANCED_FACE('',(#4230),#340,.F.);
#6726=ADVANCED_FACE('',(#4231),#33,.F.);
#6727=ADVANCED_FACE('',(#4232),#34,.F.);
#6728=ADVANCED_FACE('',(#4233),#341,.F.);
#6729=ADVANCED_FACE('',(#4234),#342,.F.);
#6730=ADVANCED_FACE('',(#4235),#35,.F.);
#6731=ADVANCED_FACE('',(#4236,#4237),#4350,.F.);
#6732=ADVANCED_FACE('',(#4238,#4239),#4351,.T.);
#6733=ADVANCED_FACE('',(#4240,#4241),#36,.T.);
#6734=ADVANCED_FACE('',(#4242,#4243),#37,.T.);
#6735=ADVANCED_FACE('',(#4244,#4245),#38,.F.);
#6736=ADVANCED_FACE('',(#4246,#4247),#39,.F.);
#6737=ADVANCED_FACE('',(#4248,#4249),#40,.T.);
#6738=ADVANCED_FACE('',(#4250,#4251),#41,.T.);
#6739=ADVANCED_FACE('',(#4252),#42,.T.);
#6740=ADVANCED_FACE('',(#4253),#343,.T.);
#6741=ADVANCED_FACE('',(#4254),#344,.T.);
#6742=ADVANCED_FACE('',(#4255),#43,.T.);
#6743=ADVANCED_FACE('',(#4256),#44,.T.);
#6744=ADVANCED_FACE('',(#4257),#345,.T.);
#6745=ADVANCED_FACE('',(#4258),#346,.T.);
#6746=ADVANCED_FACE('',(#4259),#45,.T.);
#6747=CLOSED_SHELL('',(#6448,#6449,#6450,#6451,#6452,#6453,#6454,#6455,
#6456,#6457,#6458,#6459,#6460,#6461,#6462,#6463,#6464,#6465,#6466,#6467,
#6468,#6469,#6470,#6471,#6472,#6473,#6474,#6475,#6476,#6477,#6478,#6479,
#6480,#6481,#6482,#6483,#6484,#6485,#6486,#6487,#6488,#6489,#6490,#6491,
#6492,#6493,#6494,#6495,#6496,#6497,#6498,#6499,#6500,#6501,#6502,#6503,
#6504,#6505,#6506,#6507,#6508,#6509,#6510,#6511,#6512,#6513,#6514,#6515,
#6516,#6517,#6518,#6519,#6520,#6521,#6522,#6523,#6524,#6525,#6526,#6527,
#6528,#6529,#6530,#6531,#6532,#6533,#6534,#6535,#6536,#6537,#6538,#6539,
#6540,#6541,#6542,#6543,#6544,#6545,#6546,#6547,#6548,#6549,#6550,#6551,
#6552,#6553,#6554,#6555,#6556,#6557,#6558,#6559,#6560,#6561,#6562,#6563,
#6564,#6565,#6566,#6567,#6568,#6569,#6570,#6571,#6572,#6573,#6574,#6575,
#6576,#6577,#6578,#6579,#6580,#6581,#6582,#6583,#6584,#6585,#6586,#6587,
#6588,#6589,#6590,#6591,#6592,#6593,#6594,#6595,#6596,#6597,#6598,#6599,
#6600,#6601,#6602,#6603,#6604,#6605,#6606,#6607,#6608,#6609,#6610,#6611,
#6612,#6613,#6614,#6615,#6616,#6617,#6618,#6619,#6620,#6621,#6622,#6623,
#6624,#6625,#6626,#6627,#6628,#6629,#6630,#6631,#6632,#6633,#6634,#6635,
#6636,#6637,#6638,#6639,#6640,#6641,#6642,#6643,#6644,#6645,#6646,#6647,
#6648,#6649,#6650,#6651,#6652,#6653,#6654,#6655,#6656,#6657,#6658,#6659,
#6660,#6661,#6662,#6663,#6664,#6665,#6666,#6667,#6668,#6669,#6670,#6671,
#6672,#6673,#6674,#6675,#6676,#6677,#6678,#6679,#6680,#6681,#6682,#6683,
#6684,#6685,#6686,#6687,#6688,#6689,#6690,#6691,#6692,#6693,#6694,#6695,
#6696,#6697,#6698,#6699,#6700,#6701,#6702,#6703,#6704,#6705,#6706,#6707,
#6708,#6709,#6710,#6711,#6712,#6713,#6714,#6715,#6716,#6717,#6718,#6719,
#6720,#6721,#6722,#6723,#6724,#6725,#6726,#6727,#6728,#6729,#6730,#6731,
#6732,#6733,#6734,#6735,#6736,#6737,#6738,#6739,#6740,#6741,#6742,#6743,
#6744,#6745,#6746));
#6748=MANIFOLD_SOLID_BREP('',#6747);
#6749=SHAPE_DEFINITION_REPRESENTATION(#10480,#6750);
#6750=SHAPE_REPRESENTATION('CN-DSUB15SKT0-000',(#6751),#10475);
#6751=AXIS2_PLACEMENT_3D('',#8636,#7287,#7288);
#6752=AXIS2_PLACEMENT_3D('',#8637,#7289,#7290);
#6753=AXIS2_PLACEMENT_3D('',#8638,#7291,#7292);
#6754=AXIS2_PLACEMENT_3D('',#8640,#7293,#7294);
#6755=AXIS2_PLACEMENT_3D('',#8645,#7296,#7297);
#6756=AXIS2_PLACEMENT_3D('',#8649,#7299,#7300);
#6757=AXIS2_PLACEMENT_3D('',#8653,#7302,#7303);
#6758=AXIS2_PLACEMENT_3D('',#8657,#7305,#7306);
#6759=AXIS2_PLACEMENT_3D('',#8661,#7308,#7309);
#6760=AXIS2_PLACEMENT_3D('',#8665,#7311,#7312);
#6761=AXIS2_PLACEMENT_3D('',#8669,#7314,#7315);
#6762=AXIS2_PLACEMENT_3D('',#8673,#7317,#7318);
#6763=AXIS2_PLACEMENT_3D('',#8674,#7319,#7320);
#6764=AXIS2_PLACEMENT_3D('',#8683,#7325,#7326);
#6765=AXIS2_PLACEMENT_3D('',#8684,#7327,#7328);
#6766=AXIS2_PLACEMENT_3D('',#8686,#7329,#7330);
#6767=AXIS2_PLACEMENT_3D('',#8711,#7332,#7333);
#6768=AXIS2_PLACEMENT_3D('',#8713,#7334,#7335);
#6769=AXIS2_PLACEMENT_3D('',#8720,#7337,#7338);
#6770=AXIS2_PLACEMENT_3D('',#8738,#7341,#7342);
#6771=AXIS2_PLACEMENT_3D('',#8742,#7345,#7346);
#6772=AXIS2_PLACEMENT_3D('',#8743,#7347,#7348);
#6773=AXIS2_PLACEMENT_3D('',#8744,#7349,#7350);
#6774=AXIS2_PLACEMENT_3D('',#8750,#7351,#7352);
#6775=AXIS2_PLACEMENT_3D('',#8751,#7353,#7354);
#6776=AXIS2_PLACEMENT_3D('',#8753,#7355,#7356);
#6777=AXIS2_PLACEMENT_3D('',#8755,#7358,#7359);
#6778=AXIS2_PLACEMENT_3D('',#8756,#7360,#7361);
#6779=AXIS2_PLACEMENT_3D('',#8765,#7366,#7367);
#6780=AXIS2_PLACEMENT_3D('',#8766,#7368,#7369);
#6781=AXIS2_PLACEMENT_3D('',#8768,#7370,#7371);
#6782=AXIS2_PLACEMENT_3D('',#8793,#7373,#7374);
#6783=AXIS2_PLACEMENT_3D('',#8795,#7375,#7376);
#6784=AXIS2_PLACEMENT_3D('',#8802,#7378,#7379);
#6785=AXIS2_PLACEMENT_3D('',#8820,#7382,#7383);
#6786=AXIS2_PLACEMENT_3D('',#8824,#7386,#7387);
#6787=AXIS2_PLACEMENT_3D('',#8825,#7388,#7389);
#6788=AXIS2_PLACEMENT_3D('',#8826,#7390,#7391);
#6789=AXIS2_PLACEMENT_3D('',#8832,#7392,#7393);
#6790=AXIS2_PLACEMENT_3D('',#8833,#7394,#7395);
#6791=AXIS2_PLACEMENT_3D('',#8835,#7396,#7397);
#6792=AXIS2_PLACEMENT_3D('',#8837,#7399,#7400);
#6793=AXIS2_PLACEMENT_3D('',#8838,#7401,#7402);
#6794=AXIS2_PLACEMENT_3D('',#8847,#7407,#7408);
#6795=AXIS2_PLACEMENT_3D('',#8848,#7409,#7410);
#6796=AXIS2_PLACEMENT_3D('',#8850,#7411,#7412);
#6797=AXIS2_PLACEMENT_3D('',#8875,#7414,#7415);
#6798=AXIS2_PLACEMENT_3D('',#8877,#7416,#7417);
#6799=AXIS2_PLACEMENT_3D('',#8884,#7419,#7420);
#6800=AXIS2_PLACEMENT_3D('',#8902,#7423,#7424);
#6801=AXIS2_PLACEMENT_3D('',#8906,#7427,#7428);
#6802=AXIS2_PLACEMENT_3D('',#8907,#7429,#7430);
#6803=AXIS2_PLACEMENT_3D('',#8908,#7431,#7432);
#6804=AXIS2_PLACEMENT_3D('',#8914,#7433,#7434);
#6805=AXIS2_PLACEMENT_3D('',#8915,#7435,#7436);
#6806=AXIS2_PLACEMENT_3D('',#8917,#7437,#7438);
#6807=AXIS2_PLACEMENT_3D('',#8919,#7440,#7441);
#6808=AXIS2_PLACEMENT_3D('',#8920,#7442,#7443);
#6809=AXIS2_PLACEMENT_3D('',#8929,#7448,#7449);
#6810=AXIS2_PLACEMENT_3D('',#8930,#7450,#7451);
#6811=AXIS2_PLACEMENT_3D('',#8932,#7452,#7453);
#6812=AXIS2_PLACEMENT_3D('',#8957,#7455,#7456);
#6813=AXIS2_PLACEMENT_3D('',#8959,#7457,#7458);
#6814=AXIS2_PLACEMENT_3D('',#8966,#7460,#7461);
#6815=AXIS2_PLACEMENT_3D('',#8984,#7464,#7465);
#6816=AXIS2_PLACEMENT_3D('',#8988,#7468,#7469);
#6817=AXIS2_PLACEMENT_3D('',#8989,#7470,#7471);
#6818=AXIS2_PLACEMENT_3D('',#8990,#7472,#7473);
#6819=AXIS2_PLACEMENT_3D('',#8996,#7474,#7475);
#6820=AXIS2_PLACEMENT_3D('',#8997,#7476,#7477);
#6821=AXIS2_PLACEMENT_3D('',#8999,#7478,#7479);
#6822=AXIS2_PLACEMENT_3D('',#9001,#7481,#7482);
#6823=AXIS2_PLACEMENT_3D('',#9002,#7483,#7484);
#6824=AXIS2_PLACEMENT_3D('',#9011,#7489,#7490);
#6825=AXIS2_PLACEMENT_3D('',#9012,#7491,#7492);
#6826=AXIS2_PLACEMENT_3D('',#9014,#7493,#7494);
#6827=AXIS2_PLACEMENT_3D('',#9039,#7496,#7497);
#6828=AXIS2_PLACEMENT_3D('',#9041,#7498,#7499);
#6829=AXIS2_PLACEMENT_3D('',#9048,#7501,#7502);
#6830=AXIS2_PLACEMENT_3D('',#9066,#7505,#7506);
#6831=AXIS2_PLACEMENT_3D('',#9070,#7509,#7510);
#6832=AXIS2_PLACEMENT_3D('',#9071,#7511,#7512);
#6833=AXIS2_PLACEMENT_3D('',#9072,#7513,#7514);
#6834=AXIS2_PLACEMENT_3D('',#9078,#7515,#7516);
#6835=AXIS2_PLACEMENT_3D('',#9079,#7517,#7518);
#6836=AXIS2_PLACEMENT_3D('',#9081,#7519,#7520);
#6837=AXIS2_PLACEMENT_3D('',#9083,#7522,#7523);
#6838=AXIS2_PLACEMENT_3D('',#9084,#7524,#7525);
#6839=AXIS2_PLACEMENT_3D('',#9093,#7530,#7531);
#6840=AXIS2_PLACEMENT_3D('',#9094,#7532,#7533);
#6841=AXIS2_PLACEMENT_3D('',#9096,#7534,#7535);
#6842=AXIS2_PLACEMENT_3D('',#9121,#7537,#7538);
#6843=AXIS2_PLACEMENT_3D('',#9123,#7539,#7540);
#6844=AXIS2_PLACEMENT_3D('',#9130,#7542,#7543);
#6845=AXIS2_PLACEMENT_3D('',#9148,#7546,#7547);
#6846=AXIS2_PLACEMENT_3D('',#9152,#7550,#7551);
#6847=AXIS2_PLACEMENT_3D('',#9153,#7552,#7553);
#6848=AXIS2_PLACEMENT_3D('',#9154,#7554,#7555);
#6849=AXIS2_PLACEMENT_3D('',#9160,#7556,#7557);
#6850=AXIS2_PLACEMENT_3D('',#9161,#7558,#7559);
#6851=AXIS2_PLACEMENT_3D('',#9163,#7560,#7561);
#6852=AXIS2_PLACEMENT_3D('',#9165,#7563,#7564);
#6853=AXIS2_PLACEMENT_3D('',#9166,#7565,#7566);
#6854=AXIS2_PLACEMENT_3D('',#9181,#7569,#7570);
#6855=AXIS2_PLACEMENT_3D('',#9182,#7571,#7572);
#6856=AXIS2_PLACEMENT_3D('',#9184,#7573,#7574);
#6857=AXIS2_PLACEMENT_3D('',#9187,#7576,#7577);
#6858=AXIS2_PLACEMENT_3D('',#9220,#7581,#7582);
#6859=AXIS2_PLACEMENT_3D('',#9221,#7583,#7584);
#6860=AXIS2_PLACEMENT_3D('',#9230,#7587,#7588);
#6861=AXIS2_PLACEMENT_3D('',#9231,#7589,#7590);
#6862=AXIS2_PLACEMENT_3D('',#9232,#7591,#7592);
#6863=AXIS2_PLACEMENT_3D('',#9240,#7595,#7596);
#6864=AXIS2_PLACEMENT_3D('',#9242,#7597,#7598);
#6865=AXIS2_PLACEMENT_3D('',#9244,#7600,#7601);
#6866=AXIS2_PLACEMENT_3D('',#9246,#7602,#7603);
#6867=AXIS2_PLACEMENT_3D('',#9247,#7604,#7605);
#6868=AXIS2_PLACEMENT_3D('',#9248,#7606,#7607);
#6869=AXIS2_PLACEMENT_3D('',#9263,#7610,#7611);
#6870=AXIS2_PLACEMENT_3D('',#9264,#7612,#7613);
#6871=AXIS2_PLACEMENT_3D('',#9266,#7614,#7615);
#6872=AXIS2_PLACEMENT_3D('',#9269,#7617,#7618);
#6873=AXIS2_PLACEMENT_3D('',#9302,#7622,#7623);
#6874=AXIS2_PLACEMENT_3D('',#9303,#7624,#7625);
#6875=AXIS2_PLACEMENT_3D('',#9312,#7628,#7629);
#6876=AXIS2_PLACEMENT_3D('',#9313,#7630,#7631);
#6877=AXIS2_PLACEMENT_3D('',#9314,#7632,#7633);
#6878=AXIS2_PLACEMENT_3D('',#9322,#7636,#7637);
#6879=AXIS2_PLACEMENT_3D('',#9324,#7638,#7639);
#6880=AXIS2_PLACEMENT_3D('',#9326,#7641,#7642);
#6881=AXIS2_PLACEMENT_3D('',#9328,#7643,#7644);
#6882=AXIS2_PLACEMENT_3D('',#9329,#7645,#7646);
#6883=AXIS2_PLACEMENT_3D('',#9330,#7647,#7648);
#6884=AXIS2_PLACEMENT_3D('',#9345,#7651,#7652);
#6885=AXIS2_PLACEMENT_3D('',#9346,#7653,#7654);
#6886=AXIS2_PLACEMENT_3D('',#9348,#7655,#7656);
#6887=AXIS2_PLACEMENT_3D('',#9351,#7658,#7659);
#6888=AXIS2_PLACEMENT_3D('',#9384,#7663,#7664);
#6889=AXIS2_PLACEMENT_3D('',#9385,#7665,#7666);
#6890=AXIS2_PLACEMENT_3D('',#9394,#7669,#7670);
#6891=AXIS2_PLACEMENT_3D('',#9395,#7671,#7672);
#6892=AXIS2_PLACEMENT_3D('',#9396,#7673,#7674);
#6893=AXIS2_PLACEMENT_3D('',#9404,#7677,#7678);
#6894=AXIS2_PLACEMENT_3D('',#9406,#7679,#7680);
#6895=AXIS2_PLACEMENT_3D('',#9408,#7682,#7683);
#6896=AXIS2_PLACEMENT_3D('',#9410,#7684,#7685);
#6897=AXIS2_PLACEMENT_3D('',#9411,#7686,#7687);
#6898=AXIS2_PLACEMENT_3D('',#9412,#7688,#7689);
#6899=AXIS2_PLACEMENT_3D('',#9427,#7692,#7693);
#6900=AXIS2_PLACEMENT_3D('',#9428,#7694,#7695);
#6901=AXIS2_PLACEMENT_3D('',#9430,#7696,#7697);
#6902=AXIS2_PLACEMENT_3D('',#9433,#7699,#7700);
#6903=AXIS2_PLACEMENT_3D('',#9466,#7704,#7705);
#6904=AXIS2_PLACEMENT_3D('',#9467,#7706,#7707);
#6905=AXIS2_PLACEMENT_3D('',#9476,#7710,#7711);
#6906=AXIS2_PLACEMENT_3D('',#9477,#7712,#7713);
#6907=AXIS2_PLACEMENT_3D('',#9478,#7714,#7715);
#6908=AXIS2_PLACEMENT_3D('',#9486,#7718,#7719);
#6909=AXIS2_PLACEMENT_3D('',#9488,#7720,#7721);
#6910=AXIS2_PLACEMENT_3D('',#9490,#7723,#7724);
#6911=AXIS2_PLACEMENT_3D('',#9492,#7725,#7726);
#6912=AXIS2_PLACEMENT_3D('',#9493,#7727,#7728);
#6913=AXIS2_PLACEMENT_3D('',#9494,#7729,#7730);
#6914=AXIS2_PLACEMENT_3D('',#9509,#7733,#7734);
#6915=AXIS2_PLACEMENT_3D('',#9510,#7735,#7736);
#6916=AXIS2_PLACEMENT_3D('',#9512,#7737,#7738);
#6917=AXIS2_PLACEMENT_3D('',#9515,#7740,#7741);
#6918=AXIS2_PLACEMENT_3D('',#9548,#7745,#7746);
#6919=AXIS2_PLACEMENT_3D('',#9549,#7747,#7748);
#6920=AXIS2_PLACEMENT_3D('',#9558,#7751,#7752);
#6921=AXIS2_PLACEMENT_3D('',#9559,#7753,#7754);
#6922=AXIS2_PLACEMENT_3D('',#9560,#7755,#7756);
#6923=AXIS2_PLACEMENT_3D('',#9568,#7759,#7760);
#6924=AXIS2_PLACEMENT_3D('',#9570,#7761,#7762);
#6925=AXIS2_PLACEMENT_3D('',#9572,#7764,#7765);
#6926=AXIS2_PLACEMENT_3D('',#9574,#7766,#7767);
#6927=AXIS2_PLACEMENT_3D('',#9575,#7768,#7769);
#6928=AXIS2_PLACEMENT_3D('',#9576,#7770,#7771);
#6929=AXIS2_PLACEMENT_3D('',#9591,#7774,#7775);
#6930=AXIS2_PLACEMENT_3D('',#9592,#7776,#7777);
#6931=AXIS2_PLACEMENT_3D('',#9594,#7778,#7779);
#6932=AXIS2_PLACEMENT_3D('',#9597,#7781,#7782);
#6933=AXIS2_PLACEMENT_3D('',#9630,#7786,#7787);
#6934=AXIS2_PLACEMENT_3D('',#9631,#7788,#7789);
#6935=AXIS2_PLACEMENT_3D('',#9640,#7792,#7793);
#6936=AXIS2_PLACEMENT_3D('',#9641,#7794,#7795);
#6937=AXIS2_PLACEMENT_3D('',#9642,#7796,#7797);
#6938=AXIS2_PLACEMENT_3D('',#9650,#7800,#7801);
#6939=AXIS2_PLACEMENT_3D('',#9652,#7802,#7803);
#6940=AXIS2_PLACEMENT_3D('',#9654,#7805,#7806);
#6941=AXIS2_PLACEMENT_3D('',#9656,#7807,#7808);
#6942=AXIS2_PLACEMENT_3D('',#9657,#7809,#7810);
#6943=AXIS2_PLACEMENT_3D('',#9658,#7811,#7812);
#6944=AXIS2_PLACEMENT_3D('',#9673,#7815,#7816);
#6945=AXIS2_PLACEMENT_3D('',#9674,#7817,#7818);
#6946=AXIS2_PLACEMENT_3D('',#9676,#7819,#7820);
#6947=AXIS2_PLACEMENT_3D('',#9679,#7822,#7823);
#6948=AXIS2_PLACEMENT_3D('',#9712,#7827,#7828);
#6949=AXIS2_PLACEMENT_3D('',#9713,#7829,#7830);
#6950=AXIS2_PLACEMENT_3D('',#9722,#7833,#7834);
#6951=AXIS2_PLACEMENT_3D('',#9723,#7835,#7836);
#6952=AXIS2_PLACEMENT_3D('',#9724,#7837,#7838);
#6953=AXIS2_PLACEMENT_3D('',#9732,#7841,#7842);
#6954=AXIS2_PLACEMENT_3D('',#9734,#7843,#7844);
#6955=AXIS2_PLACEMENT_3D('',#9736,#7846,#7847);
#6956=AXIS2_PLACEMENT_3D('',#9738,#7848,#7849);
#6957=AXIS2_PLACEMENT_3D('',#9739,#7850,#7851);
#6958=AXIS2_PLACEMENT_3D('',#9740,#7852,#7853);
#6959=AXIS2_PLACEMENT_3D('',#9741,#7854,#7855);
#6960=AXIS2_PLACEMENT_3D('',#9743,#7856,#7857);
#6961=AXIS2_PLACEMENT_3D('',#9771,#7860,#7861);
#6962=AXIS2_PLACEMENT_3D('',#9772,#7862,#7863);
#6963=AXIS2_PLACEMENT_3D('',#9774,#7864,#7865);
#6964=AXIS2_PLACEMENT_3D('',#9802,#7868,#7869);
#6965=AXIS2_PLACEMENT_3D('',#9803,#7870,#7871);
#6966=AXIS2_PLACEMENT_3D('',#9805,#7872,#7873);
#6967=AXIS2_PLACEMENT_3D('',#9807,#7874,#7875);
#6968=AXIS2_PLACEMENT_3D('',#9808,#7876,#7877);
#6969=AXIS2_PLACEMENT_3D('',#9810,#7878,#7879);
#6970=AXIS2_PLACEMENT_3D('',#9811,#7880,#7881);
#6971=AXIS2_PLACEMENT_3D('',#9812,#7882,#7883);
#6972=AXIS2_PLACEMENT_3D('',#9814,#7884,#7885);
#6973=AXIS2_PLACEMENT_3D('',#9816,#7886,#7887);
#6974=AXIS2_PLACEMENT_3D('',#9817,#7888,#7889);
#6975=AXIS2_PLACEMENT_3D('',#9819,#7890,#7891);
#6976=AXIS2_PLACEMENT_3D('',#9820,#7892,#7893);
#6977=AXIS2_PLACEMENT_3D('',#9821,#7894,#7895);
#6978=AXIS2_PLACEMENT_3D('',#9823,#7896,#7897);
#6979=AXIS2_PLACEMENT_3D('',#9825,#7898,#7899);
#6980=AXIS2_PLACEMENT_3D('',#9826,#7900,#7901);
#6981=AXIS2_PLACEMENT_3D('',#9828,#7902,#7903);
#6982=AXIS2_PLACEMENT_3D('',#9829,#7904,#7905);
#6983=AXIS2_PLACEMENT_3D('',#9830,#7906,#7907);
#6984=AXIS2_PLACEMENT_3D('',#9832,#7908,#7909);
#6985=AXIS2_PLACEMENT_3D('',#9834,#7910,#7911);
#6986=AXIS2_PLACEMENT_3D('',#9835,#7912,#7913);
#6987=AXIS2_PLACEMENT_3D('',#9837,#7914,#7915);
#6988=AXIS2_PLACEMENT_3D('',#9838,#7916,#7917);
#6989=AXIS2_PLACEMENT_3D('',#9839,#7918,#7919);
#6990=AXIS2_PLACEMENT_3D('',#9841,#7920,#7921);
#6991=AXIS2_PLACEMENT_3D('',#9843,#7922,#7923);
#6992=AXIS2_PLACEMENT_3D('',#9844,#7924,#7925);
#6993=AXIS2_PLACEMENT_3D('',#9846,#7926,#7927);
#6994=AXIS2_PLACEMENT_3D('',#9847,#7928,#7929);
#6995=AXIS2_PLACEMENT_3D('',#9848,#7930,#7931);
#6996=AXIS2_PLACEMENT_3D('',#9850,#7932,#7933);
#6997=AXIS2_PLACEMENT_3D('',#9852,#7934,#7935);
#6998=AXIS2_PLACEMENT_3D('',#9853,#7936,#7937);
#6999=AXIS2_PLACEMENT_3D('',#9855,#7938,#7939);
#7000=AXIS2_PLACEMENT_3D('',#9856,#7940,#7941);
#7001=AXIS2_PLACEMENT_3D('',#9857,#7942,#7943);
#7002=AXIS2_PLACEMENT_3D('',#9859,#7944,#7945);
#7003=AXIS2_PLACEMENT_3D('',#9861,#7946,#7947);
#7004=AXIS2_PLACEMENT_3D('',#9862,#7948,#7949);
#7005=AXIS2_PLACEMENT_3D('',#9864,#7950,#7951);
#7006=AXIS2_PLACEMENT_3D('',#9865,#7952,#7953);
#7007=AXIS2_PLACEMENT_3D('',#9866,#7954,#7955);
#7008=AXIS2_PLACEMENT_3D('',#9868,#7956,#7957);
#7009=AXIS2_PLACEMENT_3D('',#9870,#7958,#7959);
#7010=AXIS2_PLACEMENT_3D('',#9871,#7960,#7961);
#7011=AXIS2_PLACEMENT_3D('',#9873,#7962,#7963);
#7012=AXIS2_PLACEMENT_3D('',#9874,#7964,#7965);
#7013=AXIS2_PLACEMENT_3D('',#9875,#7966,#7967);
#7014=AXIS2_PLACEMENT_3D('',#9877,#7968,#7969);
#7015=AXIS2_PLACEMENT_3D('',#9879,#7970,#7971);
#7016=AXIS2_PLACEMENT_3D('',#9880,#7972,#7973);
#7017=AXIS2_PLACEMENT_3D('',#9882,#7974,#7975);
#7018=AXIS2_PLACEMENT_3D('',#9883,#7976,#7977);
#7019=AXIS2_PLACEMENT_3D('',#9884,#7978,#7979);
#7020=AXIS2_PLACEMENT_3D('',#9886,#7980,#7981);
#7021=AXIS2_PLACEMENT_3D('',#9888,#7982,#7983);
#7022=AXIS2_PLACEMENT_3D('',#9889,#7984,#7985);
#7023=AXIS2_PLACEMENT_3D('',#9891,#7986,#7987);
#7024=AXIS2_PLACEMENT_3D('',#9892,#7988,#7989);
#7025=AXIS2_PLACEMENT_3D('',#9893,#7990,#7991);
#7026=AXIS2_PLACEMENT_3D('',#9895,#7992,#7993);
#7027=AXIS2_PLACEMENT_3D('',#9897,#7994,#7995);
#7028=AXIS2_PLACEMENT_3D('',#9898,#7996,#7997);
#7029=AXIS2_PLACEMENT_3D('',#9900,#7998,#7999);
#7030=AXIS2_PLACEMENT_3D('',#9901,#8000,#8001);
#7031=AXIS2_PLACEMENT_3D('',#9902,#8002,#8003);
#7032=AXIS2_PLACEMENT_3D('',#9904,#8004,#8005);
#7033=AXIS2_PLACEMENT_3D('',#9906,#8006,#8007);
#7034=AXIS2_PLACEMENT_3D('',#9907,#8008,#8009);
#7035=AXIS2_PLACEMENT_3D('',#9909,#8010,#8011);
#7036=AXIS2_PLACEMENT_3D('',#9910,#8012,#8013);
#7037=AXIS2_PLACEMENT_3D('',#9911,#8014,#8015);
#7038=AXIS2_PLACEMENT_3D('',#9913,#8016,#8017);
#7039=AXIS2_PLACEMENT_3D('',#9915,#8018,#8019);
#7040=AXIS2_PLACEMENT_3D('',#9916,#8020,#8021);
#7041=AXIS2_PLACEMENT_3D('',#9918,#8022,#8023);
#7042=AXIS2_PLACEMENT_3D('',#9919,#8024,#8025);
#7043=AXIS2_PLACEMENT_3D('',#9920,#8026,#8027);
#7044=AXIS2_PLACEMENT_3D('',#9922,#8028,#8029);
#7045=AXIS2_PLACEMENT_3D('',#9924,#8030,#8031);
#7046=AXIS2_PLACEMENT_3D('',#9929,#8033,#8034);
#7047=AXIS2_PLACEMENT_3D('',#9933,#8036,#8037);
#7048=AXIS2_PLACEMENT_3D('',#9937,#8039,#8040);
#7049=AXIS2_PLACEMENT_3D('',#9940,#8042,#8043);
#7050=AXIS2_PLACEMENT_3D('',#9941,#8044,#8045);
#7051=AXIS2_PLACEMENT_3D('',#9943,#8046,#8047);
#7052=AXIS2_PLACEMENT_3D('',#9948,#8049,#8050);
#7053=AXIS2_PLACEMENT_3D('',#9952,#8052,#8053);
#7054=AXIS2_PLACEMENT_3D('',#9956,#8055,#8056);
#7055=AXIS2_PLACEMENT_3D('',#9960,#8058,#8059);
#7056=AXIS2_PLACEMENT_3D('',#9964,#8061,#8062);
#7057=AXIS2_PLACEMENT_3D('',#9968,#8064,#8065);
#7058=AXIS2_PLACEMENT_3D('',#9972,#8067,#8068);
#7059=AXIS2_PLACEMENT_3D('',#9976,#8070,#8071);
#7060=AXIS2_PLACEMENT_3D('',#9977,#8072,#8073);
#7061=AXIS2_PLACEMENT_3D('',#9980,#8076,#8077);
#7062=AXIS2_PLACEMENT_3D('',#9983,#8080,#8081);
#7063=AXIS2_PLACEMENT_3D('',#9986,#8084,#8085);
#7064=AXIS2_PLACEMENT_3D('',#9989,#8088,#8089);
#7065=AXIS2_PLACEMENT_3D('',#9990,#8090,#8091);
#7066=AXIS2_PLACEMENT_3D('',#9992,#8092,#8093);
#7067=AXIS2_PLACEMENT_3D('',#9994,#8094,#8095);
#7068=AXIS2_PLACEMENT_3D('',#9995,#8096,#8097);
#7069=AXIS2_PLACEMENT_3D('',#9997,#8098,#8099);
#7070=AXIS2_PLACEMENT_3D('',#9999,#8100,#8101);
#7071=AXIS2_PLACEMENT_3D('',#10003,#8103,#8104);
#7072=AXIS2_PLACEMENT_3D('',#10007,#8106,#8107);
#7073=AXIS2_PLACEMENT_3D('',#10008,#8108,#8109);
#7074=AXIS2_PLACEMENT_3D('',#10014,#8113,#8114);
#7075=AXIS2_PLACEMENT_3D('',#10018,#8116,#8117);
#7076=AXIS2_PLACEMENT_3D('',#10019,#8118,#8119);
#7077=AXIS2_PLACEMENT_3D('',#10020,#8120,#8121);
#7078=AXIS2_PLACEMENT_3D('',#10026,#8125,#8126);
#7079=AXIS2_PLACEMENT_3D('',#10030,#8128,#8129);
#7080=AXIS2_PLACEMENT_3D('',#10031,#8130,#8131);
#7081=AXIS2_PLACEMENT_3D('',#10032,#8132,#8133);
#7082=AXIS2_PLACEMENT_3D('',#10038,#8137,#8138);
#7083=AXIS2_PLACEMENT_3D('',#10042,#8140,#8141);
#7084=AXIS2_PLACEMENT_3D('',#10043,#8142,#8143);
#7085=AXIS2_PLACEMENT_3D('',#10044,#8144,#8145);
#7086=AXIS2_PLACEMENT_3D('',#10050,#8149,#8150);
#7087=AXIS2_PLACEMENT_3D('',#10053,#8152,#8153);
#7088=AXIS2_PLACEMENT_3D('',#10054,#8154,#8155);
#7089=AXIS2_PLACEMENT_3D('',#10058,#8158,#8159);
#7090=AXIS2_PLACEMENT_3D('',#10061,#8161,#8162);
#7091=AXIS2_PLACEMENT_3D('',#10062,#8163,#8164);
#7092=AXIS2_PLACEMENT_3D('',#10066,#8167,#8168);
#7093=AXIS2_PLACEMENT_3D('',#10069,#8170,#8171);
#7094=AXIS2_PLACEMENT_3D('',#10070,#8172,#8173);
#7095=AXIS2_PLACEMENT_3D('',#10074,#8176,#8177);
#7096=AXIS2_PLACEMENT_3D('',#10075,#8178,#8179);
#7097=AXIS2_PLACEMENT_3D('',#10076,#8180,#8181);
#7098=AXIS2_PLACEMENT_3D('',#10079,#8184,#8185);
#7099=AXIS2_PLACEMENT_3D('',#10080,#8186,#8187);
#7100=AXIS2_PLACEMENT_3D('',#10085,#8189,#8190);
#7101=AXIS2_PLACEMENT_3D('',#10089,#8192,#8193);
#7102=AXIS2_PLACEMENT_3D('',#10093,#8195,#8196);
#7103=AXIS2_PLACEMENT_3D('',#10099,#8199,#8200);
#7104=AXIS2_PLACEMENT_3D('',#10103,#8202,#8203);
#7105=AXIS2_PLACEMENT_3D('',#10107,#8205,#8206);
#7106=AXIS2_PLACEMENT_3D('',#10111,#8208,#8209);
#7107=AXIS2_PLACEMENT_3D('',#10112,#8210,#8211);
#7108=AXIS2_PLACEMENT_3D('',#10113,#8212,#8213);
#7109=AXIS2_PLACEMENT_3D('',#10114,#8214,#8215);
#7110=AXIS2_PLACEMENT_3D('',#10115,#8216,#8217);
#7111=AXIS2_PLACEMENT_3D('',#10116,#8218,#8219);
#7112=AXIS2_PLACEMENT_3D('',#10117,#8220,#8221);
#7113=AXIS2_PLACEMENT_3D('',#10118,#8222,#8223);
#7114=AXIS2_PLACEMENT_3D('',#10119,#8224,#8225);
#7115=AXIS2_PLACEMENT_3D('',#10120,#8226,#8227);
#7116=AXIS2_PLACEMENT_3D('',#10121,#8228,#8229);
#7117=AXIS2_PLACEMENT_3D('',#10122,#8230,#8231);
#7118=AXIS2_PLACEMENT_3D('',#10123,#8232,#8233);
#7119=AXIS2_PLACEMENT_3D('',#10124,#8234,#8235);
#7120=AXIS2_PLACEMENT_3D('',#10125,#8236,#8237);
#7121=AXIS2_PLACEMENT_3D('',#10126,#8238,#8239);
#7122=AXIS2_PLACEMENT_3D('',#10127,#8240,#8241);
#7123=AXIS2_PLACEMENT_3D('',#10128,#8242,#8243);
#7124=AXIS2_PLACEMENT_3D('',#10129,#8244,#8245);
#7125=AXIS2_PLACEMENT_3D('',#10130,#8246,#8247);
#7126=AXIS2_PLACEMENT_3D('',#10131,#8248,#8249);
#7127=AXIS2_PLACEMENT_3D('',#10132,#8250,#8251);
#7128=AXIS2_PLACEMENT_3D('',#10133,#8252,#8253);
#7129=AXIS2_PLACEMENT_3D('',#10134,#8254,#8255);
#7130=AXIS2_PLACEMENT_3D('',#10135,#8256,#8257);
#7131=AXIS2_PLACEMENT_3D('',#10136,#8258,#8259);
#7132=AXIS2_PLACEMENT_3D('',#10137,#8260,#8261);
#7133=AXIS2_PLACEMENT_3D('',#10138,#8262,#8263);
#7134=AXIS2_PLACEMENT_3D('',#10139,#8264,#8265);
#7135=AXIS2_PLACEMENT_3D('',#10140,#8266,#8267);
#7136=AXIS2_PLACEMENT_3D('',#10141,#8268,#8269);
#7137=AXIS2_PLACEMENT_3D('',#10142,#8270,#8271);
#7138=AXIS2_PLACEMENT_3D('',#10143,#8272,#8273);
#7139=AXIS2_PLACEMENT_3D('',#10144,#8274,#8275);
#7140=AXIS2_PLACEMENT_3D('',#10147,#8278,#8279);
#7141=AXIS2_PLACEMENT_3D('',#10149,#8281,#8282);
#7142=AXIS2_PLACEMENT_3D('',#10151,#8284,#8285);
#7143=AXIS2_PLACEMENT_3D('',#10153,#8287,#8288);
#7144=AXIS2_PLACEMENT_3D('',#10155,#8290,#8291);
#7145=AXIS2_PLACEMENT_3D('',#10157,#8293,#8294);
#7146=AXIS2_PLACEMENT_3D('',#10159,#8296,#8297);
#7147=AXIS2_PLACEMENT_3D('',#10160,#8298,#8299);
#7148=AXIS2_PLACEMENT_3D('',#10161,#8300,#8301);
#7149=AXIS2_PLACEMENT_3D('',#10162,#8302,#8303);
#7150=AXIS2_PLACEMENT_3D('',#10163,#8304,#8305);
#7151=AXIS2_PLACEMENT_3D('',#10164,#8306,#8307);
#7152=AXIS2_PLACEMENT_3D('',#10165,#8308,#8309);
#7153=AXIS2_PLACEMENT_3D('',#10167,#8310,#8311);
#7154=AXIS2_PLACEMENT_3D('',#10169,#8312,#8313);
#7155=AXIS2_PLACEMENT_3D('',#10170,#8314,#8315);
#7156=AXIS2_PLACEMENT_3D('',#10172,#8316,#8317);
#7157=AXIS2_PLACEMENT_3D('',#10174,#8318,#8319);
#7158=AXIS2_PLACEMENT_3D('',#10175,#8320,#8321);
#7159=AXIS2_PLACEMENT_3D('',#10176,#8322,#8323);
#7160=AXIS2_PLACEMENT_3D('',#10177,#8324,#8325);
#7161=AXIS2_PLACEMENT_3D('',#10178,#8326,#8327);
#7162=AXIS2_PLACEMENT_3D('',#10187,#8332,#8333);
#7163=AXIS2_PLACEMENT_3D('',#10191,#8335,#8336);
#7164=AXIS2_PLACEMENT_3D('',#10192,#8337,#8338);
#7165=AXIS2_PLACEMENT_3D('',#10193,#8339,#8340);
#7166=AXIS2_PLACEMENT_3D('',#10199,#8344,#8345);
#7167=AXIS2_PLACEMENT_3D('',#10203,#8347,#8348);
#7168=AXIS2_PLACEMENT_3D('',#10204,#8349,#8350);
#7169=AXIS2_PLACEMENT_3D('',#10205,#8351,#8352);
#7170=AXIS2_PLACEMENT_3D('',#10211,#8356,#8357);
#7171=AXIS2_PLACEMENT_3D('',#10215,#8359,#8360);
#7172=AXIS2_PLACEMENT_3D('',#10216,#8361,#8362);
#7173=AXIS2_PLACEMENT_3D('',#10217,#8363,#8364);
#7174=AXIS2_PLACEMENT_3D('',#10223,#8368,#8369);
#7175=AXIS2_PLACEMENT_3D('',#10224,#8370,#8371);
#7176=AXIS2_PLACEMENT_3D('',#10225,#8372,#8373);
#7177=AXIS2_PLACEMENT_3D('',#10226,#8374,#8375);
#7178=AXIS2_PLACEMENT_3D('',#10230,#8377,#8378);
#7179=AXIS2_PLACEMENT_3D('',#10234,#8380,#8381);
#7180=AXIS2_PLACEMENT_3D('',#10238,#8383,#8384);
#7181=AXIS2_PLACEMENT_3D('',#10242,#8386,#8387);
#7182=AXIS2_PLACEMENT_3D('',#10246,#8389,#8390);
#7183=AXIS2_PLACEMENT_3D('',#10250,#8392,#8393);
#7184=AXIS2_PLACEMENT_3D('',#10254,#8395,#8396);
#7185=AXIS2_PLACEMENT_3D('',#10258,#8398,#8399);
#7186=AXIS2_PLACEMENT_3D('',#10259,#8400,#8401);
#7187=AXIS2_PLACEMENT_3D('',#10265,#8405,#8406);
#7188=AXIS2_PLACEMENT_3D('',#10268,#8408,#8409);
#7189=AXIS2_PLACEMENT_3D('',#10269,#8410,#8411);
#7190=AXIS2_PLACEMENT_3D('',#10273,#8414,#8415);
#7191=AXIS2_PLACEMENT_3D('',#10276,#8417,#8418);
#7192=AXIS2_PLACEMENT_3D('',#10277,#8419,#8420);
#7193=AXIS2_PLACEMENT_3D('',#10281,#8423,#8424);
#7194=AXIS2_PLACEMENT_3D('',#10284,#8426,#8427);
#7195=AXIS2_PLACEMENT_3D('',#10285,#8428,#8429);
#7196=AXIS2_PLACEMENT_3D('',#10289,#8432,#8433);
#7197=AXIS2_PLACEMENT_3D('',#10290,#8434,#8435);
#7198=AXIS2_PLACEMENT_3D('',#10291,#8436,#8437);
#7199=AXIS2_PLACEMENT_3D('',#10295,#8439,#8440);
#7200=AXIS2_PLACEMENT_3D('',#10299,#8442,#8443);
#7201=AXIS2_PLACEMENT_3D('',#10303,#8445,#8446);
#7202=AXIS2_PLACEMENT_3D('',#10307,#8448,#8449);
#7203=AXIS2_PLACEMENT_3D('',#10308,#8450,#8451);
#7204=AXIS2_PLACEMENT_3D('',#10310,#8452,#8453);
#7205=AXIS2_PLACEMENT_3D('',#10312,#8454,#8455);
#7206=AXIS2_PLACEMENT_3D('',#10313,#8456,#8457);
#7207=AXIS2_PLACEMENT_3D('',#10318,#8460,#8461);
#7208=AXIS2_PLACEMENT_3D('',#10340,#8464,#8465);
#7209=AXIS2_PLACEMENT_3D('',#10348,#8466,#8467);
#7210=AXIS2_PLACEMENT_3D('',#10349,#8468,#8469);
#7211=AXIS2_PLACEMENT_3D('',#10354,#8472,#8473);
#7212=AXIS2_PLACEMENT_3D('',#10376,#8476,#8477);
#7213=AXIS2_PLACEMENT_3D('',#10384,#8478,#8479);
#7214=AXIS2_PLACEMENT_3D('',#10386,#8481,#8482);
#7215=AXIS2_PLACEMENT_3D('',#10389,#8485,#8486);
#7216=AXIS2_PLACEMENT_3D('',#10392,#8489,#8490);
#7217=AXIS2_PLACEMENT_3D('',#10394,#8492,#8493);
#7218=AXIS2_PLACEMENT_3D('',#10397,#8496,#8497);
#7219=AXIS2_PLACEMENT_3D('',#10400,#8500,#8501);
#7220=AXIS2_PLACEMENT_3D('',#10401,#8502,#8503);
#7221=AXIS2_PLACEMENT_3D('',#10402,#8504,#8505);
#7222=AXIS2_PLACEMENT_3D('',#10403,#8506,#8507);
#7223=AXIS2_PLACEMENT_3D('',#10404,#8508,#8509);
#7224=AXIS2_PLACEMENT_3D('',#10405,#8510,#8511);
#7225=AXIS2_PLACEMENT_3D('',#10406,#8512,#8513);
#7226=AXIS2_PLACEMENT_3D('',#10408,#8514,#8515);
#7227=AXIS2_PLACEMENT_3D('',#10410,#8516,#8517);
#7228=AXIS2_PLACEMENT_3D('',#10411,#8518,#8519);
#7229=AXIS2_PLACEMENT_3D('',#10412,#8520,#8521);
#7230=AXIS2_PLACEMENT_3D('',#10413,#8522,#8523);
#7231=AXIS2_PLACEMENT_3D('',#10414,#8524,#8525);
#7232=AXIS2_PLACEMENT_3D('',#10415,#8526,#8527);
#7233=AXIS2_PLACEMENT_3D('',#10416,#8528,#8529);
#7234=AXIS2_PLACEMENT_3D('',#10417,#8530,#8531);
#7235=AXIS2_PLACEMENT_3D('',#10418,#8532,#8533);
#7236=AXIS2_PLACEMENT_3D('',#10419,#8534,#8535);
#7237=AXIS2_PLACEMENT_3D('',#10420,#8536,#8537);
#7238=AXIS2_PLACEMENT_3D('',#10421,#8538,#8539);
#7239=AXIS2_PLACEMENT_3D('',#10422,#8540,#8541);
#7240=AXIS2_PLACEMENT_3D('',#10423,#8542,#8543);
#7241=AXIS2_PLACEMENT_3D('',#10424,#8544,#8545);
#7242=AXIS2_PLACEMENT_3D('',#10425,#8546,#8547);
#7243=AXIS2_PLACEMENT_3D('',#10426,#8548,#8549);
#7244=AXIS2_PLACEMENT_3D('',#10427,#8550,#8551);
#7245=AXIS2_PLACEMENT_3D('',#10428,#8552,#8553);
#7246=AXIS2_PLACEMENT_3D('',#10429,#8554,#8555);
#7247=AXIS2_PLACEMENT_3D('',#10430,#8556,#8557);
#7248=AXIS2_PLACEMENT_3D('',#10431,#8558,#8559);
#7249=AXIS2_PLACEMENT_3D('',#10432,#8560,#8561);
#7250=AXIS2_PLACEMENT_3D('',#10433,#8562,#8563);
#7251=AXIS2_PLACEMENT_3D('',#10434,#8564,#8565);
#7252=AXIS2_PLACEMENT_3D('',#10435,#8566,#8567);
#7253=AXIS2_PLACEMENT_3D('',#10436,#8568,#8569);
#7254=AXIS2_PLACEMENT_3D('',#10437,#8570,#8571);
#7255=AXIS2_PLACEMENT_3D('',#10438,#8572,#8573);
#7256=AXIS2_PLACEMENT_3D('',#10439,#8574,#8575);
#7257=AXIS2_PLACEMENT_3D('',#10440,#8576,#8577);
#7258=AXIS2_PLACEMENT_3D('',#10441,#8578,#8579);
#7259=AXIS2_PLACEMENT_3D('',#10442,#8580,#8581);
#7260=AXIS2_PLACEMENT_3D('',#10443,#8582,#8583);
#7261=AXIS2_PLACEMENT_3D('',#10445,#8584,#8585);
#7262=AXIS2_PLACEMENT_3D('',#10446,#8586,#8587);
#7263=AXIS2_PLACEMENT_3D('',#10448,#8588,#8589);
#7264=AXIS2_PLACEMENT_3D('',#10449,#8590,#8591);
#7265=AXIS2_PLACEMENT_3D('',#10451,#8592,#8593);
#7266=AXIS2_PLACEMENT_3D('',#10452,#8594,#8595);
#7267=AXIS2_PLACEMENT_3D('',#10454,#8596,#8597);
#7268=AXIS2_PLACEMENT_3D('',#10455,#8598,#8599);
#7269=AXIS2_PLACEMENT_3D('',#10456,#8600,#8601);
#7270=AXIS2_PLACEMENT_3D('',#10457,#8602,#8603);
#7271=AXIS2_PLACEMENT_3D('',#10458,#8604,#8605);
#7272=AXIS2_PLACEMENT_3D('',#10459,#8606,#8607);
#7273=AXIS2_PLACEMENT_3D('',#10460,#8608,#8609);
#7274=AXIS2_PLACEMENT_3D('',#10461,#8610,#8611);
#7275=AXIS2_PLACEMENT_3D('',#10462,#8612,#8613);
#7276=AXIS2_PLACEMENT_3D('',#10463,#8614,#8615);
#7277=AXIS2_PLACEMENT_3D('',#10464,#8616,#8617);
#7278=AXIS2_PLACEMENT_3D('',#10465,#8618,#8619);
#7279=AXIS2_PLACEMENT_3D('',#10466,#8620,#8621);
#7280=AXIS2_PLACEMENT_3D('',#10467,#8622,#8623);
#7281=AXIS2_PLACEMENT_3D('',#10468,#8624,#8625);
#7282=AXIS2_PLACEMENT_3D('',#10469,#8626,#8627);
#7283=AXIS2_PLACEMENT_3D('',#10470,#8628,#8629);
#7284=AXIS2_PLACEMENT_3D('',#10471,#8630,#8631);
#7285=AXIS2_PLACEMENT_3D('',#10472,#8632,#8633);
#7286=AXIS2_PLACEMENT_3D('',#10473,#8634,#8635);
#7287=DIRECTION('',(0.,0.,1.));
#7288=DIRECTION('',(1.,0.,0.));
#7289=DIRECTION('',(0.,1.,0.));
#7290=DIRECTION('',(0.,0.,1.));
#7291=DIRECTION('',(0.,1.,0.));
#7292=DIRECTION('',(0.,0.,1.));
#7293=DIRECTION('',(0.,1.,0.));
#7294=DIRECTION('',(0.,0.,1.));
#7295=DIRECTION('',(-1.,0.,0.));
#7296=DIRECTION('',(0.,1.,0.));
#7297=DIRECTION('',(0.,0.,1.));
#7298=DIRECTION('',(0.,0.,1.));
#7299=DIRECTION('',(0.,1.,0.));
#7300=DIRECTION('',(0.,0.,1.));
#7301=DIRECTION('',(1.,0.,0.));
#7302=DIRECTION('',(0.,1.,0.));
#7303=DIRECTION('',(0.,0.,1.));
#7304=DIRECTION('',(0.,0.,-1.));
#7305=DIRECTION('',(0.,1.,0.));
#7306=DIRECTION('',(0.,0.,1.));
#7307=DIRECTION('',(0.173648177666931,0.,-0.984807753012208));
#7308=DIRECTION('',(0.,1.,0.));
#7309=DIRECTION('',(0.,0.,1.));
#7310=DIRECTION('',(1.,0.,4.17405507971978E-17));
#7311=DIRECTION('',(0.,1.,0.));
#7312=DIRECTION('',(0.,0.,1.));
#7313=DIRECTION('',(0.173648177666931,0.,0.984807753012208));
#7314=DIRECTION('',(0.,1.,0.));
#7315=DIRECTION('',(0.,0.,1.));
#7316=DIRECTION('',(-1.,0.,0.));
#7317=DIRECTION('',(0.,1.,0.));
#7318=DIRECTION('',(0.,0.,1.));
#7319=DIRECTION('',(0.,0.,-1.));
#7320=DIRECTION('',(-1.,0.,0.));
#7321=DIRECTION('',(0.,1.,0.));
#7322=DIRECTION('',(-1.,0.,0.));
#7323=DIRECTION('',(0.,1.,0.));
#7324=DIRECTION('',(-1.,0.,0.));
#7325=DIRECTION('',(0.,-1.,0.));
#7326=DIRECTION('',(0.,0.,-1.));
#7327=DIRECTION('',(0.,1.,0.));
#7328=DIRECTION('',(0.,0.,1.));
#7329=DIRECTION('',(0.,1.,0.));
#7330=DIRECTION('',(-1.,0.,0.));
#7331=DIRECTION('',(0.,1.,0.));
#7332=DIRECTION('',(0.,1.,0.));
#7333=DIRECTION('',(0.,0.,1.));
#7334=DIRECTION('',(-1.,0.,0.));
#7335=DIRECTION('',(0.,0.,1.));
#7336=DIRECTION('',(-1.,0.,0.));
#7337=DIRECTION('',(-1.,0.,0.));
#7338=DIRECTION('',(0.,0.,1.));
#7339=DIRECTION('',(-1.,0.,0.));
#7340=DIRECTION('',(-1.,0.,0.));
#7341=DIRECTION('',(0.,0.,-1.));
#7342=DIRECTION('',(-1.,0.,0.));
#7343=DIRECTION('',(-1.,0.,0.));
#7344=DIRECTION('',(0.,1.,0.));
#7345=DIRECTION('',(0.,-1.,0.));
#7346=DIRECTION('',(0.,0.,-1.));
#7347=DIRECTION('',(0.,-1.,0.));
#7348=DIRECTION('',(-1.,0.,0.));
#7349=DIRECTION('',(0.,-1.,0.));
#7350=DIRECTION('',(0.,0.,-1.));
#7351=DIRECTION('',(0.,1.,0.));
#7352=DIRECTION('',(-1.,0.,0.));
#7353=DIRECTION('',(0.,1.,0.));
#7354=DIRECTION('',(-1.,0.,0.));
#7355=DIRECTION('',(-1.,0.,0.));
#7356=DIRECTION('',(0.,0.,1.));
#7357=DIRECTION('',(-1.,0.,0.));
#7358=DIRECTION('',(0.,1.,0.));
#7359=DIRECTION('',(0.,0.,1.));
#7360=DIRECTION('',(0.,0.,-1.));
#7361=DIRECTION('',(-1.,0.,0.));
#7362=DIRECTION('',(0.,1.,0.));
#7363=DIRECTION('',(-1.,0.,0.));
#7364=DIRECTION('',(0.,1.,0.));
#7365=DIRECTION('',(-1.,0.,0.));
#7366=DIRECTION('',(0.,-1.,0.));
#7367=DIRECTION('',(0.,0.,-1.));
#7368=DIRECTION('',(0.,1.,0.));
#7369=DIRECTION('',(0.,0.,1.));
#7370=DIRECTION('',(0.,1.,0.));
#7371=DIRECTION('',(-1.,0.,0.));
#7372=DIRECTION('',(0.,1.,0.));
#7373=DIRECTION('',(0.,1.,0.));
#7374=DIRECTION('',(0.,0.,1.));
#7375=DIRECTION('',(-1.,0.,0.));
#7376=DIRECTION('',(0.,0.,1.));
#7377=DIRECTION('',(-1.,0.,0.));
#7378=DIRECTION('',(-1.,0.,0.));
#7379=DIRECTION('',(0.,0.,1.));
#7380=DIRECTION('',(-1.,0.,0.));
#7381=DIRECTION('',(-1.,0.,0.));
#7382=DIRECTION('',(0.,0.,-1.));
#7383=DIRECTION('',(-1.,0.,0.));
#7384=DIRECTION('',(-1.,0.,0.));
#7385=DIRECTION('',(0.,1.,0.));
#7386=DIRECTION('',(0.,-1.,0.));
#7387=DIRECTION('',(0.,0.,-1.));
#7388=DIRECTION('',(0.,-1.,0.));
#7389=DIRECTION('',(-1.,0.,0.));
#7390=DIRECTION('',(0.,-1.,0.));
#7391=DIRECTION('',(0.,0.,-1.));
#7392=DIRECTION('',(0.,1.,0.));
#7393=DIRECTION('',(-1.,0.,0.));
#7394=DIRECTION('',(0.,1.,0.));
#7395=DIRECTION('',(-1.,0.,0.));
#7396=DIRECTION('',(-1.,0.,0.));
#7397=DIRECTION('',(0.,0.,1.));
#7398=DIRECTION('',(-1.,0.,0.));
#7399=DIRECTION('',(0.,1.,0.));
#7400=DIRECTION('',(0.,0.,1.));
#7401=DIRECTION('',(0.,0.,-1.));
#7402=DIRECTION('',(-1.,0.,0.));
#7403=DIRECTION('',(0.,1.,0.));
#7404=DIRECTION('',(-1.,0.,0.));
#7405=DIRECTION('',(0.,1.,0.));
#7406=DIRECTION('',(-1.,0.,0.));
#7407=DIRECTION('',(0.,-1.,0.));
#7408=DIRECTION('',(0.,0.,-1.));
#7409=DIRECTION('',(0.,1.,0.));
#7410=DIRECTION('',(0.,0.,1.));
#7411=DIRECTION('',(0.,1.,0.));
#7412=DIRECTION('',(-1.,0.,0.));
#7413=DIRECTION('',(0.,1.,0.));
#7414=DIRECTION('',(0.,1.,0.));
#7415=DIRECTION('',(0.,0.,1.));
#7416=DIRECTION('',(-1.,0.,0.));
#7417=DIRECTION('',(0.,0.,1.));
#7418=DIRECTION('',(-1.,0.,0.));
#7419=DIRECTION('',(-1.,0.,0.));
#7420=DIRECTION('',(0.,0.,1.));
#7421=DIRECTION('',(-1.,0.,0.));
#7422=DIRECTION('',(-1.,0.,0.));
#7423=DIRECTION('',(0.,0.,-1.));
#7424=DIRECTION('',(-1.,0.,0.));
#7425=DIRECTION('',(-1.,0.,0.));
#7426=DIRECTION('',(0.,1.,0.));
#7427=DIRECTION('',(0.,-1.,0.));
#7428=DIRECTION('',(0.,0.,-1.));
#7429=DIRECTION('',(0.,-1.,0.));
#7430=DIRECTION('',(-1.,0.,0.));
#7431=DIRECTION('',(0.,-1.,0.));
#7432=DIRECTION('',(0.,0.,-1.));
#7433=DIRECTION('',(0.,1.,0.));
#7434=DIRECTION('',(-1.,0.,0.));
#7435=DIRECTION('',(0.,1.,0.));
#7436=DIRECTION('',(-1.,0.,0.));
#7437=DIRECTION('',(-1.,0.,0.));
#7438=DIRECTION('',(0.,0.,1.));
#7439=DIRECTION('',(-1.,0.,0.));
#7440=DIRECTION('',(0.,1.,0.));
#7441=DIRECTION('',(0.,0.,1.));
#7442=DIRECTION('',(0.,0.,-1.));
#7443=DIRECTION('',(-1.,0.,0.));
#7444=DIRECTION('',(0.,1.,0.));
#7445=DIRECTION('',(-1.,0.,0.));
#7446=DIRECTION('',(0.,1.,0.));
#7447=DIRECTION('',(-1.,0.,0.));
#7448=DIRECTION('',(0.,-1.,0.));
#7449=DIRECTION('',(0.,0.,-1.));
#7450=DIRECTION('',(0.,1.,0.));
#7451=DIRECTION('',(0.,0.,1.));
#7452=DIRECTION('',(0.,1.,0.));
#7453=DIRECTION('',(-1.,0.,0.));
#7454=DIRECTION('',(0.,1.,0.));
#7455=DIRECTION('',(0.,1.,0.));
#7456=DIRECTION('',(0.,0.,1.));
#7457=DIRECTION('',(-1.,0.,0.));
#7458=DIRECTION('',(0.,0.,1.));
#7459=DIRECTION('',(-1.,0.,0.));
#7460=DIRECTION('',(-1.,0.,0.));
#7461=DIRECTION('',(0.,0.,1.));
#7462=DIRECTION('',(-1.,0.,0.));
#7463=DIRECTION('',(-1.,0.,0.));
#7464=DIRECTION('',(0.,0.,-1.));
#7465=DIRECTION('',(-1.,0.,0.));
#7466=DIRECTION('',(-1.,0.,0.));
#7467=DIRECTION('',(0.,1.,0.));
#7468=DIRECTION('',(0.,-1.,0.));
#7469=DIRECTION('',(0.,0.,-1.));
#7470=DIRECTION('',(0.,-1.,0.));
#7471=DIRECTION('',(-1.,0.,0.));
#7472=DIRECTION('',(0.,-1.,0.));
#7473=DIRECTION('',(0.,0.,-1.));
#7474=DIRECTION('',(0.,1.,0.));
#7475=DIRECTION('',(-1.,0.,0.));
#7476=DIRECTION('',(0.,1.,0.));
#7477=DIRECTION('',(-1.,0.,0.));
#7478=DIRECTION('',(-1.,0.,0.));
#7479=DIRECTION('',(0.,0.,1.));
#7480=DIRECTION('',(-1.,0.,0.));
#7481=DIRECTION('',(0.,1.,0.));
#7482=DIRECTION('',(0.,0.,1.));
#7483=DIRECTION('',(0.,0.,-1.));
#7484=DIRECTION('',(-1.,0.,0.));
#7485=DIRECTION('',(0.,1.,0.));
#7486=DIRECTION('',(-1.,0.,0.));
#7487=DIRECTION('',(0.,1.,0.));
#7488=DIRECTION('',(-1.,0.,0.));
#7489=DIRECTION('',(0.,-1.,0.));
#7490=DIRECTION('',(0.,0.,-1.));
#7491=DIRECTION('',(0.,1.,0.));
#7492=DIRECTION('',(0.,0.,1.));
#7493=DIRECTION('',(0.,1.,0.));
#7494=DIRECTION('',(-1.,0.,0.));
#7495=DIRECTION('',(0.,1.,0.));
#7496=DIRECTION('',(0.,1.,0.));
#7497=DIRECTION('',(0.,0.,1.));
#7498=DIRECTION('',(-1.,0.,0.));
#7499=DIRECTION('',(0.,0.,1.));
#7500=DIRECTION('',(-1.,0.,0.));
#7501=DIRECTION('',(-1.,0.,0.));
#7502=DIRECTION('',(0.,0.,1.));
#7503=DIRECTION('',(-1.,0.,0.));
#7504=DIRECTION('',(-1.,0.,0.));
#7505=DIRECTION('',(0.,0.,-1.));
#7506=DIRECTION('',(-1.,0.,0.));
#7507=DIRECTION('',(-1.,0.,0.));
#7508=DIRECTION('',(0.,1.,0.));
#7509=DIRECTION('',(0.,-1.,0.));
#7510=DIRECTION('',(0.,0.,-1.));
#7511=DIRECTION('',(0.,-1.,0.));
#7512=DIRECTION('',(-1.,0.,0.));
#7513=DIRECTION('',(0.,-1.,0.));
#7514=DIRECTION('',(0.,0.,-1.));
#7515=DIRECTION('',(0.,1.,0.));
#7516=DIRECTION('',(-1.,0.,0.));
#7517=DIRECTION('',(0.,1.,0.));
#7518=DIRECTION('',(-1.,0.,0.));
#7519=DIRECTION('',(-1.,0.,0.));
#7520=DIRECTION('',(0.,0.,1.));
#7521=DIRECTION('',(-1.,0.,0.));
#7522=DIRECTION('',(0.,1.,0.));
#7523=DIRECTION('',(0.,0.,1.));
#7524=DIRECTION('',(0.,0.,-1.));
#7525=DIRECTION('',(-1.,0.,0.));
#7526=DIRECTION('',(0.,1.,0.));
#7527=DIRECTION('',(-1.,0.,0.));
#7528=DIRECTION('',(0.,1.,0.));
#7529=DIRECTION('',(-1.,0.,0.));
#7530=DIRECTION('',(0.,-1.,0.));
#7531=DIRECTION('',(0.,0.,-1.));
#7532=DIRECTION('',(0.,1.,0.));
#7533=DIRECTION('',(0.,0.,1.));
#7534=DIRECTION('',(0.,1.,0.));
#7535=DIRECTION('',(-1.,0.,0.));
#7536=DIRECTION('',(0.,1.,0.));
#7537=DIRECTION('',(0.,1.,0.));
#7538=DIRECTION('',(0.,0.,1.));
#7539=DIRECTION('',(-1.,0.,0.));
#7540=DIRECTION('',(0.,0.,1.));
#7541=DIRECTION('',(-1.,0.,0.));
#7542=DIRECTION('',(-1.,0.,0.));
#7543=DIRECTION('',(0.,0.,1.));
#7544=DIRECTION('',(-1.,0.,0.));
#7545=DIRECTION('',(-1.,0.,0.));
#7546=DIRECTION('',(0.,0.,-1.));
#7547=DIRECTION('',(-1.,0.,0.));
#7548=DIRECTION('',(-1.,0.,0.));
#7549=DIRECTION('',(0.,1.,0.));
#7550=DIRECTION('',(0.,-1.,0.));
#7551=DIRECTION('',(0.,0.,-1.));
#7552=DIRECTION('',(0.,-1.,0.));
#7553=DIRECTION('',(-1.,0.,0.));
#7554=DIRECTION('',(0.,-1.,0.));
#7555=DIRECTION('',(0.,0.,-1.));
#7556=DIRECTION('',(0.,1.,0.));
#7557=DIRECTION('',(-1.,0.,0.));
#7558=DIRECTION('',(0.,1.,0.));
#7559=DIRECTION('',(-1.,0.,0.));
#7560=DIRECTION('',(-1.,0.,0.));
#7561=DIRECTION('',(0.,0.,1.));
#7562=DIRECTION('',(-1.,0.,0.));
#7563=DIRECTION('',(0.,1.,0.));
#7564=DIRECTION('',(0.,0.,1.));
#7565=DIRECTION('',(1.,0.,0.));
#7566=DIRECTION('',(0.,0.,-1.));
#7567=DIRECTION('',(-1.,0.,0.));
#7568=DIRECTION('',(-1.,0.,0.));
#7569=DIRECTION('',(0.,1.,0.));
#7570=DIRECTION('',(0.,0.,1.));
#7571=DIRECTION('',(0.,1.,0.));
#7572=DIRECTION('',(-1.,0.,0.));
#7573=DIRECTION('',(0.,1.,0.));
#7574=DIRECTION('',(-1.,0.,0.));
#7575=DIRECTION('',(-1.,0.,0.));
#7576=DIRECTION('',(1.,0.,0.));
#7577=DIRECTION('',(0.,0.,-1.));
#7578=DIRECTION('',(-1.,0.,0.));
#7579=DIRECTION('',(1.,0.,0.));
#7580=DIRECTION('',(-1.,0.,0.));
#7581=DIRECTION('',(0.,-1.,0.));
#7582=DIRECTION('',(0.,0.,-1.));
#7583=DIRECTION('',(0.,1.,0.));
#7584=DIRECTION('',(0.,0.,1.));
#7585=DIRECTION('',(0.,1.,0.));
#7586=DIRECTION('',(0.,1.,0.));
#7587=DIRECTION('',(0.,-1.,0.));
#7588=DIRECTION('',(0.,0.,-1.));
#7589=DIRECTION('',(0.,1.,0.));
#7590=DIRECTION('',(-1.,0.,0.));
#7591=DIRECTION('',(0.,-1.,0.));
#7592=DIRECTION('',(0.,0.,-1.));
#7593=DIRECTION('',(0.,1.,0.));
#7594=DIRECTION('',(0.,1.,0.));
#7595=DIRECTION('',(0.,1.,0.));
#7596=DIRECTION('',(-1.,0.,0.));
#7597=DIRECTION('',(1.,0.,0.));
#7598=DIRECTION('',(0.,0.,-1.));
#7599=DIRECTION('',(-1.,0.,0.));
#7600=DIRECTION('',(0.,1.,0.));
#7601=DIRECTION('',(0.,0.,1.));
#7602=DIRECTION('',(0.,0.,-1.));
#7603=DIRECTION('',(-1.,0.,0.));
#7604=DIRECTION('',(0.,0.,-1.));
#7605=DIRECTION('',(-1.,0.,0.));
#7606=DIRECTION('',(1.,0.,0.));
#7607=DIRECTION('',(0.,0.,-1.));
#7608=DIRECTION('',(-1.,0.,0.));
#7609=DIRECTION('',(-1.,0.,0.));
#7610=DIRECTION('',(0.,1.,0.));
#7611=DIRECTION('',(0.,0.,1.));
#7612=DIRECTION('',(0.,1.,0.));
#7613=DIRECTION('',(-1.,0.,0.));
#7614=DIRECTION('',(0.,1.,0.));
#7615=DIRECTION('',(-1.,0.,0.));
#7616=DIRECTION('',(-1.,0.,0.));
#7617=DIRECTION('',(1.,0.,0.));
#7618=DIRECTION('',(0.,0.,-1.));
#7619=DIRECTION('',(-1.,0.,0.));
#7620=DIRECTION('',(1.,0.,0.));
#7621=DIRECTION('',(-1.,0.,0.));
#7622=DIRECTION('',(0.,-1.,0.));
#7623=DIRECTION('',(0.,0.,-1.));
#7624=DIRECTION('',(0.,1.,0.));
#7625=DIRECTION('',(0.,0.,1.));
#7626=DIRECTION('',(0.,1.,0.));
#7627=DIRECTION('',(0.,1.,0.));
#7628=DIRECTION('',(0.,-1.,0.));
#7629=DIRECTION('',(0.,0.,-1.));
#7630=DIRECTION('',(0.,1.,0.));
#7631=DIRECTION('',(-1.,0.,0.));
#7632=DIRECTION('',(0.,-1.,0.));
#7633=DIRECTION('',(0.,0.,-1.));
#7634=DIRECTION('',(0.,1.,0.));
#7635=DIRECTION('',(0.,1.,0.));
#7636=DIRECTION('',(0.,1.,0.));
#7637=DIRECTION('',(-1.,0.,0.));
#7638=DIRECTION('',(1.,0.,0.));
#7639=DIRECTION('',(0.,0.,-1.));
#7640=DIRECTION('',(-1.,0.,0.));
#7641=DIRECTION('',(0.,1.,0.));
#7642=DIRECTION('',(0.,0.,1.));
#7643=DIRECTION('',(0.,0.,-1.));
#7644=DIRECTION('',(-1.,0.,0.));
#7645=DIRECTION('',(0.,0.,-1.));
#7646=DIRECTION('',(-1.,0.,0.));
#7647=DIRECTION('',(1.,0.,0.));
#7648=DIRECTION('',(0.,0.,-1.));
#7649=DIRECTION('',(-1.,0.,0.));
#7650=DIRECTION('',(-1.,0.,0.));
#7651=DIRECTION('',(0.,1.,0.));
#7652=DIRECTION('',(0.,0.,1.));
#7653=DIRECTION('',(0.,1.,0.));
#7654=DIRECTION('',(-1.,0.,0.));
#7655=DIRECTION('',(0.,1.,0.));
#7656=DIRECTION('',(-1.,0.,0.));
#7657=DIRECTION('',(-1.,0.,0.));
#7658=DIRECTION('',(1.,0.,0.));
#7659=DIRECTION('',(0.,0.,-1.));
#7660=DIRECTION('',(-1.,0.,0.));
#7661=DIRECTION('',(1.,0.,0.));
#7662=DIRECTION('',(-1.,0.,0.));
#7663=DIRECTION('',(0.,-1.,0.));
#7664=DIRECTION('',(0.,0.,-1.));
#7665=DIRECTION('',(0.,1.,0.));
#7666=DIRECTION('',(0.,0.,1.));
#7667=DIRECTION('',(0.,1.,0.));
#7668=DIRECTION('',(0.,1.,0.));
#7669=DIRECTION('',(0.,-1.,0.));
#7670=DIRECTION('',(0.,0.,-1.));
#7671=DIRECTION('',(0.,1.,0.));
#7672=DIRECTION('',(-1.,0.,0.));
#7673=DIRECTION('',(0.,-1.,0.));
#7674=DIRECTION('',(0.,0.,-1.));
#7675=DIRECTION('',(0.,1.,0.));
#7676=DIRECTION('',(0.,1.,0.));
#7677=DIRECTION('',(0.,1.,0.));
#7678=DIRECTION('',(-1.,0.,0.));
#7679=DIRECTION('',(1.,0.,0.));
#7680=DIRECTION('',(0.,0.,-1.));
#7681=DIRECTION('',(-1.,0.,0.));
#7682=DIRECTION('',(0.,1.,0.));
#7683=DIRECTION('',(0.,0.,1.));
#7684=DIRECTION('',(0.,0.,-1.));
#7685=DIRECTION('',(-1.,0.,0.));
#7686=DIRECTION('',(0.,0.,-1.));
#7687=DIRECTION('',(-1.,0.,0.));
#7688=DIRECTION('',(1.,0.,0.));
#7689=DIRECTION('',(0.,0.,-1.));
#7690=DIRECTION('',(-1.,0.,0.));
#7691=DIRECTION('',(-1.,0.,0.));
#7692=DIRECTION('',(0.,1.,0.));
#7693=DIRECTION('',(0.,0.,1.));
#7694=DIRECTION('',(0.,1.,0.));
#7695=DIRECTION('',(-1.,0.,0.));
#7696=DIRECTION('',(0.,1.,0.));
#7697=DIRECTION('',(-1.,0.,0.));
#7698=DIRECTION('',(-1.,0.,0.));
#7699=DIRECTION('',(1.,0.,0.));
#7700=DIRECTION('',(0.,0.,-1.));
#7701=DIRECTION('',(-1.,0.,0.));
#7702=DIRECTION('',(1.,0.,0.));
#7703=DIRECTION('',(-1.,0.,0.));
#7704=DIRECTION('',(0.,-1.,0.));
#7705=DIRECTION('',(0.,0.,-1.));
#7706=DIRECTION('',(0.,1.,0.));
#7707=DIRECTION('',(0.,0.,1.));
#7708=DIRECTION('',(0.,1.,0.));
#7709=DIRECTION('',(0.,1.,0.));
#7710=DIRECTION('',(0.,-1.,0.));
#7711=DIRECTION('',(0.,0.,-1.));
#7712=DIRECTION('',(0.,1.,0.));
#7713=DIRECTION('',(-1.,0.,0.));
#7714=DIRECTION('',(0.,-1.,0.));
#7715=DIRECTION('',(0.,0.,-1.));
#7716=DIRECTION('',(0.,1.,0.));
#7717=DIRECTION('',(0.,1.,0.));
#7718=DIRECTION('',(0.,1.,0.));
#7719=DIRECTION('',(-1.,0.,0.));
#7720=DIRECTION('',(1.,0.,0.));
#7721=DIRECTION('',(0.,0.,-1.));
#7722=DIRECTION('',(-1.,0.,0.));
#7723=DIRECTION('',(0.,1.,0.));
#7724=DIRECTION('',(0.,0.,1.));
#7725=DIRECTION('',(0.,0.,-1.));
#7726=DIRECTION('',(-1.,0.,0.));
#7727=DIRECTION('',(0.,0.,-1.));
#7728=DIRECTION('',(-1.,0.,0.));
#7729=DIRECTION('',(1.,0.,0.));
#7730=DIRECTION('',(0.,0.,-1.));
#7731=DIRECTION('',(-1.,0.,0.));
#7732=DIRECTION('',(-1.,0.,0.));
#7733=DIRECTION('',(0.,1.,0.));
#7734=DIRECTION('',(0.,0.,1.));
#7735=DIRECTION('',(0.,1.,0.));
#7736=DIRECTION('',(-1.,0.,0.));
#7737=DIRECTION('',(0.,1.,0.));
#7738=DIRECTION('',(-1.,0.,0.));
#7739=DIRECTION('',(-1.,0.,0.));
#7740=DIRECTION('',(1.,0.,0.));
#7741=DIRECTION('',(0.,0.,-1.));
#7742=DIRECTION('',(-1.,0.,0.));
#7743=DIRECTION('',(1.,0.,0.));
#7744=DIRECTION('',(-1.,0.,0.));
#7745=DIRECTION('',(0.,-1.,0.));
#7746=DIRECTION('',(0.,0.,-1.));
#7747=DIRECTION('',(0.,1.,0.));
#7748=DIRECTION('',(0.,0.,1.));
#7749=DIRECTION('',(0.,1.,0.));
#7750=DIRECTION('',(0.,1.,0.));
#7751=DIRECTION('',(0.,-1.,0.));
#7752=DIRECTION('',(0.,0.,-1.));
#7753=DIRECTION('',(0.,1.,0.));
#7754=DIRECTION('',(-1.,0.,0.));
#7755=DIRECTION('',(0.,-1.,0.));
#7756=DIRECTION('',(0.,0.,-1.));
#7757=DIRECTION('',(0.,1.,0.));
#7758=DIRECTION('',(0.,1.,0.));
#7759=DIRECTION('',(0.,1.,0.));
#7760=DIRECTION('',(-1.,0.,0.));
#7761=DIRECTION('',(1.,0.,0.));
#7762=DIRECTION('',(0.,0.,-1.));
#7763=DIRECTION('',(-1.,0.,0.));
#7764=DIRECTION('',(0.,1.,0.));
#7765=DIRECTION('',(0.,0.,1.));
#7766=DIRECTION('',(0.,0.,-1.));
#7767=DIRECTION('',(-1.,0.,0.));
#7768=DIRECTION('',(0.,0.,-1.));
#7769=DIRECTION('',(-1.,0.,0.));
#7770=DIRECTION('',(1.,0.,0.));
#7771=DIRECTION('',(0.,0.,-1.));
#7772=DIRECTION('',(-1.,0.,0.));
#7773=DIRECTION('',(-1.,0.,0.));
#7774=DIRECTION('',(0.,1.,0.));
#7775=DIRECTION('',(0.,0.,1.));
#7776=DIRECTION('',(0.,1.,0.));
#7777=DIRECTION('',(-1.,0.,0.));
#7778=DIRECTION('',(0.,1.,0.));
#7779=DIRECTION('',(-1.,0.,0.));
#7780=DIRECTION('',(-1.,0.,0.));
#7781=DIRECTION('',(1.,0.,0.));
#7782=DIRECTION('',(0.,0.,-1.));
#7783=DIRECTION('',(-1.,0.,0.));
#7784=DIRECTION('',(1.,0.,0.));
#7785=DIRECTION('',(-1.,0.,0.));
#7786=DIRECTION('',(0.,-1.,0.));
#7787=DIRECTION('',(0.,0.,-1.));
#7788=DIRECTION('',(0.,1.,0.));
#7789=DIRECTION('',(0.,0.,1.));
#7790=DIRECTION('',(0.,1.,0.));
#7791=DIRECTION('',(0.,1.,0.));
#7792=DIRECTION('',(0.,-1.,0.));
#7793=DIRECTION('',(0.,0.,-1.));
#7794=DIRECTION('',(0.,1.,0.));
#7795=DIRECTION('',(-1.,0.,0.));
#7796=DIRECTION('',(0.,-1.,0.));
#7797=DIRECTION('',(0.,0.,-1.));
#7798=DIRECTION('',(0.,1.,0.));
#7799=DIRECTION('',(0.,1.,0.));
#7800=DIRECTION('',(0.,1.,0.));
#7801=DIRECTION('',(-1.,0.,0.));
#7802=DIRECTION('',(1.,0.,0.));
#7803=DIRECTION('',(0.,0.,-1.));
#7804=DIRECTION('',(-1.,0.,0.));
#7805=DIRECTION('',(0.,1.,0.));
#7806=DIRECTION('',(0.,0.,1.));
#7807=DIRECTION('',(0.,0.,-1.));
#7808=DIRECTION('',(-1.,0.,0.));
#7809=DIRECTION('',(0.,0.,-1.));
#7810=DIRECTION('',(-1.,0.,0.));
#7811=DIRECTION('',(1.,0.,0.));
#7812=DIRECTION('',(0.,0.,-1.));
#7813=DIRECTION('',(-1.,0.,0.));
#7814=DIRECTION('',(-1.,0.,0.));
#7815=DIRECTION('',(0.,1.,0.));
#7816=DIRECTION('',(0.,0.,1.));
#7817=DIRECTION('',(0.,1.,0.));
#7818=DIRECTION('',(-1.,0.,0.));
#7819=DIRECTION('',(0.,1.,0.));
#7820=DIRECTION('',(-1.,0.,0.));
#7821=DIRECTION('',(-1.,0.,0.));
#7822=DIRECTION('',(1.,0.,0.));
#7823=DIRECTION('',(0.,0.,-1.));
#7824=DIRECTION('',(-1.,0.,0.));
#7825=DIRECTION('',(1.,0.,0.));
#7826=DIRECTION('',(-1.,0.,0.));
#7827=DIRECTION('',(0.,-1.,0.));
#7828=DIRECTION('',(0.,0.,-1.));
#7829=DIRECTION('',(0.,1.,0.));
#7830=DIRECTION('',(0.,0.,1.));
#7831=DIRECTION('',(0.,1.,0.));
#7832=DIRECTION('',(0.,1.,0.));
#7833=DIRECTION('',(0.,-1.,0.));
#7834=DIRECTION('',(0.,0.,-1.));
#7835=DIRECTION('',(0.,1.,0.));
#7836=DIRECTION('',(-1.,0.,0.));
#7837=DIRECTION('',(0.,-1.,0.));
#7838=DIRECTION('',(0.,0.,-1.));
#7839=DIRECTION('',(0.,1.,0.));
#7840=DIRECTION('',(0.,1.,0.));
#7841=DIRECTION('',(0.,1.,0.));
#7842=DIRECTION('',(-1.,0.,0.));
#7843=DIRECTION('',(1.,0.,0.));
#7844=DIRECTION('',(0.,0.,-1.));
#7845=DIRECTION('',(-1.,0.,0.));
#7846=DIRECTION('',(0.,1.,0.));
#7847=DIRECTION('',(0.,0.,1.));
#7848=DIRECTION('',(0.,0.,-1.));
#7849=DIRECTION('',(-1.,0.,0.));
#7850=DIRECTION('',(0.,0.,-1.));
#7851=DIRECTION('',(-1.,0.,0.));
#7852=DIRECTION('',(0.,-1.,0.));
#7853=DIRECTION('',(0.,0.,-1.));
#7854=DIRECTION('',(0.,1.,0.));
#7855=DIRECTION('',(0.,0.,1.));
#7856=DIRECTION('',(0.,1.,0.));
#7857=DIRECTION('',(-1.,0.,0.));
#7858=DIRECTION('',(0.,1.,0.));
#7859=DIRECTION('',(0.,1.,0.));
#7860=DIRECTION('',(0.,-1.,0.));
#7861=DIRECTION('',(0.,0.,-1.));
#7862=DIRECTION('',(0.,1.,0.));
#7863=DIRECTION('',(0.,0.,1.));
#7864=DIRECTION('',(0.,1.,0.));
#7865=DIRECTION('',(-1.,0.,0.));
#7866=DIRECTION('',(0.,1.,0.));
#7867=DIRECTION('',(0.,1.,0.));
#7868=DIRECTION('',(0.,-1.,0.));
#7869=DIRECTION('',(0.,0.,-1.));
#7870=DIRECTION('',(0.,1.,0.));
#7871=DIRECTION('',(0.,0.,1.));
#7872=DIRECTION('',(0.,1.,0.));
#7873=DIRECTION('',(0.,0.,1.));
#7874=DIRECTION('',(0.,1.,0.));
#7875=DIRECTION('',(0.,0.,1.));
#7876=DIRECTION('',(0.,-1.,0.));
#7877=DIRECTION('',(0.,0.,-1.));
#7878=DIRECTION('',(0.,-1.,0.));
#7879=DIRECTION('',(0.,0.,-1.));
#7880=DIRECTION('',(0.,-1.,0.));
#7881=DIRECTION('',(0.,0.,-1.));
#7882=DIRECTION('',(0.,1.,0.));
#7883=DIRECTION('',(0.,0.,1.));
#7884=DIRECTION('',(0.,1.,0.));
#7885=DIRECTION('',(0.,0.,1.));
#7886=DIRECTION('',(0.,1.,0.));
#7887=DIRECTION('',(0.,0.,1.));
#7888=DIRECTION('',(0.,-1.,0.));
#7889=DIRECTION('',(0.,0.,-1.));
#7890=DIRECTION('',(0.,-1.,0.));
#7891=DIRECTION('',(0.,0.,-1.));
#7892=DIRECTION('',(0.,-1.,0.));
#7893=DIRECTION('',(0.,0.,-1.));
#7894=DIRECTION('',(0.,1.,0.));
#7895=DIRECTION('',(0.,0.,1.));
#7896=DIRECTION('',(0.,1.,0.));
#7897=DIRECTION('',(0.,0.,1.));
#7898=DIRECTION('',(0.,1.,0.));
#7899=DIRECTION('',(0.,0.,1.));
#7900=DIRECTION('',(0.,-1.,0.));
#7901=DIRECTION('',(0.,0.,-1.));
#7902=DIRECTION('',(0.,-1.,0.));
#7903=DIRECTION('',(0.,0.,-1.));
#7904=DIRECTION('',(0.,-1.,0.));
#7905=DIRECTION('',(0.,0.,-1.));
#7906=DIRECTION('',(0.,1.,0.));
#7907=DIRECTION('',(0.,0.,1.));
#7908=DIRECTION('',(0.,1.,0.));
#7909=DIRECTION('',(0.,0.,1.));
#7910=DIRECTION('',(0.,1.,0.));
#7911=DIRECTION('',(0.,0.,1.));
#7912=DIRECTION('',(0.,-1.,0.));
#7913=DIRECTION('',(0.,0.,-1.));
#7914=DIRECTION('',(0.,-1.,0.));
#7915=DIRECTION('',(0.,0.,-1.));
#7916=DIRECTION('',(0.,-1.,0.));
#7917=DIRECTION('',(0.,0.,-1.));
#7918=DIRECTION('',(0.,1.,0.));
#7919=DIRECTION('',(0.,0.,1.));
#7920=DIRECTION('',(0.,1.,0.));
#7921=DIRECTION('',(0.,0.,1.));
#7922=DIRECTION('',(0.,1.,0.));
#7923=DIRECTION('',(0.,0.,1.));
#7924=DIRECTION('',(0.,-1.,0.));
#7925=DIRECTION('',(0.,0.,-1.));
#7926=DIRECTION('',(0.,-1.,0.));
#7927=DIRECTION('',(0.,0.,-1.));
#7928=DIRECTION('',(0.,-1.,0.));
#7929=DIRECTION('',(0.,0.,-1.));
#7930=DIRECTION('',(0.,1.,0.));
#7931=DIRECTION('',(0.,0.,1.));
#7932=DIRECTION('',(0.,1.,0.));
#7933=DIRECTION('',(0.,0.,1.));
#7934=DIRECTION('',(0.,1.,0.));
#7935=DIRECTION('',(0.,0.,1.));
#7936=DIRECTION('',(0.,-1.,0.));
#7937=DIRECTION('',(0.,0.,-1.));
#7938=DIRECTION('',(0.,-1.,0.));
#7939=DIRECTION('',(0.,0.,-1.));
#7940=DIRECTION('',(0.,-1.,0.));
#7941=DIRECTION('',(0.,0.,-1.));
#7942=DIRECTION('',(0.,1.,0.));
#7943=DIRECTION('',(0.,0.,1.));
#7944=DIRECTION('',(0.,1.,0.));
#7945=DIRECTION('',(0.,0.,1.));
#7946=DIRECTION('',(0.,-1.,0.));
#7947=DIRECTION('',(0.,0.,-1.));
#7948=DIRECTION('',(0.,-1.,0.));
#7949=DIRECTION('',(0.,0.,-1.));
#7950=DIRECTION('',(0.,-1.,0.));
#7951=DIRECTION('',(0.,0.,-1.));
#7952=DIRECTION('',(0.,-1.,0.));
#7953=DIRECTION('',(0.,0.,-1.));
#7954=DIRECTION('',(0.,1.,0.));
#7955=DIRECTION('',(0.,0.,1.));
#7956=DIRECTION('',(0.,1.,0.));
#7957=DIRECTION('',(0.,0.,1.));
#7958=DIRECTION('',(0.,-1.,0.));
#7959=DIRECTION('',(0.,0.,-1.));
#7960=DIRECTION('',(0.,-1.,0.));
#7961=DIRECTION('',(0.,0.,-1.));
#7962=DIRECTION('',(0.,-1.,0.));
#7963=DIRECTION('',(0.,0.,-1.));
#7964=DIRECTION('',(0.,-1.,0.));
#7965=DIRECTION('',(0.,0.,-1.));
#7966=DIRECTION('',(0.,1.,0.));
#7967=DIRECTION('',(0.,0.,1.));
#7968=DIRECTION('',(0.,1.,0.));
#7969=DIRECTION('',(0.,0.,1.));
#7970=DIRECTION('',(0.,-1.,0.));
#7971=DIRECTION('',(0.,0.,-1.));
#7972=DIRECTION('',(0.,-1.,0.));
#7973=DIRECTION('',(0.,0.,-1.));
#7974=DIRECTION('',(0.,-1.,0.));
#7975=DIRECTION('',(0.,0.,-1.));
#7976=DIRECTION('',(0.,-1.,0.));
#7977=DIRECTION('',(0.,0.,-1.));
#7978=DIRECTION('',(0.,1.,0.));
#7979=DIRECTION('',(0.,0.,1.));
#7980=DIRECTION('',(0.,1.,0.));
#7981=DIRECTION('',(0.,0.,1.));
#7982=DIRECTION('',(0.,-1.,0.));
#7983=DIRECTION('',(0.,0.,-1.));
#7984=DIRECTION('',(0.,-1.,0.));
#7985=DIRECTION('',(0.,0.,-1.));
#7986=DIRECTION('',(0.,-1.,0.));
#7987=DIRECTION('',(0.,0.,-1.));
#7988=DIRECTION('',(0.,-1.,0.));
#7989=DIRECTION('',(0.,0.,-1.));
#7990=DIRECTION('',(0.,1.,0.));
#7991=DIRECTION('',(0.,0.,1.));
#7992=DIRECTION('',(0.,1.,0.));
#7993=DIRECTION('',(0.,0.,1.));
#7994=DIRECTION('',(0.,-1.,0.));
#7995=DIRECTION('',(0.,0.,-1.));
#7996=DIRECTION('',(0.,-1.,0.));
#7997=DIRECTION('',(0.,0.,-1.));
#7998=DIRECTION('',(0.,-1.,0.));
#7999=DIRECTION('',(0.,0.,-1.));
#8000=DIRECTION('',(0.,-1.,0.));
#8001=DIRECTION('',(0.,0.,-1.));
#8002=DIRECTION('',(0.,1.,0.));
#8003=DIRECTION('',(0.,0.,1.));
#8004=DIRECTION('',(0.,1.,0.));
#8005=DIRECTION('',(0.,0.,1.));
#8006=DIRECTION('',(0.,-1.,0.));
#8007=DIRECTION('',(0.,0.,-1.));
#8008=DIRECTION('',(0.,-1.,0.));
#8009=DIRECTION('',(0.,0.,-1.));
#8010=DIRECTION('',(0.,-1.,0.));
#8011=DIRECTION('',(0.,0.,-1.));
#8012=DIRECTION('',(0.,-1.,0.));
#8013=DIRECTION('',(0.,0.,-1.));
#8014=DIRECTION('',(0.,1.,0.));
#8015=DIRECTION('',(0.,0.,1.));
#8016=DIRECTION('',(0.,1.,0.));
#8017=DIRECTION('',(0.,0.,1.));
#8018=DIRECTION('',(0.,-1.,0.));
#8019=DIRECTION('',(0.,0.,-1.));
#8020=DIRECTION('',(0.,-1.,0.));
#8021=DIRECTION('',(0.,0.,-1.));
#8022=DIRECTION('',(0.,-1.,0.));
#8023=DIRECTION('',(0.,0.,-1.));
#8024=DIRECTION('',(0.,1.,0.));
#8025=DIRECTION('',(0.,0.,1.));
#8026=DIRECTION('',(0.,1.,0.));
#8027=DIRECTION('',(0.,0.,1.));
#8028=DIRECTION('',(0.,1.,0.));
#8029=DIRECTION('',(0.,0.,1.));
#8030=DIRECTION('',(0.,-1.,0.));
#8031=DIRECTION('',(1.,0.,0.));
#8032=DIRECTION('',(0.173648177666931,0.,0.984807753012208));
#8033=DIRECTION('',(0.,-1.,0.));
#8034=DIRECTION('',(-1.,0.,0.));
#8035=DIRECTION('',(-1.,0.,0.));
#8036=DIRECTION('',(0.,-1.,0.));
#8037=DIRECTION('',(1.,0.,0.));
#8038=DIRECTION('',(0.17364817766693,0.,-0.984807753012208));
#8039=DIRECTION('',(0.,-1.,0.));
#8040=DIRECTION('',(1.,0.,0.));
#8041=DIRECTION('',(1.,0.,2.23584470898743E-17));
#8042=DIRECTION('',(0.,1.,0.));
#8043=DIRECTION('',(0.,0.,1.));
#8044=DIRECTION('',(0.,1.,0.));
#8045=DIRECTION('',(0.,0.,1.));
#8046=DIRECTION('',(0.,1.,0.));
#8047=DIRECTION('',(0.,0.,1.));
#8048=DIRECTION('',(0.173648177666931,0.,0.984807753012208));
#8049=DIRECTION('',(0.,1.,0.));
#8050=DIRECTION('',(0.,0.,1.));
#8051=DIRECTION('',(1.,0.,0.));
#8052=DIRECTION('',(0.,1.,0.));
#8053=DIRECTION('',(0.,0.,1.));
#8054=DIRECTION('',(0.173648177666931,0.,-0.984807753012208));
#8055=DIRECTION('',(0.,1.,0.));
#8056=DIRECTION('',(0.,0.,1.));
#8057=DIRECTION('',(-1.,0.,0.));
#8058=DIRECTION('',(0.,1.,0.));
#8059=DIRECTION('',(0.,0.,1.));
#8060=DIRECTION('',(0.,0.,1.));
#8061=DIRECTION('',(0.,1.,0.));
#8062=DIRECTION('',(0.,0.,1.));
#8063=DIRECTION('',(-1.,0.,0.));
#8064=DIRECTION('',(0.,1.,0.));
#8065=DIRECTION('',(0.,0.,1.));
#8066=DIRECTION('',(0.,0.,-1.));
#8067=DIRECTION('',(0.,1.,0.));
#8068=DIRECTION('',(0.,0.,1.));
#8069=DIRECTION('',(1.,0.,0.));
#8070=DIRECTION('',(0.,1.,0.));
#8071=DIRECTION('',(0.,0.,1.));
#8072=DIRECTION('',(0.,0.,1.));
#8073=DIRECTION('',(1.,0.,0.));
#8074=DIRECTION('',(0.,1.,0.));
#8075=DIRECTION('',(0.,1.,0.));
#8076=DIRECTION('',(1.,0.,0.));
#8077=DIRECTION('',(0.,0.,-1.));
#8078=DIRECTION('',(0.,1.,0.));
#8079=DIRECTION('',(0.,1.,0.));
#8080=DIRECTION('',(0.,0.,-1.));
#8081=DIRECTION('',(-1.,0.,0.));
#8082=DIRECTION('',(0.,1.,0.));
#8083=DIRECTION('',(0.,1.,0.));
#8084=DIRECTION('',(-1.,0.,0.));
#8085=DIRECTION('',(0.,0.,1.));
#8086=DIRECTION('',(0.,1.,0.));
#8087=DIRECTION('',(0.,1.,0.));
#8088=DIRECTION('',(0.,-1.,0.));
#8089=DIRECTION('',(0.,0.,-1.));
#8090=DIRECTION('',(0.,1.,0.));
#8091=DIRECTION('',(0.,0.,1.));
#8092=DIRECTION('',(0.,-1.,0.));
#8093=DIRECTION('',(-1.,0.,0.));
#8094=DIRECTION('',(0.,-1.,0.));
#8095=DIRECTION('',(0.,0.,-1.));
#8096=DIRECTION('',(0.,1.,0.));
#8097=DIRECTION('',(0.,0.,1.));
#8098=DIRECTION('',(0.,1.,0.));
#8099=DIRECTION('',(-1.,0.,0.));
#8100=DIRECTION('',(0.,1.,0.));
#8101=DIRECTION('',(0.,0.,1.));
#8102=DIRECTION('',(0.,1.,0.));
#8103=DIRECTION('',(0.,-1.,0.));
#8104=DIRECTION('',(0.,0.,-1.));
#8105=DIRECTION('',(0.,1.,0.));
#8106=DIRECTION('',(0.,1.,0.));
#8107=DIRECTION('',(0.,0.,1.));
#8108=DIRECTION('',(0.984807753012208,0.,0.173648177666931));
#8109=DIRECTION('',(0.173648177666931,0.,-0.984807753012208));
#8110=DIRECTION('',(0.,-1.,0.));
#8111=DIRECTION('',(0.173648177666931,0.,-0.984807753012208));
#8112=DIRECTION('',(0.173648177666931,0.,-0.984807753012208));
#8113=DIRECTION('',(0.,1.,0.));
#8114=DIRECTION('',(0.,0.,1.));
#8115=DIRECTION('',(0.,1.,0.));
#8116=DIRECTION('',(0.,-1.,0.));
#8117=DIRECTION('',(0.,0.,-1.));
#8118=DIRECTION('',(0.,1.,0.));
#8119=DIRECTION('',(0.,0.,1.));
#8120=DIRECTION('',(0.,0.,1.));
#8121=DIRECTION('',(1.,0.,0.));
#8122=DIRECTION('',(0.,1.,0.));
#8123=DIRECTION('',(1.,0.,0.));
#8124=DIRECTION('',(1.,0.,0.));
#8125=DIRECTION('',(0.,1.,0.));
#8126=DIRECTION('',(0.,0.,1.));
#8127=DIRECTION('',(0.,1.,0.));
#8128=DIRECTION('',(0.,-1.,0.));
#8129=DIRECTION('',(0.,0.,-1.));
#8130=DIRECTION('',(0.,1.,0.));
#8131=DIRECTION('',(0.,0.,1.));
#8132=DIRECTION('',(-0.984807753012208,0.,0.173648177666931));
#8133=DIRECTION('',(0.173648177666931,0.,0.984807753012208));
#8134=DIRECTION('',(0.,-1.,0.));
#8135=DIRECTION('',(0.173648177666931,0.,0.984807753012208));
#8136=DIRECTION('',(0.173648177666931,0.,0.984807753012208));
#8137=DIRECTION('',(0.,1.,0.));
#8138=DIRECTION('',(0.,0.,1.));
#8139=DIRECTION('',(0.,1.,0.));
#8140=DIRECTION('',(0.,-1.,0.));
#8141=DIRECTION('',(0.,0.,-1.));
#8142=DIRECTION('',(0.,1.,0.));
#8143=DIRECTION('',(0.,0.,1.));
#8144=DIRECTION('',(-0.984807753012208,0.,0.173648177666931));
#8145=DIRECTION('',(0.173648177666931,0.,0.984807753012208));
#8146=DIRECTION('',(0.,1.,0.));
#8147=DIRECTION('',(-0.17364817766693,-1.96261557335473E-17,-0.984807753012208));
#8148=DIRECTION('',(0.,-1.,0.));
#8149=DIRECTION('',(0.,1.,0.));
#8150=DIRECTION('',(0.,0.,1.));
#8151=DIRECTION('',(0.,1.,0.));
#8152=DIRECTION('',(0.,-1.,0.));
#8153=DIRECTION('',(0.,0.,-1.));
#8154=DIRECTION('',(-2.23584470898743E-17,0.,1.));
#8155=DIRECTION('',(1.,0.,2.23584470898743E-17));
#8156=DIRECTION('',(0.,1.,0.));
#8157=DIRECTION('',(1.,0.,2.23584470898743E-17));
#8158=DIRECTION('',(0.,1.,0.));
#8159=DIRECTION('',(0.,0.,1.));
#8160=DIRECTION('',(0.,-1.,0.));
#8161=DIRECTION('',(0.,-1.,0.));
#8162=DIRECTION('',(0.,0.,-1.));
#8163=DIRECTION('',(0.984807753012208,0.,0.17364817766693));
#8164=DIRECTION('',(0.17364817766693,0.,-0.984807753012208));
#8165=DIRECTION('',(0.,1.,0.));
#8166=DIRECTION('',(-0.17364817766693,1.96261557335473E-17,0.984807753012208));
#8167=DIRECTION('',(0.,1.,0.));
#8168=DIRECTION('',(0.,0.,1.));
#8169=DIRECTION('',(0.,1.,0.));
#8170=DIRECTION('',(0.,-1.,0.));
#8171=DIRECTION('',(0.,0.,-1.));
#8172=DIRECTION('',(0.,0.,-1.));
#8173=DIRECTION('',(-1.,0.,0.));
#8174=DIRECTION('',(0.,1.,0.));
#8175=DIRECTION('',(-1.,0.,0.));
#8176=DIRECTION('',(0.,1.,0.));
#8177=DIRECTION('',(0.,0.,1.));
#8178=DIRECTION('',(0.,-1.,0.));
#8179=DIRECTION('',(0.,0.,-1.));
#8180=DIRECTION('',(0.,0.,-1.));
#8181=DIRECTION('',(-1.,0.,0.));
#8182=DIRECTION('',(-1.,0.,0.));
#8183=DIRECTION('',(-1.,0.,0.));
#8184=DIRECTION('',(0.,-1.,0.));
#8185=DIRECTION('',(0.,0.,-1.));
#8186=DIRECTION('',(0.,-1.,0.));
#8187=DIRECTION('',(0.,0.,-1.));
#8188=DIRECTION('',(1.,0.,0.));
#8189=DIRECTION('',(0.,-1.,0.));
#8190=DIRECTION('',(0.,0.,-1.));
#8191=DIRECTION('',(0.173648177666931,0.,0.984807753012208));
#8192=DIRECTION('',(0.,-1.,0.));
#8193=DIRECTION('',(0.,0.,-1.));
#8194=DIRECTION('',(-1.,0.,-2.23584470898743E-17));
#8195=DIRECTION('',(0.,-1.,0.));
#8196=DIRECTION('',(0.,0.,-1.));
#8197=DIRECTION('',(0.17364817766693,0.,-0.984807753012208));
#8198=DIRECTION('',(1.,0.,0.));
#8199=DIRECTION('',(0.,-1.,0.));
#8200=DIRECTION('',(0.,0.,-1.));
#8201=DIRECTION('',(0.173648177666931,0.,0.984807753012208));
#8202=DIRECTION('',(0.,-1.,0.));
#8203=DIRECTION('',(0.,0.,-1.));
#8204=DIRECTION('',(-1.,0.,0.));
#8205=DIRECTION('',(0.,-1.,0.));
#8206=DIRECTION('',(0.,0.,-1.));
#8207=DIRECTION('',(0.173648177666931,0.,-0.984807753012208));
#8208=DIRECTION('',(0.,-1.,0.));
#8209=DIRECTION('',(0.,0.,-1.));
#8210=DIRECTION('',(0.,1.,0.));
#8211=DIRECTION('',(0.,0.,1.));
#8212=DIRECTION('',(-1.,0.,0.));
#8213=DIRECTION('',(0.,0.,1.));
#8214=DIRECTION('',(-0.173648177666931,0.,0.984807753012208));
#8215=DIRECTION('',(0.984807753012208,0.,0.173648177666931));
#8216=DIRECTION('',(-0.173648177666931,0.,0.984807753012208));
#8217=DIRECTION('',(0.984807753012208,0.,0.173648177666931));
#8218=DIRECTION('',(-0.173648177666931,0.,0.984807753012208));
#8219=DIRECTION('',(0.984807753012208,0.,0.173648177666931));
#8220=DIRECTION('',(1.,0.,0.));
#8221=DIRECTION('',(0.,0.,-1.));
#8222=DIRECTION('',(-1.,0.,0.));
#8223=DIRECTION('',(0.,0.,1.));
#8224=DIRECTION('',(0.,1.,0.));
#8225=DIRECTION('',(0.,0.,1.));
#8226=DIRECTION('',(-1.,0.,0.));
#8227=DIRECTION('',(0.,0.,1.));
#8228=DIRECTION('',(0.,1.,0.));
#8229=DIRECTION('',(0.,0.,1.));
#8230=DIRECTION('',(-0.173648177666931,0.,-0.984807753012208));
#8231=DIRECTION('',(-0.984807753012208,0.,0.173648177666931));
#8232=DIRECTION('',(-1.,0.,0.));
#8233=DIRECTION('',(0.,0.,1.));
#8234=DIRECTION('',(-1.,0.,0.));
#8235=DIRECTION('',(0.,0.,1.));
#8236=DIRECTION('',(-0.173648177666931,0.,-0.984807753012208));
#8237=DIRECTION('',(-0.984807753012208,0.,0.173648177666931));
#8238=DIRECTION('',(-0.173648177666931,0.,-0.984807753012208));
#8239=DIRECTION('',(-0.984807753012208,0.,0.173648177666931));
#8240=DIRECTION('',(0.,1.,0.));
#8241=DIRECTION('',(0.,0.,1.));
#8242=DIRECTION('',(0.,-1.,0.));
#8243=DIRECTION('',(0.,0.,-1.));
#8244=DIRECTION('',(1.,-4.33680868994204E-15,4.33680868994205E-15));
#8245=DIRECTION('',(4.33680868994205E-15,0.,-1.));
#8246=DIRECTION('',(0.17364817766693,0.,-0.984807753012208));
#8247=DIRECTION('',(-0.984807753012208,0.,-0.17364817766693));
#8248=DIRECTION('',(-0.173648177666931,0.,0.984807753012208));
#8249=DIRECTION('',(0.984807753012208,0.,0.173648177666931));
#8250=DIRECTION('',(-0.173648177666931,0.,0.984807753012208));
#8251=DIRECTION('',(0.984807753012208,0.,0.173648177666931));
#8252=DIRECTION('',(1.,0.,0.));
#8253=DIRECTION('',(0.,0.,-1.));
#8254=DIRECTION('',(1.,0.,0.));
#8255=DIRECTION('',(0.,0.,-1.));
#8256=DIRECTION('',(0.,-1.,0.));
#8257=DIRECTION('',(0.,0.,-1.));
#8258=DIRECTION('',(1.,0.,0.));
#8259=DIRECTION('',(0.,0.,-1.));
#8260=DIRECTION('',(0.,-1.,0.));
#8261=DIRECTION('',(0.,0.,-1.));
#8262=DIRECTION('',(-0.173648177666931,0.,-0.984807753012208));
#8263=DIRECTION('',(-0.984807753012208,0.,0.173648177666931));
#8264=DIRECTION('',(-1.,0.,0.));
#8265=DIRECTION('',(0.,0.,1.));
#8266=DIRECTION('',(1.,0.,0.));
#8267=DIRECTION('',(0.,0.,-1.));
#8268=DIRECTION('',(-0.173648177666931,0.,-0.984807753012208));
#8269=DIRECTION('',(-0.984807753012208,0.,0.173648177666931));
#8270=DIRECTION('',(0.173648177666931,0.,0.984807753012208));
#8271=DIRECTION('',(0.984807753012208,0.,-0.173648177666931));
#8272=DIRECTION('',(0.,-1.,0.));
#8273=DIRECTION('',(0.,0.,-1.));
#8274=DIRECTION('',(1.58098095540508E-17,0.707106781186545,-0.70710678118655));
#8275=DIRECTION('',(1.,0.,2.23584470898743E-17));
#8276=DIRECTION('',(1.58098095540507E-17,-0.70710678118655,-0.707106781186545));
#8277=DIRECTION('',(1.58098095540507E-17,-0.70710678118655,-0.707106781186545));
#8278=DIRECTION('',(0.,-1.,0.));
#8279=DIRECTION('',(0.,0.,-1.));
#8280=DIRECTION('',(0.696364240320015,-0.707106781186552,-0.122787803968972));
#8281=DIRECTION('',(0.,-1.,0.));
#8282=DIRECTION('',(0.,0.,-1.));
#8283=DIRECTION('',(0.696364240320015,0.707106781186552,0.122787803968972));
#8284=DIRECTION('',(0.696364240320021,0.707106781186545,-0.122787803968973));
#8285=DIRECTION('',(-0.712498293208667,0.701673843159866,0.));
#8286=DIRECTION('',(0.696364240320015,-0.707106781186552,-0.122787803968972));
#8287=DIRECTION('',(-0.696364240320023,0.707106781186544,-0.122787803968974));
#8288=DIRECTION('',(-0.712498293208666,-0.701673843159867,0.));
#8289=DIRECTION('',(0.696364240320015,0.707106781186552,0.122787803968972));
#8290=DIRECTION('',(0.,-1.,0.));
#8291=DIRECTION('',(0.,0.,-1.));
#8292=DIRECTION('',(0.,-0.70710678118655,0.707106781186545));
#8293=DIRECTION('',(0.,-1.,0.));
#8294=DIRECTION('',(0.,0.,-1.));
#8295=DIRECTION('',(0.,-0.70710678118655,0.707106781186545));
#8296=DIRECTION('',(0.,0.707106781186545,0.70710678118655));
#8297=DIRECTION('',(-1.,0.,0.));
#8298=DIRECTION('',(0.,1.,0.));
#8299=DIRECTION('',(0.,0.,1.));
#8300=DIRECTION('',(0.,1.,0.));
#8301=DIRECTION('',(0.,0.,1.));
#8302=DIRECTION('',(0.,1.,0.));
#8303=DIRECTION('',(0.,0.,1.));
#8304=DIRECTION('',(0.,1.,0.));
#8305=DIRECTION('',(0.,0.,1.));
#8306=DIRECTION('',(0.,-1.,0.));
#8307=DIRECTION('',(0.,0.,-1.));
#8308=DIRECTION('',(0.,1.,0.));
#8309=DIRECTION('',(0.,0.,1.));
#8310=DIRECTION('',(0.,-1.,0.));
#8311=DIRECTION('',(0.,0.,-1.));
#8312=DIRECTION('',(0.,-1.,0.));
#8313=DIRECTION('',(0.,0.,-1.));
#8314=DIRECTION('',(0.,1.,0.));
#8315=DIRECTION('',(0.,0.,1.));
#8316=DIRECTION('',(0.,-1.,0.));
#8317=DIRECTION('',(0.,0.,-1.));
#8318=DIRECTION('',(0.,-1.,0.));
#8319=DIRECTION('',(0.,0.,-1.));
#8320=DIRECTION('',(0.,1.,0.));
#8321=DIRECTION('',(0.,0.,1.));
#8322=DIRECTION('',(0.,-1.,0.));
#8323=DIRECTION('',(0.,0.,-1.));
#8324=DIRECTION('',(0.,-1.,0.));
#8325=DIRECTION('',(0.,0.,-1.));
#8326=DIRECTION('',(0.,0.,1.));
#8327=DIRECTION('',(1.,0.,0.));
#8328=DIRECTION('',(0.,-1.,0.));
#8329=DIRECTION('',(-1.,0.,0.));
#8330=DIRECTION('',(0.,-1.,0.));
#8331=DIRECTION('',(-1.,0.,0.));
#8332=DIRECTION('',(0.,-1.,0.));
#8333=DIRECTION('',(0.,0.,-1.));
#8334=DIRECTION('',(0.,1.,0.));
#8335=DIRECTION('',(0.,1.,0.));
#8336=DIRECTION('',(0.,0.,1.));
#8337=DIRECTION('',(0.,-1.,0.));
#8338=DIRECTION('',(0.,0.,-1.));
#8339=DIRECTION('',(-0.984807753012208,0.,-0.173648177666931));
#8340=DIRECTION('',(-0.173648177666931,0.,0.984807753012208));
#8341=DIRECTION('',(0.,-1.,0.));
#8342=DIRECTION('',(0.173648177666931,0.,-0.984807753012208));
#8343=DIRECTION('',(0.173648177666931,0.,-0.984807753012208));
#8344=DIRECTION('',(0.,-1.,0.));
#8345=DIRECTION('',(0.,0.,-1.));
#8346=DIRECTION('',(0.,-1.,0.));
#8347=DIRECTION('',(0.,1.,0.));
#8348=DIRECTION('',(0.,0.,1.));
#8349=DIRECTION('',(0.,-1.,0.));
#8350=DIRECTION('',(0.,0.,-1.));
#8351=DIRECTION('',(4.17405507971978E-17,0.,-1.));
#8352=DIRECTION('',(-1.,0.,-4.17405507971978E-17));
#8353=DIRECTION('',(0.,-1.,0.));
#8354=DIRECTION('',(1.,0.,4.17405507971978E-17));
#8355=DIRECTION('',(1.,0.,4.17405507971978E-17));
#8356=DIRECTION('',(0.,-1.,0.));
#8357=DIRECTION('',(0.,0.,-1.));
#8358=DIRECTION('',(0.,1.,0.));
#8359=DIRECTION('',(0.,1.,0.));
#8360=DIRECTION('',(0.,0.,1.));
#8361=DIRECTION('',(0.,-1.,0.));
#8362=DIRECTION('',(0.,0.,-1.));
#8363=DIRECTION('',(0.984807753012208,0.,-0.173648177666931));
#8364=DIRECTION('',(-0.173648177666931,0.,-0.984807753012208));
#8365=DIRECTION('',(0.,-1.,0.));
#8366=DIRECTION('',(0.173648177666931,0.,0.984807753012208));
#8367=DIRECTION('',(0.173648177666931,0.,0.984807753012208));
#8368=DIRECTION('',(0.,-1.,0.));
#8369=DIRECTION('',(0.,0.,-1.));
#8370=DIRECTION('',(0.,1.,0.));
#8371=DIRECTION('',(0.,0.,1.));
#8372=DIRECTION('',(0.,-1.,0.));
#8373=DIRECTION('',(0.,0.,-1.));
#8374=DIRECTION('',(0.,-1.,0.));
#8375=DIRECTION('',(0.,0.,-1.));
#8376=DIRECTION('',(1.,0.,4.17405507971978E-17));
#8377=DIRECTION('',(0.,-1.,0.));
#8378=DIRECTION('',(0.,0.,-1.));
#8379=DIRECTION('',(0.173648177666931,0.,-0.984807753012208));
#8380=DIRECTION('',(0.,-1.,0.));
#8381=DIRECTION('',(0.,0.,-1.));
#8382=DIRECTION('',(-1.,0.,0.));
#8383=DIRECTION('',(0.,-1.,0.));
#8384=DIRECTION('',(0.,0.,-1.));
#8385=DIRECTION('',(0.173648177666931,0.,0.984807753012208));
#8386=DIRECTION('',(0.,-1.,0.));
#8387=DIRECTION('',(0.,0.,-1.));
#8388=DIRECTION('',(-1.,0.,1.68834613604825E-18));
#8389=DIRECTION('',(0.,1.,0.));
#8390=DIRECTION('',(-1.,0.,-4.17405507971978E-17));
#8391=DIRECTION('',(-0.173648177666931,0.,-0.984807753012208));
#8392=DIRECTION('',(0.,1.,0.));
#8393=DIRECTION('',(-1.,0.,-4.17405507971978E-17));
#8394=DIRECTION('',(1.,0.,1.76996379312395E-18));
#8395=DIRECTION('',(0.,1.,0.));
#8396=DIRECTION('',(1.,0.,4.17405507971978E-17));
#8397=DIRECTION('',(-0.17364817766693,0.,0.984807753012208));
#8398=DIRECTION('',(0.,1.,0.));
#8399=DIRECTION('',(-1.,0.,-4.17405507971978E-17));
#8400=DIRECTION('',(1.68834613604825E-18,0.,1.));
#8401=DIRECTION('',(1.,0.,-1.68834613604825E-18));
#8402=DIRECTION('',(0.,-1.,0.));
#8403=DIRECTION('',(-1.,0.,1.68834613604825E-18));
#8404=DIRECTION('',(0.,-1.,0.));
#8405=DIRECTION('',(0.,-1.,0.));
#8406=DIRECTION('',(0.,0.,-1.));
#8407=DIRECTION('',(0.,-1.,0.));
#8408=DIRECTION('',(0.,1.,0.));
#8409=DIRECTION('',(0.,0.,1.));
#8410=DIRECTION('',(0.984807753012208,0.,0.17364817766693));
#8411=DIRECTION('',(0.17364817766693,0.,-0.984807753012208));
#8412=DIRECTION('',(0.,-1.,0.));
#8413=DIRECTION('',(-0.17364817766693,0.,0.984807753012208));
#8414=DIRECTION('',(0.,-1.,0.));
#8415=DIRECTION('',(0.,0.,-1.));
#8416=DIRECTION('',(0.,-1.,0.));
#8417=DIRECTION('',(0.,1.,0.));
#8418=DIRECTION('',(0.,0.,1.));
#8419=DIRECTION('',(1.76996379312395E-18,0.,-1.));
#8420=DIRECTION('',(-1.,0.,-1.76996379312395E-18));
#8421=DIRECTION('',(0.,-1.,0.));
#8422=DIRECTION('',(1.,0.,1.76996379312395E-18));
#8423=DIRECTION('',(0.,-1.,0.));
#8424=DIRECTION('',(0.,0.,-1.));
#8425=DIRECTION('',(0.,-1.,0.));
#8426=DIRECTION('',(0.,1.,0.));
#8427=DIRECTION('',(0.,0.,1.));
#8428=DIRECTION('',(-0.984807753012208,0.,0.173648177666931));
#8429=DIRECTION('',(0.173648177666931,0.,0.984807753012208));
#8430=DIRECTION('',(0.,-1.,0.));
#8431=DIRECTION('',(-0.173648177666931,0.,-0.984807753012208));
#8432=DIRECTION('',(0.,-1.,0.));
#8433=DIRECTION('',(0.,0.,-1.));
#8434=DIRECTION('',(0.,1.,0.));
#8435=DIRECTION('',(0.,0.,1.));
#8436=DIRECTION('',(0.,1.,0.));
#8437=DIRECTION('',(0.,0.,1.));
#8438=DIRECTION('',(-1.,0.,1.68834613604825E-18));
#8439=DIRECTION('',(0.,1.,0.));
#8440=DIRECTION('',(0.,0.,1.));
#8441=DIRECTION('',(-0.17364817766693,0.,0.984807753012208));
#8442=DIRECTION('',(0.,1.,0.));
#8443=DIRECTION('',(0.,0.,1.));
#8444=DIRECTION('',(1.,0.,1.76996379312395E-18));
#8445=DIRECTION('',(0.,1.,0.));
#8446=DIRECTION('',(0.,0.,1.));
#8447=DIRECTION('',(-0.173648177666931,0.,-0.984807753012208));
#8448=DIRECTION('',(0.,1.,0.));
#8449=DIRECTION('',(0.,0.,1.));
#8450=DIRECTION('',(0.,1.,0.));
#8451=DIRECTION('',(-1.,0.,0.));
#8452=DIRECTION('',(0.,1.,0.));
#8453=DIRECTION('',(-1.,0.,0.));
#8454=DIRECTION('',(0.,1.,0.));
#8455=DIRECTION('',(0.,0.,1.));
#8456=DIRECTION('',(0.,1.,0.));
#8457=DIRECTION('',(-1.,0.,0.));
#8458=DIRECTION('',(-1.,0.,0.));
#8459=DIRECTION('',(-1.,0.,0.));
#8460=DIRECTION('',(0.,-1.,0.));
#8461=DIRECTION('',(0.,0.,-1.));
#8462=DIRECTION('',(0.,1.,0.));
#8463=DIRECTION('',(0.,1.,0.));
#8464=DIRECTION('',(0.,1.,0.));
#8465=DIRECTION('',(-1.,0.,0.));
#8466=DIRECTION('',(0.,1.,0.));
#8467=DIRECTION('',(0.,0.,1.));
#8468=DIRECTION('',(0.,1.,0.));
#8469=DIRECTION('',(-1.,0.,0.));
#8470=DIRECTION('',(-1.,0.,0.));
#8471=DIRECTION('',(-1.,0.,0.));
#8472=DIRECTION('',(0.,-1.,0.));
#8473=DIRECTION('',(0.,0.,-1.));
#8474=DIRECTION('',(0.,1.,0.));
#8475=DIRECTION('',(0.,1.,0.));
#8476=DIRECTION('',(0.,-1.,0.));
#8477=DIRECTION('',(-1.,0.,0.));
#8478=DIRECTION('',(0.,-1.,0.));
#8479=DIRECTION('',(0.,0.,-1.));
#8480=DIRECTION('',(-1.,0.,0.));
#8481=DIRECTION('',(0.,0.,-1.));
#8482=DIRECTION('',(-1.,0.,0.));
#8483=DIRECTION('',(-1.,0.,0.));
#8484=DIRECTION('',(-1.,0.,0.));
#8485=DIRECTION('',(0.,0.,-1.));
#8486=DIRECTION('',(-1.,0.,0.));
#8487=DIRECTION('',(-1.,0.,0.));
#8488=DIRECTION('',(-1.,0.,0.));
#8489=DIRECTION('',(0.,-1.,0.));
#8490=DIRECTION('',(0.,0.,-1.));
#8491=DIRECTION('',(-1.,0.,0.));
#8492=DIRECTION('',(0.,0.,-1.));
#8493=DIRECTION('',(-1.,0.,0.));
#8494=DIRECTION('',(-1.,0.,0.));
#8495=DIRECTION('',(1.,0.,0.));
#8496=DIRECTION('',(0.,0.,-1.));
#8497=DIRECTION('',(-1.,0.,0.));
#8498=DIRECTION('',(-1.,0.,0.));
#8499=DIRECTION('',(-1.,0.,0.));
#8500=DIRECTION('',(1.,0.,0.));
#8501=DIRECTION('',(0.,0.,-1.));
#8502=DIRECTION('',(-1.,0.,0.));
#8503=DIRECTION('',(0.,0.,1.));
#8504=DIRECTION('',(1.,0.,0.));
#8505=DIRECTION('',(0.,0.,-1.));
#8506=DIRECTION('',(-1.,0.,0.));
#8507=DIRECTION('',(0.,0.,1.));
#8508=DIRECTION('',(-1.,0.,0.));
#8509=DIRECTION('',(0.,0.,1.));
#8510=DIRECTION('',(1.,0.,0.));
#8511=DIRECTION('',(0.,0.,-1.));
#8512=DIRECTION('',(0.,1.,0.));
#8513=DIRECTION('',(0.,0.,1.));
#8514=DIRECTION('',(0.,1.,0.));
#8515=DIRECTION('',(0.,0.,1.));
#8516=DIRECTION('',(0.,-1.,0.));
#8517=DIRECTION('',(0.,0.,-1.));
#8518=DIRECTION('',(-0.17364817766693,0.,-0.984807753012208));
#8519=DIRECTION('',(-0.984807753012208,0.,0.17364817766693));
#8520=DIRECTION('',(-1.,0.,0.));
#8521=DIRECTION('',(0.,0.,1.));
#8522=DIRECTION('',(1.,0.,0.));
#8523=DIRECTION('',(0.,0.,-1.));
#8524=DIRECTION('',(-1.,0.,0.));
#8525=DIRECTION('',(0.,0.,1.));
#8526=DIRECTION('',(-0.173648177666931,0.,-0.984807753012208));
#8527=DIRECTION('',(-0.984807753012208,0.,0.173648177666931));
#8528=DIRECTION('',(-0.17364817766693,0.,-0.984807753012208));
#8529=DIRECTION('',(-0.984807753012208,0.,0.17364817766693));
#8530=DIRECTION('',(0.,-1.,0.));
#8531=DIRECTION('',(0.,0.,-1.));
#8532=DIRECTION('',(0.17364817766693,-1.25860711759146E-16,-0.984807753012208));
#8533=DIRECTION('',(-0.984807753012208,0.,-0.17364817766693));
#8534=DIRECTION('',(0.,-1.,0.));
#8535=DIRECTION('',(0.,0.,-1.));
#8536=DIRECTION('',(-1.,0.,0.));
#8537=DIRECTION('',(0.,0.,1.));
#8538=DIRECTION('',(-0.173648177666931,0.,0.984807753012208));
#8539=DIRECTION('',(0.984807753012208,0.,0.173648177666931));
#8540=DIRECTION('',(0.17364817766693,-1.25860711759146E-16,-0.984807753012208));
#8541=DIRECTION('',(-0.984807753012208,0.,-0.17364817766693));
#8542=DIRECTION('',(-1.,0.,-4.17405507971978E-17));
#8543=DIRECTION('',(-4.17405507971978E-17,0.,1.));
#8544=DIRECTION('',(-1.,0.,0.));
#8545=DIRECTION('',(0.,0.,1.));
#8546=DIRECTION('',(0.,-1.,0.));
#8547=DIRECTION('',(0.,0.,-1.));
#8548=DIRECTION('',(0.,1.,0.));
#8549=DIRECTION('',(0.,0.,1.));
#8550=DIRECTION('',(0.17364817766693,-1.22026366319589E-15,0.984807753012208));
#8551=DIRECTION('',(0.984807753012208,0.,-0.17364817766693));
#8552=DIRECTION('',(1.,0.,0.));
#8553=DIRECTION('',(0.,0.,-1.));
#8554=DIRECTION('',(1.,0.,0.));
#8555=DIRECTION('',(0.,0.,-1.));
#8556=DIRECTION('',(1.,0.,0.));
#8557=DIRECTION('',(0.,0.,-1.));
#8558=DIRECTION('',(-0.173648177666931,0.,-0.984807753012208));
#8559=DIRECTION('',(-0.984807753012208,0.,0.173648177666931));
#8560=DIRECTION('',(0.17364817766693,-8.60661629598327E-16,0.984807753012208));
#8561=DIRECTION('',(0.984807753012208,0.,-0.17364817766693));
#8562=DIRECTION('',(0.,1.,0.));
#8563=DIRECTION('',(0.,0.,1.));
#8564=DIRECTION('',(-0.17364817766693,0.,0.984807753012208));
#8565=DIRECTION('',(0.984807753012208,0.,0.17364817766693));
#8566=DIRECTION('',(0.,1.,0.));
#8567=DIRECTION('',(0.,0.,1.));
#8568=DIRECTION('',(1.,0.,0.));
#8569=DIRECTION('',(0.,0.,-1.));
#8570=DIRECTION('',(-0.173648177666931,0.,0.984807753012208));
#8571=DIRECTION('',(0.984807753012208,0.,0.173648177666931));
#8572=DIRECTION('',(-0.173648177666929,0.,0.984807753012208));
#8573=DIRECTION('',(0.984807753012208,0.,0.173648177666929));
#8574=DIRECTION('',(-1.,0.,-4.17405507971978E-17));
#8575=DIRECTION('',(-4.17405507971978E-17,0.,1.));
#8576=DIRECTION('',(1.,0.,0.));
#8577=DIRECTION('',(0.,0.,-1.));
#8578=DIRECTION('',(0.,1.,0.));
#8579=DIRECTION('',(0.,0.,1.));
#8580=DIRECTION('',(0.,-1.,0.));
#8581=DIRECTION('',(0.,0.,-1.));
#8582=DIRECTION('',(0.,-1.,0.));
#8583=DIRECTION('',(0.,0.,-1.));
#8584=DIRECTION('',(0.,1.,0.));
#8585=DIRECTION('',(0.,0.,1.));
#8586=DIRECTION('',(0.,1.,0.));
#8587=DIRECTION('',(0.,0.,1.));
#8588=DIRECTION('',(0.,-1.,0.));
#8589=DIRECTION('',(0.,0.,-1.));
#8590=DIRECTION('',(0.,-1.,0.));
#8591=DIRECTION('',(0.,0.,-1.));
#8592=DIRECTION('',(0.,1.,0.));
#8593=DIRECTION('',(0.,0.,1.));
#8594=DIRECTION('',(0.,-1.,0.));
#8595=DIRECTION('',(0.,0.,-1.));
#8596=DIRECTION('',(0.,1.,0.));
#8597=DIRECTION('',(0.,0.,1.));
#8598=DIRECTION('',(0.,1.,0.));
#8599=DIRECTION('',(0.,0.,1.));
#8600=DIRECTION('',(0.,1.,0.));
#8601=DIRECTION('',(0.,0.,1.));
#8602=DIRECTION('',(0.,1.,0.));
#8603=DIRECTION('',(0.,0.,1.));
#8604=DIRECTION('',(0.,1.,0.));
#8605=DIRECTION('',(0.,0.,1.));
#8606=DIRECTION('',(-1.,0.,0.));
#8607=DIRECTION('',(0.,0.,1.));
#8608=DIRECTION('',(-0.173648177666931,0.,-0.984807753012208));
#8609=DIRECTION('',(-0.984807753012208,0.,0.173648177666931));
#8610=DIRECTION('',(0.173648177666931,0.,0.984807753012208));
#8611=DIRECTION('',(0.984807753012208,0.,-0.173648177666931));
#8612=DIRECTION('',(-0.17364817766693,0.,-0.984807753012208));
#8613=DIRECTION('',(-0.984807753012208,0.,0.17364817766693));
#8614=DIRECTION('',(-1.,0.,-1.76996379312395E-18));
#8615=DIRECTION('',(-1.76996379312395E-18,0.,1.));
#8616=DIRECTION('',(-1.,0.,0.));
#8617=DIRECTION('',(0.,0.,1.));
#8618=DIRECTION('',(0.,1.,0.));
#8619=DIRECTION('',(0.,0.,1.));
#8620=DIRECTION('',(-1.,0.,0.));
#8621=DIRECTION('',(0.,0.,1.));
#8622=DIRECTION('',(0.,1.,0.));
#8623=DIRECTION('',(0.,0.,1.));
#8624=DIRECTION('',(0.173648177666931,-1.25860711759145E-15,-0.984807753012208));
#8625=DIRECTION('',(-0.984807753012208,0.,-0.173648177666931));
#8626=DIRECTION('',(1.,0.,-1.68834613604825E-18));
#8627=DIRECTION('',(-1.68834613604825E-18,0.,-1.));
#8628=DIRECTION('',(-1.,0.,0.));
#8629=DIRECTION('',(0.,0.,1.));
#8630=DIRECTION('',(0.17364817766693,0.,-0.984807753012208));
#8631=DIRECTION('',(-0.984807753012208,0.,-0.17364817766693));
#8632=DIRECTION('',(0.173648177666931,0.,-0.984807753012208));
#8633=DIRECTION('',(-0.984807753012208,0.,-0.173648177666931));
#8634=DIRECTION('',(0.,1.,0.));
#8635=DIRECTION('',(0.,0.,1.));
#8636=CARTESIAN_POINT('',(0.,0.,0.));
#8637=CARTESIAN_POINT('',(0.,0.,0.));
#8638=CARTESIAN_POINT('',(-16.65,0.,0.));
#8639=CARTESIAN_POINT('',(-16.65,0.,2.19641016151378));
#8640=CARTESIAN_POINT('',(16.65,0.,0.));
#8641=CARTESIAN_POINT('',(16.65,0.,2.19641016151378));
#8642=CARTESIAN_POINT('',(19.6,0.,-6.3));
#8643=CARTESIAN_POINT('',(18.1,0.,-6.3));
#8644=CARTESIAN_POINT('',(-18.1,0.,-6.3));
#8645=CARTESIAN_POINT('',(-18.1,0.,-4.8));
#8646=CARTESIAN_POINT('',(-19.6,0.,-4.8));
#8647=CARTESIAN_POINT('',(-19.6,0.,-6.3));
#8648=CARTESIAN_POINT('',(-19.6,0.,4.8));
#8649=CARTESIAN_POINT('',(-18.1,0.,4.8));
#8650=CARTESIAN_POINT('',(-18.1,0.,6.3));
#8651=CARTESIAN_POINT('',(-19.6,0.,6.3));
#8652=CARTESIAN_POINT('',(18.1,0.,6.3));
#8653=CARTESIAN_POINT('',(18.1,0.,4.8));
#8654=CARTESIAN_POINT('',(19.6,0.,4.8));
#8655=CARTESIAN_POINT('',(19.6,0.,6.3));
#8656=CARTESIAN_POINT('',(19.6,0.,-4.8));
#8657=CARTESIAN_POINT('',(18.1,0.,-4.8));
#8658=CARTESIAN_POINT('',(-12.7494414373498,0.,-4.0712522502102));
#8659=CARTESIAN_POINT('',(-14.0718943430726,0.,3.42875087131618));
#8660=CARTESIAN_POINT('',(-12.7494419877591,0.,-4.07124912868382));
#8661=CARTESIAN_POINT('',(-10.9275476446865,0.,-3.75));
#8662=CARTESIAN_POINT('',(-10.9275476446865,0.,-5.6));
#8663=CARTESIAN_POINT('',(10.9275476446865,0.,-5.6));
#8664=CARTESIAN_POINT('',(10.9275476446865,0.,-5.6));
#8665=CARTESIAN_POINT('',(10.9275476446865,0.,-3.75));
#8666=CARTESIAN_POINT('',(12.7494419877591,0.,-4.07124912868382));
#8667=CARTESIAN_POINT('',(14.0718937928433,0.,3.42874775081089));
#8668=CARTESIAN_POINT('',(14.0718943430726,0.,3.42875087131618));
#8669=CARTESIAN_POINT('',(12.25,0.,3.75));
#8670=CARTESIAN_POINT('',(12.25,0.,5.6));
#8671=CARTESIAN_POINT('',(-12.25,0.,5.6));
#8672=CARTESIAN_POINT('',(-12.25,0.,5.6));
#8673=CARTESIAN_POINT('',(-12.25,0.,3.75));
#8674=CARTESIAN_POINT('',(-8.86,6.2,-1.42));
#8675=CARTESIAN_POINT('',(-9.109998867345,6.2,-1.42));
#8676=CARTESIAN_POINT('',(-9.109998867345,6.97,-1.42));
#8677=CARTESIAN_POINT('',(-9.109998867345,8.0075,-1.42));
#8678=CARTESIAN_POINT('',(-8.86,8.0075,-1.42));
#8679=CARTESIAN_POINT('',(-8.86,8.0075,-1.42));
#8680=CARTESIAN_POINT('',(-8.86,6.2,-1.42));
#8681=CARTESIAN_POINT('',(-8.86,6.97,-1.42));
#8682=CARTESIAN_POINT('',(-8.9849994336725,6.97,-1.42));
#8683=CARTESIAN_POINT('',(-8.31,8.2,-1.42));
#8684=CARTESIAN_POINT('',(-8.31,5.55,-1.42));
#8685=CARTESIAN_POINT('',(-8.31,5.55,-0.869999999999998));
#8686=CARTESIAN_POINT('',(-8.31,8.2,-1.42));
#8687=CARTESIAN_POINT('',(-8.82521233486787,8.2,-1.2275));
#8688=CARTESIAN_POINT('',(-7.79478766513213,8.2,-1.2275));
#8689=CARTESIAN_POINT('',(-7.79478766513213,8.2,-1.2275));
#8690=CARTESIAN_POINT('',(-7.7587530744803,8.2,-1.32394397706876));
#8691=CARTESIAN_POINT('',(-7.76,8.11051030428553,-1.42));
#8692=CARTESIAN_POINT('',(-7.76,8.0075,-1.42));
#8693=CARTESIAN_POINT('',(-7.76,8.0075,-1.42));
#8694=CARTESIAN_POINT('',(-7.76,6.2,-1.42));
#8695=CARTESIAN_POINT('',(-7.76,6.97,-1.42));
#8696=CARTESIAN_POINT('',(-7.76,6.97,-1.42));
#8697=CARTESIAN_POINT('',(-7.76,6.86221724809924,-1.42));
#8698=CARTESIAN_POINT('',(-7.75755611334839,6.65094446378179,-1.46424086858611));
#8699=CARTESIAN_POINT('',(-7.79205998590797,6.3833262494336,-1.65833576827412));
#8700=CARTESIAN_POINT('',(-7.98490082299239,6.24644839989424,-1.90282515927463));
#8701=CARTESIAN_POINT('',(-8.3081685456821,6.22508554351903,-2.00299648142387));
#8702=CARTESIAN_POINT('',(-8.63145926205465,6.24580026257727,-1.90517069569425));
#8703=CARTESIAN_POINT('',(-8.82676252019844,6.38031615190728,-1.66168403911398));
#8704=CARTESIAN_POINT('',(-8.8626099280869,6.64870471760217,-1.46469511034137));
#8705=CARTESIAN_POINT('',(-8.86,6.8620156681642,-1.42));
#8706=CARTESIAN_POINT('',(-8.86,6.97,-1.42));
#8707=CARTESIAN_POINT('',(-8.86,8.0075,-1.42));
#8708=CARTESIAN_POINT('',(-8.86,8.11051592707978,-1.42));
#8709=CARTESIAN_POINT('',(-8.86125984477759,8.20000000000019,-1.32397855452809));
#8710=CARTESIAN_POINT('',(-8.82521233486808,8.20000000000019,-1.22749999999999));
#8711=CARTESIAN_POINT('',(-8.31,5.55,-1.42));
#8712=CARTESIAN_POINT('',(-8.31,5.,-1.42));
#8713=CARTESIAN_POINT('',(-8.31,8.0075,-1.2275));
#8714=CARTESIAN_POINT('',(-9.08649452670318,8.2,-1.2275));
#8715=CARTESIAN_POINT('',(-9.11110093248774,8.2,-1.32675578916127));
#8716=CARTESIAN_POINT('',(-9.11,8.10978723818977,-1.41999999897263));
#8717=CARTESIAN_POINT('',(-9.11,8.00750000193346,-1.42));
#8718=CARTESIAN_POINT('',(-9.08649452670318,8.2,-1.2275));
#8719=CARTESIAN_POINT('',(-8.31,8.2,-1.2275));
#8720=CARTESIAN_POINT('',(-7.509998867345,6.97,-2.19));
#8721=CARTESIAN_POINT('',(-8.09297352320289,6.2,-2.19));
#8722=CARTESIAN_POINT('',(-7.97424173731387,6.2,-2.15653514133075));
#8723=CARTESIAN_POINT('',(-7.7539339374594,6.2010834094939,-2.03607871815073));
#8724=CARTESIAN_POINT('',(-7.48408096980512,6.355706618927,-1.62686375987469));
#8725=CARTESIAN_POINT('',(-7.51,6.72299769472014,-1.41999999988751));
#8726=CARTESIAN_POINT('',(-7.51,6.97000000035067,-1.42));
#8727=CARTESIAN_POINT('',(-8.09297352320289,6.2,-2.19));
#8728=CARTESIAN_POINT('',(-7.509998867345,6.97,-1.42));
#8729=CARTESIAN_POINT('',(-8.309998867345,6.2,-2.19));
#8730=CARTESIAN_POINT('',(-8.52702421148711,6.2,-2.19));
#8731=CARTESIAN_POINT('',(-9.109998867345,6.97,-1.42));
#8732=CARTESIAN_POINT('',(-9.109998867345,6.72313549552027,-1.42));
#8733=CARTESIAN_POINT('',(-9.13665655934752,6.35873199734591,-1.62341771372866));
#8734=CARTESIAN_POINT('',(-8.8677816476804,6.20088327734542,-2.0350543817709));
#8735=CARTESIAN_POINT('',(-8.64590336558932,6.19999998739277,-2.15649427064011));
#8736=CARTESIAN_POINT('',(-8.52702431619511,6.20000000000005,-2.19000028972725));
#8737=CARTESIAN_POINT('',(-7.509998867345,6.97,-1.42));
#8738=CARTESIAN_POINT('',(-7.509998867345,6.2,-1.42));
#8739=CARTESIAN_POINT('',(-7.509998867345,8.0075,-1.42));
#8740=CARTESIAN_POINT('',(-7.509998867345,8.0075,-1.42));
#8741=CARTESIAN_POINT('',(-7.509998867345,6.2,-1.42));
#8742=CARTESIAN_POINT('',(-8.309998867345,6.2,-1.42));
#8743=CARTESIAN_POINT('',(-8.309998867345,6.2,-1.42));
#8744=CARTESIAN_POINT('',(-8.31,8.2,-1.42));
#8745=CARTESIAN_POINT('',(-7.509998867345,8.0075,-1.42));
#8746=CARTESIAN_POINT('',(-7.509998867345,8.10979127251907,-1.42));
#8747=CARTESIAN_POINT('',(-7.50889408791413,8.20000000000019,-1.32677587555382));
#8748=CARTESIAN_POINT('',(-7.53350547329664,8.2000000000002,-1.22750000000001));
#8749=CARTESIAN_POINT('',(-7.53350547329682,8.2,-1.2275));
#8750=CARTESIAN_POINT('',(-8.31,8.2,-1.42));
#8751=CARTESIAN_POINT('',(-8.31,4.,-1.42));
#8752=CARTESIAN_POINT('',(-9.11,4.,-1.42));
#8753=CARTESIAN_POINT('',(-8.31,8.0075,-1.2275));
#8754=CARTESIAN_POINT('',(-8.31,8.2,-1.2275));
#8755=CARTESIAN_POINT('',(-8.31,8.2,-1.42));
#8756=CARTESIAN_POINT('',(7.76,6.2,-1.42));
#8757=CARTESIAN_POINT('',(7.510001132655,6.2,-1.42));
#8758=CARTESIAN_POINT('',(7.510001132655,6.97,-1.42));
#8759=CARTESIAN_POINT('',(7.510001132655,8.0075,-1.42));
#8760=CARTESIAN_POINT('',(7.76,8.0075,-1.42));
#8761=CARTESIAN_POINT('',(7.76,8.0075,-1.42));
#8762=CARTESIAN_POINT('',(7.76,6.2,-1.42));
#8763=CARTESIAN_POINT('',(7.76,6.97,-1.42));
#8764=CARTESIAN_POINT('',(7.6350005663275,6.97,-1.42));
#8765=CARTESIAN_POINT('',(8.31,8.2,-1.42));
#8766=CARTESIAN_POINT('',(8.31,5.55,-1.42));
#8767=CARTESIAN_POINT('',(8.31,5.55,-0.869999999999998));
#8768=CARTESIAN_POINT('',(8.31,8.2,-1.42));
#8769=CARTESIAN_POINT('',(7.79478766513213,8.2,-1.2275));
#8770=CARTESIAN_POINT('',(8.82521233486787,8.2,-1.2275));
#8771=CARTESIAN_POINT('',(8.82521233486787,8.2,-1.2275));
#8772=CARTESIAN_POINT('',(8.8612469255197,8.2,-1.32394397706876));
#8773=CARTESIAN_POINT('',(8.86,8.11051030428553,-1.42));
#8774=CARTESIAN_POINT('',(8.86,8.0075,-1.42));
#8775=CARTESIAN_POINT('',(8.86,8.0075,-1.42));
#8776=CARTESIAN_POINT('',(8.86,6.2,-1.42));
#8777=CARTESIAN_POINT('',(8.86,6.97,-1.42));
#8778=CARTESIAN_POINT('',(8.86,6.97,-1.42));
#8779=CARTESIAN_POINT('',(8.86,6.86221724809924,-1.42));
#8780=CARTESIAN_POINT('',(8.86244388665161,6.65094446378179,-1.46424086858611));
#8781=CARTESIAN_POINT('',(8.82794001409203,6.3833262494336,-1.65833576827412));
#8782=CARTESIAN_POINT('',(8.63509917700761,6.24644839989424,-1.90282515927463));
#8783=CARTESIAN_POINT('',(8.3118314543179,6.22508554351903,-2.00299648142387));
#8784=CARTESIAN_POINT('',(7.98854073794535,6.24580026257727,-1.90517069569425));
#8785=CARTESIAN_POINT('',(7.79323747980156,6.38031615190728,-1.66168403911398));
#8786=CARTESIAN_POINT('',(7.7573900719131,6.64870471760217,-1.46469511034137));
#8787=CARTESIAN_POINT('',(7.76,6.8620156681642,-1.42));
#8788=CARTESIAN_POINT('',(7.76,6.97,-1.42));
#8789=CARTESIAN_POINT('',(7.76,8.0075,-1.42));
#8790=CARTESIAN_POINT('',(7.76,8.11051592707978,-1.42));
#8791=CARTESIAN_POINT('',(7.7587401552224,8.20000000000019,-1.32397855452809));
#8792=CARTESIAN_POINT('',(7.79478766513192,8.20000000000019,-1.22749999999999));
#8793=CARTESIAN_POINT('',(8.31,5.55,-1.42));
#8794=CARTESIAN_POINT('',(8.31,5.,-1.42));
#8795=CARTESIAN_POINT('',(8.31,8.0075,-1.2275));
#8796=CARTESIAN_POINT('',(7.53350547329682,8.2,-1.2275));
#8797=CARTESIAN_POINT('',(7.50889906751226,8.2,-1.32675578916127));
#8798=CARTESIAN_POINT('',(7.51,8.10978723818977,-1.41999999897263));
#8799=CARTESIAN_POINT('',(7.51,8.00750000193346,-1.42));
#8800=CARTESIAN_POINT('',(7.53350547329682,8.2,-1.2275));
#8801=CARTESIAN_POINT('',(8.31,8.2,-1.2275));
#8802=CARTESIAN_POINT('',(9.110001132655,6.97,-2.19));
#8803=CARTESIAN_POINT('',(8.5270264767971,6.2,-2.19));
#8804=CARTESIAN_POINT('',(8.64575826268613,6.2,-2.15653514133075));
#8805=CARTESIAN_POINT('',(8.86606606254061,6.2010834094939,-2.03607871815073));
#8806=CARTESIAN_POINT('',(9.13591903019487,6.355706618927,-1.62686375987469));
#8807=CARTESIAN_POINT('',(9.11,6.72299769472014,-1.41999999988751));
#8808=CARTESIAN_POINT('',(9.11,6.97000000035067,-1.42));
#8809=CARTESIAN_POINT('',(8.5270264767971,6.2,-2.19));
#8810=CARTESIAN_POINT('',(9.110001132655,6.97,-1.42));
#8811=CARTESIAN_POINT('',(8.310001132655,6.2,-2.19));
#8812=CARTESIAN_POINT('',(8.09297578851289,6.2,-2.19));
#8813=CARTESIAN_POINT('',(7.510001132655,6.97,-1.42));
#8814=CARTESIAN_POINT('',(7.510001132655,6.72313549552027,-1.42));
#8815=CARTESIAN_POINT('',(7.48334344065248,6.35873199734591,-1.62341771372866));
#8816=CARTESIAN_POINT('',(7.75221835231961,6.20088327734542,-2.0350543817709));
#8817=CARTESIAN_POINT('',(7.97409663441068,6.19999998739277,-2.15649427064011));
#8818=CARTESIAN_POINT('',(8.09297568380489,6.20000000000005,-2.19000028972725));
#8819=CARTESIAN_POINT('',(9.110001132655,6.97,-1.42));
#8820=CARTESIAN_POINT('',(9.110001132655,6.2,-1.42));
#8821=CARTESIAN_POINT('',(9.110001132655,8.0075,-1.42));
#8822=CARTESIAN_POINT('',(9.110001132655,8.0075,-1.42));
#8823=CARTESIAN_POINT('',(9.110001132655,6.2,-1.42));
#8824=CARTESIAN_POINT('',(8.310001132655,6.2,-1.42));
#8825=CARTESIAN_POINT('',(8.310001132655,6.2,-1.42));
#8826=CARTESIAN_POINT('',(8.31,8.2,-1.42));
#8827=CARTESIAN_POINT('',(9.110001132655,8.0075,-1.42));
#8828=CARTESIAN_POINT('',(9.110001132655,8.10979127251907,-1.42));
#8829=CARTESIAN_POINT('',(9.11110591208588,8.2000000000002,-1.32677587555382));
#8830=CARTESIAN_POINT('',(9.08649452670336,8.2000000000002,-1.22750000000001));
#8831=CARTESIAN_POINT('',(9.08649452670318,8.2,-1.2275));
#8832=CARTESIAN_POINT('',(8.31,8.2,-1.42));
#8833=CARTESIAN_POINT('',(8.31,4.,-1.42));
#8834=CARTESIAN_POINT('',(7.51,4.,-1.42));
#8835=CARTESIAN_POINT('',(8.31,8.0075,-1.2275));
#8836=CARTESIAN_POINT('',(8.31,8.2,-1.2275));
#8837=CARTESIAN_POINT('',(8.31,8.2,-1.42));
#8838=CARTESIAN_POINT('',(-6.09,6.2,-1.42));
#8839=CARTESIAN_POINT('',(-6.339998867345,6.2,-1.42));
#8840=CARTESIAN_POINT('',(-6.339998867345,6.97,-1.42));
#8841=CARTESIAN_POINT('',(-6.339998867345,8.0075,-1.42));
#8842=CARTESIAN_POINT('',(-6.09,8.0075,-1.42));
#8843=CARTESIAN_POINT('',(-6.09,8.0075,-1.42));
#8844=CARTESIAN_POINT('',(-6.09,6.2,-1.42));
#8845=CARTESIAN_POINT('',(-6.09,6.97,-1.42));
#8846=CARTESIAN_POINT('',(-6.2149994336725,6.97,-1.42));
#8847=CARTESIAN_POINT('',(-5.54,8.2,-1.42));
#8848=CARTESIAN_POINT('',(-5.54,5.55,-1.42));
#8849=CARTESIAN_POINT('',(-5.54,5.55,-0.869999999999998));
#8850=CARTESIAN_POINT('',(-5.54,8.2,-1.42));
#8851=CARTESIAN_POINT('',(-6.05521233486787,8.2,-1.2275));
#8852=CARTESIAN_POINT('',(-5.02478766513213,8.2,-1.2275));
#8853=CARTESIAN_POINT('',(-5.02478766513213,8.2,-1.2275));
#8854=CARTESIAN_POINT('',(-4.9887530744803,8.2,-1.32394397706876));
#8855=CARTESIAN_POINT('',(-4.99,8.11051030428553,-1.42));
#8856=CARTESIAN_POINT('',(-4.99,8.0075,-1.42));
#8857=CARTESIAN_POINT('',(-4.99,8.0075,-1.42));
#8858=CARTESIAN_POINT('',(-4.99,6.2,-1.42));
#8859=CARTESIAN_POINT('',(-4.99,6.97,-1.42));
#8860=CARTESIAN_POINT('',(-4.99,6.97,-1.42));
#8861=CARTESIAN_POINT('',(-4.99,6.86221724809924,-1.42));
#8862=CARTESIAN_POINT('',(-4.98755611334839,6.65094446378179,-1.46424086858611));
#8863=CARTESIAN_POINT('',(-5.02205998590797,6.3833262494336,-1.65833576827412));
#8864=CARTESIAN_POINT('',(-5.21490082299239,6.24644839989424,-1.90282515927463));
#8865=CARTESIAN_POINT('',(-5.5381685456821,6.22508554351903,-2.00299648142387));
#8866=CARTESIAN_POINT('',(-5.86145926205465,6.24580026257727,-1.90517069569425));
#8867=CARTESIAN_POINT('',(-6.05676252019844,6.38031615190728,-1.66168403911398));
#8868=CARTESIAN_POINT('',(-6.0926099280869,6.64870471760217,-1.46469511034137));
#8869=CARTESIAN_POINT('',(-6.09,6.8620156681642,-1.42));
#8870=CARTESIAN_POINT('',(-6.09,6.97,-1.42));
#8871=CARTESIAN_POINT('',(-6.09,8.0075,-1.42));
#8872=CARTESIAN_POINT('',(-6.09,8.11051592707978,-1.42));
#8873=CARTESIAN_POINT('',(-6.0912598447776,8.20000000000019,-1.32397855452809));
#8874=CARTESIAN_POINT('',(-6.05521233486808,8.20000000000019,-1.22749999999999));
#8875=CARTESIAN_POINT('',(-5.54,5.55,-1.42));
#8876=CARTESIAN_POINT('',(-5.54,5.,-1.42));
#8877=CARTESIAN_POINT('',(-5.54,8.0075,-1.2275));
#8878=CARTESIAN_POINT('',(-6.31649452670318,8.2,-1.2275));
#8879=CARTESIAN_POINT('',(-6.34110093248774,8.2,-1.32675578916127));
#8880=CARTESIAN_POINT('',(-6.34,8.10978723818977,-1.41999999897263));
#8881=CARTESIAN_POINT('',(-6.34,8.00750000193346,-1.42));
#8882=CARTESIAN_POINT('',(-6.31649452670318,8.2,-1.2275));
#8883=CARTESIAN_POINT('',(-5.54,8.2,-1.2275));
#8884=CARTESIAN_POINT('',(-4.739998867345,6.97,-2.19));
#8885=CARTESIAN_POINT('',(-5.3229735232029,6.2,-2.19));
#8886=CARTESIAN_POINT('',(-5.20424173731387,6.2,-2.15653514133075));
#8887=CARTESIAN_POINT('',(-4.98393393745939,6.2010834094939,-2.03607871815073));
#8888=CARTESIAN_POINT('',(-4.71408096980513,6.355706618927,-1.62686375987469));
#8889=CARTESIAN_POINT('',(-4.74,6.72299769472014,-1.41999999988751));
#8890=CARTESIAN_POINT('',(-4.74,6.97000000035067,-1.42));
#8891=CARTESIAN_POINT('',(-5.3229735232029,6.2,-2.19));
#8892=CARTESIAN_POINT('',(-4.739998867345,6.97,-1.42));
#8893=CARTESIAN_POINT('',(-5.539998867345,6.2,-2.19));
#8894=CARTESIAN_POINT('',(-5.75702421148711,6.2,-2.19));
#8895=CARTESIAN_POINT('',(-6.339998867345,6.97,-1.42));
#8896=CARTESIAN_POINT('',(-6.339998867345,6.72313549552027,-1.42));
#8897=CARTESIAN_POINT('',(-6.36665655934752,6.35873199734591,-1.62341771372866));
#8898=CARTESIAN_POINT('',(-6.0977816476804,6.20088327734542,-2.0350543817709));
#8899=CARTESIAN_POINT('',(-5.87590336558933,6.19999998739277,-2.15649427064011));
#8900=CARTESIAN_POINT('',(-5.75702431619511,6.20000000000005,-2.19000028972725));
#8901=CARTESIAN_POINT('',(-4.739998867345,6.97,-1.42));
#8902=CARTESIAN_POINT('',(-4.739998867345,6.2,-1.42));
#8903=CARTESIAN_POINT('',(-4.739998867345,8.0075,-1.42));
#8904=CARTESIAN_POINT('',(-4.739998867345,8.0075,-1.42));
#8905=CARTESIAN_POINT('',(-4.739998867345,6.2,-1.42));
#8906=CARTESIAN_POINT('',(-5.539998867345,6.2,-1.42));
#8907=CARTESIAN_POINT('',(-5.539998867345,6.2,-1.42));
#8908=CARTESIAN_POINT('',(-5.54,8.2,-1.42));
#8909=CARTESIAN_POINT('',(-4.739998867345,8.0075,-1.42));
#8910=CARTESIAN_POINT('',(-4.739998867345,8.10979127251907,-1.42));
#8911=CARTESIAN_POINT('',(-4.73889408791413,8.20000000000019,-1.32677587555382));
#8912=CARTESIAN_POINT('',(-4.76350547329664,8.2000000000002,-1.22750000000001));
#8913=CARTESIAN_POINT('',(-4.76350547329682,8.2,-1.2275));
#8914=CARTESIAN_POINT('',(-5.54,8.2,-1.42));
#8915=CARTESIAN_POINT('',(-5.54,4.,-1.42));
#8916=CARTESIAN_POINT('',(-6.34,4.,-1.42));
#8917=CARTESIAN_POINT('',(-5.54,8.0075,-1.2275));
#8918=CARTESIAN_POINT('',(-5.54,8.2,-1.2275));
#8919=CARTESIAN_POINT('',(-5.54,8.2,-1.42));
#8920=CARTESIAN_POINT('',(4.99,6.2,-1.42));
#8921=CARTESIAN_POINT('',(4.740001132655,6.2,-1.42));
#8922=CARTESIAN_POINT('',(4.740001132655,6.97,-1.42));
#8923=CARTESIAN_POINT('',(4.740001132655,8.0075,-1.42));
#8924=CARTESIAN_POINT('',(4.99,8.0075,-1.42));
#8925=CARTESIAN_POINT('',(4.99,8.0075,-1.42));
#8926=CARTESIAN_POINT('',(4.99,6.2,-1.42));
#8927=CARTESIAN_POINT('',(4.99,6.97,-1.42));
#8928=CARTESIAN_POINT('',(4.8650005663275,6.97,-1.42));
#8929=CARTESIAN_POINT('',(5.54,8.2,-1.42));
#8930=CARTESIAN_POINT('',(5.54,5.55,-1.42));
#8931=CARTESIAN_POINT('',(5.54,5.55,-0.869999999999998));
#8932=CARTESIAN_POINT('',(5.54,8.2,-1.42));
#8933=CARTESIAN_POINT('',(5.02478766513213,8.2,-1.2275));
#8934=CARTESIAN_POINT('',(6.05521233486787,8.2,-1.2275));
#8935=CARTESIAN_POINT('',(6.05521233486787,8.2,-1.2275));
#8936=CARTESIAN_POINT('',(6.0912469255197,8.2,-1.32394397706876));
#8937=CARTESIAN_POINT('',(6.09,8.11051030428553,-1.42));
#8938=CARTESIAN_POINT('',(6.09,8.0075,-1.42));
#8939=CARTESIAN_POINT('',(6.09,8.0075,-1.42));
#8940=CARTESIAN_POINT('',(6.09,6.2,-1.42));
#8941=CARTESIAN_POINT('',(6.09,6.97,-1.42));
#8942=CARTESIAN_POINT('',(6.09,6.97,-1.42));
#8943=CARTESIAN_POINT('',(6.09,6.86221724809924,-1.42));
#8944=CARTESIAN_POINT('',(6.09244388665161,6.65094446378179,-1.46424086858611));
#8945=CARTESIAN_POINT('',(6.05794001409203,6.3833262494336,-1.65833576827412));
#8946=CARTESIAN_POINT('',(5.86509917700761,6.24644839989424,-1.90282515927463));
#8947=CARTESIAN_POINT('',(5.5418314543179,6.22508554351903,-2.00299648142387));
#8948=CARTESIAN_POINT('',(5.21854073794535,6.24580026257727,-1.90517069569425));
#8949=CARTESIAN_POINT('',(5.02323747980155,6.38031615190728,-1.66168403911398));
#8950=CARTESIAN_POINT('',(4.9873900719131,6.64870471760217,-1.46469511034137));
#8951=CARTESIAN_POINT('',(4.99,6.8620156681642,-1.42));
#8952=CARTESIAN_POINT('',(4.99,6.97,-1.42));
#8953=CARTESIAN_POINT('',(4.99,8.0075,-1.42));
#8954=CARTESIAN_POINT('',(4.99,8.11051592707978,-1.42));
#8955=CARTESIAN_POINT('',(4.9887401552224,8.20000000000019,-1.32397855452809));
#8956=CARTESIAN_POINT('',(5.02478766513192,8.20000000000019,-1.22749999999999));
#8957=CARTESIAN_POINT('',(5.54,5.55,-1.42));
#8958=CARTESIAN_POINT('',(5.54,5.,-1.42));
#8959=CARTESIAN_POINT('',(5.54,8.0075,-1.2275));
#8960=CARTESIAN_POINT('',(4.76350547329682,8.2,-1.2275));
#8961=CARTESIAN_POINT('',(4.73889906751226,8.2,-1.32675578916127));
#8962=CARTESIAN_POINT('',(4.74,8.10978723818977,-1.41999999897263));
#8963=CARTESIAN_POINT('',(4.74,8.00750000193346,-1.42));
#8964=CARTESIAN_POINT('',(4.76350547329682,8.2,-1.2275));
#8965=CARTESIAN_POINT('',(5.54,8.2,-1.2275));
#8966=CARTESIAN_POINT('',(6.340001132655,6.97,-2.19));
#8967=CARTESIAN_POINT('',(5.7570264767971,6.2,-2.19));
#8968=CARTESIAN_POINT('',(5.87575826268613,6.2,-2.15653514133075));
#8969=CARTESIAN_POINT('',(6.09606606254061,6.2010834094939,-2.03607871815073));
#8970=CARTESIAN_POINT('',(6.36591903019487,6.355706618927,-1.62686375987469));
#8971=CARTESIAN_POINT('',(6.34,6.72299769472014,-1.41999999988751));
#8972=CARTESIAN_POINT('',(6.34,6.97000000035067,-1.42));
#8973=CARTESIAN_POINT('',(5.7570264767971,6.2,-2.19));
#8974=CARTESIAN_POINT('',(6.340001132655,6.97,-1.42));
#8975=CARTESIAN_POINT('',(5.540001132655,6.2,-2.19));
#8976=CARTESIAN_POINT('',(5.32297578851289,6.2,-2.19));
#8977=CARTESIAN_POINT('',(4.740001132655,6.97,-1.42));
#8978=CARTESIAN_POINT('',(4.740001132655,6.72313549552027,-1.42));
#8979=CARTESIAN_POINT('',(4.71334344065248,6.35873199734591,-1.62341771372866));
#8980=CARTESIAN_POINT('',(4.98221835231961,6.20088327734542,-2.0350543817709));
#8981=CARTESIAN_POINT('',(5.20409663441067,6.19999998739277,-2.15649427064011));
#8982=CARTESIAN_POINT('',(5.32297568380489,6.20000000000005,-2.19000028972725));
#8983=CARTESIAN_POINT('',(6.340001132655,6.97,-1.42));
#8984=CARTESIAN_POINT('',(6.340001132655,6.2,-1.42));
#8985=CARTESIAN_POINT('',(6.340001132655,8.0075,-1.42));
#8986=CARTESIAN_POINT('',(6.340001132655,8.0075,-1.42));
#8987=CARTESIAN_POINT('',(6.340001132655,6.2,-1.42));
#8988=CARTESIAN_POINT('',(5.540001132655,6.2,-1.42));
#8989=CARTESIAN_POINT('',(5.540001132655,6.2,-1.42));
#8990=CARTESIAN_POINT('',(5.54,8.2,-1.42));
#8991=CARTESIAN_POINT('',(6.340001132655,8.0075,-1.42));
#8992=CARTESIAN_POINT('',(6.340001132655,8.10979127251907,-1.42));
#8993=CARTESIAN_POINT('',(6.34110591208587,8.20000000000019,-1.32677587555382));
#8994=CARTESIAN_POINT('',(6.31649452670336,8.2000000000002,-1.22750000000001));
#8995=CARTESIAN_POINT('',(6.31649452670318,8.2,-1.2275));
#8996=CARTESIAN_POINT('',(5.54,8.2,-1.42));
#8997=CARTESIAN_POINT('',(5.54,4.,-1.42));
#8998=CARTESIAN_POINT('',(4.74,4.,-1.42));
#8999=CARTESIAN_POINT('',(5.54,8.0075,-1.2275));
#9000=CARTESIAN_POINT('',(5.54,8.2,-1.2275));
#9001=CARTESIAN_POINT('',(5.54,8.2,-1.42));
#9002=CARTESIAN_POINT('',(-3.32,6.2,-1.42));
#9003=CARTESIAN_POINT('',(-3.569998867345,6.2,-1.42));
#9004=CARTESIAN_POINT('',(-3.569998867345,6.97,-1.42));
#9005=CARTESIAN_POINT('',(-3.569998867345,8.0075,-1.42));
#9006=CARTESIAN_POINT('',(-3.32,8.0075,-1.42));
#9007=CARTESIAN_POINT('',(-3.32,8.0075,-1.42));
#9008=CARTESIAN_POINT('',(-3.32,6.2,-1.42));
#9009=CARTESIAN_POINT('',(-3.32,6.97,-1.42));
#9010=CARTESIAN_POINT('',(-3.4449994336725,6.97,-1.42));
#9011=CARTESIAN_POINT('',(-2.77,8.2,-1.42));
#9012=CARTESIAN_POINT('',(-2.77,5.55,-1.42));
#9013=CARTESIAN_POINT('',(-2.77,5.55,-0.870000000000001));
#9014=CARTESIAN_POINT('',(-2.77,8.2,-1.42));
#9015=CARTESIAN_POINT('',(-3.28521233486787,8.2,-1.2275));
#9016=CARTESIAN_POINT('',(-2.25478766513213,8.2,-1.2275));
#9017=CARTESIAN_POINT('',(-2.25478766513213,8.2,-1.2275));
#9018=CARTESIAN_POINT('',(-2.2187530744803,8.2,-1.32394397706876));
#9019=CARTESIAN_POINT('',(-2.22,8.11051030428553,-1.42));
#9020=CARTESIAN_POINT('',(-2.22,8.0075,-1.42));
#9021=CARTESIAN_POINT('',(-2.22,8.0075,-1.42));
#9022=CARTESIAN_POINT('',(-2.22,6.2,-1.42));
#9023=CARTESIAN_POINT('',(-2.22,6.97,-1.42));
#9024=CARTESIAN_POINT('',(-2.22,6.97,-1.42));
#9025=CARTESIAN_POINT('',(-2.22,6.86221724809924,-1.42));
#9026=CARTESIAN_POINT('',(-2.21755611334839,6.65094446378179,-1.46424086858612));
#9027=CARTESIAN_POINT('',(-2.25205998590797,6.3833262494336,-1.65833576827413));
#9028=CARTESIAN_POINT('',(-2.44490082299239,6.24644839989424,-1.90282515927463));
#9029=CARTESIAN_POINT('',(-2.7681685456821,6.22508554351903,-2.00299648142387));
#9030=CARTESIAN_POINT('',(-3.09145926205465,6.24580026257727,-1.90517069569426));
#9031=CARTESIAN_POINT('',(-3.28676252019844,6.38031615190728,-1.66168403911399));
#9032=CARTESIAN_POINT('',(-3.3226099280869,6.64870471760217,-1.46469511034137));
#9033=CARTESIAN_POINT('',(-3.32,6.8620156681642,-1.42));
#9034=CARTESIAN_POINT('',(-3.32,6.97,-1.42));
#9035=CARTESIAN_POINT('',(-3.32,8.0075,-1.42));
#9036=CARTESIAN_POINT('',(-3.32,8.11051592707978,-1.42));
#9037=CARTESIAN_POINT('',(-3.32125984477759,8.20000000000019,-1.32397855452809));
#9038=CARTESIAN_POINT('',(-3.28521233486808,8.20000000000019,-1.22749999999999));
#9039=CARTESIAN_POINT('',(-2.77,5.55,-1.42));
#9040=CARTESIAN_POINT('',(-2.77,5.,-1.42));
#9041=CARTESIAN_POINT('',(-2.77,8.0075,-1.2275));
#9042=CARTESIAN_POINT('',(-3.54649452670318,8.2,-1.2275));
#9043=CARTESIAN_POINT('',(-3.57110093248774,8.2,-1.32675578916127));
#9044=CARTESIAN_POINT('',(-3.57,8.10978723818977,-1.41999999897263));
#9045=CARTESIAN_POINT('',(-3.57,8.00750000193346,-1.42));
#9046=CARTESIAN_POINT('',(-3.54649452670318,8.2,-1.2275));
#9047=CARTESIAN_POINT('',(-2.77,8.2,-1.2275));
#9048=CARTESIAN_POINT('',(-1.969998867345,6.97,-2.19));
#9049=CARTESIAN_POINT('',(-2.5529735232029,6.2,-2.19));
#9050=CARTESIAN_POINT('',(-2.43424173731387,6.2,-2.15653514133075));
#9051=CARTESIAN_POINT('',(-2.21393393745939,6.2010834094939,-2.03607871815073));
#9052=CARTESIAN_POINT('',(-1.94408096980513,6.355706618927,-1.62686375987469));
#9053=CARTESIAN_POINT('',(-1.97,6.72299769472014,-1.41999999988751));
#9054=CARTESIAN_POINT('',(-1.97,6.97000000035067,-1.42));
#9055=CARTESIAN_POINT('',(-2.5529735232029,6.2,-2.19));
#9056=CARTESIAN_POINT('',(-1.969998867345,6.97,-1.42));
#9057=CARTESIAN_POINT('',(-2.769998867345,6.2,-2.19));
#9058=CARTESIAN_POINT('',(-2.98702421148711,6.2,-2.19));
#9059=CARTESIAN_POINT('',(-3.569998867345,6.97,-1.42));
#9060=CARTESIAN_POINT('',(-3.569998867345,6.72313549552027,-1.42));
#9061=CARTESIAN_POINT('',(-3.59665655934752,6.35873199734591,-1.62341771372867));
#9062=CARTESIAN_POINT('',(-3.3277816476804,6.20088327734542,-2.03505438177091));
#9063=CARTESIAN_POINT('',(-3.10590336558933,6.19999998739277,-2.15649427064011));
#9064=CARTESIAN_POINT('',(-2.98702431619511,6.20000000000005,-2.19000028972725));
#9065=CARTESIAN_POINT('',(-1.969998867345,6.97,-1.42));
#9066=CARTESIAN_POINT('',(-1.969998867345,6.2,-1.42));
#9067=CARTESIAN_POINT('',(-1.969998867345,8.0075,-1.42));
#9068=CARTESIAN_POINT('',(-1.969998867345,8.0075,-1.42));
#9069=CARTESIAN_POINT('',(-1.969998867345,6.2,-1.42));
#9070=CARTESIAN_POINT('',(-2.769998867345,6.2,-1.42));
#9071=CARTESIAN_POINT('',(-2.769998867345,6.2,-1.42));
#9072=CARTESIAN_POINT('',(-2.77,8.2,-1.42));
#9073=CARTESIAN_POINT('',(-1.969998867345,8.0075,-1.42));
#9074=CARTESIAN_POINT('',(-1.969998867345,8.10979127251907,-1.42));
#9075=CARTESIAN_POINT('',(-1.96889408791413,8.2000000000002,-1.32677587555382));
#9076=CARTESIAN_POINT('',(-1.99350547329664,8.2000000000002,-1.22750000000002));
#9077=CARTESIAN_POINT('',(-1.99350547329682,8.2,-1.2275));
#9078=CARTESIAN_POINT('',(-2.77,8.2,-1.42));
#9079=CARTESIAN_POINT('',(-2.77,4.,-1.42));
#9080=CARTESIAN_POINT('',(-3.57,4.,-1.42));
#9081=CARTESIAN_POINT('',(-2.77,8.0075,-1.2275));
#9082=CARTESIAN_POINT('',(-2.77,8.2,-1.2275));
#9083=CARTESIAN_POINT('',(-2.77,8.2,-1.42));
#9084=CARTESIAN_POINT('',(2.22,6.2,-1.42));
#9085=CARTESIAN_POINT('',(1.970001132655,6.2,-1.42));
#9086=CARTESIAN_POINT('',(1.970001132655,6.97,-1.42));
#9087=CARTESIAN_POINT('',(1.970001132655,8.0075,-1.42));
#9088=CARTESIAN_POINT('',(2.22,8.0075,-1.42));
#9089=CARTESIAN_POINT('',(2.22,8.0075,-1.42));
#9090=CARTESIAN_POINT('',(2.22,6.2,-1.42));
#9091=CARTESIAN_POINT('',(2.22,6.97,-1.42));
#9092=CARTESIAN_POINT('',(2.0950005663275,6.97,-1.42));
#9093=CARTESIAN_POINT('',(2.77,8.2,-1.42));
#9094=CARTESIAN_POINT('',(2.77,5.55,-1.42));
#9095=CARTESIAN_POINT('',(2.77,5.55,-0.870000000000001));
#9096=CARTESIAN_POINT('',(2.77,8.2,-1.42));
#9097=CARTESIAN_POINT('',(2.25478766513213,8.2,-1.2275));
#9098=CARTESIAN_POINT('',(3.28521233486787,8.2,-1.2275));
#9099=CARTESIAN_POINT('',(3.28521233486787,8.2,-1.2275));
#9100=CARTESIAN_POINT('',(3.3212469255197,8.2,-1.32394397706876));
#9101=CARTESIAN_POINT('',(3.32,8.11051030428553,-1.42));
#9102=CARTESIAN_POINT('',(3.32,8.0075,-1.42));
#9103=CARTESIAN_POINT('',(3.32,8.0075,-1.42));
#9104=CARTESIAN_POINT('',(3.32,6.2,-1.42));
#9105=CARTESIAN_POINT('',(3.32,6.97,-1.42));
#9106=CARTESIAN_POINT('',(3.32,6.97,-1.42));
#9107=CARTESIAN_POINT('',(3.32,6.86221724809924,-1.42));
#9108=CARTESIAN_POINT('',(3.32244388665161,6.65094446378179,-1.46424086858612));
#9109=CARTESIAN_POINT('',(3.28794001409203,6.3833262494336,-1.65833576827413));
#9110=CARTESIAN_POINT('',(3.09509917700761,6.24644839989424,-1.90282515927463));
#9111=CARTESIAN_POINT('',(2.7718314543179,6.22508554351903,-2.00299648142387));
#9112=CARTESIAN_POINT('',(2.44854073794535,6.24580026257727,-1.90517069569426));
#9113=CARTESIAN_POINT('',(2.25323747980156,6.38031615190728,-1.66168403911399));
#9114=CARTESIAN_POINT('',(2.2173900719131,6.64870471760217,-1.46469511034137));
#9115=CARTESIAN_POINT('',(2.22,6.8620156681642,-1.42));
#9116=CARTESIAN_POINT('',(2.22,6.97,-1.42));
#9117=CARTESIAN_POINT('',(2.22,8.0075,-1.42));
#9118=CARTESIAN_POINT('',(2.22,8.11051592707978,-1.42));
#9119=CARTESIAN_POINT('',(2.2187401552224,8.20000000000019,-1.32397855452809));
#9120=CARTESIAN_POINT('',(2.25478766513192,8.20000000000019,-1.22749999999999));
#9121=CARTESIAN_POINT('',(2.77,5.55,-1.42));
#9122=CARTESIAN_POINT('',(2.77,5.,-1.42));
#9123=CARTESIAN_POINT('',(2.77,8.0075,-1.2275));
#9124=CARTESIAN_POINT('',(1.99350547329682,8.2,-1.2275));
#9125=CARTESIAN_POINT('',(1.96889906751226,8.2,-1.32675578916127));
#9126=CARTESIAN_POINT('',(1.97,8.10978723818977,-1.41999999897263));
#9127=CARTESIAN_POINT('',(1.97,8.00750000193346,-1.42));
#9128=CARTESIAN_POINT('',(1.99350547329682,8.2,-1.2275));
#9129=CARTESIAN_POINT('',(2.77,8.2,-1.2275));
#9130=CARTESIAN_POINT('',(3.570001132655,6.97,-2.19));
#9131=CARTESIAN_POINT('',(2.9870264767971,6.2,-2.19));
#9132=CARTESIAN_POINT('',(3.10575826268613,6.2,-2.15653514133075));
#9133=CARTESIAN_POINT('',(3.32606606254061,6.2010834094939,-2.03607871815073));
#9134=CARTESIAN_POINT('',(3.59591903019487,6.355706618927,-1.62686375987469));
#9135=CARTESIAN_POINT('',(3.57,6.72299769472014,-1.41999999988751));
#9136=CARTESIAN_POINT('',(3.57,6.97000000035067,-1.42));
#9137=CARTESIAN_POINT('',(2.9870264767971,6.2,-2.19));
#9138=CARTESIAN_POINT('',(3.570001132655,6.97,-1.42));
#9139=CARTESIAN_POINT('',(2.770001132655,6.2,-2.19));
#9140=CARTESIAN_POINT('',(2.55297578851289,6.2,-2.19));
#9141=CARTESIAN_POINT('',(1.970001132655,6.97,-1.42));
#9142=CARTESIAN_POINT('',(1.970001132655,6.72313549552027,-1.42));
#9143=CARTESIAN_POINT('',(1.94334344065249,6.35873199734591,-1.62341771372867));
#9144=CARTESIAN_POINT('',(2.2122183523196,6.20088327734542,-2.03505438177091));
#9145=CARTESIAN_POINT('',(2.43409663441068,6.19999998739277,-2.15649427064011));
#9146=CARTESIAN_POINT('',(2.55297568380489,6.20000000000005,-2.19000028972725));
#9147=CARTESIAN_POINT('',(3.570001132655,6.97,-1.42));
#9148=CARTESIAN_POINT('',(3.570001132655,6.2,-1.42));
#9149=CARTESIAN_POINT('',(3.570001132655,8.0075,-1.42));
#9150=CARTESIAN_POINT('',(3.570001132655,8.0075,-1.42));
#9151=CARTESIAN_POINT('',(3.570001132655,6.2,-1.42));
#9152=CARTESIAN_POINT('',(2.770001132655,6.2,-1.42));
#9153=CARTESIAN_POINT('',(2.770001132655,6.2,-1.42));
#9154=CARTESIAN_POINT('',(2.77,8.2,-1.42));
#9155=CARTESIAN_POINT('',(3.570001132655,8.0075,-1.42));
#9156=CARTESIAN_POINT('',(3.570001132655,8.10979127251907,-1.42));
#9157=CARTESIAN_POINT('',(3.57110591208587,8.2000000000002,-1.32677587555382));
#9158=CARTESIAN_POINT('',(3.54649452670336,8.2000000000002,-1.22750000000002));
#9159=CARTESIAN_POINT('',(3.54649452670318,8.2,-1.2275));
#9160=CARTESIAN_POINT('',(2.77,8.2,-1.42));
#9161=CARTESIAN_POINT('',(2.77,4.,-1.42));
#9162=CARTESIAN_POINT('',(1.97,4.,-1.42));
#9163=CARTESIAN_POINT('',(2.77,8.0075,-1.2275));
#9164=CARTESIAN_POINT('',(2.77,8.2,-1.2275));
#9165=CARTESIAN_POINT('',(2.77,8.2,-1.42));
#9166=CARTESIAN_POINT('',(-10.245,8.0075,1.2275));
#9167=CARTESIAN_POINT('',(-10.2102123348679,8.2,1.2275));
#9168=CARTESIAN_POINT('',(-10.2462469255197,8.2,1.32394397706876));
#9169=CARTESIAN_POINT('',(-10.245,8.11051030428553,1.42));
#9170=CARTESIAN_POINT('',(-10.245,8.0075,1.42));
#9171=CARTESIAN_POINT('',(-10.2102123348679,8.2,1.2275));
#9172=CARTESIAN_POINT('',(-10.245,8.0075,1.42));
#9173=CARTESIAN_POINT('',(-10.245,8.2,1.2275));
#9174=CARTESIAN_POINT('',(-10.4714945267032,8.2,1.2275));
#9175=CARTESIAN_POINT('',(-10.4949998862385,8.0075,1.42));
#9176=CARTESIAN_POINT('',(-10.4949998862385,8.10979126405084,1.42));
#9177=CARTESIAN_POINT('',(-10.4961059121962,8.2000000000002,1.32677587599875));
#9178=CARTESIAN_POINT('',(-10.4714945267034,8.2000000000002,1.22750000000001));
#9179=CARTESIAN_POINT('',(-10.4949998862385,8.0075,1.42));
#9180=CARTESIAN_POINT('',(-10.4949998862385,8.0075,1.42));
#9181=CARTESIAN_POINT('',(-9.695,8.2,1.42));
#9182=CARTESIAN_POINT('',(-9.695,8.2,1.42));
#9183=CARTESIAN_POINT('',(-8.91850547329682,8.2,1.2275));
#9184=CARTESIAN_POINT('',(-9.695,8.2,1.42));
#9185=CARTESIAN_POINT('',(-9.17978766513213,8.2,1.2275));
#9186=CARTESIAN_POINT('',(-8.89499988623849,8.2,1.2275));
#9187=CARTESIAN_POINT('',(-9.695,6.97,2.19));
#9188=CARTESIAN_POINT('',(-8.89499988623849,6.97,1.42));
#9189=CARTESIAN_POINT('',(-8.89499988623849,6.72313567094624,1.42));
#9190=CARTESIAN_POINT('',(-8.86834375666952,6.35873247466451,1.62341730352401));
#9191=CARTESIAN_POINT('',(-9.13721766168629,6.20088339297167,2.03505372805369));
#9192=CARTESIAN_POINT('',(-9.35909564702894,6.20000000126626,2.15649380382982));
#9193=CARTESIAN_POINT('',(-9.47797455261305,6.2,2.18999997090032));
#9194=CARTESIAN_POINT('',(-8.89499988623849,6.97,1.42));
#9195=CARTESIAN_POINT('',(-9.47797454209638,6.2,2.19));
#9196=CARTESIAN_POINT('',(-8.89499988623849,6.97,1.42));
#9197=CARTESIAN_POINT('',(-9.145,6.97,1.42));
#9198=CARTESIAN_POINT('',(-10.245,6.97,1.42));
#9199=CARTESIAN_POINT('',(-10.245,6.86221724809924,1.42));
#9200=CARTESIAN_POINT('',(-10.2474438866516,6.65094446378179,1.46424086858611));
#9201=CARTESIAN_POINT('',(-10.212940014092,6.3833262494336,1.65833576827412));
#9202=CARTESIAN_POINT('',(-10.0200991770076,6.24644839989424,1.90282515927463));
#9203=CARTESIAN_POINT('',(-9.6968314543179,6.22508554351903,2.00299648142387));
#9204=CARTESIAN_POINT('',(-9.37354073794535,6.24580026257727,1.90517069569425));
#9205=CARTESIAN_POINT('',(-9.17823747980156,6.38031615190728,1.66168403911398));
#9206=CARTESIAN_POINT('',(-9.1423900719131,6.64870471760217,1.46469511034137));
#9207=CARTESIAN_POINT('',(-9.145,6.8620156681642,1.42));
#9208=CARTESIAN_POINT('',(-9.145,6.97,1.42));
#9209=CARTESIAN_POINT('',(-10.245,6.97,1.42));
#9210=CARTESIAN_POINT('',(-10.3699999431192,6.97,1.42));
#9211=CARTESIAN_POINT('',(-10.4949998862385,6.97,1.42));
#9212=CARTESIAN_POINT('',(-9.91202523038059,6.2,2.19));
#9213=CARTESIAN_POINT('',(-10.0307571127144,6.2,2.15653530634154));
#9214=CARTESIAN_POINT('',(-10.2510654606361,6.20108328382318,2.03607953832787));
#9215=CARTESIAN_POINT('',(-10.5209190259886,6.35570613316527,1.62686410397934));
#9216=CARTESIAN_POINT('',(-10.495,6.72299749211114,1.4200000000113));
#9217=CARTESIAN_POINT('',(-10.495,6.96999999996478,1.42));
#9218=CARTESIAN_POINT('',(-9.91202523038059,6.2,2.19));
#9219=CARTESIAN_POINT('',(-9.145,6.2,2.19));
#9220=CARTESIAN_POINT('',(-9.695,8.2,1.42));
#9221=CARTESIAN_POINT('',(-9.695,5.55,1.42));
#9222=CARTESIAN_POINT('',(-9.695,5.55,1.97));
#9223=CARTESIAN_POINT('',(-10.245,6.2,1.42));
#9224=CARTESIAN_POINT('',(-9.145,6.2,1.42));
#9225=CARTESIAN_POINT('',(-9.145,8.0075,1.42));
#9226=CARTESIAN_POINT('',(-9.145,8.0075,1.42));
#9227=CARTESIAN_POINT('',(-9.145,8.11051592707978,1.42));
#9228=CARTESIAN_POINT('',(-9.1437401552224,8.20000000000019,1.32397855452809));
#9229=CARTESIAN_POINT('',(-9.17978766513192,8.20000000000019,1.22749999999999));
#9230=CARTESIAN_POINT('',(-9.695,6.2,1.42));
#9231=CARTESIAN_POINT('',(-9.69499988623849,6.2,1.42));
#9232=CARTESIAN_POINT('',(-9.695,8.2,1.42));
#9233=CARTESIAN_POINT('',(-10.4949998862385,6.2,1.42));
#9234=CARTESIAN_POINT('',(-8.91850547329682,8.2,1.2275));
#9235=CARTESIAN_POINT('',(-8.89389906746774,8.2,1.32675578934088));
#9236=CARTESIAN_POINT('',(-8.895,8.1097872362472,1.42000000010318));
#9237=CARTESIAN_POINT('',(-8.895,8.00749999980581,1.42));
#9238=CARTESIAN_POINT('',(-8.89499988623849,8.0075,1.42));
#9239=CARTESIAN_POINT('',(-8.89499988623849,6.2,1.42));
#9240=CARTESIAN_POINT('',(-9.695,4.,1.42));
#9241=CARTESIAN_POINT('',(-10.495,4.,1.42));
#9242=CARTESIAN_POINT('',(-8.89499988623849,8.0075,1.2275));
#9243=CARTESIAN_POINT('',(-9.145,8.0075,1.42));
#9244=CARTESIAN_POINT('',(-9.695,5.55,1.42));
#9245=CARTESIAN_POINT('',(-9.695,5.,1.42));
#9246=CARTESIAN_POINT('',(-8.89499988623849,6.2,1.42));
#9247=CARTESIAN_POINT('',(-10.245,6.2,1.42));
#9248=CARTESIAN_POINT('',(-7.475,8.0075,1.2275));
#9249=CARTESIAN_POINT('',(-7.44021233486787,8.2,1.2275));
#9250=CARTESIAN_POINT('',(-7.4762469255197,8.2,1.32394397706876));
#9251=CARTESIAN_POINT('',(-7.475,8.11051030428553,1.42));
#9252=CARTESIAN_POINT('',(-7.475,8.0075,1.42));
#9253=CARTESIAN_POINT('',(-7.44021233486787,8.2,1.2275));
#9254=CARTESIAN_POINT('',(-7.475,8.0075,1.42));
#9255=CARTESIAN_POINT('',(-7.475,8.2,1.2275));
#9256=CARTESIAN_POINT('',(-7.70149452670318,8.2,1.2275));
#9257=CARTESIAN_POINT('',(-7.72499988623849,8.0075,1.42));
#9258=CARTESIAN_POINT('',(-7.72499988623849,8.10979126405084,1.42));
#9259=CARTESIAN_POINT('',(-7.72610591219618,8.2000000000002,1.32677587599875));
#9260=CARTESIAN_POINT('',(-7.70149452670336,8.2000000000002,1.22750000000001));
#9261=CARTESIAN_POINT('',(-7.72499988623849,8.0075,1.42));
#9262=CARTESIAN_POINT('',(-7.72499988623849,8.0075,1.42));
#9263=CARTESIAN_POINT('',(-6.925,8.2,1.42));
#9264=CARTESIAN_POINT('',(-6.925,8.2,1.42));
#9265=CARTESIAN_POINT('',(-6.14850547329682,8.2,1.2275));
#9266=CARTESIAN_POINT('',(-6.925,8.2,1.42));
#9267=CARTESIAN_POINT('',(-6.40978766513213,8.2,1.2275));
#9268=CARTESIAN_POINT('',(-6.12499988623849,8.2,1.2275));
#9269=CARTESIAN_POINT('',(-6.925,6.97,2.19));
#9270=CARTESIAN_POINT('',(-6.12499988623849,6.97,1.42));
#9271=CARTESIAN_POINT('',(-6.12499988623849,6.72313567094624,1.42));
#9272=CARTESIAN_POINT('',(-6.09834375666952,6.35873247466451,1.62341730352401));
#9273=CARTESIAN_POINT('',(-6.36721766168629,6.20088339297167,2.03505372805369));
#9274=CARTESIAN_POINT('',(-6.58909564702894,6.20000000126626,2.15649380382982));
#9275=CARTESIAN_POINT('',(-6.70797455261305,6.2,2.18999997090032));
#9276=CARTESIAN_POINT('',(-6.12499988623849,6.97,1.42));
#9277=CARTESIAN_POINT('',(-6.70797454209638,6.2,2.19));
#9278=CARTESIAN_POINT('',(-6.12499988623849,6.97,1.42));
#9279=CARTESIAN_POINT('',(-6.375,6.97,1.42));
#9280=CARTESIAN_POINT('',(-7.475,6.97,1.42));
#9281=CARTESIAN_POINT('',(-7.475,6.86221724809924,1.42));
#9282=CARTESIAN_POINT('',(-7.4774438866516,6.65094446378179,1.46424086858611));
#9283=CARTESIAN_POINT('',(-7.44294001409203,6.3833262494336,1.65833576827412));
#9284=CARTESIAN_POINT('',(-7.25009917700761,6.24644839989424,1.90282515927463));
#9285=CARTESIAN_POINT('',(-6.9268314543179,6.22508554351903,2.00299648142387));
#9286=CARTESIAN_POINT('',(-6.60354073794535,6.24580026257727,1.90517069569425));
#9287=CARTESIAN_POINT('',(-6.40823747980156,6.38031615190728,1.66168403911398));
#9288=CARTESIAN_POINT('',(-6.3723900719131,6.64870471760217,1.46469511034137));
#9289=CARTESIAN_POINT('',(-6.375,6.8620156681642,1.42));
#9290=CARTESIAN_POINT('',(-6.375,6.97,1.42));
#9291=CARTESIAN_POINT('',(-7.475,6.97,1.42));
#9292=CARTESIAN_POINT('',(-7.59999994311924,6.97,1.42));
#9293=CARTESIAN_POINT('',(-7.72499988623849,6.97,1.42));
#9294=CARTESIAN_POINT('',(-7.14202523038059,6.2,2.19));
#9295=CARTESIAN_POINT('',(-7.2607571127144,6.2,2.15653530634154));
#9296=CARTESIAN_POINT('',(-7.48106546063606,6.20108328382318,2.03607953832787));
#9297=CARTESIAN_POINT('',(-7.75091902598857,6.35570613316527,1.62686410397934));
#9298=CARTESIAN_POINT('',(-7.725,6.72299749211114,1.4200000000113));
#9299=CARTESIAN_POINT('',(-7.725,6.96999999996478,1.42));
#9300=CARTESIAN_POINT('',(-7.14202523038059,6.2,2.19));
#9301=CARTESIAN_POINT('',(-6.375,6.2,2.19));
#9302=CARTESIAN_POINT('',(-6.925,8.2,1.42));
#9303=CARTESIAN_POINT('',(-6.925,5.55,1.42));
#9304=CARTESIAN_POINT('',(-6.925,5.55,1.97));
#9305=CARTESIAN_POINT('',(-7.475,6.2,1.42));
#9306=CARTESIAN_POINT('',(-6.375,6.2,1.42));
#9307=CARTESIAN_POINT('',(-6.375,8.0075,1.42));
#9308=CARTESIAN_POINT('',(-6.375,8.0075,1.42));
#9309=CARTESIAN_POINT('',(-6.375,8.11051592707978,1.42));
#9310=CARTESIAN_POINT('',(-6.3737401552224,8.20000000000019,1.32397855452809));
#9311=CARTESIAN_POINT('',(-6.40978766513192,8.20000000000019,1.22749999999999));
#9312=CARTESIAN_POINT('',(-6.925,6.2,1.42));
#9313=CARTESIAN_POINT('',(-6.92499988623849,6.2,1.42));
#9314=CARTESIAN_POINT('',(-6.925,8.2,1.42));
#9315=CARTESIAN_POINT('',(-7.72499988623849,6.2,1.42));
#9316=CARTESIAN_POINT('',(-6.14850547329682,8.2,1.2275));
#9317=CARTESIAN_POINT('',(-6.12389906746774,8.2,1.32675578934088));
#9318=CARTESIAN_POINT('',(-6.125,8.1097872362472,1.42000000010318));
#9319=CARTESIAN_POINT('',(-6.125,8.00749999980581,1.42));
#9320=CARTESIAN_POINT('',(-6.12499988623849,8.0075,1.42));
#9321=CARTESIAN_POINT('',(-6.12499988623849,6.2,1.42));
#9322=CARTESIAN_POINT('',(-6.925,4.,1.42));
#9323=CARTESIAN_POINT('',(-7.725,4.,1.42));
#9324=CARTESIAN_POINT('',(-6.12499988623849,8.0075,1.2275));
#9325=CARTESIAN_POINT('',(-6.375,8.0075,1.42));
#9326=CARTESIAN_POINT('',(-6.925,5.55,1.42));
#9327=CARTESIAN_POINT('',(-6.925,5.,1.42));
#9328=CARTESIAN_POINT('',(-6.12499988623849,6.2,1.42));
#9329=CARTESIAN_POINT('',(-7.475,6.2,1.42));
#9330=CARTESIAN_POINT('',(9.145,8.0075,1.2275));
#9331=CARTESIAN_POINT('',(9.17978766513213,8.2,1.2275));
#9332=CARTESIAN_POINT('',(9.1437530744803,8.2,1.32394397706876));
#9333=CARTESIAN_POINT('',(9.145,8.11051030428553,1.42));
#9334=CARTESIAN_POINT('',(9.145,8.0075,1.42));
#9335=CARTESIAN_POINT('',(9.17978766513213,8.2,1.2275));
#9336=CARTESIAN_POINT('',(9.145,8.0075,1.42));
#9337=CARTESIAN_POINT('',(9.145,8.2,1.2275));
#9338=CARTESIAN_POINT('',(8.91850547329682,8.2,1.2275));
#9339=CARTESIAN_POINT('',(8.89500011376151,8.0075,1.42));
#9340=CARTESIAN_POINT('',(8.89500011376151,8.10979126405084,1.42));
#9341=CARTESIAN_POINT('',(8.89389408780382,8.2000000000002,1.32677587599875));
#9342=CARTESIAN_POINT('',(8.91850547329664,8.2000000000002,1.22750000000001));
#9343=CARTESIAN_POINT('',(8.89500011376151,8.0075,1.42));
#9344=CARTESIAN_POINT('',(8.89500011376151,8.0075,1.42));
#9345=CARTESIAN_POINT('',(9.695,8.2,1.42));
#9346=CARTESIAN_POINT('',(9.695,8.2,1.42));
#9347=CARTESIAN_POINT('',(10.4714945267032,8.2,1.2275));
#9348=CARTESIAN_POINT('',(9.695,8.2,1.42));
#9349=CARTESIAN_POINT('',(10.2102123348679,8.2,1.2275));
#9350=CARTESIAN_POINT('',(10.4950001137615,8.2,1.2275));
#9351=CARTESIAN_POINT('',(9.695,6.97,2.19));
#9352=CARTESIAN_POINT('',(10.4950001137615,6.97,1.42));
#9353=CARTESIAN_POINT('',(10.4950001137615,6.72313567094624,1.42));
#9354=CARTESIAN_POINT('',(10.5216562433305,6.35873247466451,1.62341730352401));
#9355=CARTESIAN_POINT('',(10.2527823383137,6.20088339297167,2.03505372805369));
#9356=CARTESIAN_POINT('',(10.0309043529711,6.20000000126626,2.15649380382982));
#9357=CARTESIAN_POINT('',(9.91202544738695,6.2,2.18999997090032));
#9358=CARTESIAN_POINT('',(10.4950001137615,6.97,1.42));
#9359=CARTESIAN_POINT('',(9.91202545790362,6.2,2.19));
#9360=CARTESIAN_POINT('',(10.4950001137615,6.97,1.42));
#9361=CARTESIAN_POINT('',(10.245,6.97,1.42));
#9362=CARTESIAN_POINT('',(9.145,6.97,1.42));
#9363=CARTESIAN_POINT('',(9.145,6.86221724809924,1.42));
#9364=CARTESIAN_POINT('',(9.14255611334839,6.65094446378179,1.46424086858611));
#9365=CARTESIAN_POINT('',(9.17705998590797,6.3833262494336,1.65833576827412));
#9366=CARTESIAN_POINT('',(9.36990082299239,6.24644839989424,1.90282515927463));
#9367=CARTESIAN_POINT('',(9.6931685456821,6.22508554351903,2.00299648142387));
#9368=CARTESIAN_POINT('',(10.0164592620547,6.24580026257727,1.90517069569425));
#9369=CARTESIAN_POINT('',(10.2117625201984,6.38031615190728,1.66168403911398));
#9370=CARTESIAN_POINT('',(10.2476099280869,6.64870471760217,1.46469511034137));
#9371=CARTESIAN_POINT('',(10.245,6.8620156681642,1.42));
#9372=CARTESIAN_POINT('',(10.245,6.97,1.42));
#9373=CARTESIAN_POINT('',(9.145,6.97,1.42));
#9374=CARTESIAN_POINT('',(9.02000005688076,6.97,1.42));
#9375=CARTESIAN_POINT('',(8.89500011376151,6.97,1.42));
#9376=CARTESIAN_POINT('',(9.47797476961941,6.2,2.19));
#9377=CARTESIAN_POINT('',(9.3592428872856,6.2,2.15653530634154));
#9378=CARTESIAN_POINT('',(9.13893453936394,6.20108328382318,2.03607953832787));
#9379=CARTESIAN_POINT('',(8.86908097401143,6.35570613316527,1.62686410397934));
#9380=CARTESIAN_POINT('',(8.895,6.72299749211114,1.4200000000113));
#9381=CARTESIAN_POINT('',(8.895,6.96999999996478,1.42));
#9382=CARTESIAN_POINT('',(9.47797476961941,6.2,2.19));
#9383=CARTESIAN_POINT('',(10.245,6.2,2.19));
#9384=CARTESIAN_POINT('',(9.695,8.2,1.42));
#9385=CARTESIAN_POINT('',(9.695,5.55,1.42));
#9386=CARTESIAN_POINT('',(9.695,5.55,1.97));
#9387=CARTESIAN_POINT('',(9.145,6.2,1.42));
#9388=CARTESIAN_POINT('',(10.245,6.2,1.42));
#9389=CARTESIAN_POINT('',(10.245,8.0075,1.42));
#9390=CARTESIAN_POINT('',(10.245,8.0075,1.42));
#9391=CARTESIAN_POINT('',(10.245,8.11051592707978,1.42));
#9392=CARTESIAN_POINT('',(10.2462598447776,8.20000000000019,1.32397855452809));
#9393=CARTESIAN_POINT('',(10.2102123348681,8.20000000000019,1.22749999999999));
#9394=CARTESIAN_POINT('',(9.695,6.2,1.42));
#9395=CARTESIAN_POINT('',(9.69500011376151,6.2,1.42));
#9396=CARTESIAN_POINT('',(9.695,8.2,1.42));
#9397=CARTESIAN_POINT('',(8.89500011376151,6.2,1.42));
#9398=CARTESIAN_POINT('',(10.4714945267032,8.2,1.2275));
#9399=CARTESIAN_POINT('',(10.4961009325323,8.2,1.32675578934088));
#9400=CARTESIAN_POINT('',(10.495,8.1097872362472,1.42000000010318));
#9401=CARTESIAN_POINT('',(10.495,8.00749999980581,1.42));
#9402=CARTESIAN_POINT('',(10.4950001137615,8.0075,1.42));
#9403=CARTESIAN_POINT('',(10.4950001137615,6.2,1.42));
#9404=CARTESIAN_POINT('',(9.695,4.,1.42));
#9405=CARTESIAN_POINT('',(8.895,4.,1.42));
#9406=CARTESIAN_POINT('',(10.4950001137615,8.0075,1.2275));
#9407=CARTESIAN_POINT('',(10.245,8.0075,1.42));
#9408=CARTESIAN_POINT('',(9.695,5.55,1.42));
#9409=CARTESIAN_POINT('',(9.695,5.,1.42));
#9410=CARTESIAN_POINT('',(10.4950001137615,6.2,1.42));
#9411=CARTESIAN_POINT('',(9.145,6.2,1.42));
#9412=CARTESIAN_POINT('',(-4.705,8.0075,1.2275));
#9413=CARTESIAN_POINT('',(-4.67021233486787,8.2,1.2275));
#9414=CARTESIAN_POINT('',(-4.7062469255197,8.2,1.32394397706876));
#9415=CARTESIAN_POINT('',(-4.705,8.11051030428553,1.42));
#9416=CARTESIAN_POINT('',(-4.705,8.0075,1.42));
#9417=CARTESIAN_POINT('',(-4.67021233486787,8.2,1.2275));
#9418=CARTESIAN_POINT('',(-4.705,8.0075,1.42));
#9419=CARTESIAN_POINT('',(-4.705,8.2,1.2275));
#9420=CARTESIAN_POINT('',(-4.93149452670318,8.2,1.2275));
#9421=CARTESIAN_POINT('',(-4.95499988623849,8.0075,1.42));
#9422=CARTESIAN_POINT('',(-4.95499988623849,8.10979126405084,1.42));
#9423=CARTESIAN_POINT('',(-4.95610591219618,8.2000000000002,1.32677587599875));
#9424=CARTESIAN_POINT('',(-4.93149452670336,8.2000000000002,1.22750000000001));
#9425=CARTESIAN_POINT('',(-4.95499988623849,8.0075,1.42));
#9426=CARTESIAN_POINT('',(-4.95499988623849,8.0075,1.42));
#9427=CARTESIAN_POINT('',(-4.155,8.2,1.42));
#9428=CARTESIAN_POINT('',(-4.155,8.2,1.42));
#9429=CARTESIAN_POINT('',(-3.37850547329682,8.2,1.2275));
#9430=CARTESIAN_POINT('',(-4.155,8.2,1.42));
#9431=CARTESIAN_POINT('',(-3.63978766513213,8.2,1.2275));
#9432=CARTESIAN_POINT('',(-3.35499988623849,8.2,1.2275));
#9433=CARTESIAN_POINT('',(-4.155,6.97,2.19));
#9434=CARTESIAN_POINT('',(-3.35499988623849,6.97,1.42));
#9435=CARTESIAN_POINT('',(-3.35499988623849,6.72313567094624,1.42));
#9436=CARTESIAN_POINT('',(-3.32834375666952,6.35873247466451,1.62341730352401));
#9437=CARTESIAN_POINT('',(-3.59721766168629,6.20088339297167,2.03505372805369));
#9438=CARTESIAN_POINT('',(-3.81909564702894,6.20000000126626,2.15649380382982));
#9439=CARTESIAN_POINT('',(-3.93797455261305,6.2,2.18999997090032));
#9440=CARTESIAN_POINT('',(-3.35499988623849,6.97,1.42));
#9441=CARTESIAN_POINT('',(-3.93797454209638,6.2,2.19));
#9442=CARTESIAN_POINT('',(-3.35499988623849,6.97,1.42));
#9443=CARTESIAN_POINT('',(-3.605,6.97,1.42));
#9444=CARTESIAN_POINT('',(-4.705,6.97,1.42));
#9445=CARTESIAN_POINT('',(-4.705,6.86221724809924,1.42));
#9446=CARTESIAN_POINT('',(-4.70744388665161,6.65094446378179,1.46424086858611));
#9447=CARTESIAN_POINT('',(-4.67294001409203,6.3833262494336,1.65833576827412));
#9448=CARTESIAN_POINT('',(-4.48009917700761,6.24644839989424,1.90282515927463));
#9449=CARTESIAN_POINT('',(-4.1568314543179,6.22508554351903,2.00299648142387));
#9450=CARTESIAN_POINT('',(-3.83354073794535,6.24580026257727,1.90517069569425));
#9451=CARTESIAN_POINT('',(-3.63823747980156,6.38031615190728,1.66168403911398));
#9452=CARTESIAN_POINT('',(-3.6023900719131,6.64870471760217,1.46469511034137));
#9453=CARTESIAN_POINT('',(-3.605,6.8620156681642,1.42));
#9454=CARTESIAN_POINT('',(-3.605,6.97,1.42));
#9455=CARTESIAN_POINT('',(-4.705,6.97,1.42));
#9456=CARTESIAN_POINT('',(-4.82999994311924,6.97,1.42));
#9457=CARTESIAN_POINT('',(-4.95499988623849,6.97,1.42));
#9458=CARTESIAN_POINT('',(-4.37202523038059,6.2,2.19));
#9459=CARTESIAN_POINT('',(-4.4907571127144,6.2,2.15653530634154));
#9460=CARTESIAN_POINT('',(-4.71106546063606,6.20108328382318,2.03607953832787));
#9461=CARTESIAN_POINT('',(-4.98091902598857,6.35570613316527,1.62686410397934));
#9462=CARTESIAN_POINT('',(-4.955,6.72299749211114,1.4200000000113));
#9463=CARTESIAN_POINT('',(-4.955,6.96999999996478,1.42));
#9464=CARTESIAN_POINT('',(-4.37202523038059,6.2,2.19));
#9465=CARTESIAN_POINT('',(-3.605,6.2,2.19));
#9466=CARTESIAN_POINT('',(-4.155,8.2,1.42));
#9467=CARTESIAN_POINT('',(-4.155,5.55,1.42));
#9468=CARTESIAN_POINT('',(-4.155,5.55,1.97));
#9469=CARTESIAN_POINT('',(-4.705,6.2,1.42));
#9470=CARTESIAN_POINT('',(-3.605,6.2,1.42));
#9471=CARTESIAN_POINT('',(-3.605,8.0075,1.42));
#9472=CARTESIAN_POINT('',(-3.605,8.0075,1.42));
#9473=CARTESIAN_POINT('',(-3.605,8.11051592707978,1.42));
#9474=CARTESIAN_POINT('',(-3.6037401552224,8.20000000000019,1.32397855452809));
#9475=CARTESIAN_POINT('',(-3.63978766513192,8.20000000000019,1.22749999999999));
#9476=CARTESIAN_POINT('',(-4.155,6.2,1.42));
#9477=CARTESIAN_POINT('',(-4.15499988623849,6.2,1.42));
#9478=CARTESIAN_POINT('',(-4.155,8.2,1.42));
#9479=CARTESIAN_POINT('',(-4.95499988623849,6.2,1.42));
#9480=CARTESIAN_POINT('',(-3.37850547329682,8.2,1.2275));
#9481=CARTESIAN_POINT('',(-3.35389906746774,8.2,1.32675578934088));
#9482=CARTESIAN_POINT('',(-3.355,8.1097872362472,1.42000000010318));
#9483=CARTESIAN_POINT('',(-3.355,8.00749999980581,1.42));
#9484=CARTESIAN_POINT('',(-3.35499988623849,8.0075,1.42));
#9485=CARTESIAN_POINT('',(-3.35499988623849,6.2,1.42));
#9486=CARTESIAN_POINT('',(-4.155,4.,1.42));
#9487=CARTESIAN_POINT('',(-4.955,4.,1.42));
#9488=CARTESIAN_POINT('',(-3.35499988623849,8.0075,1.2275));
#9489=CARTESIAN_POINT('',(-3.605,8.0075,1.42));
#9490=CARTESIAN_POINT('',(-4.155,5.55,1.42));
#9491=CARTESIAN_POINT('',(-4.155,5.,1.42));
#9492=CARTESIAN_POINT('',(-3.35499988623849,6.2,1.42));
#9493=CARTESIAN_POINT('',(-4.705,6.2,1.42));
#9494=CARTESIAN_POINT('',(6.375,8.0075,1.2275));
#9495=CARTESIAN_POINT('',(6.40978766513213,8.2,1.2275));
#9496=CARTESIAN_POINT('',(6.3737530744803,8.2,1.32394397706876));
#9497=CARTESIAN_POINT('',(6.375,8.11051030428553,1.42));
#9498=CARTESIAN_POINT('',(6.375,8.0075,1.42));
#9499=CARTESIAN_POINT('',(6.40978766513213,8.2,1.2275));
#9500=CARTESIAN_POINT('',(6.375,8.0075,1.42));
#9501=CARTESIAN_POINT('',(6.375,8.2,1.2275));
#9502=CARTESIAN_POINT('',(6.14850547329682,8.2,1.2275));
#9503=CARTESIAN_POINT('',(6.12500011376151,8.0075,1.42));
#9504=CARTESIAN_POINT('',(6.12500011376151,8.10979126405084,1.42));
#9505=CARTESIAN_POINT('',(6.12389408780382,8.2000000000002,1.32677587599875));
#9506=CARTESIAN_POINT('',(6.14850547329664,8.2000000000002,1.22750000000001));
#9507=CARTESIAN_POINT('',(6.12500011376151,8.0075,1.42));
#9508=CARTESIAN_POINT('',(6.12500011376151,8.0075,1.42));
#9509=CARTESIAN_POINT('',(6.925,8.2,1.42));
#9510=CARTESIAN_POINT('',(6.925,8.2,1.42));
#9511=CARTESIAN_POINT('',(7.70149452670318,8.2,1.2275));
#9512=CARTESIAN_POINT('',(6.925,8.2,1.42));
#9513=CARTESIAN_POINT('',(7.44021233486787,8.2,1.2275));
#9514=CARTESIAN_POINT('',(7.72500011376151,8.2,1.2275));
#9515=CARTESIAN_POINT('',(6.925,6.97,2.19));
#9516=CARTESIAN_POINT('',(7.72500011376151,6.97,1.42));
#9517=CARTESIAN_POINT('',(7.72500011376151,6.72313567094624,1.42));
#9518=CARTESIAN_POINT('',(7.75165624333048,6.35873247466451,1.62341730352401));
#9519=CARTESIAN_POINT('',(7.48278233831371,6.20088339297167,2.03505372805369));
#9520=CARTESIAN_POINT('',(7.26090435297106,6.20000000126626,2.15649380382982));
#9521=CARTESIAN_POINT('',(7.14202544738695,6.2,2.18999997090032));
#9522=CARTESIAN_POINT('',(7.72500011376151,6.97,1.42));
#9523=CARTESIAN_POINT('',(7.14202545790362,6.2,2.19));
#9524=CARTESIAN_POINT('',(7.72500011376151,6.97,1.42));
#9525=CARTESIAN_POINT('',(7.475,6.97,1.42));
#9526=CARTESIAN_POINT('',(6.375,6.97,1.42));
#9527=CARTESIAN_POINT('',(6.375,6.86221724809924,1.42));
#9528=CARTESIAN_POINT('',(6.37255611334839,6.65094446378179,1.46424086858611));
#9529=CARTESIAN_POINT('',(6.40705998590797,6.3833262494336,1.65833576827412));
#9530=CARTESIAN_POINT('',(6.59990082299239,6.24644839989424,1.90282515927463));
#9531=CARTESIAN_POINT('',(6.92316854568211,6.22508554351903,2.00299648142387));
#9532=CARTESIAN_POINT('',(7.24645926205465,6.24580026257727,1.90517069569425));
#9533=CARTESIAN_POINT('',(7.44176252019844,6.38031615190728,1.66168403911398));
#9534=CARTESIAN_POINT('',(7.4776099280869,6.64870471760217,1.46469511034137));
#9535=CARTESIAN_POINT('',(7.475,6.8620156681642,1.42));
#9536=CARTESIAN_POINT('',(7.475,6.97,1.42));
#9537=CARTESIAN_POINT('',(6.375,6.97,1.42));
#9538=CARTESIAN_POINT('',(6.25000005688076,6.97,1.42));
#9539=CARTESIAN_POINT('',(6.12500011376151,6.97,1.42));
#9540=CARTESIAN_POINT('',(6.70797476961941,6.2,2.19));
#9541=CARTESIAN_POINT('',(6.5892428872856,6.2,2.15653530634154));
#9542=CARTESIAN_POINT('',(6.36893453936394,6.20108328382318,2.03607953832787));
#9543=CARTESIAN_POINT('',(6.09908097401143,6.35570613316527,1.62686410397934));
#9544=CARTESIAN_POINT('',(6.125,6.72299749211114,1.4200000000113));
#9545=CARTESIAN_POINT('',(6.125,6.96999999996478,1.42));
#9546=CARTESIAN_POINT('',(6.70797476961941,6.2,2.19));
#9547=CARTESIAN_POINT('',(7.475,6.2,2.19));
#9548=CARTESIAN_POINT('',(6.925,8.2,1.42));
#9549=CARTESIAN_POINT('',(6.925,5.55,1.42));
#9550=CARTESIAN_POINT('',(6.925,5.55,1.97));
#9551=CARTESIAN_POINT('',(6.375,6.2,1.42));
#9552=CARTESIAN_POINT('',(7.475,6.2,1.42));
#9553=CARTESIAN_POINT('',(7.475,8.0075,1.42));
#9554=CARTESIAN_POINT('',(7.475,8.0075,1.42));
#9555=CARTESIAN_POINT('',(7.475,8.11051592707978,1.42));
#9556=CARTESIAN_POINT('',(7.4762598447776,8.20000000000019,1.32397855452809));
#9557=CARTESIAN_POINT('',(7.44021233486808,8.20000000000019,1.22749999999999));
#9558=CARTESIAN_POINT('',(6.925,6.2,1.42));
#9559=CARTESIAN_POINT('',(6.92500011376151,6.2,1.42));
#9560=CARTESIAN_POINT('',(6.925,8.2,1.42));
#9561=CARTESIAN_POINT('',(6.12500011376151,6.2,1.42));
#9562=CARTESIAN_POINT('',(7.70149452670318,8.2,1.2275));
#9563=CARTESIAN_POINT('',(7.72610093253226,8.2,1.32675578934088));
#9564=CARTESIAN_POINT('',(7.725,8.1097872362472,1.42000000010318));
#9565=CARTESIAN_POINT('',(7.725,8.00749999980581,1.42));
#9566=CARTESIAN_POINT('',(7.72500011376151,8.0075,1.42));
#9567=CARTESIAN_POINT('',(7.72500011376151,6.2,1.42));
#9568=CARTESIAN_POINT('',(6.925,4.,1.42));
#9569=CARTESIAN_POINT('',(6.125,4.,1.42));
#9570=CARTESIAN_POINT('',(7.72500011376151,8.0075,1.2275));
#9571=CARTESIAN_POINT('',(7.475,8.0075,1.42));
#9572=CARTESIAN_POINT('',(6.925,5.55,1.42));
#9573=CARTESIAN_POINT('',(6.925,5.,1.42));
#9574=CARTESIAN_POINT('',(7.72500011376151,6.2,1.42));
#9575=CARTESIAN_POINT('',(6.375,6.2,1.42));
#9576=CARTESIAN_POINT('',(-1.935,8.0075,1.2275));
#9577=CARTESIAN_POINT('',(-1.90021233486787,8.2,1.2275));
#9578=CARTESIAN_POINT('',(-1.9362469255197,8.2,1.32394397706876));
#9579=CARTESIAN_POINT('',(-1.935,8.11051030428553,1.42));
#9580=CARTESIAN_POINT('',(-1.935,8.0075,1.42));
#9581=CARTESIAN_POINT('',(-1.90021233486787,8.2,1.2275));
#9582=CARTESIAN_POINT('',(-1.935,8.0075,1.42));
#9583=CARTESIAN_POINT('',(-1.935,8.2,1.2275));
#9584=CARTESIAN_POINT('',(-2.16149452670318,8.2,1.2275));
#9585=CARTESIAN_POINT('',(-2.18499988623849,8.0075,1.42));
#9586=CARTESIAN_POINT('',(-2.18499988623849,8.10979126405084,1.42));
#9587=CARTESIAN_POINT('',(-2.18610591219618,8.2000000000002,1.32677587599876));
#9588=CARTESIAN_POINT('',(-2.16149452670336,8.2000000000002,1.22750000000001));
#9589=CARTESIAN_POINT('',(-2.18499988623849,8.0075,1.42));
#9590=CARTESIAN_POINT('',(-2.18499988623849,8.0075,1.42));
#9591=CARTESIAN_POINT('',(-1.385,8.2,1.42));
#9592=CARTESIAN_POINT('',(-1.385,8.2,1.42));
#9593=CARTESIAN_POINT('',(-0.608505473296817,8.2,1.2275));
#9594=CARTESIAN_POINT('',(-1.385,8.2,1.42));
#9595=CARTESIAN_POINT('',(-0.869787665132132,8.2,1.2275));
#9596=CARTESIAN_POINT('',(-0.584999886238488,8.2,1.2275));
#9597=CARTESIAN_POINT('',(-1.385,6.97,2.19));
#9598=CARTESIAN_POINT('',(-0.584999886238488,6.97,1.42));
#9599=CARTESIAN_POINT('',(-0.584999886238488,6.72313567094624,1.42));
#9600=CARTESIAN_POINT('',(-0.558343756669522,6.35873247466451,1.62341730352401));
#9601=CARTESIAN_POINT('',(-0.827217661686287,6.20088339297167,2.03505372805369));
#9602=CARTESIAN_POINT('',(-1.04909564702894,6.20000000126626,2.15649380382983));
#9603=CARTESIAN_POINT('',(-1.16797455261305,6.2,2.18999997090032));
#9604=CARTESIAN_POINT('',(-0.584999886238488,6.97,1.42));
#9605=CARTESIAN_POINT('',(-1.16797454209638,6.2,2.19));
#9606=CARTESIAN_POINT('',(-0.584999886238488,6.97,1.42));
#9607=CARTESIAN_POINT('',(-0.834999999999999,6.97,1.42));
#9608=CARTESIAN_POINT('',(-1.935,6.97,1.42));
#9609=CARTESIAN_POINT('',(-1.935,6.86221724809924,1.42));
#9610=CARTESIAN_POINT('',(-1.93744388665161,6.65094446378179,1.46424086858612));
#9611=CARTESIAN_POINT('',(-1.90294001409203,6.3833262494336,1.65833576827413));
#9612=CARTESIAN_POINT('',(-1.71009917700761,6.24644839989424,1.90282515927463));
#9613=CARTESIAN_POINT('',(-1.3868314543179,6.22508554351903,2.00299648142387));
#9614=CARTESIAN_POINT('',(-1.06354073794535,6.24580026257727,1.90517069569426));
#9615=CARTESIAN_POINT('',(-0.868237479801556,6.38031615190728,1.66168403911399));
#9616=CARTESIAN_POINT('',(-0.832390071913102,6.64870471760217,1.46469511034137));
#9617=CARTESIAN_POINT('',(-0.834999999999999,6.8620156681642,1.42));
#9618=CARTESIAN_POINT('',(-0.834999999999999,6.97,1.42));
#9619=CARTESIAN_POINT('',(-1.935,6.97,1.42));
#9620=CARTESIAN_POINT('',(-2.05999994311924,6.97,1.42));
#9621=CARTESIAN_POINT('',(-2.18499988623849,6.97,1.42));
#9622=CARTESIAN_POINT('',(-1.60202523038059,6.2,2.19));
#9623=CARTESIAN_POINT('',(-1.7207571127144,6.2,2.15653530634154));
#9624=CARTESIAN_POINT('',(-1.94106546063606,6.20108328382318,2.03607953832788));
#9625=CARTESIAN_POINT('',(-2.21091902598857,6.35570613316527,1.62686410397934));
#9626=CARTESIAN_POINT('',(-2.185,6.72299749211114,1.4200000000113));
#9627=CARTESIAN_POINT('',(-2.185,6.96999999996478,1.42));
#9628=CARTESIAN_POINT('',(-1.60202523038059,6.2,2.19));
#9629=CARTESIAN_POINT('',(-0.834999999999999,6.2,2.19));
#9630=CARTESIAN_POINT('',(-1.385,8.2,1.42));
#9631=CARTESIAN_POINT('',(-1.385,5.55,1.42));
#9632=CARTESIAN_POINT('',(-1.385,5.55,1.97));
#9633=CARTESIAN_POINT('',(-1.935,6.2,1.42));
#9634=CARTESIAN_POINT('',(-0.834999999999999,6.2,1.42));
#9635=CARTESIAN_POINT('',(-0.834999999999999,8.0075,1.42));
#9636=CARTESIAN_POINT('',(-0.834999999999999,8.0075,1.42));
#9637=CARTESIAN_POINT('',(-0.834999999999999,8.11051592707978,1.42));
#9638=CARTESIAN_POINT('',(-0.833740155222404,8.20000000000019,1.32397855452809));
#9639=CARTESIAN_POINT('',(-0.869787665131918,8.20000000000019,1.22749999999999));
#9640=CARTESIAN_POINT('',(-1.385,6.2,1.42));
#9641=CARTESIAN_POINT('',(-1.38499988623849,6.2,1.42));
#9642=CARTESIAN_POINT('',(-1.385,8.2,1.42));
#9643=CARTESIAN_POINT('',(-2.18499988623849,6.2,1.42));
#9644=CARTESIAN_POINT('',(-0.608505473296817,8.2,1.2275));
#9645=CARTESIAN_POINT('',(-0.583899067467735,8.2,1.32675578934088));
#9646=CARTESIAN_POINT('',(-0.584999999999999,8.1097872362472,1.42000000010319));
#9647=CARTESIAN_POINT('',(-0.584999999999999,8.00749999980581,1.42));
#9648=CARTESIAN_POINT('',(-0.584999886238488,8.0075,1.42));
#9649=CARTESIAN_POINT('',(-0.584999886238488,6.2,1.42));
#9650=CARTESIAN_POINT('',(-1.385,4.,1.42));
#9651=CARTESIAN_POINT('',(-2.185,4.,1.42));
#9652=CARTESIAN_POINT('',(-0.584999886238488,8.0075,1.2275));
#9653=CARTESIAN_POINT('',(-0.834999999999999,8.0075,1.42));
#9654=CARTESIAN_POINT('',(-1.385,5.55,1.42));
#9655=CARTESIAN_POINT('',(-1.385,5.,1.42));
#9656=CARTESIAN_POINT('',(-0.584999886238488,6.2,1.42));
#9657=CARTESIAN_POINT('',(-1.935,6.2,1.42));
#9658=CARTESIAN_POINT('',(3.605,8.0075,1.2275));
#9659=CARTESIAN_POINT('',(3.63978766513213,8.2,1.2275));
#9660=CARTESIAN_POINT('',(3.6037530744803,8.2,1.32394397706876));
#9661=CARTESIAN_POINT('',(3.605,8.11051030428553,1.42));
#9662=CARTESIAN_POINT('',(3.605,8.0075,1.42));
#9663=CARTESIAN_POINT('',(3.63978766513213,8.2,1.2275));
#9664=CARTESIAN_POINT('',(3.605,8.0075,1.42));
#9665=CARTESIAN_POINT('',(3.605,8.2,1.2275));
#9666=CARTESIAN_POINT('',(3.37850547329682,8.2,1.2275));
#9667=CARTESIAN_POINT('',(3.35500011376151,8.0075,1.42));
#9668=CARTESIAN_POINT('',(3.35500011376151,8.10979126405084,1.42));
#9669=CARTESIAN_POINT('',(3.35389408780382,8.2000000000002,1.32677587599876));
#9670=CARTESIAN_POINT('',(3.37850547329664,8.2000000000002,1.22750000000001));
#9671=CARTESIAN_POINT('',(3.35500011376151,8.0075,1.42));
#9672=CARTESIAN_POINT('',(3.35500011376151,8.0075,1.42));
#9673=CARTESIAN_POINT('',(4.155,8.2,1.42));
#9674=CARTESIAN_POINT('',(4.155,8.2,1.42));
#9675=CARTESIAN_POINT('',(4.93149452670318,8.2,1.2275));
#9676=CARTESIAN_POINT('',(4.155,8.2,1.42));
#9677=CARTESIAN_POINT('',(4.67021233486787,8.2,1.2275));
#9678=CARTESIAN_POINT('',(4.95500011376151,8.2,1.2275));
#9679=CARTESIAN_POINT('',(4.155,6.97,2.19));
#9680=CARTESIAN_POINT('',(4.95500011376151,6.97,1.42));
#9681=CARTESIAN_POINT('',(4.95500011376151,6.72313567094624,1.42));
#9682=CARTESIAN_POINT('',(4.98165624333048,6.35873247466451,1.62341730352401));
#9683=CARTESIAN_POINT('',(4.71278233831371,6.20088339297167,2.03505372805369));
#9684=CARTESIAN_POINT('',(4.49090435297106,6.20000000126626,2.15649380382983));
#9685=CARTESIAN_POINT('',(4.37202544738695,6.2,2.18999997090032));
#9686=CARTESIAN_POINT('',(4.95500011376151,6.97,1.42));
#9687=CARTESIAN_POINT('',(4.37202545790362,6.2,2.19));
#9688=CARTESIAN_POINT('',(4.95500011376151,6.97,1.42));
#9689=CARTESIAN_POINT('',(4.705,6.97,1.42));
#9690=CARTESIAN_POINT('',(3.605,6.97,1.42));
#9691=CARTESIAN_POINT('',(3.605,6.86221724809924,1.42));
#9692=CARTESIAN_POINT('',(3.60255611334839,6.65094446378179,1.46424086858612));
#9693=CARTESIAN_POINT('',(3.63705998590797,6.3833262494336,1.65833576827413));
#9694=CARTESIAN_POINT('',(3.82990082299239,6.24644839989424,1.90282515927463));
#9695=CARTESIAN_POINT('',(4.1531685456821,6.22508554351903,2.00299648142387));
#9696=CARTESIAN_POINT('',(4.47645926205465,6.24580026257727,1.90517069569426));
#9697=CARTESIAN_POINT('',(4.67176252019844,6.38031615190728,1.66168403911399));
#9698=CARTESIAN_POINT('',(4.7076099280869,6.64870471760217,1.46469511034137));
#9699=CARTESIAN_POINT('',(4.705,6.8620156681642,1.42));
#9700=CARTESIAN_POINT('',(4.705,6.97,1.42));
#9701=CARTESIAN_POINT('',(3.605,6.97,1.42));
#9702=CARTESIAN_POINT('',(3.48000005688076,6.97,1.42));
#9703=CARTESIAN_POINT('',(3.35500011376151,6.97,1.42));
#9704=CARTESIAN_POINT('',(3.93797476961941,6.2,2.19));
#9705=CARTESIAN_POINT('',(3.8192428872856,6.2,2.15653530634154));
#9706=CARTESIAN_POINT('',(3.59893453936394,6.20108328382318,2.03607953832788));
#9707=CARTESIAN_POINT('',(3.32908097401143,6.35570613316527,1.62686410397934));
#9708=CARTESIAN_POINT('',(3.355,6.72299749211114,1.4200000000113));
#9709=CARTESIAN_POINT('',(3.355,6.96999999996478,1.42));
#9710=CARTESIAN_POINT('',(3.93797476961941,6.2,2.19));
#9711=CARTESIAN_POINT('',(4.705,6.2,2.19));
#9712=CARTESIAN_POINT('',(4.155,8.2,1.42));
#9713=CARTESIAN_POINT('',(4.155,5.55,1.42));
#9714=CARTESIAN_POINT('',(4.155,5.55,1.97));
#9715=CARTESIAN_POINT('',(3.605,6.2,1.42));
#9716=CARTESIAN_POINT('',(4.705,6.2,1.42));
#9717=CARTESIAN_POINT('',(4.705,8.0075,1.42));
#9718=CARTESIAN_POINT('',(4.705,8.0075,1.42));
#9719=CARTESIAN_POINT('',(4.705,8.11051592707978,1.42));
#9720=CARTESIAN_POINT('',(4.7062598447776,8.20000000000019,1.32397855452809));
#9721=CARTESIAN_POINT('',(4.67021233486808,8.20000000000019,1.22749999999999));
#9722=CARTESIAN_POINT('',(4.155,6.2,1.42));
#9723=CARTESIAN_POINT('',(4.15500011376151,6.2,1.42));
#9724=CARTESIAN_POINT('',(4.155,8.2,1.42));
#9725=CARTESIAN_POINT('',(3.35500011376151,6.2,1.42));
#9726=CARTESIAN_POINT('',(4.93149452670318,8.2,1.2275));
#9727=CARTESIAN_POINT('',(4.95610093253226,8.2,1.32675578934088));
#9728=CARTESIAN_POINT('',(4.955,8.1097872362472,1.42000000010319));
#9729=CARTESIAN_POINT('',(4.955,8.00749999980581,1.42));
#9730=CARTESIAN_POINT('',(4.95500011376151,8.0075,1.42));
#9731=CARTESIAN_POINT('',(4.95500011376151,6.2,1.42));
#9732=CARTESIAN_POINT('',(4.155,4.,1.42));
#9733=CARTESIAN_POINT('',(3.355,4.,1.42));
#9734=CARTESIAN_POINT('',(4.95500011376151,8.0075,1.2275));
#9735=CARTESIAN_POINT('',(4.705,8.0075,1.42));
#9736=CARTESIAN_POINT('',(4.155,5.55,1.42));
#9737=CARTESIAN_POINT('',(4.155,5.,1.42));
#9738=CARTESIAN_POINT('',(4.95500011376151,6.2,1.42));
#9739=CARTESIAN_POINT('',(3.605,6.2,1.42));
#9740=CARTESIAN_POINT('',(1.385,8.2,1.42));
#9741=CARTESIAN_POINT('',(1.385,5.55,1.42));
#9742=CARTESIAN_POINT('',(1.385,5.55,1.97));
#9743=CARTESIAN_POINT('',(1.385,8.2,1.42));
#9744=CARTESIAN_POINT('',(1.90021233486787,8.2,1.2275));
#9745=CARTESIAN_POINT('',(0.869787665132132,8.2,1.2275));
#9746=CARTESIAN_POINT('',(0.869787665132132,8.2,1.2275));
#9747=CARTESIAN_POINT('',(0.833753074480302,8.2,1.32394397706876));
#9748=CARTESIAN_POINT('',(0.835,8.11051030428553,1.42));
#9749=CARTESIAN_POINT('',(0.835,8.0075,1.42));
#9750=CARTESIAN_POINT('',(0.835,8.0075,1.42));
#9751=CARTESIAN_POINT('',(0.835,6.2,1.42));
#9752=CARTESIAN_POINT('',(0.835,6.97,1.42));
#9753=CARTESIAN_POINT('',(0.835,6.97,1.42));
#9754=CARTESIAN_POINT('',(0.835,6.86221724809924,1.42));
#9755=CARTESIAN_POINT('',(0.832556113348394,6.65094446378179,1.46424086858612));
#9756=CARTESIAN_POINT('',(0.867059985907972,6.3833262494336,1.65833576827413));
#9757=CARTESIAN_POINT('',(1.05990082299239,6.24644839989424,1.90282515927463));
#9758=CARTESIAN_POINT('',(1.3831685456821,6.22508554351903,2.00299648142387));
#9759=CARTESIAN_POINT('',(1.70645926205465,6.24580026257727,1.90517069569426));
#9760=CARTESIAN_POINT('',(1.90176252019844,6.38031615190728,1.66168403911399));
#9761=CARTESIAN_POINT('',(1.9376099280869,6.64870471760217,1.46469511034137));
#9762=CARTESIAN_POINT('',(1.935,6.8620156681642,1.42));
#9763=CARTESIAN_POINT('',(1.935,6.97,1.42));
#9764=CARTESIAN_POINT('',(1.935,6.97,1.42));
#9765=CARTESIAN_POINT('',(1.935,6.2,1.42));
#9766=CARTESIAN_POINT('',(1.935,8.0075,1.42));
#9767=CARTESIAN_POINT('',(1.935,8.0075,1.42));
#9768=CARTESIAN_POINT('',(1.935,8.11051592707978,1.42));
#9769=CARTESIAN_POINT('',(1.9362598447776,8.20000000000019,1.32397855452809));
#9770=CARTESIAN_POINT('',(1.90021233486808,8.20000000000019,1.22749999999999));
#9771=CARTESIAN_POINT('',(0.,8.2,-1.42));
#9772=CARTESIAN_POINT('',(0.,5.55,-1.42));
#9773=CARTESIAN_POINT('',(0.,5.55,-0.87));
#9774=CARTESIAN_POINT('',(0.,8.2,-1.42));
#9775=CARTESIAN_POINT('',(-0.515212334867868,8.2,-1.2275));
#9776=CARTESIAN_POINT('',(0.515212334867868,8.2,-1.2275));
#9777=CARTESIAN_POINT('',(0.515212334867868,8.2,-1.2275));
#9778=CARTESIAN_POINT('',(0.551246925519698,8.2,-1.32394397706876));
#9779=CARTESIAN_POINT('',(0.55,8.11051030428553,-1.42));
#9780=CARTESIAN_POINT('',(0.55,8.0075,-1.42));
#9781=CARTESIAN_POINT('',(0.55,8.0075,-1.42));
#9782=CARTESIAN_POINT('',(0.55,6.2,-1.42));
#9783=CARTESIAN_POINT('',(0.55,6.97,-1.42));
#9784=CARTESIAN_POINT('',(0.55,6.97,-1.42));
#9785=CARTESIAN_POINT('',(0.55,6.86221724809924,-1.42));
#9786=CARTESIAN_POINT('',(0.552443886651606,6.65094446378179,-1.46424086858612));
#9787=CARTESIAN_POINT('',(0.517940014092029,6.3833262494336,-1.65833576827413));
#9788=CARTESIAN_POINT('',(0.325099177007613,6.24644839989424,-1.90282515927463));
#9789=CARTESIAN_POINT('',(0.00183145431789712,6.22508554351903,-2.00299648142387));
#9790=CARTESIAN_POINT('',(-0.321459262054646,6.24580026257727,-1.90517069569426));
#9791=CARTESIAN_POINT('',(-0.516762520198444,6.38031615190728,-1.66168403911398));
#9792=CARTESIAN_POINT('',(-0.552609928086897,6.64870471760217,-1.46469511034137));
#9793=CARTESIAN_POINT('',(-0.55,6.8620156681642,-1.42));
#9794=CARTESIAN_POINT('',(-0.55,6.97,-1.42));
#9795=CARTESIAN_POINT('',(-0.55,6.97,-1.42));
#9796=CARTESIAN_POINT('',(-0.55,6.2,-1.42));
#9797=CARTESIAN_POINT('',(-0.55,8.0075,-1.42));
#9798=CARTESIAN_POINT('',(-0.55,8.0075,-1.42));
#9799=CARTESIAN_POINT('',(-0.55,8.11051592707978,-1.42));
#9800=CARTESIAN_POINT('',(-0.551259844777595,8.20000000000019,-1.32397855452809));
#9801=CARTESIAN_POINT('',(-0.515212334868081,8.20000000000019,-1.22749999999999));
#9802=CARTESIAN_POINT('',(8.31,-6.7,-1.42));
#9803=CARTESIAN_POINT('',(8.31,-6.5,-1.42));
#9804=CARTESIAN_POINT('',(8.31,-6.5,-0.869999999999998));
#9805=CARTESIAN_POINT('',(8.31,-6.7,-1.42));
#9806=CARTESIAN_POINT('',(8.31,-6.7,-0.669999999999998));
#9807=CARTESIAN_POINT('',(8.31,-4.25,-1.42));
#9808=CARTESIAN_POINT('',(8.31,-4.25,-1.42));
#9809=CARTESIAN_POINT('',(8.31,-4.25,-1.97));
#9810=CARTESIAN_POINT('',(8.31,-1.7,-1.42));
#9811=CARTESIAN_POINT('',(-8.31,-6.7,-1.42));
#9812=CARTESIAN_POINT('',(-8.31,-6.5,-1.42));
#9813=CARTESIAN_POINT('',(-8.31,-6.5,-0.869999999999998));
#9814=CARTESIAN_POINT('',(-8.31,-6.7,-1.42));
#9815=CARTESIAN_POINT('',(-8.31,-6.7,-0.669999999999998));
#9816=CARTESIAN_POINT('',(-8.31,-4.25,-1.42));
#9817=CARTESIAN_POINT('',(-8.31,-4.25,-1.42));
#9818=CARTESIAN_POINT('',(-8.31,-4.25,-1.97));
#9819=CARTESIAN_POINT('',(-8.31,-1.7,-1.42));
#9820=CARTESIAN_POINT('',(5.54,-6.7,-1.42));
#9821=CARTESIAN_POINT('',(5.54,-6.5,-1.42));
#9822=CARTESIAN_POINT('',(5.54,-6.5,-0.869999999999998));
#9823=CARTESIAN_POINT('',(5.54,-6.7,-1.42));
#9824=CARTESIAN_POINT('',(5.54,-6.7,-0.669999999999998));
#9825=CARTESIAN_POINT('',(5.54,-4.25,-1.42));
#9826=CARTESIAN_POINT('',(5.54,-4.25,-1.42));
#9827=CARTESIAN_POINT('',(5.54,-4.25,-1.97));
#9828=CARTESIAN_POINT('',(5.54,-1.7,-1.42));
#9829=CARTESIAN_POINT('',(-5.54,-6.7,-1.42));
#9830=CARTESIAN_POINT('',(-5.54,-6.5,-1.42));
#9831=CARTESIAN_POINT('',(-5.54,-6.5,-0.869999999999998));
#9832=CARTESIAN_POINT('',(-5.54,-6.7,-1.42));
#9833=CARTESIAN_POINT('',(-5.54,-6.7,-0.669999999999998));
#9834=CARTESIAN_POINT('',(-5.54,-4.25,-1.42));
#9835=CARTESIAN_POINT('',(-5.54,-4.25,-1.42));
#9836=CARTESIAN_POINT('',(-5.54,-4.25,-1.97));
#9837=CARTESIAN_POINT('',(-5.54,-1.7,-1.42));
#9838=CARTESIAN_POINT('',(2.77,-6.7,-1.42));
#9839=CARTESIAN_POINT('',(2.77,-6.5,-1.42));
#9840=CARTESIAN_POINT('',(2.77,-6.5,-0.870000000000001));
#9841=CARTESIAN_POINT('',(2.77,-6.7,-1.42));
#9842=CARTESIAN_POINT('',(2.77,-6.7,-0.670000000000001));
#9843=CARTESIAN_POINT('',(2.77,-4.25,-1.42));
#9844=CARTESIAN_POINT('',(2.77,-4.25,-1.42));
#9845=CARTESIAN_POINT('',(2.77,-4.25,-1.97));
#9846=CARTESIAN_POINT('',(2.77,-1.7,-1.42));
#9847=CARTESIAN_POINT('',(-2.77,-6.7,-1.42));
#9848=CARTESIAN_POINT('',(-2.77,-6.5,-1.42));
#9849=CARTESIAN_POINT('',(-2.77,-6.5,-0.870000000000001));
#9850=CARTESIAN_POINT('',(-2.77,-6.7,-1.42));
#9851=CARTESIAN_POINT('',(-2.77,-6.7,-0.670000000000001));
#9852=CARTESIAN_POINT('',(-2.77,-4.25,-1.42));
#9853=CARTESIAN_POINT('',(-2.77,-4.25,-1.42));
#9854=CARTESIAN_POINT('',(-2.77,-4.25,-1.97));
#9855=CARTESIAN_POINT('',(-2.77,-1.7,-1.42));
#9856=CARTESIAN_POINT('',(-9.695,-6.5,1.42));
#9857=CARTESIAN_POINT('',(-9.695,-6.7,1.42));
#9858=CARTESIAN_POINT('',(-9.695,-6.7,2.17));
#9859=CARTESIAN_POINT('',(-9.695,-6.5,1.42));
#9860=CARTESIAN_POINT('',(-9.695,-6.5,1.97));
#9861=CARTESIAN_POINT('',(-9.695,-4.25,1.42));
#9862=CARTESIAN_POINT('',(-9.695,-4.25,1.42));
#9863=CARTESIAN_POINT('',(-9.695,-4.25,0.869999999999998));
#9864=CARTESIAN_POINT('',(-9.695,-1.7,1.42));
#9865=CARTESIAN_POINT('',(9.695,-6.5,1.42));
#9866=CARTESIAN_POINT('',(9.695,-6.7,1.42));
#9867=CARTESIAN_POINT('',(9.695,-6.7,2.17));
#9868=CARTESIAN_POINT('',(9.695,-6.5,1.42));
#9869=CARTESIAN_POINT('',(9.695,-6.5,1.97));
#9870=CARTESIAN_POINT('',(9.695,-4.25,1.42));
#9871=CARTESIAN_POINT('',(9.695,-4.25,1.42));
#9872=CARTESIAN_POINT('',(9.695,-4.25,0.869999999999998));
#9873=CARTESIAN_POINT('',(9.695,-1.7,1.42));
#9874=CARTESIAN_POINT('',(-6.925,-6.5,1.42));
#9875=CARTESIAN_POINT('',(-6.925,-6.7,1.42));
#9876=CARTESIAN_POINT('',(-6.925,-6.7,2.17));
#9877=CARTESIAN_POINT('',(-6.925,-6.5,1.42));
#9878=CARTESIAN_POINT('',(-6.925,-6.5,1.97));
#9879=CARTESIAN_POINT('',(-6.925,-4.25,1.42));
#9880=CARTESIAN_POINT('',(-6.925,-4.25,1.42));
#9881=CARTESIAN_POINT('',(-6.925,-4.25,0.869999999999998));
#9882=CARTESIAN_POINT('',(-6.925,-1.7,1.42));
#9883=CARTESIAN_POINT('',(6.925,-6.5,1.42));
#9884=CARTESIAN_POINT('',(6.925,-6.7,1.42));
#9885=CARTESIAN_POINT('',(6.925,-6.7,2.17));
#9886=CARTESIAN_POINT('',(6.925,-6.5,1.42));
#9887=CARTESIAN_POINT('',(6.925,-6.5,1.97));
#9888=CARTESIAN_POINT('',(6.925,-4.25,1.42));
#9889=CARTESIAN_POINT('',(6.925,-4.25,1.42));
#9890=CARTESIAN_POINT('',(6.925,-4.25,0.869999999999998));
#9891=CARTESIAN_POINT('',(6.925,-1.7,1.42));
#9892=CARTESIAN_POINT('',(-4.155,-6.5,1.42));
#9893=CARTESIAN_POINT('',(-4.155,-6.7,1.42));
#9894=CARTESIAN_POINT('',(-4.155,-6.7,2.17));
#9895=CARTESIAN_POINT('',(-4.155,-6.5,1.42));
#9896=CARTESIAN_POINT('',(-4.155,-6.5,1.97));
#9897=CARTESIAN_POINT('',(-4.155,-4.25,1.42));
#9898=CARTESIAN_POINT('',(-4.155,-4.25,1.42));
#9899=CARTESIAN_POINT('',(-4.155,-4.25,0.869999999999998));
#9900=CARTESIAN_POINT('',(-4.155,-1.7,1.42));
#9901=CARTESIAN_POINT('',(4.155,-6.5,1.42));
#9902=CARTESIAN_POINT('',(4.155,-6.7,1.42));
#9903=CARTESIAN_POINT('',(4.155,-6.7,2.17));
#9904=CARTESIAN_POINT('',(4.155,-6.5,1.42));
#9905=CARTESIAN_POINT('',(4.155,-6.5,1.97));
#9906=CARTESIAN_POINT('',(4.155,-4.25,1.42));
#9907=CARTESIAN_POINT('',(4.155,-4.25,1.42));
#9908=CARTESIAN_POINT('',(4.155,-4.25,0.870000000000001));
#9909=CARTESIAN_POINT('',(4.155,-1.7,1.42));
#9910=CARTESIAN_POINT('',(-1.385,-6.5,1.42));
#9911=CARTESIAN_POINT('',(-1.385,-6.7,1.42));
#9912=CARTESIAN_POINT('',(-1.385,-6.7,2.17));
#9913=CARTESIAN_POINT('',(-1.385,-6.5,1.42));
#9914=CARTESIAN_POINT('',(-1.385,-6.5,1.97));
#9915=CARTESIAN_POINT('',(-1.385,-4.25,1.42));
#9916=CARTESIAN_POINT('',(-1.385,-4.25,1.42));
#9917=CARTESIAN_POINT('',(-1.385,-4.25,0.870000000000001));
#9918=CARTESIAN_POINT('',(-1.385,-1.7,1.42));
#9919=CARTESIAN_POINT('',(0.,-6.7,0.));
#9920=CARTESIAN_POINT('',(3.08345168226167E-17,-6.7,-1.42));
#9921=CARTESIAN_POINT('',(3.08345168226167E-17,-6.7,-0.67));
#9922=CARTESIAN_POINT('',(1.385,-6.7,1.42));
#9923=CARTESIAN_POINT('',(1.385,-6.7,2.17));
#9924=CARTESIAN_POINT('',(9.98599779452852,-6.7,-2.45));
#9925=CARTESIAN_POINT('',(9.98599779452852,-6.7,-3.45));
#9926=CARTESIAN_POINT('',(10.9708048102037,-6.7,-2.62365235931289));
#9927=CARTESIAN_POINT('',(10.9621324300725,-6.7,-2.67283587108364));
#9928=CARTESIAN_POINT('',(11.8348070156366,-6.7,2.27634764046802));
#9929=CARTESIAN_POINT('',(10.85,-6.7,2.45));
#9930=CARTESIAN_POINT('',(10.85,-6.7,3.45));
#9931=CARTESIAN_POINT('',(10.5623696111087,-6.7,3.45));
#9932=CARTESIAN_POINT('',(-10.85,-6.7,3.45));
#9933=CARTESIAN_POINT('',(-10.85,-6.7,2.45));
#9934=CARTESIAN_POINT('',(-11.8348070156302,-6.7,2.27634764043211));
#9935=CARTESIAN_POINT('',(-11.826134635544,-6.7,2.22716412891636));
#9936=CARTESIAN_POINT('',(-10.9708048101576,-6.7,-2.62365235957464));
#9937=CARTESIAN_POINT('',(-9.98599779452852,-6.7,-2.45));
#9938=CARTESIAN_POINT('',(-9.98599779452852,-6.7,-3.45));
#9939=CARTESIAN_POINT('',(-9.6983674056372,-6.7,-3.45));
#9940=CARTESIAN_POINT('',(0.,-0.9,0.));
#9941=CARTESIAN_POINT('',(-16.65,-0.9,0.));
#9942=CARTESIAN_POINT('',(-16.65,-0.9,1.65));
#9943=CARTESIAN_POINT('',(16.65,-0.9,0.));
#9944=CARTESIAN_POINT('',(16.65,-0.9,1.65));
#9945=CARTESIAN_POINT('',(11.9469401830848,-0.9,-2.84648404875057));
#9946=CARTESIAN_POINT('',(12.8196155060244,-0.9,2.10270364466614));
#9947=CARTESIAN_POINT('',(11.9556133005529,-0.9,-2.79729635533386));
#9948=CARTESIAN_POINT('',(9.98599779452852,-0.9,-2.45));
#9949=CARTESIAN_POINT('',(9.98599779452852,-0.9,-4.45));
#9950=CARTESIAN_POINT('',(-9.6983674056372,-0.9,-4.45));
#9951=CARTESIAN_POINT('',(-9.98599779452852,-0.9,-4.45));
#9952=CARTESIAN_POINT('',(-9.98599779452852,-0.9,-2.45));
#9953=CARTESIAN_POINT('',(-11.9556133005529,-0.9,-2.79729635533386));
#9954=CARTESIAN_POINT('',(-12.8109423885562,-0.9,2.05351595124943));
#9955=CARTESIAN_POINT('',(-12.8196155060244,-0.9,2.10270364466614));
#9956=CARTESIAN_POINT('',(-10.85,-0.9,2.45));
#9957=CARTESIAN_POINT('',(-10.85,-0.9,4.45));
#9958=CARTESIAN_POINT('',(10.5623696111087,-0.9,4.45));
#9959=CARTESIAN_POINT('',(10.85,-0.9,4.45));
#9960=CARTESIAN_POINT('',(10.85,-0.9,2.45));
#9961=CARTESIAN_POINT('',(-19.6,-0.9,-6.3));
#9962=CARTESIAN_POINT('',(-19.6,-0.9,-4.8));
#9963=CARTESIAN_POINT('',(-19.6,-0.9,4.8));
#9964=CARTESIAN_POINT('',(-18.1,-0.9,-4.8));
#9965=CARTESIAN_POINT('',(-18.1,-0.9,-6.3));
#9966=CARTESIAN_POINT('',(19.6,-0.9,-6.3));
#9967=CARTESIAN_POINT('',(18.1,-0.9,-6.3));
#9968=CARTESIAN_POINT('',(18.1,-0.9,-4.8));
#9969=CARTESIAN_POINT('',(19.6,-0.9,-4.8));
#9970=CARTESIAN_POINT('',(19.6,-0.9,6.3));
#9971=CARTESIAN_POINT('',(19.6,-0.9,4.8));
#9972=CARTESIAN_POINT('',(18.1,-0.9,4.8));
#9973=CARTESIAN_POINT('',(18.1,-0.9,6.3));
#9974=CARTESIAN_POINT('',(-19.6,-0.9,6.3));
#9975=CARTESIAN_POINT('',(-18.1,-0.9,6.3));
#9976=CARTESIAN_POINT('',(-18.1,-0.9,4.8));
#9977=CARTESIAN_POINT('',(-19.6,-0.9,6.3));
#9978=CARTESIAN_POINT('',(18.1,-0.9,6.3));
#9979=CARTESIAN_POINT('',(-18.1,-0.9,6.3));
#9980=CARTESIAN_POINT('',(19.6,-0.9,6.3));
#9981=CARTESIAN_POINT('',(19.6,-0.9,4.8));
#9982=CARTESIAN_POINT('',(19.6,-0.9,-4.8));
#9983=CARTESIAN_POINT('',(19.6,-0.9,-6.3));
#9984=CARTESIAN_POINT('',(-18.1,-0.9,-6.3));
#9985=CARTESIAN_POINT('',(18.1,-0.9,-6.3));
#9986=CARTESIAN_POINT('',(-19.6,-0.9,-6.3));
#9987=CARTESIAN_POINT('',(-19.6,-0.9,-4.8));
#9988=CARTESIAN_POINT('',(-19.6,-0.9,4.8));
#9989=CARTESIAN_POINT('',(-16.65,4.28512921228258,0.));
#9990=CARTESIAN_POINT('',(-16.65,-0.8,0.));
#9991=CARTESIAN_POINT('',(-16.65,-0.8,1.55));
#9992=CARTESIAN_POINT('',(-16.65,0.3,0.));
#9993=CARTESIAN_POINT('',(-18.2,0.3,0.));
#9994=CARTESIAN_POINT('',(16.65,4.28512921228258,0.));
#9995=CARTESIAN_POINT('',(16.65,-0.8,0.));
#9996=CARTESIAN_POINT('',(16.65,-0.8,1.55));
#9997=CARTESIAN_POINT('',(16.65,0.3,0.));
#9998=CARTESIAN_POINT('',(15.1,0.3,0.));
#9999=CARTESIAN_POINT('',(-10.85,-6.8,2.45));
#10000=CARTESIAN_POINT('',(-12.3272116295183,-6.8,2.18952773349961));
#10001=CARTESIAN_POINT('',(-12.3272116295183,-6.4,2.18952773349961));
#10002=CARTESIAN_POINT('',(-12.3272116295183,-1.4,2.18952773349961));
#10003=CARTESIAN_POINT('',(-10.85,-6.4,2.45));
#10004=CARTESIAN_POINT('',(-10.85,-6.4,3.95));
#10005=CARTESIAN_POINT('',(-10.85,-6.8,3.95));
#10006=CARTESIAN_POINT('',(-10.85,-1.4,3.95));
#10007=CARTESIAN_POINT('',(-10.85,-1.4,2.45));
#10008=CARTESIAN_POINT('',(-12.3185385120501,-6.8,2.14034004008289));
#10009=CARTESIAN_POINT('',(-11.4632094240468,-6.8,-2.7104722665004));
#10010=CARTESIAN_POINT('',(-11.4632094240468,-6.4,-2.7104722665004));
#10011=CARTESIAN_POINT('',(-11.4632094240468,-1.4,-2.7104722665004));
#10012=CARTESIAN_POINT('',(-12.3185385120501,-6.4,2.14034004008289));
#10013=CARTESIAN_POINT('',(-11.4545363065786,-1.4,-2.75965995991711));
#10014=CARTESIAN_POINT('',(-9.98599779452852,-6.8,-2.45));
#10015=CARTESIAN_POINT('',(-9.98599779452852,-6.8,-3.95));
#10016=CARTESIAN_POINT('',(-9.98599779452852,-6.4,-3.95));
#10017=CARTESIAN_POINT('',(-9.98599779452852,-1.4,-3.95));
#10018=CARTESIAN_POINT('',(-9.98599779452852,-6.4,-2.45));
#10019=CARTESIAN_POINT('',(-9.98599779452852,-1.4,-2.45));
#10020=CARTESIAN_POINT('',(-9.6983674056372,-6.8,-3.95));
#10021=CARTESIAN_POINT('',(9.98599779452852,-6.8,-3.95));
#10022=CARTESIAN_POINT('',(9.98599779452852,-6.4,-3.95));
#10023=CARTESIAN_POINT('',(9.98599779452852,-1.4,-3.95));
#10024=CARTESIAN_POINT('',(-9.6983674056372,-6.4,-3.95));
#10025=CARTESIAN_POINT('',(9.6983674056372,-1.4,-3.95));
#10026=CARTESIAN_POINT('',(9.98599779452852,-6.8,-2.45));
#10027=CARTESIAN_POINT('',(11.4632094240468,-6.8,-2.7104722665004));
#10028=CARTESIAN_POINT('',(11.4632094240468,-6.4,-2.7104722665004));
#10029=CARTESIAN_POINT('',(11.4632094240468,-1.4,-2.7104722665004));
#10030=CARTESIAN_POINT('',(9.98599779452852,-6.4,-2.45));
#10031=CARTESIAN_POINT('',(9.98599779452852,-1.4,-2.45));
#10032=CARTESIAN_POINT('',(12.3185385120501,-6.8,2.14034004008289));
#10033=CARTESIAN_POINT('',(12.3272116295183,-6.8,2.1895277334996));
#10034=CARTESIAN_POINT('',(12.3272116295183,-6.4,2.1895277334996));
#10035=CARTESIAN_POINT('',(12.3272116295183,-1.4,2.1895277334996));
#10036=CARTESIAN_POINT('',(11.4545363065786,-6.4,-2.75965995991711));
#10037=CARTESIAN_POINT('',(12.3185385120501,-1.4,2.14034004008289));
#10038=CARTESIAN_POINT('',(10.85,-6.8,2.45));
#10039=CARTESIAN_POINT('',(10.85,-6.8,3.95));
#10040=CARTESIAN_POINT('',(10.85,-6.4,3.95));
#10041=CARTESIAN_POINT('',(10.85,-1.4,3.95));
#10042=CARTESIAN_POINT('',(10.85,-6.4,2.45));
#10043=CARTESIAN_POINT('',(10.85,-1.4,2.45));
#10044=CARTESIAN_POINT('',(10.9621324300725,-6.8,-2.67283587108364));
#10045=CARTESIAN_POINT('',(10.9708055475407,-6.8,-2.62364817766693));
#10046=CARTESIAN_POINT('',(10.9708055475407,-6.7238,-2.62364817766693));
#10047=CARTESIAN_POINT('',(10.9621324300725,-6.7238,-2.67283587108364));
#10048=CARTESIAN_POINT('',(11.8348077530122,-6.7238,2.27635182233307));
#10049=CARTESIAN_POINT('',(11.8348077530122,-6.8,2.27635182233307));
#10050=CARTESIAN_POINT('',(9.98599779452852,-6.8,-2.45));
#10051=CARTESIAN_POINT('',(9.98599779452852,-6.8,-3.45));
#10052=CARTESIAN_POINT('',(9.98599779452852,-6.7238,-3.45));
#10053=CARTESIAN_POINT('',(9.98599779452852,-6.7238,-2.45));
#10054=CARTESIAN_POINT('',(-9.6983674056372,-6.8,-3.45));
#10055=CARTESIAN_POINT('',(-9.98599779452852,-6.8,-3.45));
#10056=CARTESIAN_POINT('',(-9.98599779452852,-6.7238,-3.45));
#10057=CARTESIAN_POINT('',(-9.6983674056372,-6.7238,-3.45));
#10058=CARTESIAN_POINT('',(-9.98599779452852,-6.8,-2.45));
#10059=CARTESIAN_POINT('',(-10.9708055475407,-6.8,-2.62364817766693));
#10060=CARTESIAN_POINT('',(-10.9708055475407,-6.7238,-2.62364817766693));
#10061=CARTESIAN_POINT('',(-9.98599779452852,-6.7238,-2.45));
#10062=CARTESIAN_POINT('',(-11.826134635544,-6.8,2.22716412891636));
#10063=CARTESIAN_POINT('',(-11.8348077530122,-6.8,2.27635182233307));
#10064=CARTESIAN_POINT('',(-11.8348077530122,-6.7238,2.27635182233307));
#10065=CARTESIAN_POINT('',(-11.826134635544,-6.7238,2.22716412891636));
#10066=CARTESIAN_POINT('',(-10.85,-6.8,2.45));
#10067=CARTESIAN_POINT('',(-10.85,-6.8,3.45));
#10068=CARTESIAN_POINT('',(-10.85,-6.7238,3.45));
#10069=CARTESIAN_POINT('',(-10.85,-6.7238,2.45));
#10070=CARTESIAN_POINT('',(10.5623696111087,-6.8,3.45));
#10071=CARTESIAN_POINT('',(10.85,-6.8,3.45));
#10072=CARTESIAN_POINT('',(10.85,-6.7238,3.45));
#10073=CARTESIAN_POINT('',(10.5623696111087,-6.7238,3.45));
#10074=CARTESIAN_POINT('',(10.85,-6.8,2.45));
#10075=CARTESIAN_POINT('',(10.85,-6.7238,2.45));
#10076=CARTESIAN_POINT('',(10.5623696111087,-6.8,3.95));
#10077=CARTESIAN_POINT('',(10.5623696111087,-6.4,3.95));
#10078=CARTESIAN_POINT('',(-10.5623696111087,-1.4,3.95));
#10079=CARTESIAN_POINT('',(-10.5623696111087,-6.8,2.45));
#10080=CARTESIAN_POINT('',(-10.85,-6.8,2.45));
#10081=CARTESIAN_POINT('',(-11.9098501037917,-6.8,2.26311983119485));
#10082=CARTESIAN_POINT('',(-10.85,-6.8,3.5262));
#10083=CARTESIAN_POINT('',(-10.5623696111087,-6.8,3.5262));
#10084=CARTESIAN_POINT('',(10.85,-6.8,3.5262));
#10085=CARTESIAN_POINT('',(10.85,-6.8,2.45));
#10086=CARTESIAN_POINT('',(11.9098501037917,-6.8,2.26311983119485));
#10087=CARTESIAN_POINT('',(11.264188156787,-6.8,-1.39861103047195));
#10088=CARTESIAN_POINT('',(11.0458478983203,-6.8,-2.63688016880515));
#10089=CARTESIAN_POINT('',(9.98599779452852,-6.8,-2.45));
#10090=CARTESIAN_POINT('',(9.98599779452852,-6.8,-3.5262));
#10091=CARTESIAN_POINT('',(-10.5623696111087,-6.8,-3.5262));
#10092=CARTESIAN_POINT('',(-9.98599779452852,-6.8,-3.5262));
#10093=CARTESIAN_POINT('',(-9.98599779452852,-6.8,-2.45));
#10094=CARTESIAN_POINT('',(-11.0458478983203,-6.8,-2.63688016880515));
#10095=CARTESIAN_POINT('',(-11.9011769863236,-6.8,2.21393213777814));
#10096=CARTESIAN_POINT('',(9.6983674056372,-6.8,-3.55));
#10097=CARTESIAN_POINT('',(-9.98599779452852,-6.8,-3.55));
#10098=CARTESIAN_POINT('',(9.98599779452852,-6.8,-3.55));
#10099=CARTESIAN_POINT('',(9.98599779452852,-6.8,-2.45));
#10100=CARTESIAN_POINT('',(11.069286322842,-6.8,-2.64101299543363));
#10101=CARTESIAN_POINT('',(11.9246154108453,-6.8,2.20979931114966));
#10102=CARTESIAN_POINT('',(11.9332885283134,-6.8,2.25898700456638));
#10103=CARTESIAN_POINT('',(10.85,-6.8,2.45));
#10104=CARTESIAN_POINT('',(10.85,-6.8,3.55));
#10105=CARTESIAN_POINT('',(-10.5623696111087,-6.8,3.55));
#10106=CARTESIAN_POINT('',(-10.85,-6.8,3.55));
#10107=CARTESIAN_POINT('',(-10.85,-6.8,2.45));
#10108=CARTESIAN_POINT('',(-11.9332885283134,-6.8,2.25898700456638));
#10109=CARTESIAN_POINT('',(-11.0606132053738,-6.8,-2.69020068885034));
#10110=CARTESIAN_POINT('',(-11.069286322842,-6.8,-2.64101299543363));
#10111=CARTESIAN_POINT('',(-9.98599779452852,-6.8,-2.45));
#10112=CARTESIAN_POINT('',(-10.85,-1.4,2.45));
#10113=CARTESIAN_POINT('',(-10.85,-1.4,4.45));
#10114=CARTESIAN_POINT('',(-12.8196155060244,-1.4,2.10270364466614));
#10115=CARTESIAN_POINT('',(-12.8109423885562,-1.4,2.05351595124943));
#10116=CARTESIAN_POINT('',(-11.9556133005529,-1.4,-2.79729635533386));
#10117=CARTESIAN_POINT('',(10.5623696111087,-1.4,4.45));
#10118=CARTESIAN_POINT('',(10.85,-1.4,4.45));
#10119=CARTESIAN_POINT('',(-9.98599779452852,-1.4,-2.45));
#10120=CARTESIAN_POINT('',(-9.98599779452852,-1.4,-4.45));
#10121=CARTESIAN_POINT('',(10.85,-1.4,2.45));
#10122=CARTESIAN_POINT('',(12.8196155060244,-1.4,2.10270364466614));
#10123=CARTESIAN_POINT('',(-9.6983674056372,-1.4,-4.45));
#10124=CARTESIAN_POINT('',(9.98599779452852,-1.4,-4.45));
#10125=CARTESIAN_POINT('',(12.8109423885562,-1.4,2.05351595124943));
#10126=CARTESIAN_POINT('',(11.9556133005529,-1.4,-2.79729635533386));
#10127=CARTESIAN_POINT('',(9.98599779452852,-1.4,-2.45));
#10128=CARTESIAN_POINT('',(-10.85,-6.4,2.45));
#10129=CARTESIAN_POINT('',(-10.85,-6.4,3.55));
#10130=CARTESIAN_POINT('',(-11.9332885283134,-6.4,2.25898700456638));
#10131=CARTESIAN_POINT('',(-11.9246154108452,-6.4,2.20979931114966));
#10132=CARTESIAN_POINT('',(-11.069286322842,-6.4,-2.64101299543363));
#10133=CARTESIAN_POINT('',(-10.5623696111087,-6.4,3.55));
#10134=CARTESIAN_POINT('',(10.85,-6.4,3.55));
#10135=CARTESIAN_POINT('',(-9.98599779452852,-6.4,-2.45));
#10136=CARTESIAN_POINT('',(-9.98599779452852,-6.4,-3.55));
#10137=CARTESIAN_POINT('',(10.85,-6.4,2.45));
#10138=CARTESIAN_POINT('',(11.9332885283134,-6.4,2.25898700456638));
#10139=CARTESIAN_POINT('',(-10.5623696111087,-6.4,-3.55));
#10140=CARTESIAN_POINT('',(9.98599779452852,-6.4,-3.55));
#10141=CARTESIAN_POINT('',(11.2876265813087,-6.4,-1.40274385710043));
#10142=CARTESIAN_POINT('',(11.069286322842,-6.4,-2.64101299543363));
#10143=CARTESIAN_POINT('',(9.98599779452852,-6.4,-2.45));
#10144=CARTESIAN_POINT('',(-9.6983674056372,-6.7238,-3.45));
#10145=CARTESIAN_POINT('',(-9.98599779452852,-6.2238,-2.95));
#10146=CARTESIAN_POINT('',(9.98599779452852,-6.2238,-2.95));
#10147=CARTESIAN_POINT('',(9.98599779452852,-6.7238,-2.45));
#10148=CARTESIAN_POINT('',(10.9708055475407,-6.7238,-2.62364817766693));
#10149=CARTESIAN_POINT('',(-9.98599779452852,-6.7238,-2.45));
#10150=CARTESIAN_POINT('',(-10.9708055475407,-6.7238,-2.62364817766693));
#10151=CARTESIAN_POINT('',(10.9621324300725,-6.7238,-2.67283587108364));
#10152=CARTESIAN_POINT('',(11.8348077530122,-6.7238,2.27635182233307));
#10153=CARTESIAN_POINT('',(-11.826134635544,-6.7238,2.22716412891636));
#10154=CARTESIAN_POINT('',(-11.8348077530122,-6.7238,2.27635182233307));
#10155=CARTESIAN_POINT('',(10.85,-6.7238,2.45));
#10156=CARTESIAN_POINT('',(10.85,-6.2238,2.95));
#10157=CARTESIAN_POINT('',(-10.85,-6.7238,2.45));
#10158=CARTESIAN_POINT('',(-10.85,-6.2238,2.95));
#10159=CARTESIAN_POINT('',(10.5623696111087,-6.7238,3.45));
#10160=CARTESIAN_POINT('',(-18.1,-0.9,4.8));
#10161=CARTESIAN_POINT('',(18.1,-0.9,-4.8));
#10162=CARTESIAN_POINT('',(18.1,-0.9,4.8));
#10163=CARTESIAN_POINT('',(-18.1,-0.9,-4.8));
#10164=CARTESIAN_POINT('',(3.08345168226167E-17,-1.7,-1.42));
#10165=CARTESIAN_POINT('',(3.08345168226167E-17,-6.5,-1.42));
#10166=CARTESIAN_POINT('',(3.08345168226167E-17,-6.5,-0.87));
#10167=CARTESIAN_POINT('',(3.08345168226167E-17,-4.25,-1.42));
#10168=CARTESIAN_POINT('',(3.08345168226167E-17,-4.25,-1.97));
#10169=CARTESIAN_POINT('',(1.385,-1.7,1.42));
#10170=CARTESIAN_POINT('',(1.385,-6.5,1.42));
#10171=CARTESIAN_POINT('',(1.385,-6.5,1.97));
#10172=CARTESIAN_POINT('',(1.385,-4.25,1.42));
#10173=CARTESIAN_POINT('',(1.385,-4.25,0.87));
#10174=CARTESIAN_POINT('',(1.385,-4.25,1.42));
#10175=CARTESIAN_POINT('',(3.08345168226167E-17,-4.25,-1.42));
#10176=CARTESIAN_POINT('',(3.08345168226167E-17,-6.7,-1.42));
#10177=CARTESIAN_POINT('',(1.385,-6.5,1.42));
#10178=CARTESIAN_POINT('',(-11.7123696111087,3.,5.25));
#10179=CARTESIAN_POINT('',(-12.25,3.,5.25));
#10180=CARTESIAN_POINT('',(-12.25,2.5,5.25));
#10181=CARTESIAN_POINT('',(-12.25,0.35,5.25));
#10182=CARTESIAN_POINT('',(12.25,0.35,5.25));
#10183=CARTESIAN_POINT('',(12.25,0.35,5.25));
#10184=CARTESIAN_POINT('',(12.25,3.,5.25));
#10185=CARTESIAN_POINT('',(12.25,2.5,5.25));
#10186=CARTESIAN_POINT('',(-12.25,2.5,5.25));
#10187=CARTESIAN_POINT('',(-12.25,3.,3.75));
#10188=CARTESIAN_POINT('',(-13.7272116295183,3.,3.4895277334996));
#10189=CARTESIAN_POINT('',(-13.7272116295183,2.5,3.4895277334996));
#10190=CARTESIAN_POINT('',(-13.7272116295183,0.35,3.4895277334996));
#10191=CARTESIAN_POINT('',(-12.25,0.35,3.75));
#10192=CARTESIAN_POINT('',(-12.25,2.5,3.75));
#10193=CARTESIAN_POINT('',(-13.7110000896484,3.,3.39758752216718));
#10194=CARTESIAN_POINT('',(-12.4047592742048,3.,-4.0104722665004));
#10195=CARTESIAN_POINT('',(-12.4047592742048,2.5,-4.0104722665004));
#10196=CARTESIAN_POINT('',(-12.4047592742048,0.35,-4.0104722665004));
#10197=CARTESIAN_POINT('',(-13.7272110792182,0.35,3.48952461259277));
#10198=CARTESIAN_POINT('',(-12.4047592742048,2.5,-4.0104722665004));
#10199=CARTESIAN_POINT('',(-10.9275476446865,3.,-3.75));
#10200=CARTESIAN_POINT('',(-10.9275476446865,3.,-5.25));
#10201=CARTESIAN_POINT('',(-10.9275476446865,2.5,-5.25));
#10202=CARTESIAN_POINT('',(-10.9275476446865,0.35,-5.25));
#10203=CARTESIAN_POINT('',(-10.9275476446865,0.35,-3.75));
#10204=CARTESIAN_POINT('',(-10.9275476446865,2.5,-3.75));
#10205=CARTESIAN_POINT('',(10.3899172557952,3.,-5.25));
#10206=CARTESIAN_POINT('',(10.9275476446865,3.,-5.25));
#10207=CARTESIAN_POINT('',(10.9275476446865,2.5,-5.25));
#10208=CARTESIAN_POINT('',(10.9275476446865,0.35,-5.25));
#10209=CARTESIAN_POINT('',(-10.9275476446865,0.35,-5.25));
#10210=CARTESIAN_POINT('',(10.9275476446865,2.5,-5.25));
#10211=CARTESIAN_POINT('',(10.9275476446865,3.,-3.75));
#10212=CARTESIAN_POINT('',(12.4047592742048,3.,-4.0104722665004));
#10213=CARTESIAN_POINT('',(12.4047592742048,2.5,-4.0104722665004));
#10214=CARTESIAN_POINT('',(12.4047592742048,0.35,-4.0104722665004));
#10215=CARTESIAN_POINT('',(10.9275476446865,0.35,-3.75));
#10216=CARTESIAN_POINT('',(10.9275476446865,2.5,-3.75));
#10217=CARTESIAN_POINT('',(13.7110000896484,3.,3.39758752216718));
#10218=CARTESIAN_POINT('',(13.7272116295183,3.,3.4895277334996));
#10219=CARTESIAN_POINT('',(13.7272116295183,2.5,3.4895277334996));
#10220=CARTESIAN_POINT('',(13.7272116295183,0.35,3.4895277334996));
#10221=CARTESIAN_POINT('',(12.4047587239535,0.35,-4.01047538713089));
#10222=CARTESIAN_POINT('',(13.7272116295183,2.5,3.4895277334996));
#10223=CARTESIAN_POINT('',(12.25,3.,3.75));
#10224=CARTESIAN_POINT('',(12.25,0.35,3.75));
#10225=CARTESIAN_POINT('',(12.25,2.5,3.75));
#10226=CARTESIAN_POINT('',(-11.7123696111087,3.5,3.75));
#10227=CARTESIAN_POINT('',(-10.9275476446865,3.5,-4.25));
#10228=CARTESIAN_POINT('',(10.9275476446865,3.5,-4.25));
#10229=CARTESIAN_POINT('',(-10.9275476446865,3.5,-4.25));
#10230=CARTESIAN_POINT('',(-10.9275476446865,3.5,-3.75));
#10231=CARTESIAN_POINT('',(-11.4199515211926,3.5,-3.83682408883347));
#10232=CARTESIAN_POINT('',(-12.7424038765061,3.5,3.66317591116653));
#10233=CARTESIAN_POINT('',(-12.7424038765061,3.5,3.66317591116653));
#10234=CARTESIAN_POINT('',(-12.25,3.5,3.75));
#10235=CARTESIAN_POINT('',(-12.25,3.5,4.25));
#10236=CARTESIAN_POINT('',(12.25,3.5,4.25));
#10237=CARTESIAN_POINT('',(12.25,3.5,4.25));
#10238=CARTESIAN_POINT('',(12.25,3.5,3.75));
#10239=CARTESIAN_POINT('',(12.7424038765061,3.5,3.66317591116653));
#10240=CARTESIAN_POINT('',(11.4199515211926,3.5,-3.83682408883347));
#10241=CARTESIAN_POINT('',(11.4199515211926,3.5,-3.83682408883347));
#10242=CARTESIAN_POINT('',(10.9275476446865,3.5,-3.75));
#10243=CARTESIAN_POINT('',(9.98599779452852,3.5,-3.95));
#10244=CARTESIAN_POINT('',(9.98599779452852,3.5,-3.95));
#10245=CARTESIAN_POINT('',(-9.98599779452852,3.5,-3.95));
#10246=CARTESIAN_POINT('',(9.98599779452852,3.5,-2.45));
#10247=CARTESIAN_POINT('',(11.4632094240468,3.5,-2.7104722665004));
#10248=CARTESIAN_POINT('',(12.3272116295183,3.5,2.18952773349961));
#10249=CARTESIAN_POINT('',(12.3272116295183,3.5,2.18952773349961));
#10250=CARTESIAN_POINT('',(10.85,3.5,2.45));
#10251=CARTESIAN_POINT('',(10.85,3.5,3.95));
#10252=CARTESIAN_POINT('',(-10.85,3.5,3.95));
#10253=CARTESIAN_POINT('',(-10.85,3.5,3.95));
#10254=CARTESIAN_POINT('',(-10.85,3.5,2.45));
#10255=CARTESIAN_POINT('',(-12.3272116295183,3.5,2.18952773349961));
#10256=CARTESIAN_POINT('',(-11.4632094240468,3.5,-2.7104722665004));
#10257=CARTESIAN_POINT('',(-11.4632094240468,3.5,-2.7104722665004));
#10258=CARTESIAN_POINT('',(-9.98599779452852,3.5,-2.45));
#10259=CARTESIAN_POINT('',(9.98599779452852,4.,-3.95));
#10260=CARTESIAN_POINT('',(-9.98599779452852,4.,-3.95));
#10261=CARTESIAN_POINT('',(-9.98599779452852,3.9,-3.95));
#10262=CARTESIAN_POINT('',(9.98599779452852,3.9,-3.95));
#10263=CARTESIAN_POINT('',(9.98599779452852,3.9,-3.95));
#10264=CARTESIAN_POINT('',(9.98599779452852,4.,-3.95));
#10265=CARTESIAN_POINT('',(-9.98599779452852,4.,-2.45));
#10266=CARTESIAN_POINT('',(-11.4632094240468,4.,-2.7104722665004));
#10267=CARTESIAN_POINT('',(-11.4632094240468,3.9,-2.7104722665004));
#10268=CARTESIAN_POINT('',(-9.98599779452852,3.9,-2.45));
#10269=CARTESIAN_POINT('',(-11.4632094240468,4.,-2.7104722665004));
#10270=CARTESIAN_POINT('',(-12.3272116295183,4.,2.18952773349961));
#10271=CARTESIAN_POINT('',(-12.3272116295183,3.9,2.18952773349961));
#10272=CARTESIAN_POINT('',(-11.4632094240468,3.9,-2.7104722665004));
#10273=CARTESIAN_POINT('',(-10.85,4.,2.45));
#10274=CARTESIAN_POINT('',(-10.85,4.,3.95));
#10275=CARTESIAN_POINT('',(-10.85,3.9,3.95));
#10276=CARTESIAN_POINT('',(-10.85,3.9,2.45));
#10277=CARTESIAN_POINT('',(-10.85,4.,3.95));
#10278=CARTESIAN_POINT('',(10.85,4.,3.95));
#10279=CARTESIAN_POINT('',(10.85,3.9,3.95));
#10280=CARTESIAN_POINT('',(-10.85,3.9,3.95));
#10281=CARTESIAN_POINT('',(10.85,4.,2.45));
#10282=CARTESIAN_POINT('',(12.3272116295183,4.,2.18952773349961));
#10283=CARTESIAN_POINT('',(12.3272116295183,3.9,2.18952773349961));
#10284=CARTESIAN_POINT('',(10.85,3.9,2.45));
#10285=CARTESIAN_POINT('',(12.3272116295183,4.,2.18952773349961));
#10286=CARTESIAN_POINT('',(11.4632094240468,4.,-2.7104722665004));
#10287=CARTESIAN_POINT('',(11.4632094240468,3.9,-2.7104722665004));
#10288=CARTESIAN_POINT('',(12.3272116295183,3.9,2.18952773349961));
#10289=CARTESIAN_POINT('',(9.98599779452852,4.,-2.45));
#10290=CARTESIAN_POINT('',(9.98599779452852,3.9,-2.45));
#10291=CARTESIAN_POINT('',(-9.98599779452852,4.,-2.45));
#10292=CARTESIAN_POINT('',(-9.98599779452852,4.,-3.85));
#10293=CARTESIAN_POINT('',(9.98599779452852,4.,-3.85));
#10294=CARTESIAN_POINT('',(-9.98599779452852,4.,-3.85));
#10295=CARTESIAN_POINT('',(-9.98599779452852,4.,-2.45));
#10296=CARTESIAN_POINT('',(-11.3647286487456,4.,-2.6931074487337));
#10297=CARTESIAN_POINT('',(-12.2287308542171,4.,2.2068925512663));
#10298=CARTESIAN_POINT('',(-12.2287308542171,4.,2.2068925512663));
#10299=CARTESIAN_POINT('',(-10.85,4.,2.45));
#10300=CARTESIAN_POINT('',(-10.85,4.,3.85));
#10301=CARTESIAN_POINT('',(10.85,4.,3.85));
#10302=CARTESIAN_POINT('',(10.85,4.,3.85));
#10303=CARTESIAN_POINT('',(10.85,4.,2.45));
#10304=CARTESIAN_POINT('',(12.2287308542171,4.,2.2068925512663));
#10305=CARTESIAN_POINT('',(11.3647286487456,4.,-2.6931074487337));
#10306=CARTESIAN_POINT('',(11.3647286487456,4.,-2.6931074487337));
#10307=CARTESIAN_POINT('',(9.98599779452852,4.,-2.45));
#10308=CARTESIAN_POINT('',(0.,4.,-1.42));
#10309=CARTESIAN_POINT('',(-0.8,4.,-1.42));
#10310=CARTESIAN_POINT('',(1.385,4.,1.42));
#10311=CARTESIAN_POINT('',(0.585,4.,1.42));
#10312=CARTESIAN_POINT('',(1.385,8.2,1.42));
#10313=CARTESIAN_POINT('',(1.385,8.2,1.42));
#10314=CARTESIAN_POINT('',(2.16149452670318,8.2,1.2275));
#10315=CARTESIAN_POINT('',(0.608505473296817,8.2,1.2275));
#10316=CARTESIAN_POINT('',(0.835,8.2,1.2275));
#10317=CARTESIAN_POINT('',(2.18500011376151,8.2,1.2275));
#10318=CARTESIAN_POINT('',(1.385,8.2,1.42));
#10319=CARTESIAN_POINT('',(0.585000113761512,6.2,1.42));
#10320=CARTESIAN_POINT('',(0.585000113761512,6.97,1.42));
#10321=CARTESIAN_POINT('',(0.585000113761512,8.0075,1.42));
#10322=CARTESIAN_POINT('',(0.585000113761512,8.0075,1.42));
#10323=CARTESIAN_POINT('',(0.585000113761512,8.10979126405084,1.42));
#10324=CARTESIAN_POINT('',(0.583894087803823,8.2000000000002,1.32677587599876));
#10325=CARTESIAN_POINT('',(0.608505473296637,8.2000000000002,1.22750000000001));
#10326=CARTESIAN_POINT('',(2.16149452670318,8.2,1.2275));
#10327=CARTESIAN_POINT('',(2.18610093253226,8.2,1.32675578934088));
#10328=CARTESIAN_POINT('',(2.185,8.1097872362472,1.42000000010319));
#10329=CARTESIAN_POINT('',(2.185,8.00749999980581,1.42));
#10330=CARTESIAN_POINT('',(2.18500011376151,8.0075,1.42));
#10331=CARTESIAN_POINT('',(2.18500011376151,6.2,1.42));
#10332=CARTESIAN_POINT('',(2.18500011376151,6.97,1.42));
#10333=CARTESIAN_POINT('',(2.18500011376151,6.97,1.42));
#10334=CARTESIAN_POINT('',(2.18500011376151,6.72313567094624,1.42));
#10335=CARTESIAN_POINT('',(2.21165624333048,6.35873247466451,1.62341730352401));
#10336=CARTESIAN_POINT('',(1.94278233831371,6.20088339297167,2.03505372805369));
#10337=CARTESIAN_POINT('',(1.72090435297106,6.20000000126626,2.15649380382983));
#10338=CARTESIAN_POINT('',(1.60202544738695,6.2,2.18999997090032));
#10339=CARTESIAN_POINT('',(1.60202545790362,6.2,2.19));
#10340=CARTESIAN_POINT('',(1.38500011376151,6.2,1.42));
#10341=CARTESIAN_POINT('',(1.16797476961941,6.2,2.19));
#10342=CARTESIAN_POINT('',(1.16797476961941,6.2,2.19));
#10343=CARTESIAN_POINT('',(1.0492428872856,6.2,2.15653530634154));
#10344=CARTESIAN_POINT('',(0.82893453936394,6.20108328382318,2.03607953832788));
#10345=CARTESIAN_POINT('',(0.559080974011433,6.35570613316527,1.62686410397934));
#10346=CARTESIAN_POINT('',(0.585,6.72299749211114,1.4200000000113));
#10347=CARTESIAN_POINT('',(0.585,6.96999999996478,1.42));
#10348=CARTESIAN_POINT('',(0.,8.2,-1.42));
#10349=CARTESIAN_POINT('',(0.,8.2,-1.42));
#10350=CARTESIAN_POINT('',(-0.776494526703183,8.2,-1.2275));
#10351=CARTESIAN_POINT('',(0.776494526703183,8.2,-1.2275));
#10352=CARTESIAN_POINT('',(0.,8.2,-1.2275));
#10353=CARTESIAN_POINT('',(0.,8.2,-1.2275));
#10354=CARTESIAN_POINT('',(0.,8.2,-1.42));
#10355=CARTESIAN_POINT('',(0.800001132654998,6.2,-1.42));
#10356=CARTESIAN_POINT('',(0.800001132654998,6.97,-1.42));
#10357=CARTESIAN_POINT('',(0.800001132654998,8.0075,-1.42));
#10358=CARTESIAN_POINT('',(0.800001132654998,8.0075,-1.42));
#10359=CARTESIAN_POINT('',(0.800001132654998,8.10979127251907,-1.42));
#10360=CARTESIAN_POINT('',(0.801105912085874,8.2000000000002,-1.32677587555382));
#10361=CARTESIAN_POINT('',(0.776494526703364,8.2000000000002,-1.22750000000001));
#10362=CARTESIAN_POINT('',(-0.776494526703183,8.2,-1.2275));
#10363=CARTESIAN_POINT('',(-0.801100932487738,8.2,-1.32675578916127));
#10364=CARTESIAN_POINT('',(-0.8,8.10978723818977,-1.41999999897263));
#10365=CARTESIAN_POINT('',(-0.8,8.00750000193346,-1.42));
#10366=CARTESIAN_POINT('',(-0.799998867345002,8.0075,-1.42));
#10367=CARTESIAN_POINT('',(-0.799998867345002,6.2,-1.42));
#10368=CARTESIAN_POINT('',(-0.799998867345002,6.97,-1.42));
#10369=CARTESIAN_POINT('',(-0.799998867345002,6.97,-1.42));
#10370=CARTESIAN_POINT('',(-0.799998867345002,6.72313549552027,-1.42));
#10371=CARTESIAN_POINT('',(-0.826656559347515,6.35873199734591,-1.62341771372867));
#10372=CARTESIAN_POINT('',(-0.557781647680396,6.20088327734542,-2.03505438177091));
#10373=CARTESIAN_POINT('',(-0.335903365589325,6.19999998739277,-2.15649427064011));
#10374=CARTESIAN_POINT('',(-0.217024316195111,6.20000000000005,-2.19000028972725));
#10375=CARTESIAN_POINT('',(-0.217024211487107,6.2,-2.19));
#10376=CARTESIAN_POINT('',(1.1326549982215E-6,6.2,-1.42));
#10377=CARTESIAN_POINT('',(0.217026476797103,6.2,-2.19));
#10378=CARTESIAN_POINT('',(0.217026476797103,6.2,-2.19));
#10379=CARTESIAN_POINT('',(0.33575826268613,6.2,-2.15653514133075));
#10380=CARTESIAN_POINT('',(0.556066062540605,6.2010834094939,-2.03607871815073));
#10381=CARTESIAN_POINT('',(0.825919030194874,6.355706618927,-1.62686375987469));
#10382=CARTESIAN_POINT('',(0.8,6.72299769472014,-1.41999999988751));
#10383=CARTESIAN_POINT('',(0.8,6.97000000035067,-1.42));
#10384=CARTESIAN_POINT('',(1.1326549982215E-6,6.2,-1.42));
#10385=CARTESIAN_POINT('',(1.1326549982215E-6,6.2,-2.19));
#10386=CARTESIAN_POINT('',(0.800001132654998,6.2,-1.42));
#10387=CARTESIAN_POINT('',(0.800001132654998,8.0075,-1.42));
#10388=CARTESIAN_POINT('',(0.800001132654998,6.97,-1.42));
#10389=CARTESIAN_POINT('',(-0.55,6.2,-1.42));
#10390=CARTESIAN_POINT('',(-0.55,8.0075,-1.42));
#10391=CARTESIAN_POINT('',(-0.674999433672501,6.97,-1.42));
#10392=CARTESIAN_POINT('',(1.385,6.2,1.42));
#10393=CARTESIAN_POINT('',(1.935,6.2,2.19));
#10394=CARTESIAN_POINT('',(0.835,6.2,1.42));
#10395=CARTESIAN_POINT('',(0.585000113761512,8.0075,1.42));
#10396=CARTESIAN_POINT('',(0.710000056880756,6.97,1.42));
#10397=CARTESIAN_POINT('',(2.18500011376151,6.2,1.42));
#10398=CARTESIAN_POINT('',(1.935,8.0075,1.42));
#10399=CARTESIAN_POINT('',(2.18500011376151,6.97,1.42));
#10400=CARTESIAN_POINT('',(1.385,6.97,2.19));
#10401=CARTESIAN_POINT('',(0.800001132654998,6.97,-2.19));
#10402=CARTESIAN_POINT('',(2.18500011376151,8.0075,1.2275));
#10403=CARTESIAN_POINT('',(0.,8.0075,-1.2275));
#10404=CARTESIAN_POINT('',(0.,8.0075,-1.2275));
#10405=CARTESIAN_POINT('',(0.835,8.0075,1.2275));
#10406=CARTESIAN_POINT('',(0.,5.55,-1.42));
#10407=CARTESIAN_POINT('',(0.,5.,-1.42));
#10408=CARTESIAN_POINT('',(1.385,5.55,1.42));
#10409=CARTESIAN_POINT('',(1.385,5.,1.42));
#10410=CARTESIAN_POINT('',(12.25,2.5,3.75));
#10411=CARTESIAN_POINT('',(12.7424038765061,2.5,3.66317591116653));
#10412=CARTESIAN_POINT('',(12.25,2.5,4.25));
#10413=CARTESIAN_POINT('',(-11.7123696111087,2.5,4.25));
#10414=CARTESIAN_POINT('',(-12.25,2.5,4.25));
#10415=CARTESIAN_POINT('',(12.7261923366362,2.5,3.57123569983411));
#10416=CARTESIAN_POINT('',(11.4199515211926,2.5,-3.83682408883347));
#10417=CARTESIAN_POINT('',(-12.25,2.5,3.75));
#10418=CARTESIAN_POINT('',(-12.7424038765061,2.5,3.66317591116653));
#10419=CARTESIAN_POINT('',(10.9275476446865,2.5,-3.75));
#10420=CARTESIAN_POINT('',(10.9275476446865,2.5,-4.25));
#10421=CARTESIAN_POINT('',(-12.7261923366362,2.5,3.57123569983411));
#10422=CARTESIAN_POINT('',(-11.4199515211926,2.5,-3.83682408883347));
#10423=CARTESIAN_POINT('',(10.3899172557952,2.5,-4.25));
#10424=CARTESIAN_POINT('',(-10.9275476446865,2.5,-4.25));
#10425=CARTESIAN_POINT('',(-10.9275476446865,2.5,-3.75));
#10426=CARTESIAN_POINT('',(12.25,0.35,3.75));
#10427=CARTESIAN_POINT('',(14.0718943430726,0.35,3.42875087131618));
#10428=CARTESIAN_POINT('',(12.25,0.35,5.6));
#10429=CARTESIAN_POINT('',(0.,0.35,5.6));
#10430=CARTESIAN_POINT('',(-12.25,0.35,5.6));
#10431=CARTESIAN_POINT('',(13.0612238766506,0.35,-2.30304617052712));
#10432=CARTESIAN_POINT('',(12.7494419877591,0.35,-4.07124912868382));
#10433=CARTESIAN_POINT('',(-12.25,0.35,3.75));
#10434=CARTESIAN_POINT('',(-14.0718943430726,0.35,3.42875087131618));
#10435=CARTESIAN_POINT('',(10.9275476446865,0.35,-3.75));
#10436=CARTESIAN_POINT('',(10.9275476446865,0.35,-5.6));
#10437=CARTESIAN_POINT('',(-13.0612238766506,0.35,-2.30304617052712));
#10438=CARTESIAN_POINT('',(-12.7494419877591,0.35,-4.07124912868382));
#10439=CARTESIAN_POINT('',(2.33747084464308E-16,0.35,-5.6));
#10440=CARTESIAN_POINT('',(-10.9275476446865,0.35,-5.6));
#10441=CARTESIAN_POINT('',(-10.9275476446865,0.35,-3.75));
#10442=CARTESIAN_POINT('',(16.65,0.3,0.));
#10443=CARTESIAN_POINT('',(16.65,0.3,0.));
#10444=CARTESIAN_POINT('',(16.65,0.3,-1.85));
#10445=CARTESIAN_POINT('',(-16.65,0.3,0.));
#10446=CARTESIAN_POINT('',(-16.65,0.3,0.));
#10447=CARTESIAN_POINT('',(-16.65,0.3,1.85));
#10448=CARTESIAN_POINT('',(16.65,0.15,0.));
#10449=CARTESIAN_POINT('',(16.65,0.171428571428572,0.));
#10450=CARTESIAN_POINT('',(16.65,0.171428571428572,-1.99846149779162));
#10451=CARTESIAN_POINT('',(-16.65,0.15,0.));
#10452=CARTESIAN_POINT('',(-16.65,0.171428571428572,0.));
#10453=CARTESIAN_POINT('',(-16.65,0.171428571428572,-1.99846149779162));
#10454=CARTESIAN_POINT('',(16.65,0.2,0.));
#10455=CARTESIAN_POINT('',(-16.65,0.2,0.));
#10456=CARTESIAN_POINT('',(16.65,-0.8,0.));
#10457=CARTESIAN_POINT('',(-16.65,-0.8,0.));
#10458=CARTESIAN_POINT('',(10.85,3.9,2.45));
#10459=CARTESIAN_POINT('',(10.85,3.9,3.85));
#10460=CARTESIAN_POINT('',(12.2287308542171,3.9,2.2068925512663));
#10461=CARTESIAN_POINT('',(10.7624992929199,3.9,-6.10851984566817));
#10462=CARTESIAN_POINT('',(11.3647286487456,3.9,-2.6931074487337));
#10463=CARTESIAN_POINT('',(-9.98599779452852,3.9,3.85));
#10464=CARTESIAN_POINT('',(-10.85,3.9,3.85));
#10465=CARTESIAN_POINT('',(9.98599779452852,3.9,-2.45));
#10466=CARTESIAN_POINT('',(9.98599779452852,3.9,-3.85));
#10467=CARTESIAN_POINT('',(-10.85,3.9,2.45));
#10468=CARTESIAN_POINT('',(-12.2287308542171,3.9,2.2068925512663));
#10469=CARTESIAN_POINT('',(-9.98599779452852,3.9,-3.85));
#10470=CARTESIAN_POINT('',(-9.98599779452852,3.9,-3.85));
#10471=CARTESIAN_POINT('',(-11.3647286487456,3.9,-2.6931074487337));
#10472=CARTESIAN_POINT('',(-11.3647286487456,3.9,-2.6931074487337));
#10473=CARTESIAN_POINT('',(-9.98599779452852,3.9,-2.45));
#10474=MECHANICAL_DESIGN_GEOMETRIC_PRESENTATION_REPRESENTATION('',(#4352,
#4353,#4354,#4355,#4356,#4357,#4358,#4359,#4360,#4361,#4362,#4363,#4364,
#4365,#4366,#4367,#4368,#4369,#4370,#4371,#4372,#4373,#4374,#4375,#4376,
#4377,#4378,#4379,#4380,#4381,#4382,#4383,#4384,#4385,#4386,#4387,#4388,
#4389,#4390,#4391,#4392,#4393,#4394,#4395,#4396,#4397,#4398,#4399,#4400,
#4401,#4402,#4403,#4404,#4405,#4406,#4407,#4408,#4409,#4410,#4411,#4412,
#4413,#4414,#4415,#4416,#4417,#4418,#4419,#4420,#4421,#4422,#4423,#4424,
#4425,#4426,#4427,#4428,#4429,#4430,#4431,#4432,#4433,#4434,#4435,#4436,
#4437,#4438,#4439,#4440,#4441,#4442,#4443,#4444,#4445,#4446,#4447,#4448,
#4449,#4450,#4451,#4452,#4453,#4454,#4455,#4456,#4457,#4458,#4459,#4460,
#4461,#4462,#4463,#4464,#4465,#4466,#4467,#4468,#4469,#4470,#4471,#4472,
#4473,#4474,#4475,#4476,#4477,#4478,#4479,#4480,#4481,#4482,#4483,#4484,
#4485,#4486,#4487,#4488,#4489,#4490,#4491,#4492,#4493,#4494,#4495,#4496,
#4497,#4498,#4499,#4500,#4501,#4502,#4503,#4504,#4505,#4506,#4507,#4508,
#4509,#4510,#4511,#4512,#4513,#4514,#4515,#4516,#4517,#4518,#4519,#4520,
#4521,#4522,#4523,#4524,#4525,#4526,#4527,#4528,#4529,#4530,#4531,#4532,
#4533,#4534,#4535,#4536,#4537,#4538,#4539,#4540,#4541,#4542,#4543,#4544,
#4545,#4546,#4547,#4548,#4549,#4550,#4551,#4552,#4553,#4554,#4555,#4556,
#4557,#4558,#4559,#4560,#4561,#4562,#4563,#4564,#4565,#4566,#4567,#4568,
#4569,#4570,#4571,#4572,#4573,#4574,#4575,#4576,#4577,#4578,#4579,#4580,
#4581,#4582,#4583,#4584,#4585,#4586,#4587,#4588,#4589,#4590,#4591,#4592,
#4593,#4594,#4595,#4596,#4597,#4598,#4599,#4600,#4601,#4602,#4603,#4604,
#4605,#4606,#4607,#4608,#4609,#4610,#4611,#4612,#4613,#4614,#4615,#4616,
#4617,#4618,#4619,#4620,#4621,#4622,#4623,#4624,#4625,#4626,#4627,#4628,
#4629,#4630,#4631,#4632,#4633,#4634,#4635,#4636,#4637,#4638,#4639,#4640,
#4641,#4642,#4643,#4644,#4645,#4646,#4647,#4648,#4649,#4650),#10475);
#10475=(
GEOMETRIC_REPRESENTATION_CONTEXT(3)
GLOBAL_UNCERTAINTY_ASSIGNED_CONTEXT((#10476))
GLOBAL_UNIT_ASSIGNED_CONTEXT((#10479,#10478,#10477))
REPRESENTATION_CONTEXT('CN-DSUB15SKT0-000','TOP_LEVEL_ASSEMBLY_PART')
);
#10476=UNCERTAINTY_MEASURE_WITH_UNIT(LENGTH_MEASURE(0.005),#10479,
'DISTANCE_ACCURACY_VALUE','Maximum Tolerance applied to model');
#10477=(
NAMED_UNIT(*)
SI_UNIT($,.STERADIAN.)
SOLID_ANGLE_UNIT()
);
#10478=(
NAMED_UNIT(*)
PLANE_ANGLE_UNIT()
SI_UNIT($,.RADIAN.)
);
#10479=(
LENGTH_UNIT()
NAMED_UNIT(*)
SI_UNIT(.MILLI.,.METRE.)
);
#10480=PRODUCT_DEFINITION_SHAPE('','',#10481);
#10481=PRODUCT_DEFINITION('','',#10483,#10482);
#10482=PRODUCT_DEFINITION_CONTEXT('',#10489,'design');
#10483=PRODUCT_DEFINITION_FORMATION_WITH_SPECIFIED_SOURCE('','',#10485,
 .NOT_KNOWN.);
#10484=PRODUCT_RELATED_PRODUCT_CATEGORY('','',(#10485));
#10485=PRODUCT('CN-DSUB15SKT0-000','CN-DSUB15SKT0-000',
'CN-DSUB15SKT0-000',(#10487));
#10486=PRODUCT_CATEGORY('','');
#10487=PRODUCT_CONTEXT('',#10489,'mechanical');
#10488=APPLICATION_PROTOCOL_DEFINITION('international standard',
'automotive_design',2010,#10489);
#10489=APPLICATION_CONTEXT(
'core data for automotive mechanical design processes');
ENDSEC;
END-ISO-10303-21;
