  0
SECTION
  2
HEADER
  9
$ACADVER
  1
AC1015
  9
$ACADMAINTVER
 70
    20
  9
$DWGCODEPAGE
  3
ANSI_1252
  9
$INSBASE
 10
20.0
 20
5.0
 30
0.0
  9
$EXTMIN
 10
0.9997957516834503
 20
0.9772658766971744
 30
-0.000000000000013
  9
$EXTMAX
 10
840.0575111217277
 20
593.0366723270851
 30
0.0000000000000023
  9
$LIMMIN
 10
0.0
 20
0.0
  9
$LIMMAX
 10
420.0
 20
297.0
  9
$ORTHOMODE
 70
     1
  9
$REGENMODE
 70
     1
  9
$FILLMODE
 70
     1
  9
$QTEXTMODE
 70
     0
  9
$MIRRTEXT
 70
     1
  9
$LTSCALE
 40
1.0
  9
$ATTMODE
 70
     1
  9
$TEXTSIZE
 40
2.5
  9
$TRACEWID
 40
1.0
  9
$TEXTSTYLE
  7
Standard
  9
$CLAYER
  8
0
  9
$CELTYPE
  6
Continuous
  9
$CECOLOR
 62
     7
  9
$CELTSCALE
 40
1.0
  9
$DISPSILH
 70
     0
  9
$DIMSCALE
 40
1.0
  9
$DIMASZ
 40
3.72
  9
$DIMEXO
 40
0.0
  9
$DIMDLI
 40
5.0
  9
$DIMRND
 40
0.0
  9
$DIMDLE
 40
0.0
  9
$DIMEXE
 40
1.5
  9
$DIMTP
 40
0.0
  9
$DIMTM
 40
0.0
  9
$DIMTXT
 40
5.0
  9
$DIMCEN
 40
0.0
  9
$DIMTSZ
 40
0.0
  9
$DIMTOL
 70
     0
  9
$DIMLIM
 70
     0
  9
$DIMTIH
 70
     0
  9
$DIMTOH
 70
     0
  9
$DIMSE1
 70
     0
  9
$DIMSE2
 70
     0
  9
$DIMTAD
 70
     1
  9
$DIMZIN
 70
     8
  9
$DIMBLK
  1
_OPEN15
  9
$DIMASO
 70
     1
  9
$DIMSHO
 70
     1
  9
$DIMPOST
  1

  9
$DIMAPOST
  1
"
  9
$DIMALT
 70
     0
  9
$DIMALTD
 70
     2
  9
$DIMALTF
 40
0.0393700787401575
  9
$DIMLFAC
 40
1.0
  9
$DIMTOFL
 70
     1
  9
$DIMTVP
 40
0.0
  9
$DIMTIX
 70
     0
  9
$DIMSOXD
 70
     0
  9
$DIMSAH
 70
     0
  9
$DIMBLK1
  1

  9
$DIMBLK2
  1

  9
$DIMSTYLE
  2
phoenix
  9
$DIMCLRD
 70
     1
  9
$DIMCLRE
 70
     1
  9
$DIMCLRT
 70
     5
  9
$DIMTFAC
 40
0.6666666666666666
  9
$DIMGAP
 40
0.5
  9
$DIMJUST
 70
     0
  9
$DIMSD1
 70
     0
  9
$DIMSD2
 70
     0
  9
$DIMTOLJ
 70
     1
  9
$DIMTZIN
 70
     8
  9
$DIMALTZ
 70
     0
  9
$DIMALTTZ
 70
     0
  9
$DIMUPT
 70
     1
  9
$DIMDEC
 70
     6
  9
$DIMTDEC
 70
     6
  9
$DIMALTU
 70
     2
  9
$DIMALTTD
 70
     2
  9
$DIMTXSTY
  7
Standard
  9
$DIMAUNIT
 70
     0
  9
$DIMADEC
 70
     4
  9
$DIMALTRND
 40
0.0
  9
$DIMAZIN
 70
     2
  9
$DIMDSEP
 70
    46
  9
$DIMATFIT
 70
     0
  9
$DIMFRAC
 70
     0
  9
$DIMLDRBLK
  1
_OPEN15
  9
$DIMLUNIT
 70
     2
  9
$DIMLWD
 70
    25
  9
$DIMLWE
 70
    25
  9
$DIMTMOVE
 70
     0
  9
$LUNITS
 70
     2
  9
$LUPREC
 70
     4
  9
$SKETCHINC
 40
1.0
  9
$FILLETRAD
 40
1.0
  9
$AUNITS
 70
     0
  9
$AUPREC
 70
     0
  9
$MENU
  1
.
  9
$ELEVATION
 40
0.0
  9
$PELEVATION
 40
0.0
  9
$THICKNESS
 40
0.0
  9
$LIMCHECK
 70
     0
  9
$CHAMFERA
 40
1.5
  9
$CHAMFERB
 40
1.5
  9
$CHAMFERC
 40
20.0
  9
$CHAMFERD
 40
0.0
  9
$SKPOLY
 70
     0
  9
$TDCREATE
 40
2456695.327569445
  9
$TDUCREATE
 40
2456695.285913033
  9
$TDUPDATE
 40
2458330.314398148
  9
$TDUUPDATE
 40
2458330.231064815
  9
$TDINDWG
 40
0.8249923380
  9
$TDUSRTIMER
 40
0.8249923380
  9
$USRTIMER
 70
     1
  9
$ANGBASE
 50
0.0
  9
$ANGDIR
 70
     0
  9
$PDMODE
 70
    35
  9
$PDSIZE
 40
-2.0
  9
$PLINEWID
 40
0.0
  9
$SPLFRAME
 70
     0
  9
$SPLINETYPE
 70
     6
  9
$SPLINESEGS
 70
     8
  9
$HANDSEED
  5
2EACB
  9
$SURFTAB1
 70
     6
  9
$SURFTAB2
 70
     6
  9
$SURFTYPE
 70
     6
  9
$SURFU
 70
     6
  9
$SURFV
 70
     6
  9
$UCSBASE
  2

  9
$UCSNAME
  2

  9
$UCSORG
 10
0.0
 20
0.0
 30
0.0
  9
$UCSXDIR
 10
1.0
 20
0.0
 30
0.0
  9
$UCSYDIR
 10
0.0
 20
1.0
 30
0.0
  9
$UCSORTHOREF
  2

  9
$UCSORTHOVIEW
 70
     0
  9
$UCSORGTOP
 10
0.0
 20
0.0
 30
0.0
  9
$UCSORGBOTTOM
 10
0.0
 20
0.0
 30
0.0
  9
$UCSORGLEFT
 10
0.0
 20
0.0
 30
0.0
  9
$UCSORGRIGHT
 10
0.0
 20
0.0
 30
0.0
  9
$UCSORGFRONT
 10
0.0
 20
0.0
 30
0.0
  9
$UCSORGBACK
 10
0.0
 20
0.0
 30
0.0
  9
$PUCSBASE
  2

  9
$PUCSNAME
  2

  9
$PUCSORG
 10
0.0
 20
0.0
 30
0.0
  9
$PUCSXDIR
 10
1.0
 20
0.0
 30
0.0
  9
$PUCSYDIR
 10
0.0
 20
1.0
 30
0.0
  9
$PUCSORTHOREF
  2

  9
$PUCSORTHOVIEW
 70
     0
  9
$PUCSORGTOP
 10
0.0
 20
0.0
 30
0.0
  9
$PUCSORGBOTTOM
 10
0.0
 20
0.0
 30
0.0
  9
$PUCSORGLEFT
 10
0.0
 20
0.0
 30
0.0
  9
$PUCSORGRIGHT
 10
0.0
 20
0.0
 30
0.0
  9
$PUCSORGFRONT
 10
0.0
 20
0.0
 30
0.0
  9
$PUCSORGBACK
 10
0.0
 20
0.0
 30
0.0
  9
$USERI1
 70
     0
  9
$USERI2
 70
     0
  9
$USERI3
 70
     0
  9
$USERI4
 70
     0
  9
$USERI5
 70
     0
  9
$USERR1
 40
0.0
  9
$USERR2
 40
0.0
  9
$USERR3
 40
0.0
  9
$USERR4
 40
0.0
  9
$USERR5
 40
0.0
  9
$WORLDVIEW
 70
     1
  9
$SHADEDGE
 70
     3
  9
$SHADEDIF
 70
    70
  9
$TILEMODE
 70
     1
  9
$MAXACTVP
 70
    64
  9
$PINSBASE
 10
0.0
 20
0.0
 30
0.0
  9
$PLIMCHECK
 70
     0
  9
$PEXTMIN
 10
1.000000000000000E+20
 20
1.000000000000000E+20
 30
1.000000000000000E+20
  9
$PEXTMAX
 10
-1.000000000000000E+20
 20
-1.000000000000000E+20
 30
-1.000000000000000E+20
  9
$PLIMMIN
 10
0.0
 20
0.0
  9
$PLIMMAX
 10
420.0
 20
297.0
  9
$UNITMODE
 70
     0
  9
$VISRETAIN
 70
     1
  9
$PLINEGEN
 70
     0
  9
$PSLTSCALE
 70
     1
  9
$TREEDEPTH
 70
  3020
  9
$CMLSTYLE
  2
Standard
  9
$CMLJUST
 70
     0
  9
$CMLSCALE
 40
20.0
  9
$PROXYGRAPHICS
 70
     1
  9
$MEASUREMENT
 70
     1
  9
$CELWEIGHT
370
    50
  9
$ENDCAPS
280
     0
  9
$JOINSTYLE
280
     0
  9
$LWDISPLAY
290
     0
  9
$INSUNITS
 70
     4
  9
$HYPERLINKBASE
  1

  9
$STYLESHEET
  1
HP_SW.ctb
  9
$XEDIT
290
     1
  9
$CEPSNTYPE
380
     0
  9
$PSTYLEMODE
290
     1
  9
$FINGERPRINTGUID
  2
{F122DFAD-CE48-4796-AB5A-E869BAFD3937}
  9
$VERSIONGUID
  2
{3518381A-32E3-3448-93CD-3C5755CD8D57}
  9
$EXTNAMES
290
     1
  9
$PSVPSCALE
 40
0.0
  9
$OLESTARTUP
290
     0
  0
ENDSEC
  0
SECTION
  2
CLASSES
  0
CLASS
  1
ACDBDICTIONARYWDFLT
  2
AcDbDictionaryWithDefault
  3
ObjectDBX Classes
 90
        0
280
     0
281
     0
  0
CLASS
  1
ACDBPLACEHOLDER
  2
AcDbPlaceHolder
  3
ObjectDBX Classes
 90
        0
280
     0
281
     0
  0
CLASS
  1
LAYOUT
  2
AcDbLayout
  3
ObjectDBX Classes
 90
        0
280
     0
281
     0
  0
CLASS
  1
PH_VARS
  2
PhoenixVars
  3
PHOENIX7010
 90
        0
280
     0
281
     0
  0
CLASS
  1
PH_GROUP
  2
PhGroup
  3
PHOENIX7010
 90
        0
280
     0
281
     0
  0
CLASS
  1
DICTIONARYVAR
  2
AcDbDictionaryVar
  3
ObjectDBX Classes
 90
        0
280
     0
281
     0
  0
CLASS
  1
MATERIAL
  2
AcDbMaterial
  3
ObjectDBX Classes
 90
     1153
280
     0
281
     0
  0
CLASS
  1
VISUALSTYLE
  2
AcDbVisualStyle
  3
ObjectDBX Classes
 90
     4095
280
     0
281
     0
  0
CLASS
  1
TABLESTYLE
  2
AcDbTableStyle
  3
ObjectDBX Classes
 90
     4095
280
     0
281
     0
  0
CLASS
  1
PH_ENTDIMREACTOR
  2
EntDimReactor
  3
PHOENIX7010
 90
        0
280
     0
281
     0
  0
CLASS
  1
PH_DIMENTREACTOR
  2
DimEntReactor
  3
PHOENIX7010
 90
        0
280
     0
281
     0
  0
CLASS
  1
SORTENTSTABLE
  2
AcDbSortentsTable
  3
ObjectDBX Classes
 90
        0
280
     0
281
     0
  0
CLASS
  1
SCALE
  2
AcDbScale
  3
ObjectDBX Classes
 90
     1153
280
     0
281
     0
  0
CLASS
  1
MLEADERSTYLE
  2
AcDbMLeaderStyle
  3
ACDB_MLEADERSTYLE_CLASS
 90
     4095
280
     0
281
     0
  0
CLASS
  1
ACDBSECTIONVIEWSTYLE
  2
AcDbSectionViewStyle
  3
ObjectDBX Classes
 90
     1025
280
     0
281
     0
  0
CLASS
  1
ACDBDETAILVIEWSTYLE
  2
AcDbDetailViewStyle
  3
ObjectDBX Classes
 90
     1025
280
     0
281
     0
  0
CLASS
  1
CELLSTYLEMAP
  2
AcDbCellStyleMap
  3
ObjectDBX Classes
 90
     1152
280
     0
281
     0
  0
ENDSEC
  0
SECTION
  2
TABLES
  0
TABLE
  2
VPORT
  5
22
330
0
100
AcDbSymbolTable
 70
     1
  0
VPORT
  5
23
330
22
100
AcDbSymbolTableRecord
100
AcDbViewportTableRecord
  2
*Active
 70
     0
 10
0.0
 20
0.0
 11
1.0
 21
1.0
 12
420.5286534367055
 22
297.0069691018912
 13
0.0
 23
0.0
 14
10.0
 24
10.0
 15
10.0
 25
10.0
 16
0.0
 26
0.0
 36
1.0
 17
0.0
 27
0.0
 37
0.0
 40
596.5109809349773
 41
2.003764115432873
 42
50.0
 43
0.0
 44
0.0
 50
0.0
 51
0.0
 71
     0
 72
   100
 73
     1
 74
     3
 75
     0
 76
     0
 77
     0
 78
     0
281
     0
 65
     1
110
0.0
120
0.0
130
0.0
111
1.0
121
0.0
131
0.0
112
0.0
122
1.0
132
0.0
 79
     0
146
0.0
1001
ACAD_NAV_VCDISPLAY
1070
     3
  0
ENDTAB
  0
TABLE
  2
LTYPE
  5
1D
330
0
100
AcDbSymbolTable
 70
     4
  0
LTYPE
  5
1E
330
1D
100
AcDbSymbolTableRecord
100
AcDbLinetypeTableRecord
  2
ByBlock
 70
     0
  3

 72
    65
 73
     0
 40
0.0
  0
LTYPE
  5
1F
330
1D
100
AcDbSymbolTableRecord
100
AcDbLinetypeTableRecord
  2
ByLayer
 70
     0
  3

 72
    65
 73
     0
 40
0.0
  0
LTYPE
  5
C
330
1D
100
AcDbSymbolTableRecord
100
AcDbLinetypeTableRecord
  2
Continuous
 70
     0
  3
Solid line
 72
    65
 73
     0
 40
0.0
  0
LTYPE
  5
7C
330
1D
100
AcDbSymbolTableRecord
100
AcDbLinetypeTableRecord
  2
ACAD_ISO04W100
 70
     0
  3
ISO Lang gestrichelt punktiert ____ . ____ . __
 72
    65
 73
     4
 40
30.0
 49
24.0
 74
     0
 49
-3.0
 74
     0
 49
0.0
 74
     0
 49
-3.0
 74
     0
  0
LTYPE
  5
1C4A4
330
1D
100
AcDbSymbolTableRecord
100
AcDbLinetypeTableRecord
  2
ACAD_ISO05W100
 70
     0
  3
ISO Lang gestrichelt doppelpunktiert ____ .. __
 72
    65
 73
     6
 40
33.0
 49
24.0
 74
     0
 49
-3.0
 74
     0
 49
0.0
 74
     0
 49
-3.0
 74
     0
 49
0.0
 74
     0
 49
-3.0
 74
     0
  0
ENDTAB
  0
TABLE
  2
LAYER
  5
14
102
{ACAD_XDICTIONARY
360
15
102
}
330
0
100
AcDbSymbolTable
 70
     7
  0
LAYER
  5
6
102
{ACAD_XDICTIONARY
360
18F3
102
}
330
14
100
AcDbSymbolTableRecord
100
AcDbLayerTableRecord
  2
0
 70
     0
 62
     7
  6
Continuous
370
    -3
390
7
  0
LAYER
  5
A1
330
14
100
AcDbSymbolTableRecord
100
AcDbLayerTableRecord
  2
Defpoints
 70
     0
 62
     7
  6
Continuous
290
     0
370
    -3
390
7
  0
LAYER
  5
18EE
102
{ACAD_XDICTIONARY
360
18F5
102
}
330
14
100
AcDbSymbolTableRecord
100
AcDbLayerTableRecord
  2
PH_HILFSELEMENTE
 70
     0
 62
    -7
  6
Continuous
370
    -3
390
7
  0
LAYER
  5
1A25
330
14
100
AcDbSymbolTableRecord
100
AcDbLayerTableRecord
  2
Sichtbar (ISO)
 70
     0
 62
     7
  6
Continuous
370
    50
390
7
  0
LAYER
  5
1A26
330
14
100
AcDbSymbolTableRecord
100
AcDbLayerTableRecord
  2
Bemaﬂung (ISO)
 70
     0
 62
     1
  6
Continuous
370
    25
390
7
  0
LAYER
  5
1A27
330
14
100
AcDbSymbolTableRecord
100
AcDbLayerTableRecord
  2
Bruchlinie (ISO)
 70
     0
 62
     1
  6
Continuous
370
    25
390
7
  0
LAYER
  5
1A28
330
14
100
AcDbSymbolTableRecord
100
AcDbLayerTableRecord
  2
Skizziergeometrie (ISO)
 70
     0
 62
     7
  6
Continuous
370
    25
390
7
  0
ENDTAB
  0
TABLE
  2
STYLE
  5
1A
330
0
100
AcDbSymbolTable
 70
     6
  0
STYLE
  5
1B
330
1A
100
AcDbSymbolTableRecord
100
AcDbTextStyleTableRecord
  2
Standard
 70
     0
 40
0.0
 41
1.199999999999999
 50
0.0
 71
     0
 42
2.5
  3
isocp.shx
  4

  0
STYLE
  5
1A29
330
1A
100
AcDbSymbolTableRecord
100
AcDbTextStyleTableRecord
  2
2_5
 70
     0
 40
0.0
 41
1.100000023841856
 50
0.0
 71
     0
 42
0.2
  3
isocpeur.ttf
  4

1001
ACAD
1000
ISOCPEUR
1071
      256
  0
STYLE
  5
EF0B
330
1A
100
AcDbSymbolTableRecord
100
AcDbTextStyleTableRecord
  2
3_5
 70
     0
 40
0.0
 41
1.0
 50
0.0
 71
     0
 42
0.2
  3
isocpeur.ttf
  4

1001
ACAD
1000
ISOCPEUR
1071
      256
  0
STYLE
  5
18FA2
330
1A
100
AcDbSymbolTableRecord
100
AcDbTextStyleTableRecord
  2
TZZCHN
 70
     0
 40
0.0
 41
1.0
 50
0.0
 71
     0
 42
0.0
  3
isoct.shx
  4

  0
STYLE
  5
22687
330
1A
100
AcDbSymbolTableRecord
100
AcDbTextStyleTableRecord
  2
Notiztext (DIN)
 70
     0
 40
0.0
 41
1.100000023841857
 50
0.0
 71
     0
 42
0.2
  3
isocpeur.ttf
  4

1001
ACAD
1000
ISOCPEUR
1071
      256
  0
ENDTAB
  0
TABLE
  2
VIEW
  5
20
330
0
100
AcDbSymbolTable
 70
     3
  0
ENDTAB
  0
TABLE
  2
UCS
  5
21
330
0
100
AcDbSymbolTable
 70
     0
  0
ENDTAB
  0
TABLE
  2
APPID
  5
26
330
0
100
AcDbSymbolTable
 70
     9
  0
APPID
  5
19
330
26
100
AcDbSymbolTableRecord
100
AcDbRegAppTableRecord
  2
ACAD
 70
     0
  0
APPID
  5
3E
330
26
100
AcDbSymbolTableRecord
100
AcDbRegAppTableRecord
  2
PHOENIX7010
 70
     0
  0
APPID
  5
7E
330
26
100
AcDbSymbolTableRecord
100
AcDbRegAppTableRecord
  2
ACAD_PSEXT
 70
     0
  0
APPID
  5
7F
330
26
100
AcDbSymbolTableRecord
100
AcDbRegAppTableRecord
  2
AcadAnnotative
 70
     0
  0
APPID
  5
80
330
26
100
AcDbSymbolTableRecord
100
AcDbRegAppTableRecord
  2
ACAD_DSTYLE_DIMJAG
 70
     0
  0
APPID
  5
81
330
26
100
AcDbSymbolTableRecord
100
AcDbRegAppTableRecord
  2
ACAD_DSTYLE_DIMTALN
 70
     0
  0
APPID
  5
18F1
330
26
100
AcDbSymbolTableRecord
100
AcDbRegAppTableRecord
  2
ACAD_EXEMPT_FROM_CAD_STANDARDS
 70
     0
  0
APPID
  5
6DBC
330
26
100
AcDbSymbolTableRecord
100
AcDbRegAppTableRecord
  2
ACAD_MLEADERVER
 70
     0
  0
APPID
  5
11586
330
26
100
AcDbSymbolTableRecord
100
AcDbRegAppTableRecord
  2
ACAD_NAV_VCDISPLAY
 70
     0
  0
ENDTAB
  0
TABLE
  2
DIMSTYLE
  5
27
330
0
100
AcDbSymbolTable
 70
     7
100
AcDbDimStyleTable
 71
     3
340
28
340
2F
340
30
  0
DIMSTYLE
105
30
330
27
100
AcDbSymbolTableRecord
100
AcDbDimStyleTableRecord
  2
ISO-25
 70
     0
 41
2.5
 42
0.625
 43
3.75
 44
1.25
 73
     0
 74
     0
 77
     1
 78
     8
140
2.5
141
2.5
143
0.03937007874016
147
0.625
171
     3
172
     1
271
     2
272
     2
274
     3
278
    44
283
     0
284
     8
340
1B
  0
DIMSTYLE
105
28
102
{ACAD_REACTORS
330
1659C
330
17C6E
330
1803D
330
18264
330
18541
330
189D2
330
1C4FD
330
1CE41
330
1D270
330
1D4F1
330
1D6FC
330
1D8D1
330
1DC2E
330
1E097
330
1E3E4
330
1F02B
330
1F02C
330
1F02D
330
1F02E
330
1F02F
330
1F03F
330
1F040
330
1F337
330
1F338
330
1F972
330
1F973
330
1F985
330
1F986
330
1F994
330
1F995
330
2A3ED
330
2B4CC
102
}
330
27
100
AcDbSymbolTableRecord
100
AcDbDimStyleTableRecord
  2
phoenix
 70
     0
  4
"
 41
3.72
 42
0.0
 43
5.0
 44
1.5
 73
     0
 74
     0
 77
     1
 78
     8
 79
     2
140
2.5
141
0.0
143
0.0393700787401575
146
0.6666666666666666
147
0.5
172
     1
176
     1
177
     1
178
     5
179
     4
271
     6
272
     6
284
     8
288
     1
289
     0
340
1B
341
29
342
29
371
    25
372
    25
  0
DIMSTYLE
105
2F
102
{ACAD_REACTORS
330
1F030
330
1F031
330
1F032
330
1F033
330
1F041
330
1F339
330
1F976
330
1F987
330
1F996
102
}
330
27
100
AcDbSymbolTableRecord
100
AcDbDimStyleTableRecord
  2
phoenix$4
 70
     0
  4
"
 41
3.72
 42
0.0
 43
2.0
 44
1.5
 73
     0
 74
     0
 77
     1
 78
     8
140
3.5
141
0.0
143
0.0393700787401575
146
0.6666666666666666
147
2.0
176
     1
177
     1
178
     5
271
     2
272
     2
277
     6
284
     8
288
     1
289
     0
340
1B
341
29
342
29
371
    25
372
    25
  0
DIMSTYLE
105
7D
330
27
100
AcDbSymbolTableRecord
100
AcDbDimStyleTableRecord
  2
Beschriftung
 70
     0
 40
0.0
 41
2.5
 42
0.625
 43
3.75
 44
1.25
 73
     0
 74
     0
 77
     1
 78
     8
140
2.5
141
2.5
143
0.03937007874016
147
0.625
171
     3
172
     1
271
     2
272
     2
274
     3
278
    44
283
     0
284
     8
340
1B
1001
AcadAnnotative
1000
AnnotativeData
1002
{
1070
     1
1070
     1
1002
}
1001
ACAD_DSTYLE_DIMJAG
1070
   388
1040
1.5
1001
ACAD_DSTYLE_DIMTALN
1070
   392
1070
     0
  0
DIMSTYLE
105
1A2A
330
27
100
AcDbSymbolTableRecord
100
AcDbDimStyleTableRecord
  2
Standard (DIN)
 70
     0
 41
2.5
 42
0.0
 43
5.0
 44
1.0
 45
0.00000001
 46
6.999999999999999
 73
     0
 74
     0
 77
     1
 78
     8
 79
     2
140
2.5
143
0.03937
146
0.7200000286102295
147
0.2
171
     3
172
     1
176
   256
177
   256
178
     5
179
     6
271
     6
272
     2
274
     3
278
    44
284
     8
340
1A29
371
    -1
372
    -1
  0
DIMSTYLE
105
EF0C
330
27
100
AcDbSymbolTableRecord
100
AcDbDimStyleTableRecord
  2
Standard
 70
     0
340
1B
  0
ENDTAB
  0
TABLE
  2
BLOCK_RECORD
  5
1
330
0
100
AcDbSymbolTable
 70
    90
  0
BLOCK_RECORD
  5
2
102
{ACAD_XDICTIONARY
360
3
102
}
330
1
100
AcDbSymbolTableRecord
100
AcDbBlockTableRecord
  2
*Model_Space
340
E
  0
BLOCK_RECORD
  5
10
330
1
100
AcDbSymbolTableRecord
100
AcDbBlockTableRecord
  2
*Paper_Space
340
13
  0
BLOCK_RECORD
  5
29
330
1
100
AcDbSymbolTableRecord
100
AcDbBlockTableRecord
  2
_OPEN15
340
0
102
{BLKREFS
331
2E071
331
2E072
331
2E08B
331
2E08C
331
2E0BA
331
2E0BB
331
2E0C3
331
2E0C4
331
2E0E3
331
2E0E4
331
2E11B
331
2E11C
331
2E13C
331
2E13D
331
2E14E
331
2E14F
331
2E16E
331
2E16F
331
2E182
331
2E183
331
2E1A8
331
2E1A9
331
2E34E
331
2E34F
331
2E39A
331
2E39B
331
2E3E6
331
2E3E7
331
2E432
331
2E433
331
2E487
331
2E488
331
2E58A
331
2E58B
331
2E693
331
2E694
331
2E69C
331
2E69D
331
2E6A5
331
2E6A6
331
2E6AD
331
2E6B3
331
2E6B4
331
2E6BC
331
2E6BD
331
2E6C4
331
2E6CA
331
2E6CB
331
2E6D3
331
2E6D4
331
2E6DB
331
2E6E1
331
2E6E2
331
2E6EA
331
2E6EB
331
2E6F3
331
2E6F4
331
2E6FC
331
2E6FD
331
2E704
331
2E70A
331
2E70B
331
2E713
331
2E714
331
2E71C
331
2E71D
331
2E725
331
2E726
331
2E72D
331
2E735
331
2E736
331
2E740
331
2E741
331
2E74B
331
2E74C
331
2E756
331
2E757
331
2E761
331
2E762
331
2E76C
331
2E76D
331
2E777
331
2E778
331
2E782
331
2E783
331
2E78D
331
2E78E
331
2E798
331
2E799
331
2E7A3
331
2E7A4
331
2E7AE
331
2E7AF
331
2E7B9
331
2E7BA
331
2E7C4
331
2E7C5
331
2E7CD
331
2E7CE
331
2E7D6
331
2E7D7
331
2E7DF
331
2E7E0
331
2E7E8
331
2E7E9
331
2E7F0
331
2E7F5
331
2E7FA
331
2E7FF
331
2E805
331
2E806
331
2E810
331
2E811
331
2E818
331
2E81E
331
2E81F
331
2E827
331
2E828
331
2E82F
331
2E837
331
2E838
331
2E840
331
2E841
331
2E848
331
2E869
331
2E86A
331
2E872
331
2E873
331
2E87A
331
2E882
331
2E883
331
2E88D
331
2E88E
331
2EA2B
331
2EA18
331
2EA19
331
2EA23
331
2EA24
102
}
  0
BLOCK_RECORD
  5
187C
330
1
100
AcDbSymbolTableRecord
100
AcDbBlockTableRecord
  2
PH_GRPBLK
340
0
102
{BLKREFS
331
27D81
331
27DAC
331
27ECE
331
27EF9
331
227B6
331
227BA
331
227F2
331
22A53
331
6DE9
331
74F3
331
779B
331
7CAD
331
7F68
331
16FA6
331
16FF5
331
17046
331
1709C
331
17101
331
17168
102
}
  0
BLOCK_RECORD
  5
6D94
330
1
100
AcDbSymbolTableRecord
100
AcDbBlockTableRecord
  2
*D2
340
0
  0
BLOCK_RECORD
  5
6DA0
330
1
100
AcDbSymbolTableRecord
100
AcDbBlockTableRecord
  2
*D3
340
0
  0
BLOCK_RECORD
  5
6DAC
330
1
100
AcDbSymbolTableRecord
100
AcDbBlockTableRecord
  2
*D4
340
0
  0
BLOCK_RECORD
  5
6E05
330
1
100
AcDbSymbolTableRecord
100
AcDbBlockTableRecord
  2
*D5
340
0
  0
BLOCK_RECORD
  5
6E27
330
1
100
AcDbSymbolTableRecord
100
AcDbBlockTableRecord
  2
*D6
340
0
  0
BLOCK_RECORD
  5
6E33
330
1
100
AcDbSymbolTableRecord
100
AcDbBlockTableRecord
  2
*D7
340
0
  0
BLOCK_RECORD
  5
6E3F
330
1
100
AcDbSymbolTableRecord
100
AcDbBlockTableRecord
  2
*D8
340
0
  0
BLOCK_RECORD
  5
6FD6
102
{ACAD_XDICTIONARY
360
6FD8
102
}
330
1
100
AcDbSymbolTableRecord
100
AcDbBlockTableRecord
  2
A$C5E9445B9
340
0
1001
ACAD
1000
DesignCenter Data
1002
{
1070
     1
1070
     4
1002
}
  0
BLOCK_RECORD
  5
7266
102
{ACAD_XDICTIONARY
360
7268
102
}
330
1
100
AcDbSymbolTableRecord
100
AcDbBlockTableRecord
  2
A$C41DF1FCE
340
0
1001
ACAD
1000
DesignCenter Data
1002
{
1070
     1
1070
     4
1002
}
  0
BLOCK_RECORD
  5
726C
102
{ACAD_XDICTIONARY
360
726E
102
}
330
1
100
AcDbSymbolTableRecord
100
AcDbBlockTableRecord
  2
A$C5FBC5864
340
0
1001
ACAD
1000
DesignCenter Data
1002
{
1070
     1
1070
     4
1002
}
  0
BLOCK_RECORD
  5
727A
102
{ACAD_XDICTIONARY
360
727C
102
}
330
1
100
AcDbSymbolTableRecord
100
AcDbBlockTableRecord
  2
A$C20D63135
340
0
1001
ACAD
1000
DesignCenter Data
1002
{
1070
     1
1070
     4
1002
}
  0
BLOCK_RECORD
  5
74BB
330
1
100
AcDbSymbolTableRecord
100
AcDbBlockTableRecord
  2
*D13
340
0
  0
BLOCK_RECORD
  5
7503
330
1
100
AcDbSymbolTableRecord
100
AcDbBlockTableRecord
  2
*D14
340
0
  0
BLOCK_RECORD
  5
750F
330
1
100
AcDbSymbolTableRecord
100
AcDbBlockTableRecord
  2
*D15
340
0
  0
BLOCK_RECORD
  5
751F
330
1
100
AcDbSymbolTableRecord
100
AcDbBlockTableRecord
  2
*D16
340
0
  0
BLOCK_RECORD
  5
752D
330
1
100
AcDbSymbolTableRecord
100
AcDbBlockTableRecord
  2
*D17
340
0
  0
BLOCK_RECORD
  5
7539
330
1
100
AcDbSymbolTableRecord
100
AcDbBlockTableRecord
  2
*D18
340
0
  0
BLOCK_RECORD
  5
7545
330
1
100
AcDbSymbolTableRecord
100
AcDbBlockTableRecord
  2
*D19
340
0
  0
BLOCK_RECORD
  5
7747
330
1
100
AcDbSymbolTableRecord
100
AcDbBlockTableRecord
  2
*D20
340
0
  0
BLOCK_RECORD
  5
7753
330
1
100
AcDbSymbolTableRecord
100
AcDbBlockTableRecord
  2
*D21
340
0
  0
BLOCK_RECORD
  5
7763
330
1
100
AcDbSymbolTableRecord
100
AcDbBlockTableRecord
  2
*D22
340
0
  0
BLOCK_RECORD
  5
77AB
330
1
100
AcDbSymbolTableRecord
100
AcDbBlockTableRecord
  2
*D23
340
0
  0
BLOCK_RECORD
  5
77C0
330
1
100
AcDbSymbolTableRecord
100
AcDbBlockTableRecord
  2
*D24
340
0
  0
BLOCK_RECORD
  5
77C8
330
1
100
AcDbSymbolTableRecord
100
AcDbBlockTableRecord
  2
*D25
340
0
  0
BLOCK_RECORD
  5
77EA
330
1
100
AcDbSymbolTableRecord
100
AcDbBlockTableRecord
  2
*D26
340
0
  0
BLOCK_RECORD
  5
7C75
330
1
100
AcDbSymbolTableRecord
100
AcDbBlockTableRecord
  2
*D27
340
0
  0
BLOCK_RECORD
  5
7CBD
330
1
100
AcDbSymbolTableRecord
100
AcDbBlockTableRecord
  2
*D28
340
0
  0
BLOCK_RECORD
  5
7CC9
330
1
100
AcDbSymbolTableRecord
100
AcDbBlockTableRecord
  2
*D29
340
0
  0
BLOCK_RECORD
  5
7CD9
330
1
100
AcDbSymbolTableRecord
100
AcDbBlockTableRecord
  2
*D30
340
0
  0
BLOCK_RECORD
  5
7CE7
330
1
100
AcDbSymbolTableRecord
100
AcDbBlockTableRecord
  2
*D31
340
0
  0
BLOCK_RECORD
  5
7CF3
330
1
100
AcDbSymbolTableRecord
100
AcDbBlockTableRecord
  2
*D32
340
0
  0
BLOCK_RECORD
  5
7CFF
330
1
100
AcDbSymbolTableRecord
100
AcDbBlockTableRecord
  2
*D33
340
0
  0
BLOCK_RECORD
  5
7F01
330
1
100
AcDbSymbolTableRecord
100
AcDbBlockTableRecord
  2
*D34
340
0
  0
BLOCK_RECORD
  5
7F0D
330
1
100
AcDbSymbolTableRecord
100
AcDbBlockTableRecord
  2
*D35
340
0
  0
BLOCK_RECORD
  5
7F19
330
1
100
AcDbSymbolTableRecord
100
AcDbBlockTableRecord
  2
*D36
340
0
  0
BLOCK_RECORD
  5
7F29
330
1
100
AcDbSymbolTableRecord
100
AcDbBlockTableRecord
  2
*D37
340
0
  0
BLOCK_RECORD
  5
7F35
330
1
100
AcDbSymbolTableRecord
100
AcDbBlockTableRecord
  2
*D38
340
0
  0
BLOCK_RECORD
  5
7F81
330
1
100
AcDbSymbolTableRecord
100
AcDbBlockTableRecord
  2
*D39
340
0
  0
BLOCK_RECORD
  5
7F96
330
1
100
AcDbSymbolTableRecord
100
AcDbBlockTableRecord
  2
*D40
340
0
  0
BLOCK_RECORD
  5
1461D
102
{ACAD_XDICTIONARY
360
14620
102
}
330
1
100
AcDbSymbolTableRecord
100
AcDbBlockTableRecord
  2
A$C23E321F0
340
0
1001
ACAD
1000
DesignCenter Data
1002
{
1070
     1
1070
     4
1002
}
  0
BLOCK_RECORD
  5
1462F
102
{ACAD_XDICTIONARY
360
14632
102
}
330
1
100
AcDbSymbolTableRecord
100
AcDbBlockTableRecord
  2
A$C04D75360
340
0
1001
ACAD
1000
DesignCenter Data
1002
{
1070
     1
1070
     4
1002
}
  0
BLOCK_RECORD
  5
1659D
330
1
100
AcDbSymbolTableRecord
100
AcDbBlockTableRecord
  2
*D43
340
0
  0
BLOCK_RECORD
  5
17C6F
330
1
100
AcDbSymbolTableRecord
100
AcDbBlockTableRecord
  2
*D44
340
0
  0
BLOCK_RECORD
  5
1803E
330
1
100
AcDbSymbolTableRecord
100
AcDbBlockTableRecord
  2
*D45
340
0
  0
BLOCK_RECORD
  5
18265
330
1
100
AcDbSymbolTableRecord
100
AcDbBlockTableRecord
  2
*D46
340
0
  0
BLOCK_RECORD
  5
18542
330
1
100
AcDbSymbolTableRecord
100
AcDbBlockTableRecord
  2
*D47
340
0
  0
BLOCK_RECORD
  5
189D3
330
1
100
AcDbSymbolTableRecord
100
AcDbBlockTableRecord
  2
*D48
340
0
  0
BLOCK_RECORD
  5
18EB7
102
{ACAD_XDICTIONARY
360
18EBA
102
}
330
1
100
AcDbSymbolTableRecord
100
AcDbBlockTableRecord
  2
A$C6D50609B
340
0
1001
ACAD
1000
DesignCenter Data
1002
{
1070
     1
1070
     4
1002
}
  0
BLOCK_RECORD
  5
1C4FE
330
1
100
AcDbSymbolTableRecord
100
AcDbBlockTableRecord
  2
*D50
340
0
  0
BLOCK_RECORD
  5
1CE42
330
1
100
AcDbSymbolTableRecord
100
AcDbBlockTableRecord
  2
*D51
340
0
  0
BLOCK_RECORD
  5
1D271
330
1
100
AcDbSymbolTableRecord
100
AcDbBlockTableRecord
  2
*D52
340
0
  0
BLOCK_RECORD
  5
1D4F2
330
1
100
AcDbSymbolTableRecord
100
AcDbBlockTableRecord
  2
*D53
340
0
  0
BLOCK_RECORD
  5
1D6FD
330
1
100
AcDbSymbolTableRecord
100
AcDbBlockTableRecord
  2
*D54
340
0
  0
BLOCK_RECORD
  5
1D8D2
330
1
100
AcDbSymbolTableRecord
100
AcDbBlockTableRecord
  2
*D55
340
0
  0
BLOCK_RECORD
  5
1DC2F
330
1
100
AcDbSymbolTableRecord
100
AcDbBlockTableRecord
  2
*D56
340
0
  0
BLOCK_RECORD
  5
1E098
330
1
100
AcDbSymbolTableRecord
100
AcDbBlockTableRecord
  2
*D57
340
0
  0
BLOCK_RECORD
  5
1E3E5
330
1
100
AcDbSymbolTableRecord
100
AcDbBlockTableRecord
  2
*D58
340
0
  0
BLOCK_RECORD
  5
1F079
330
1
100
AcDbSymbolTableRecord
100
AcDbBlockTableRecord
  2
*D59
340
0
  0
BLOCK_RECORD
  5
1F085
330
1
100
AcDbSymbolTableRecord
100
AcDbBlockTableRecord
  2
*D60
340
0
  0
BLOCK_RECORD
  5
1F091
330
1
100
AcDbSymbolTableRecord
100
AcDbBlockTableRecord
  2
*D61
340
0
  0
BLOCK_RECORD
  5
1F09D
330
1
100
AcDbSymbolTableRecord
100
AcDbBlockTableRecord
  2
*D62
340
0
  0
BLOCK_RECORD
  5
1F0A9
330
1
100
AcDbSymbolTableRecord
100
AcDbBlockTableRecord
  2
*D63
340
0
  0
BLOCK_RECORD
  5
1F0B7
330
1
100
AcDbSymbolTableRecord
100
AcDbBlockTableRecord
  2
*D64
340
0
  0
BLOCK_RECORD
  5
1F0BF
330
1
100
AcDbSymbolTableRecord
100
AcDbBlockTableRecord
  2
*D65
340
0
  0
BLOCK_RECORD
  5
1F0C7
330
1
100
AcDbSymbolTableRecord
100
AcDbBlockTableRecord
  2
*D66
340
0
  0
BLOCK_RECORD
  5
1F0CF
330
1
100
AcDbSymbolTableRecord
100
AcDbBlockTableRecord
  2
*D67
340
0
  0
BLOCK_RECORD
  5
1F0D7
330
1
100
AcDbSymbolTableRecord
100
AcDbBlockTableRecord
  2
*D68
340
0
  0
BLOCK_RECORD
  5
1F0E3
330
1
100
AcDbSymbolTableRecord
100
AcDbBlockTableRecord
  2
*D69
340
0
  0
BLOCK_RECORD
  5
1F0F1
330
1
100
AcDbSymbolTableRecord
100
AcDbBlockTableRecord
  2
*D70
340
0
  0
BLOCK_RECORD
  5
1F344
330
1
100
AcDbSymbolTableRecord
100
AcDbBlockTableRecord
  2
*D71
340
0
  0
BLOCK_RECORD
  5
1F350
330
1
100
AcDbSymbolTableRecord
100
AcDbBlockTableRecord
  2
*D72
340
0
  0
BLOCK_RECORD
  5
1F35C
330
1
100
AcDbSymbolTableRecord
100
AcDbBlockTableRecord
  2
*D73
340
0
  0
BLOCK_RECORD
  5
1F5AC
102
{ACAD_XDICTIONARY
360
1F5AF
102
}
330
1
100
AcDbSymbolTableRecord
100
AcDbBlockTableRecord
  2
A$C17EF361D
340
0
1001
ACAD
1000
DesignCenter Data
1002
{
1070
     1
1070
     4
1002
}
  0
BLOCK_RECORD
  5
1F9AF
330
1
100
AcDbSymbolTableRecord
100
AcDbBlockTableRecord
  2
*D75
340
0
  0
BLOCK_RECORD
  5
1F9BD
330
1
100
AcDbSymbolTableRecord
100
AcDbBlockTableRecord
  2
*D76
340
0
  0
BLOCK_RECORD
  5
1F9C9
330
1
100
AcDbSymbolTableRecord
100
AcDbBlockTableRecord
  2
*D77
340
0
  0
BLOCK_RECORD
  5
1F9D1
330
1
100
AcDbSymbolTableRecord
100
AcDbBlockTableRecord
  2
*D78
340
0
  0
BLOCK_RECORD
  5
1F9DD
330
1
100
AcDbSymbolTableRecord
100
AcDbBlockTableRecord
  2
*D79
340
0
  0
BLOCK_RECORD
  5
1F9EB
330
1
100
AcDbSymbolTableRecord
100
AcDbBlockTableRecord
  2
*D80
340
0
  0
BLOCK_RECORD
  5
1F9F3
330
1
100
AcDbSymbolTableRecord
100
AcDbBlockTableRecord
  2
*D81
340
0
  0
BLOCK_RECORD
  5
1F9FF
330
1
100
AcDbSymbolTableRecord
100
AcDbBlockTableRecord
  2
*D82
340
0
  0
BLOCK_RECORD
  5
1FA0B
330
1
100
AcDbSymbolTableRecord
100
AcDbBlockTableRecord
  2
*D83
340
0
  0
BLOCK_RECORD
  5
1FC25
102
{ACAD_XDICTIONARY
360
1FC28
102
}
330
1
100
AcDbSymbolTableRecord
100
AcDbBlockTableRecord
  2
A$C12BA348D
340
0
1001
ACAD
1000
DesignCenter Data
1002
{
1070
     1
1070
     4
1002
}
  0
BLOCK_RECORD
  5
2A3EE
330
1
100
AcDbSymbolTableRecord
100
AcDbBlockTableRecord
  2
*D87
340
0
  0
BLOCK_RECORD
  5
2B4CD
330
1
100
AcDbSymbolTableRecord
100
AcDbBlockTableRecord
  2
*D88
340
0
  0
ENDTAB
  0
ENDSEC
  0
SECTION
  2
BLOCKS
  0
BLOCK
  5
5
330
2
100
AcDbEntity
  8
0
100
AcDbBlockBegin
  2
*Model_Space
 70
     0
 10
0.0
 20
0.0
 30
0.0
  3
*Model_Space
  1

  0
ENDBLK
  5
D
330
2
100
AcDbEntity
  8
0
100
AcDbBlockEnd
  0
BLOCK
  5
11
330
10
100
AcDbEntity
 67
     1
  8
0
100
AcDbBlockBegin
  2
*Paper_Space
 70
     0
 10
0.0
 20
0.0
 30
0.0
  3
*Paper_Space
  1

  0
ENDBLK
  5
12
330
10
100
AcDbEntity
 67
     1
  8
0
100
AcDbBlockEnd
  0
BLOCK
  5
2A
330
29
100
AcDbEntity
  8
0
100
AcDbBlockBegin
  2
_OPEN15
 70
     0
 10
1.0
 20
0.0
 30
0.0
  3
_OPEN15
  1

  0
LINE
  5
2B
330
29
100
AcDbEntity
  8
0
  6
ByBlock
 62
     0
100
AcDbLine
 10
0.0
 20
0.0
 30
0.0
 11
1.0
 21
0.0
 31
0.0
  0
LINE
  5
2C
330
29
100
AcDbEntity
  8
0
  6
ByBlock
 62
     0
100
AcDbLine
 10
1.0
 20
0.0
 30
0.0
 11
0.0
 21
0.1316524975873958
 31
0.0
  0
LINE
  5
2D
330
29
100
AcDbEntity
  8
0
  6
ByBlock
 62
     0
100
AcDbLine
 10
1.0
 20
0.0
 30
0.0
 11
0.0
 21
-0.1316524975873958
 31
0.0
  0
ENDBLK
  5
2E
330
29
100
AcDbEntity
  8
0
100
AcDbBlockEnd
  0
BLOCK
  5
187D
330
187C
100
AcDbEntity
  8
0
 62
     7
370
    50
100
AcDbBlockBegin
  2
PH_GRPBLK
 70
     0
 10
0.0
 20
0.0
 30
0.0
  3
PH_GRPBLK
  1

  0
POINT
  5
187E
330
187C
100
AcDbEntity
  8
Defpoints
  6
Continuous
 62
     0
370
    50
100
AcDbPoint
 10
0.0
 20
0.0
 30
0.0
  0
ENDBLK
  5
187F
330
187C
100
AcDbEntity
  8
0
 62
     7
370
    50
100
AcDbBlockEnd
  0
BLOCK
  5
6D95
330
6D94
100
AcDbEntity
  8
0
 62
     7
100
AcDbBlockBegin
  2
*D2
 70
     1
 10
0.0
 20
0.0
 30
0.0
  3
*D2
  1

  0
LINE
  5
2E699
330
6D94
100
AcDbEntity
  8
0
  6
Continuous
 62
     1
370
    25
100
AcDbLine
 10
94.01806786018926
 20
513.7425379529174
 30
0.0
 11
94.01806786018926
 21
489.0425379529176
 31
0.0
  0
LINE
  5
2E69A
330
6D94
100
AcDbEntity
  8
0
  6
Continuous
 62
     1
370
    25
100
AcDbLine
 10
144.0180678601892
 20
513.7425379529172
 30
0.0
 11
144.0180678601892
 21
489.0425379529176
 31
0.0
  0
LINE
  5
2E69B
330
6D94
100
AcDbEntity
  8
0
  6
Continuous
 62
     1
370
    25
100
AcDbLine
 10
97.73806786018926
 20
490.5425379529176
 30
0.0
 11
140.2980678601892
 21
490.5425379529176
 31
0.0
  0
INSERT
  5
2E69C
330
6D94
100
AcDbEntity
  8
0
  6
Continuous
 62
     1
370
    25
100
AcDbBlockReference
  2
_OPEN15
 10
94.01806786018926
 20
490.5425379529176
 30
0.0
 41
3.72
 42
3.72
 43
3.72
 50
180.0
  0
INSERT
  5
2E69D
330
6D94
100
AcDbEntity
  8
0
  6
Continuous
 62
     1
370
    25
100
AcDbBlockReference
  2
_OPEN15
 10
144.0180678601892
 20
490.5425379529176
 30
0.0
 41
3.72
 42
3.72
 43
3.72
  0
MTEXT
  5
2E69E
330
6D94
100
AcDbEntity
  8
0
  6
Continuous
 62
     5
370
    35
100
AcDbMText
 10
119.0180678601892
 20
492.7928824411067
 30
0.0
 40
3.5
 41
0.0
 71
     5
 72
     1
  1
\A1;25
 73
     1
 44
1.0
1001
ACAD
1000
MTEXTBEGIN
1070
    73
1070
     1
1070
    44
1040
1.0
1070
    74
1070
     0
1000
MTEXTEND
  0
POINT
  5
2E69F
330
6D94
100
AcDbEntity
  8
Defpoints
  6
Continuous
 62
     0
370
    50
100
AcDbPoint
 10
94.01806786018926
 20
513.7425379529174
 30
0.0
  0
POINT
  5
2E6A0
330
6D94
100
AcDbEntity
  8
Defpoints
  6
Continuous
 62
     0
370
    50
100
AcDbPoint
 10
144.0180678601892
 20
513.7425379529172
 30
0.0
  0
POINT
  5
2E6A1
330
6D94
100
AcDbEntity
  8
Defpoints
  6
Continuous
 62
     0
370
    50
100
AcDbPoint
 10
144.0180678601892
 20
490.5425379529176
 30
0.0
  0
ENDBLK
  5
6D9F
330
6D94
100
AcDbEntity
  8
0
 62
     7
100
AcDbBlockEnd
  0
BLOCK
  5
6DA1
330
6DA0
100
AcDbEntity
  8
0
 62
     7
100
AcDbBlockBegin
  2
*D3
 70
     1
 10
0.0
 20
0.0
 30
0.0
  3
*D3
  1

  0
LINE
  5
2E690
330
6DA0
100
AcDbEntity
  8
0
  6
Continuous
 62
     1
370
    25
100
AcDbLine
 10
98.01806786018927
 20
530.3425379529174
 30
0.0
 11
98.01806786018927
 21
541.8425379529172
 31
0.0
  0
LINE
  5
2E691
330
6DA0
100
AcDbEntity
  8
0
  6
Continuous
 62
     1
370
    25
100
AcDbLine
 10
140.0180678601892
 20
530.3425379529174
 30
0.0
 11
140.0180678601892
 21
541.8425379529172
 31
0.0
  0
LINE
  5
2E692
330
6DA0
100
AcDbEntity
  8
0
  6
Continuous
 62
     1
370
    25
100
AcDbLine
 10
101.7380678601892
 20
540.3425379529172
 30
0.0
 11
136.2980678601892
 21
540.3425379529172
 31
0.0
  0
INSERT
  5
2E693
330
6DA0
100
AcDbEntity
  8
0
  6
Continuous
 62
     1
370
    25
100
AcDbBlockReference
  2
_OPEN15
 10
98.01806786018927
 20
540.3425379529172
 30
0.0
 41
3.72
 42
3.72
 43
3.72
 50
180.0
  0
INSERT
  5
2E694
330
6DA0
100
AcDbEntity
  8
0
  6
Continuous
 62
     1
370
    25
100
AcDbBlockReference
  2
_OPEN15
 10
140.0180678601892
 20
540.3425379529172
 30
0.0
 41
3.72
 42
3.72
 43
3.72
  0
MTEXT
  5
2E695
330
6DA0
100
AcDbEntity
  8
0
  6
Continuous
 62
     5
370
    35
100
AcDbMText
 10
119.0180678601892
 20
542.5928824411061
 30
0.0
 40
3.5
 41
0.0
 71
     5
 72
     1
  1
\A1;21
 73
     1
 44
1.0
1001
ACAD
1000
MTEXTBEGIN
1070
    73
1070
     1
1070
    44
1040
1.0
1070
    74
1070
     0
1000
MTEXTEND
  0
POINT
  5
2E696
330
6DA0
100
AcDbEntity
  8
Defpoints
  6
Continuous
 62
     0
370
    50
100
AcDbPoint
 10
98.01806786018927
 20
530.3425379529174
 30
0.0
  0
POINT
  5
2E697
330
6DA0
100
AcDbEntity
  8
Defpoints
  6
Continuous
 62
     0
370
    50
100
AcDbPoint
 10
140.0180678601892
 20
530.3425379529174
 30
0.0
  0
POINT
  5
2E698
330
6DA0
100
AcDbEntity
  8
Defpoints
  6
Continuous
 62
     0
370
    50
100
AcDbPoint
 10
140.0180678601892
 20
540.3425379529172
 30
0.0
  0
ENDBLK
  5
6DAB
330
6DA0
100
AcDbEntity
  8
0
 62
     7
100
AcDbBlockEnd
  0
BLOCK
  5
6DAD
330
6DAC
100
AcDbEntity
  8
0
 62
     7
100
AcDbBlockBegin
  2
*D4
 70
     1
 10
0.0
 20
0.0
 30
0.0
  3
*D4
  1

  0
LINE
  5
2E349
330
6DAC
100
AcDbEntity
  8
0
  6
Continuous
 62
     1
370
    25
100
AcDbLine
 10
140.0180678601893
 20
530.3425379529174
 30
0.0
 11
143.7211389684183
 21
551.3436978057693
 31
0.0
  0
LINE
  5
2E34A
330
6DAC
100
AcDbEntity
  8
0
  6
Continuous
 62
     1
370
    25
100
AcDbLine
 10
140.0180678601893
 20
537.3533721632559
 30
0.0
 11
140.0180678601893
 21
551.6676745479698
 31
0.0
  0
ARC
  5
2E34B
330
6DAC
100
AcDbEntity
  8
0
  6
Continuous
 62
     1
370
    25
100
AcDbCircle
 10
140.0180678601893
 20
530.3425379529174
 30
0.0
 40
19.82513659505249
100
AcDbArc
 50
58.4663041880835
 51
69.23315209404207
  0
ARC
  5
2E34C
330
6DAC
100
AcDbEntity
  8
0
  6
Continuous
 62
     1
370
    25
100
AcDbCircle
 10
140.0180678601893
 20
530.3425379529174
 30
0.0
 40
19.82513659505249
100
AcDbArc
 50
100.7668479059584
 51
111.533695811917
  0
ARC
  5
2E34D
330
6DAC
100
AcDbEntity
  8
0
  6
Continuous
 62
     1
370
    25
100
AcDbCircle
 10
140.0180678601893
 20
530.3425379529174
 30
0.0
 40
19.82513659505249
100
AcDbArc
 50
80.00000000000062
 51
89.99999999999991
  0
INSERT
  5
2E34E
330
6DAC
100
AcDbEntity
  8
0
  6
Continuous
 62
     1
370
    25
100
AcDbBlockReference
  2
_OPEN15
 10
143.4606667019179
 20
549.866486176251
 30
0.0
 41
3.72
 42
3.72
 43
3.72
 50
164.6165760470213
  0
INSERT
  5
2E34F
330
6DAC
100
AcDbEntity
  8
0
  6
Continuous
 62
     1
370
    25
100
AcDbBlockReference
  2
_OPEN15
 10
140.0180678601893
 20
550.1676745479699
 30
0.0
 41
3.72
 42
3.72
 43
3.72
 50
5.383423952979174
  0
MTEXT
  5
2E350
330
6DAC
100
AcDbEntity
  8
0
  6
Continuous
 62
     5
370
    35
100
AcDbMText
 10
155.899546942823
 20
545.6751919253414
 30
0.0
 40
3.5
 41
0.0
 71
     5
 72
     1
  1
\A1;10\U+00B0
 11
0.6945666635585118
 21
-0.7194283493671884
 31
0.0
 73
     1
 44
1.0
1001
ACAD
1000
MTEXTBEGIN
1070
    73
1070
     1
1070
    44
1040
1.0
1070
    74
1070
     0
1000
MTEXTEND
  0
POINT
  5
2E351
330
6DAC
100
AcDbEntity
  8
Defpoints
  6
Continuous
 62
     0
370
    50
100
AcDbPoint
 10
141.1707970356354
 20
550.1341335546006
 30
0.0
  0
POINT
  5
2E352
330
6DAC
100
AcDbEntity
  8
Defpoints
  6
Continuous
 62
     0
370
    50
100
AcDbPoint
 10
140.0180678601893
 20
530.3425379529174
 30
0.0
  0
POINT
  5
2E353
330
6DAC
100
AcDbEntity
  8
Defpoints
  6
Continuous
 62
     0
370
    50
100
AcDbPoint
 10
140.0180678601893
 20
530.3425379529174
 30
0.0
  0
POINT
  5
2E354
330
6DAC
100
AcDbEntity
  8
Defpoints
  6
Continuous
 62
     0
370
    50
100
AcDbPoint
 10
140.0180678601893
 20
537.3533721632559
 30
0.0
  0
POINT
  5
2E355
330
6DAC
100
AcDbEntity
  8
Defpoints
  6
Continuous
 62
     0
370
    50
100
AcDbPoint
 10
138.6108361510318
 20
522.3617303447822
 30
0.0
  0
ENDBLK
  5
6DBB
330
6DAC
100
AcDbEntity
  8
0
 62
     7
100
AcDbBlockEnd
  0
BLOCK
  5
6E06
330
6E05
100
AcDbEntity
  8
0
 62
     1
370
    25
100
AcDbBlockBegin
  2
*D5
 70
     1
 10
0.0
 20
0.0
 30
0.0
  3
*D5
  1

  0
LINE
  5
2E069
330
6E05
100
AcDbEntity
  8
0
  6
Continuous
 62
     1
370
    25
100
AcDbLine
 10
94.01806786018928
 20
522.1425379529177
 30
0.0
 11
79.31806786018956
 21
522.1425379529177
 31
0.0
  0
LINE
  5
2E06A
330
6E05
100
AcDbEntity
  8
0
  6
Continuous
 62
     1
370
    25
100
AcDbLine
 10
94.01806786018928
 20
515.7425379529176
 30
0.0
 11
79.31806786018956
 21
515.7425379529176
 31
0.0
  0
LINE
  5
2E06B
330
6E05
100
AcDbEntity
  8
0
  6
Continuous
 62
     1
370
    25
100
AcDbLine
 10
80.81806786018956
 20
525.8625379529178
 30
0.0
 11
80.81806786018956
 21
529.5825379529178
 31
0.0
  0
LINE
  5
2E06C
330
6E05
100
AcDbEntity
  8
0
  6
Continuous
 62
     1
370
    25
100
AcDbLine
 10
80.81806786018956
 20
512.0225379529176
 30
0.0
 11
80.81806786018956
 21
508.3025379529177
 31
0.0
  0
LINE
  5
2E06D
330
6E05
100
AcDbEntity
  8
0
  6
Continuous
 62
     1
370
    25
100
AcDbLine
 10
80.81806786018956
 20
541.9738249558243
 30
0.0
 11
80.81806786018956
 21
522.1425379529177
 31
0.0
  0
MTEXT
  5
2E06E
330
6E05
100
AcDbEntity
  8
0
  6
Continuous
 62
     5
370
    35
100
AcDbMText
 10
78.56772337200071
 20
536.5177009400761
 30
0.0
 40
3.5
 41
0.0
 71
     5
 72
     1
  1
\A1;%%c3.2
 11
0.0000000000000001
 21
1.0
 31
0.0
 73
     1
 44
1.0
1001
ACAD
1000
MTEXTBEGIN
1070
    73
1070
     1
1070
    44
1040
1.0
1070
    74
1070
     0
1000
MTEXTEND
  0
LINE
  5
2E06F
330
6E05
100
AcDbEntity
  8
0
  6
Continuous
 62
     1
370
    25
100
AcDbLine
 10
80.81806786018956
 20
522.1425379529177
 30
0.0
 11
80.81806786018956
 21
515.7425379529176
 31
0.0
  0
LINE
  5
2E070
330
6E05
100
AcDbEntity
  8
0
  6
Continuous
 62
     1
370
    25
100
AcDbLine
 10
80.81806786018956
 20
522.1425379529177
 30
0.0
 11
80.81806786018956
 21
515.7425379529176
 31
0.0
  0
INSERT
  5
2E071
330
6E05
100
AcDbEntity
  8
0
  6
Continuous
 62
     1
370
    25
100
AcDbBlockReference
  2
_OPEN15
 10
80.81806786018956
 20
522.1425379529177
 30
0.0
 41
3.72
 42
3.72
 43
3.72
 50
270.0
  0
INSERT
  5
2E072
330
6E05
100
AcDbEntity
  8
0
  6
Continuous
 62
     1
370
    25
100
AcDbBlockReference
  2
_OPEN15
 10
80.81806786018956
 20
515.7425379529176
 30
0.0
 41
3.72
 42
3.72
 43
3.72
 50
90.0
  0
POINT
  5
2E073
330
6E05
100
AcDbEntity
  8
Defpoints
  6
Continuous
 62
     0
370
    50
100
AcDbPoint
 10
94.01806786018928
 20
522.1425379529177
 30
0.0
  0
POINT
  5
2E074
330
6E05
100
AcDbEntity
  8
Defpoints
  6
Continuous
 62
     0
370
    50
100
AcDbPoint
 10
94.01806786018928
 20
515.7425379529176
 30
0.0
  0
POINT
  5
2E075
330
6E05
100
AcDbEntity
  8
Defpoints
  6
Continuous
 62
     0
370
    50
100
AcDbPoint
 10
80.81806786018956
 20
515.7425379529176
 30
0.0
  0
ENDBLK
  5
6E07
330
6E05
100
AcDbEntity
  8
0
 62
     1
370
    25
100
AcDbBlockEnd
  0
BLOCK
  5
6E28
330
6E27
100
AcDbEntity
  8
0
 62
     1
370
    25
100
AcDbBlockBegin
  2
*D6
 70
     1
 10
0.0
 20
0.0
 30
0.0
  3
*D6
  1

  0
LINE
  5
2E088
330
6E27
100
AcDbEntity
  8
0
  6
Continuous
 62
     1
370
    25
100
AcDbLine
 10
138.7141434305484
 20
523.5425379529174
 30
0.0
 11
138.7141434305484
 21
496.0425379529177
 31
0.0
  0
LINE
  5
2E089
330
6E27
100
AcDbEntity
  8
0
  6
Continuous
 62
     1
370
    25
100
AcDbLine
 10
99.32199228982961
 20
523.5425379529174
 30
0.0
 11
99.32199228982961
 21
496.0425379529177
 31
0.0
  0
LINE
  5
2E08A
330
6E27
100
AcDbEntity
  8
0
  6
Continuous
 62
     1
370
    25
100
AcDbLine
 10
134.9941434305484
 20
497.5425379529177
 30
0.0
 11
103.0419922898296
 21
497.5425379529177
 31
0.0
  0
INSERT
  5
2E08B
330
6E27
100
AcDbEntity
  8
0
  6
Continuous
 62
     1
370
    25
100
AcDbBlockReference
  2
_OPEN15
 10
138.7141434305484
 20
497.5425379529177
 30
0.0
 41
3.72
 42
3.72
 43
3.72
  0
INSERT
  5
2E08C
330
6E27
100
AcDbEntity
  8
0
  6
Continuous
 62
     1
370
    25
100
AcDbBlockReference
  2
_OPEN15
 10
99.32199228982961
 20
497.5425379529177
 30
0.0
 41
3.72
 42
3.72
 43
3.72
 50
180.0
  0
MTEXT
  5
2E08D
330
6E27
100
AcDbEntity
  8
0
  6
Continuous
 62
     5
370
    35
100
AcDbMText
 10
119.018067860189
 20
499.9683838312022
 30
0.0
 40
3.5
 41
0.0
 71
     5
 72
     1
  1
\A1;(19.7)
 73
     1
 44
1.0
1001
ACAD
1000
MTEXTBEGIN
1070
    73
1070
     1
1070
    44
1040
1.0
1070
    74
1070
     0
1000
MTEXTEND
  0
POINT
  5
2E08E
330
6E27
100
AcDbEntity
  8
Defpoints
  6
Continuous
 62
     0
370
    50
100
AcDbPoint
 10
138.7141434305484
 20
523.5425379529174
 30
0.0
  0
POINT
  5
2E08F
330
6E27
100
AcDbEntity
  8
Defpoints
  6
Continuous
 62
     0
370
    50
100
AcDbPoint
 10
99.32199228982961
 20
523.5425379529174
 30
0.0
  0
POINT
  5
2E090
330
6E27
100
AcDbEntity
  8
Defpoints
  6
Continuous
 62
     0
370
    50
100
AcDbPoint
 10
99.32199228982961
 20
497.5425379529177
 30
0.0
  0
ENDBLK
  5
6E29
330
6E27
100
AcDbEntity
  8
0
 62
     1
370
    25
100
AcDbBlockEnd
  0
BLOCK
  5
6E34
330
6E33
100
AcDbEntity
  8
0
 62
     1
370
    25
100
AcDbBlockBegin
  2
*D7
 70
     1
 10
0.0
 20
0.0
 30
0.0
  3
*D7
  1

  0
LINE
  5
2E6A2
330
6E33
100
AcDbEntity
  8
0
  6
Continuous
 62
     1
370
    25
100
AcDbLine
 10
140.0180678601893
 20
530.3425379529175
 30
0.0
 11
158.7180678601899
 21
530.3425379529175
 31
0.0
  0
LINE
  5
2E6A3
330
6E33
100
AcDbEntity
  8
0
  6
Continuous
 62
     1
370
    25
100
AcDbLine
 10
130.2919352080307
 20
507.5425379529177
 30
0.0
 11
158.7180678601899
 21
507.5425379529177
 31
0.0
  0
LINE
  5
2E6A4
330
6E33
100
AcDbEntity
  8
0
  6
Continuous
 62
     1
370
    25
100
AcDbLine
 10
157.2180678601899
 20
526.6225379529175
 30
0.0
 11
157.2180678601899
 21
511.2625379529176
 31
0.0
  0
INSERT
  5
2E6A5
330
6E33
100
AcDbEntity
  8
0
  6
Continuous
 62
     1
370
    25
100
AcDbBlockReference
  2
_OPEN15
 10
157.2180678601899
 20
530.3425379529175
 30
0.0
 41
3.72
 42
3.72
 43
3.72
 50
90.0
  0
INSERT
  5
2E6A6
330
6E33
100
AcDbEntity
  8
0
  6
Continuous
 62
     1
370
    25
100
AcDbBlockReference
  2
_OPEN15
 10
157.2180678601899
 20
507.5425379529177
 30
0.0
 41
3.72
 42
3.72
 43
3.72
 50
270.0
  0
MTEXT
  5
2E6A7
330
6E33
100
AcDbEntity
  8
0
  6
Continuous
 62
     5
370
    35
100
AcDbMText
 10
154.96806786019
 20
518.9425379529175
 30
0.0
 40
3.5
 41
0.0
 71
     5
 72
     1
  1
\A1;11.4
 11
0.0000000000000001
 21
1.0
 31
0.0
 73
     1
 44
1.0
1001
ACAD
1000
MTEXTBEGIN
1070
    73
1070
     1
1070
    44
1040
1.0
1070
    74
1070
     0
1000
MTEXTEND
  0
POINT
  5
2E6A8
330
6E33
100
AcDbEntity
  8
Defpoints
  6
Continuous
 62
     0
370
    50
100
AcDbPoint
 10
140.0180678601893
 20
530.3425379529175
 30
0.0
  0
POINT
  5
2E6A9
330
6E33
100
AcDbEntity
  8
Defpoints
  6
Continuous
 62
     0
370
    50
100
AcDbPoint
 10
130.2919352080307
 20
507.5425379529177
 30
0.0
  0
POINT
  5
2E6AA
330
6E33
100
AcDbEntity
  8
Defpoints
  6
Continuous
 62
     0
370
    50
100
AcDbPoint
 10
157.2180678601899
 20
507.5425379529177
 30
0.0
  0
ENDBLK
  5
6E35
330
6E33
100
AcDbEntity
  8
0
 62
     1
370
    25
100
AcDbBlockEnd
  0
BLOCK
  5
6E40
330
6E3F
100
AcDbEntity
  8
0
 62
     1
370
    25
100
AcDbBlockBegin
  2
*D8
 70
     1
 10
0.0
 20
0.0
 30
0.0
  3
*D8
  1

  0
LINE
  5
2E6AB
330
6E3F
100
AcDbEntity
  8
0
  6
Continuous
 62
     1
370
    25
100
AcDbLine
 10
156.7493305013387
 20
491.4739600053397
 30
0.0
 11
138.2508838298946
 21
507.4631821084702
 31
0.0
  0
MTEXT
  5
2E6AC
330
6E3F
100
AcDbEntity
  8
0
  6
Continuous
 62
     5
370
    35
100
AcDbMText
 10
154.270198991985
 20
497.0699664572061
 30
0.0
 40
3.5
 41
0.0
 71
     5
 72
     1
  1
\A1;R3,4
 11
0.7565540515079973
 21
-0.6539311639208173
 31
0.0
 73
     1
 44
1.0
1001
ACAD
1000
MTEXTBEGIN
1070
    73
1070
     1
1070
    44
1040
1.0
1070
    74
1070
     0
1000
MTEXTEND
  0
INSERT
  5
2E6AD
330
6E3F
100
AcDbEntity
  8
0
  6
Continuous
 62
     1
370
    25
100
AcDbBlockReference
  2
_OPEN15
 10
135.4365027582848
 20
509.8958060382556
 30
0.0
 41
3.72
 42
3.72
 43
3.72
 50
139.1613452540517
  0
POINT
  5
2E6AE
330
6E3F
100
AcDbEntity
  8
Defpoints
  6
Continuous
 62
     0
370
    50
100
AcDbPoint
 10
135.4365027582848
 20
509.8958060382556
 30
0.0
  0
POINT
  5
2E6AF
330
6E3F
100
AcDbEntity
  8
Defpoints
  6
Continuous
 62
     0
370
    50
100
AcDbPoint
 10
130.2919352080303
 20
514.3425379529173
 30
0.0
  0
ENDBLK
  5
6E41
330
6E3F
100
AcDbEntity
  8
0
 62
     1
370
    25
100
AcDbBlockEnd
  0
BLOCK
  5
6FDA
330
6FD6
100
AcDbEntity
  8
0
 62
     1
370
    25
100
AcDbBlockBegin
  2
A$C5E9445B9
 70
     0
 10
0.0
 20
0.0
 30
0.0
  3
A$C5E9445B9
  1

  0
MTEXT
  5
6FD7
102
{ACAD_XDICTIONARY
360
11553
102
}
330
6FD6
100
AcDbEntity
  8
0
  6
Continuous
 62
     1
370
    20
100
AcDbMText
 10
22.13698498350925
 20
-0.1268529559121703
 30
0.0
 40
3.5
 41
0.0
 71
     7
 72
     5
  1
{\L\C5;X ( 1 : 1 )\PBearbeitung RJ45}
 73
     1
 44
1.0
1001
PHOENIX7010
1002
{
1070
    41
1040
0.5
1002
}
1001
ACAD
1000
MTEXTBEGIN
1070
    73
1070
     1
1070
    44
1040
1.0
1070
    74
1070
     0
1000
MTEXTEND
  0
ENDBLK
  5
6FDB
330
6FD6
100
AcDbEntity
  8
0
 62
     1
370
    25
100
AcDbBlockEnd
  0
BLOCK
  5
726A
330
7266
100
AcDbEntity
  8
0
 62
     1
370
    25
100
AcDbBlockBegin
  2
A$C41DF1FCE
 70
     0
 10
0.0
 20
0.0
 30
0.0
  3
A$C41DF1FCE
  1

  0
MTEXT
  5
7267
102
{ACAD_XDICTIONARY
360
11557
102
}
330
7266
100
AcDbEntity
  8
0
  6
Continuous
 62
     1
370
    20
100
AcDbMText
 10
22.13698498350925
 20
-0.1268529559121703
 30
0.0
 40
3.5
 41
0.0
 71
     7
 72
     5
  1
{\L\C5;X ( 1 : 1 )\PBearbeitung RJ45}
 73
     1
 44
1.0
1001
PHOENIX7010
1002
{
1070
    41
1040
0.5
1002
}
1001
ACAD
1000
MTEXTBEGIN
1070
    73
1070
     1
1070
    44
1040
1.0
1070
    74
1070
     0
1000
MTEXTEND
  0
ENDBLK
  5
726B
330
7266
100
AcDbEntity
  8
0
 62
     1
370
    25
100
AcDbBlockEnd
  0
BLOCK
  5
7270
330
726C
100
AcDbEntity
  8
0
 62
     1
370
    25
100
AcDbBlockBegin
  2
A$C5FBC5864
 70
     0
 10
0.0
 20
0.0
 30
0.0
  3
A$C5FBC5864
  1

  0
MTEXT
  5
726D
102
{ACAD_XDICTIONARY
360
11559
102
}
330
726C
100
AcDbEntity
  8
0
  6
Continuous
 62
     1
370
    20
100
AcDbMText
 10
22.13698498350925
 20
-0.1268529559121703
 30
0.0
 40
3.5
 41
0.0
 71
     7
 72
     5
  1
{\L\C5;X ( 1 : 1 )\PBearbeitung RJ45}
 73
     1
 44
1.0
1001
PHOENIX7010
1002
{
1070
    41
1040
0.5
1002
}
1001
ACAD
1000
MTEXTBEGIN
1070
    73
1070
     1
1070
    44
1040
1.0
1070
    74
1070
     0
1000
MTEXTEND
  0
ENDBLK
  5
7271
330
726C
100
AcDbEntity
  8
0
 62
     1
370
    25
100
AcDbBlockEnd
  0
BLOCK
  5
727E
330
727A
100
AcDbEntity
  8
0
 62
     1
370
    25
100
AcDbBlockBegin
  2
A$C20D63135
 70
     0
 10
0.0
 20
0.0
 30
0.0
  3
A$C20D63135
  1

  0
MTEXT
  5
727B
102
{ACAD_XDICTIONARY
360
1155B
102
}
330
727A
100
AcDbEntity
  8
0
  6
Continuous
 62
     1
370
    20
100
AcDbMText
 10
22.13698498350925
 20
-0.1268529559121703
 30
0.0
 40
3.5
 41
0.0
 71
     7
 72
     5
  1
{\L\C5;X ( 1 : 1 )\PBearbeitung RJ45}
 73
     1
 44
1.0
1001
PHOENIX7010
1002
{
1070
    41
1040
0.5
1002
}
1001
ACAD
1000
MTEXTBEGIN
1070
    73
1070
     1
1070
    44
1040
1.0
1070
    74
1070
     0
1000
MTEXTEND
  0
ENDBLK
  5
727F
330
727A
100
AcDbEntity
  8
0
 62
     1
370
    25
100
AcDbBlockEnd
  0
BLOCK
  5
74BC
330
74BB
100
AcDbEntity
  8
0
 62
     7
370
    50
100
AcDbBlockBegin
  2
*D13
 70
     1
 10
0.0
 20
0.0
 30
0.0
  3
*D13
  1

  0
LINE
  5
2E6C7
330
74BB
100
AcDbEntity
  8
0
  6
Continuous
 62
     1
370
    25
100
AcDbLine
 10
253.6935405965905
 20
530.3425379529177
 30
0.0
 11
272.3135405965921
 21
530.3425379529178
 31
0.0
  0
LINE
  5
2E6C8
330
74BB
100
AcDbEntity
  8
0
  6
Continuous
 62
     1
370
    25
100
AcDbLine
 10
243.9674079444319
 20
507.5425379529177
 30
0.0
 11
272.3135405965921
 21
507.5425379529177
 31
0.0
  0
LINE
  5
2E6C9
330
74BB
100
AcDbEntity
  8
0
  6
Continuous
 62
     1
370
    25
100
AcDbLine
 10
270.8135405965921
 20
526.6225379529178
 30
0.0
 11
270.8135405965921
 21
511.2625379529178
 31
0.0
  0
INSERT
  5
2E6CA
330
74BB
100
AcDbEntity
  8
0
  6
Continuous
 62
     1
370
    25
100
AcDbBlockReference
  2
_OPEN15
 10
270.8135405965921
 20
530.3425379529178
 30
0.0
 41
3.72
 42
3.72
 43
3.72
 50
90.0
  0
INSERT
  5
2E6CB
330
74BB
100
AcDbEntity
  8
0
  6
Continuous
 62
     1
370
    25
100
AcDbBlockReference
  2
_OPEN15
 10
270.8135405965921
 20
507.5425379529177
 30
0.0
 41
3.72
 42
3.72
 43
3.72
 50
270.0
  0
MTEXT
  5
2E6CC
330
74BB
100
AcDbEntity
  8
0
  6
Continuous
 62
     5
370
    35
100
AcDbMText
 10
268.5635405965923
 20
518.9425379529176
 30
0.0
 40
3.5
 41
0.0
 71
     5
 72
     1
  1
\A1;11.4
 11
0.0000000000000001
 21
1.0
 31
0.0
 73
     1
 44
1.0
1001
ACAD
1000
MTEXTBEGIN
1070
    73
1070
     1
1070
    44
1040
1.0
1070
    74
1070
     0
1000
MTEXTEND
  0
POINT
  5
2E6CD
330
74BB
100
AcDbEntity
  8
Defpoints
  6
Continuous
 62
     0
370
    50
100
AcDbPoint
 10
253.6935405965905
 20
530.3425379529177
 30
0.0
  0
POINT
  5
2E6CE
330
74BB
100
AcDbEntity
  8
Defpoints
  6
Continuous
 62
     0
370
    50
100
AcDbPoint
 10
243.9674079444319
 20
507.5425379529177
 30
0.0
  0
POINT
  5
2E6CF
330
74BB
100
AcDbEntity
  8
Defpoints
  6
Continuous
 62
     0
370
    50
100
AcDbPoint
 10
270.8135405965921
 20
507.5425379529177
 30
0.0
  0
ENDBLK
  5
74C6
330
74BB
100
AcDbEntity
  8
0
 62
     7
370
    50
100
AcDbBlockEnd
  0
BLOCK
  5
7504
330
7503
100
AcDbEntity
  8
0
 62
     1
370
    25
100
AcDbBlockBegin
  2
*D14
 70
     1
 10
0.0
 20
0.0
 30
0.0
  3
*D14
  1

  0
LINE
  5
2E6B0
330
7503
100
AcDbEntity
  8
0
  6
Continuous
 62
     1
370
    25
100
AcDbLine
 10
194.8935405965904
 20
530.3425379529175
 30
0.0
 11
194.8935405965904
 21
541.8425379529174
 31
0.0
  0
LINE
  5
2E6B1
330
7503
100
AcDbEntity
  8
0
  6
Continuous
 62
     1
370
    25
100
AcDbLine
 10
253.6935405965904
 20
530.3425379529175
 30
0.0
 11
253.6935405965904
 21
541.8425379529174
 31
0.0
  0
LINE
  5
2E6B2
330
7503
100
AcDbEntity
  8
0
  6
Continuous
 62
     1
370
    25
100
AcDbLine
 10
198.6135405965904
 20
540.3425379529173
 30
0.0
 11
249.9735405965904
 21
540.3425379529173
 31
0.0
  0
INSERT
  5
2E6B3
330
7503
100
AcDbEntity
  8
0
  6
Continuous
 62
     1
370
    25
100
AcDbBlockReference
  2
_OPEN15
 10
194.8935405965904
 20
540.3425379529173
 30
0.0
 41
3.72
 42
3.72
 43
3.72
 50
180.0
  0
INSERT
  5
2E6B4
330
7503
100
AcDbEntity
  8
0
  6
Continuous
 62
     1
370
    25
100
AcDbBlockReference
  2
_OPEN15
 10
253.6935405965904
 20
540.3425379529173
 30
0.0
 41
3.72
 42
3.72
 43
3.72
  0
MTEXT
  5
2E6B5
330
7503
100
AcDbEntity
  8
0
  6
Continuous
 62
     5
370
    35
100
AcDbMText
 10
224.2935405965905
 20
542.5928824411063
 30
0.0
 40
3.5
 41
0.0
 71
     5
 72
     1
  1
\A1;29.4
 73
     1
 44
1.0
1001
ACAD
1000
MTEXTBEGIN
1070
    73
1070
     1
1070
    44
1040
1.0
1070
    74
1070
     0
1000
MTEXTEND
  0
POINT
  5
2E6B6
330
7503
100
AcDbEntity
  8
Defpoints
  6
Continuous
 62
     0
370
    50
100
AcDbPoint
 10
194.8935405965904
 20
530.3425379529175
 30
0.0
  0
POINT
  5
2E6B7
330
7503
100
AcDbEntity
  8
Defpoints
  6
Continuous
 62
     0
370
    50
100
AcDbPoint
 10
253.6935405965904
 20
530.3425379529175
 30
0.0
  0
POINT
  5
2E6B8
330
7503
100
AcDbEntity
  8
Defpoints
  6
Continuous
 62
     0
370
    50
100
AcDbPoint
 10
253.6935405965904
 20
540.3425379529173
 30
0.0
  0
ENDBLK
  5
7505
330
7503
100
AcDbEntity
  8
0
 62
     1
370
    25
100
AcDbBlockEnd
  0
BLOCK
  5
7510
330
750F
100
AcDbEntity
  8
0
 62
     1
370
    25
100
AcDbBlockBegin
  2
*D15
 70
     1
 10
0.0
 20
0.0
 30
0.0
  3
*D15
  1

  0
LINE
  5
2E395
330
750F
100
AcDbEntity
  8
0
  6
Continuous
 62
     1
370
    25
100
AcDbLine
 10
253.6935405965904
 20
530.3425379529174
 30
0.0
 11
257.4103273609108
 21
551.4214831568056
 31
0.0
  0
LINE
  5
2E396
330
750F
100
AcDbEntity
  8
0
  6
Continuous
 62
     1
370
    25
100
AcDbLine
 10
253.6935405965904
 20
536.0925379529174
 30
0.0
 11
253.6935405965905
 21
551.7466598634266
 31
0.0
  0
ARC
  5
2E397
330
750F
100
AcDbEntity
  8
0
  6
Continuous
 62
     1
370
    25
100
AcDbCircle
 10
253.6935405965904
 20
530.3425379529174
 30
0.0
 40
19.9041219105093
100
AcDbArc
 50
58.55200696955082
 51
69.27600348477588
  0
ARC
  5
2E398
330
750F
100
AcDbEntity
  8
0
  6
Continuous
 62
     1
370
    25
100
AcDbCircle
 10
253.6935405965904
 20
530.3425379529174
 30
0.0
 40
19.9041219105093
100
AcDbArc
 50
100.7239965152249
 51
111.44799303045
  0
ARC
  5
2E399
330
750F
100
AcDbEntity
  8
0
  6
Continuous
 62
     1
370
    25
100
AcDbCircle
 10
253.6935405965904
 20
530.3425379529174
 30
0.0
 40
19.9041219105093
100
AcDbArc
 50
80.00000000000097
 51
89.9999999999998
  0
INSERT
  5
2E39A
330
750F
100
AcDbEntity
  8
0
  6
Continuous
 62
     1
370
    25
100
AcDbBlockReference
  2
_OPEN15
 10
257.1498550944105
 20
549.9442715272872
 30
0.0
 41
3.72
 42
3.72
 43
3.72
 50
164.6380017423884
  0
INSERT
  5
2E39B
330
750F
100
AcDbEntity
  8
0
  6
Continuous
 62
     1
370
    25
100
AcDbBlockReference
  2
_OPEN15
 10
253.6935405965905
 20
550.2466598634266
 30
0.0
 41
3.72
 42
3.72
 43
3.72
 50
5.361998257612343
  0
MTEXT
  5
2E39C
330
750F
100
AcDbEntity
  8
0
  6
Continuous
 62
     5
370
    35
100
AcDbMText
 10
269.5879758177583
 20
545.7753616292834
 30
0.0
 40
3.5
 41
0.0
 71
     5
 72
     1
  1
\A1;10\U+00B0
 11
0.6966118421983208
 21
-0.7174482150713471
 31
0.0
 73
     1
 44
1.0
1001
ACAD
1000
MTEXTBEGIN
1070
    73
1070
     1
1070
    44
1040
1.0
1070
    74
1070
     0
1000
MTEXTEND
  0
POINT
  5
2E39D
330
750F
100
AcDbEntity
  8
Defpoints
  6
Continuous
 62
     0
370
    50
100
AcDbPoint
 10
254.8508623596901
 20
550.2129852394046
 30
0.0
  0
POINT
  5
2E39E
330
750F
100
AcDbEntity
  8
Defpoints
  6
Continuous
 62
     0
370
    50
100
AcDbPoint
 10
253.6935405965904
 20
530.3425379529174
 30
0.0
  0
POINT
  5
2E39F
330
750F
100
AcDbEntity
  8
Defpoints
  6
Continuous
 62
     0
370
    50
100
AcDbPoint
 10
253.6935405965904
 20
530.3425379529174
 30
0.0
  0
POINT
  5
2E3A0
330
750F
100
AcDbEntity
  8
Defpoints
  6
Continuous
 62
     0
370
    50
100
AcDbPoint
 10
253.6935405965904
 20
536.0925379529174
 30
0.0
  0
POINT
  5
2E3A1
330
750F
100
AcDbEntity
  8
Defpoints
  6
Continuous
 62
     0
370
    50
100
AcDbPoint
 10
252.2863088874329
 20
522.3617303447822
 30
0.0
  0
ENDBLK
  5
7511
330
750F
100
AcDbEntity
  8
0
 62
     1
370
    25
100
AcDbBlockEnd
  0
BLOCK
  5
7520
330
751F
100
AcDbEntity
  8
0
 62
     1
370
    25
100
AcDbBlockBegin
  2
*D16
 70
     1
 10
0.0
 20
0.0
 30
0.0
  3
*D16
  1

  0
LINE
  5
2E0B5
330
751F
100
AcDbEntity
  8
0
  6
Continuous
 62
     1
370
    25
100
AcDbLine
 10
190.9935405965904
 20
515.7425379529178
 30
0.0
 11
176.2735405965909
 21
515.7425379529178
 31
0.0
  0
LINE
  5
2E0B6
330
751F
100
AcDbEntity
  8
0
  6
Continuous
 62
     1
370
    25
100
AcDbLine
 10
190.9935405965904
 20
522.1425379529176
 30
0.0
 11
176.2735405965909
 21
522.1425379529176
 31
0.0
  0
LINE
  5
2E0B7
330
751F
100
AcDbEntity
  8
0
  6
Continuous
 62
     1
370
    25
100
AcDbLine
 10
177.7735405965909
 20
512.0225379529178
 30
0.0
 11
177.7735405965909
 21
508.3025379529178
 31
0.0
  0
LINE
  5
2E0B8
330
751F
100
AcDbEntity
  8
0
  6
Continuous
 62
     1
370
    25
100
AcDbLine
 10
177.7735405965909
 20
525.8625379529177
 30
0.0
 11
177.7735405965909
 21
541.9947859844137
 31
0.0
  0
LINE
  5
2E0B9
330
751F
100
AcDbEntity
  8
0
  6
Continuous
 62
     1
370
    25
100
AcDbLine
 10
177.7735405965909
 20
515.7425379529178
 30
0.0
 11
177.7735405965909
 21
522.1425379529176
 31
0.0
  0
INSERT
  5
2E0BA
330
751F
100
AcDbEntity
  8
0
  6
Continuous
 62
     1
370
    25
100
AcDbBlockReference
  2
_OPEN15
 10
177.7735405965909
 20
515.7425379529178
 30
0.0
 41
3.72
 42
3.72
 43
3.72
 50
90.0
  0
INSERT
  5
2E0BB
330
751F
100
AcDbEntity
  8
0
  6
Continuous
 62
     1
370
    25
100
AcDbBlockReference
  2
_OPEN15
 10
177.7735405965909
 20
522.1425379529176
 30
0.0
 41
3.72
 42
3.72
 43
3.72
 50
270.0
  0
MTEXT
  5
2E0BC
330
751F
100
AcDbEntity
  8
0
  6
Continuous
 62
     5
370
    25
100
AcDbMText
 10
174.7731961084021
 20
535.7886619686655
 30
0.0
 40
3.5
 41
0.0
 71
     5
 72
     1
  1
\A1;%%c3.2
 11
0.0000000000000001
 21
1.0
 31
0.0
 73
     1
 44
1.0
1001
ACAD
1000
MTEXTBEGIN
1070
    73
1070
     1
1070
    44
1040
1.0
1070
    74
1070
     0
1000
MTEXTEND
  0
POINT
  5
2E0BD
330
751F
100
AcDbEntity
  8
Defpoints
  6
Continuous
 62
     0
370
    50
100
AcDbPoint
 10
190.9935405965904
 20
515.7425379529178
 30
0.0
  0
POINT
  5
2E0BE
330
751F
100
AcDbEntity
  8
Defpoints
  6
Continuous
 62
     0
370
    50
100
AcDbPoint
 10
190.9935405965904
 20
522.1425379529176
 30
0.0
  0
POINT
  5
2E0BF
330
751F
100
AcDbEntity
  8
Defpoints
  6
Continuous
 62
     0
370
    50
100
AcDbPoint
 10
177.7735405965909
 20
522.1425379529176
 30
0.0
  0
ENDBLK
  5
7521
330
751F
100
AcDbEntity
  8
0
 62
     1
370
    25
100
AcDbBlockEnd
  0
BLOCK
  5
752E
330
752D
100
AcDbEntity
  8
0
 62
     1
370
    25
100
AcDbBlockBegin
  2
*D17
 70
     1
 10
0.0
 20
0.0
 30
0.0
  3
*D17
  1

  0
LINE
  5
2E0C0
330
752D
100
AcDbEntity
  8
0
  6
Continuous
 62
     1
370
    25
100
AcDbLine
 10
196.197465026231
 20
523.5425379529175
 30
0.0
 11
196.197465026231
 21
496.0425379529178
 31
0.0
  0
LINE
  5
2E0C1
330
752D
100
AcDbEntity
  8
0
  6
Continuous
 62
     1
370
    25
100
AcDbLine
 10
252.3896161669498
 20
523.5425379529175
 30
0.0
 11
252.3896161669498
 21
496.0425379529178
 31
0.0
  0
LINE
  5
2E0C2
330
752D
100
AcDbEntity
  8
0
  6
Continuous
 62
     1
370
    25
100
AcDbLine
 10
199.917465026231
 20
497.5425379529179
 30
0.0
 11
248.6696161669498
 21
497.5425379529179
 31
0.0
  0
INSERT
  5
2E0C3
330
752D
100
AcDbEntity
  8
0
  6
Continuous
 62
     1
370
    25
100
AcDbBlockReference
  2
_OPEN15
 10
196.197465026231
 20
497.5425379529179
 30
0.0
 41
3.72
 42
3.72
 43
3.72
 50
180.0
  0
INSERT
  5
2E0C4
330
752D
100
AcDbEntity
  8
0
  6
Continuous
 62
     1
370
    25
100
AcDbBlockReference
  2
_OPEN15
 10
252.3896161669498
 20
497.5425379529179
 30
0.0
 41
3.72
 42
3.72
 43
3.72
  0
MTEXT
  5
2E0C5
330
752D
100
AcDbEntity
  8
0
  6
Continuous
 62
     5
370
    35
100
AcDbMText
 10
224.2935405965905
 20
499.9675379529178
 30
0.0
 40
3.5
 41
0.0
 71
     5
 72
     1
  1
\A1;(28.1)
 73
     1
 44
1.0
1001
ACAD
1000
MTEXTBEGIN
1070
    73
1070
     1
1070
    44
1040
1.0
1070
    74
1070
     0
1000
MTEXTEND
  0
POINT
  5
2E0C6
330
752D
100
AcDbEntity
  8
Defpoints
  6
Continuous
 62
     0
370
    50
100
AcDbPoint
 10
196.197465026231
 20
523.5425379529175
 30
0.0
  0
POINT
  5
2E0C7
330
752D
100
AcDbEntity
  8
Defpoints
  6
Continuous
 62
     0
370
    50
100
AcDbPoint
 10
252.3896161669498
 20
523.5425379529175
 30
0.0
  0
POINT
  5
2E0C8
330
752D
100
AcDbEntity
  8
Defpoints
  6
Continuous
 62
     0
370
    50
100
AcDbPoint
 10
252.3896161669498
 20
497.5425379529179
 30
0.0
  0
ENDBLK
  5
752F
330
752D
100
AcDbEntity
  8
0
 62
     1
370
    25
100
AcDbBlockEnd
  0
BLOCK
  5
753A
330
7539
100
AcDbEntity
  8
0
 62
     1
370
    25
100
AcDbBlockBegin
  2
*D18
 70
     1
 10
0.0
 20
0.0
 30
0.0
  3
*D18
  1

  0
LINE
  5
2E6B9
330
7539
100
AcDbEntity
  8
0
  6
Continuous
 62
     1
370
    25
100
AcDbLine
 10
190.9935405965903
 20
513.7425379529175
 30
0.0
 11
190.9935405965903
 21
489.0425379529177
 31
0.0
  0
LINE
  5
2E6BA
330
7539
100
AcDbEntity
  8
0
  6
Continuous
 62
     1
370
    25
100
AcDbLine
 10
257.5935405965905
 20
513.7425379529173
 30
0.0
 11
257.5935405965905
 21
489.0425379529177
 31
0.0
  0
LINE
  5
2E6BB
330
7539
100
AcDbEntity
  8
0
  6
Continuous
 62
     1
370
    25
100
AcDbLine
 10
194.7135405965904
 20
490.5425379529178
 30
0.0
 11
253.8735405965905
 21
490.5425379529178
 31
0.0
  0
INSERT
  5
2E6BC
330
7539
100
AcDbEntity
  8
0
  6
Continuous
 62
     1
370
    25
100
AcDbBlockReference
  2
_OPEN15
 10
190.9935405965903
 20
490.5425379529178
 30
0.0
 41
3.72
 42
3.72
 43
3.72
 50
180.0
  0
INSERT
  5
2E6BD
330
7539
100
AcDbEntity
  8
0
  6
Continuous
 62
     1
370
    25
100
AcDbBlockReference
  2
_OPEN15
 10
257.5935405965905
 20
490.5425379529178
 30
0.0
 41
3.72
 42
3.72
 43
3.72
  0
MTEXT
  5
2E6BE
330
7539
100
AcDbEntity
  8
0
  6
Continuous
 62
     5
370
    35
100
AcDbMText
 10
224.2935405965905
 20
492.7925379529177
 30
0.0
 40
3.5
 41
0.0
 71
     5
 72
     1
  1
\A1;33.3
 73
     1
 44
1.0
1001
ACAD
1000
MTEXTBEGIN
1070
    73
1070
     1
1070
    44
1040
1.0
1070
    74
1070
     0
1000
MTEXTEND
  0
POINT
  5
2E6BF
330
7539
100
AcDbEntity
  8
Defpoints
  6
Continuous
 62
     0
370
    50
100
AcDbPoint
 10
190.9935405965903
 20
513.7425379529175
 30
0.0
  0
POINT
  5
2E6C0
330
7539
100
AcDbEntity
  8
Defpoints
  6
Continuous
 62
     0
370
    50
100
AcDbPoint
 10
257.5935405965905
 20
513.7425379529173
 30
0.0
  0
POINT
  5
2E6C1
330
7539
100
AcDbEntity
  8
Defpoints
  6
Continuous
 62
     0
370
    50
100
AcDbPoint
 10
257.5935405965905
 20
490.5425379529178
 30
0.0
  0
ENDBLK
  5
753B
330
7539
100
AcDbEntity
  8
0
 62
     1
370
    25
100
AcDbBlockEnd
  0
BLOCK
  5
7546
330
7545
100
AcDbEntity
  8
0
 62
     1
370
    25
100
AcDbBlockBegin
  2
*D19
 70
     1
 10
0.0
 20
0.0
 30
0.0
  3
*D19
  1

  0
LINE
  5
2E6C2
330
7545
100
AcDbEntity
  8
0
  6
Continuous
 62
     1
370
    25
100
AcDbLine
 10
267.5551063844908
 20
491.2480873312167
 30
0.0
 11
251.4843503376595
 21
506.9827840808851
 31
0.0
  0
MTEXT
  5
2E6C3
330
7545
100
AcDbEntity
  8
0
  6
Continuous
 62
     5
370
    35
100
AcDbMText
 10
265.4278327004767
 20
496.9870844494684
 30
0.0
 40
3.5
 41
0.0
 71
     5
 72
     1
  1
\A1;R3,4
 11
0.7145382503067913
 21
-0.6995963756685061
 31
0.0
 73
     1
 44
1.0
1001
ACAD
1000
MTEXTBEGIN
1070
    73
1070
     1
1070
    44
1040
1.0
1070
    74
1070
     0
1000
MTEXTEND
  0
INSERT
  5
2E6C4
330
7545
100
AcDbEntity
  8
0
  6
Continuous
 62
     1
370
    25
100
AcDbBlockReference
  2
_OPEN15
 10
248.8262680465183
 20
509.5852825983719
 30
0.0
 41
3.72
 42
3.72
 43
3.72
 50
135.6053698721304
  0
POINT
  5
2E6C5
330
7545
100
AcDbEntity
  8
Defpoints
  6
Continuous
 62
     0
370
    50
100
AcDbPoint
 10
248.8262680465183
 20
509.5852825983719
 30
0.0
  0
POINT
  5
2E6C6
330
7545
100
AcDbEntity
  8
Defpoints
  6
Continuous
 62
     0
370
    50
100
AcDbPoint
 10
243.9674079444323
 20
514.3425379529174
 30
0.0
  0
ENDBLK
  5
7547
330
7545
100
AcDbEntity
  8
0
 62
     1
370
    25
100
AcDbBlockEnd
  0
BLOCK
  5
7748
330
7747
100
AcDbEntity
  8
0
 62
     7
100
AcDbBlockBegin
  2
*D20
 70
     1
 10
0.0
 20
0.0
 30
0.0
  3
*D20
  1

  0
LINE
  5
2E6E7
330
7747
100
AcDbEntity
  8
0
  6
Continuous
 62
     1
370
    25
100
AcDbLine
 10
305.7451362119622
 20
530.3425379529175
 30
0.0
 11
305.7451362119622
 21
541.8425379529174
 31
0.0
  0
LINE
  5
2E6E8
330
7747
100
AcDbEntity
  8
0
  6
Continuous
 62
     1
370
    25
100
AcDbLine
 10
391.9451362119622
 20
530.3425379529175
 30
0.0
 11
391.9451362119622
 21
541.8425379529174
 31
0.0
  0
LINE
  5
2E6E9
330
7747
100
AcDbEntity
  8
0
  6
Continuous
 62
     1
370
    25
100
AcDbLine
 10
309.4651362119622
 20
540.3425379529173
 30
0.0
 11
388.2251362119622
 21
540.3425379529173
 31
0.0
  0
INSERT
  5
2E6EA
330
7747
100
AcDbEntity
  8
0
  6
Continuous
 62
     1
370
    25
100
AcDbBlockReference
  2
_OPEN15
 10
305.7451362119622
 20
540.3425379529173
 30
0.0
 41
3.72
 42
3.72
 43
3.72
 50
180.0
  0
INSERT
  5
2E6EB
330
7747
100
AcDbEntity
  8
0
  6
Continuous
 62
     1
370
    25
100
AcDbBlockReference
  2
_OPEN15
 10
391.9451362119622
 20
540.3425379529173
 30
0.0
 41
3.72
 42
3.72
 43
3.72
  0
MTEXT
  5
2E6EC
330
7747
100
AcDbEntity
  8
0
  6
Continuous
 62
     5
370
    35
100
AcDbMText
 10
348.8451362119622
 20
542.5925379529173
 30
0.0
 40
3.5
 41
0.0
 71
     5
 72
     1
  1
\A1;43.1
 73
     1
 44
1.0
1001
ACAD
1000
MTEXTBEGIN
1070
    73
1070
     1
1070
    44
1040
1.0
1070
    74
1070
     0
1000
MTEXTEND
  0
POINT
  5
2E6ED
330
7747
100
AcDbEntity
  8
Defpoints
  6
Continuous
 62
     0
370
    50
100
AcDbPoint
 10
305.7451362119622
 20
530.3425379529175
 30
0.0
  0
POINT
  5
2E6EE
330
7747
100
AcDbEntity
  8
Defpoints
  6
Continuous
 62
     0
370
    50
100
AcDbPoint
 10
391.9451362119622
 20
530.3425379529175
 30
0.0
  0
POINT
  5
2E6EF
330
7747
100
AcDbEntity
  8
Defpoints
  6
Continuous
 62
     0
370
    50
100
AcDbPoint
 10
391.9451362119622
 20
540.3425379529173
 30
0.0
  0
ENDBLK
  5
7752
330
7747
100
AcDbEntity
  8
0
 62
     7
100
AcDbBlockEnd
  0
BLOCK
  5
7754
330
7753
100
AcDbEntity
  8
0
 62
     7
100
AcDbBlockBegin
  2
*D21
 70
     1
 10
0.0
 20
0.0
 30
0.0
  3
*D21
  1

  0
LINE
  5
2E3E1
330
7753
100
AcDbEntity
  8
0
  6
Continuous
 62
     1
370
    25
100
AcDbLine
 10
391.9451362119622
 20
530.3425379529175
 30
0.0
 11
395.6462642015109
 21
551.3326778321215
 31
0.0
  0
LINE
  5
2E3E2
330
7753
100
AcDbEntity
  8
0
  6
Continuous
 62
     1
370
    25
100
AcDbLine
 10
391.9451362119622
 20
540.5642120226824
 30
0.0
 11
391.9451362119621
 21
551.6564845734655
 31
0.0
  0
ARC
  5
2E3E3
330
7753
100
AcDbEntity
  8
0
  6
Continuous
 62
     1
370
    25
100
AcDbCircle
 10
391.9451362119622
 20
530.3425379529175
 30
0.0
 40
19.81394662054801
100
AcDbArc
 50
58.45410703645562
 51
69.22705351822741
  0
ARC
  5
2E3E4
330
7753
100
AcDbEntity
  8
0
  6
Continuous
 62
     1
370
    25
100
AcDbCircle
 10
391.9451362119622
 20
530.3425379529175
 30
0.0
 40
19.81394662054801
100
AcDbArc
 50
100.7729464817717
 51
111.5458929635435
  0
ARC
  5
2E3E5
330
7753
100
AcDbEntity
  8
0
  6
Continuous
 62
     1
370
    25
100
AcDbCircle
 10
391.9451362119622
 20
530.3425379529175
 30
0.0
 40
19.81394662054801
100
AcDbArc
 50
79.99999999999918
 51
89.99999999999998
  0
INSERT
  5
2E3E6
330
7753
100
AcDbEntity
  8
0
  6
Continuous
 62
     1
370
    25
100
AcDbBlockReference
  2
_OPEN15
 10
395.3857919350105
 20
549.8554662026032
 30
0.0
 41
3.72
 42
3.72
 43
3.72
 50
164.6135267591133
  0
INSERT
  5
2E3E7
330
7753
100
AcDbEntity
  8
0
  6
Continuous
 62
     1
370
    25
100
AcDbBlockReference
  2
_OPEN15
 10
391.9451362119622
 20
550.1564845734654
 30
0.0
 41
3.72
 42
3.72
 43
3.72
 50
5.386473240885853
  0
MTEXT
  5
2E3E8
330
7753
100
AcDbEntity
  8
0
  6
Continuous
 62
     5
370
    35
100
AcDbMText
 10
407.8247770182022
 20
545.6609826631088
 30
0.0
 40
3.5
 41
0.0
 71
     5
 72
     1
  1
\A1;10\U+00B0
 11
0.6942749170687959
 21
-0.7197098995630925
 31
0.0
 73
     1
 44
1.0
1001
ACAD
1000
MTEXTBEGIN
1070
    73
1070
     1
1070
    44
1040
1.0
1070
    74
1070
     0
1000
MTEXTEND
  0
POINT
  5
2E3E9
330
7753
100
AcDbEntity
  8
Defpoints
  6
Continuous
 62
     0
370
    50
100
AcDbPoint
 10
393.0972147482553
 20
550.122962511762
 30
0.0
  0
POINT
  5
2E3EA
330
7753
100
AcDbEntity
  8
Defpoints
  6
Continuous
 62
     0
370
    50
100
AcDbPoint
 10
391.9451362119622
 20
530.3425379529175
 30
0.0
  0
POINT
  5
2E3EB
330
7753
100
AcDbEntity
  8
Defpoints
  6
Continuous
 62
     0
370
    50
100
AcDbPoint
 10
391.9451362119622
 20
530.3425379529175
 30
0.0
  0
POINT
  5
2E3EC
330
7753
100
AcDbEntity
  8
Defpoints
  6
Continuous
 62
     0
370
    50
100
AcDbPoint
 10
391.9451362119622
 20
540.5642120226824
 30
0.0
  0
POINT
  5
2E3ED
330
7753
100
AcDbEntity
  8
Defpoints
  6
Continuous
 62
     0
370
    50
100
AcDbPoint
 10
390.5379045028044
 20
522.3617303447823
 30
0.0
  0
ENDBLK
  5
7762
330
7753
100
AcDbEntity
  8
0
 62
     7
100
AcDbBlockEnd
  0
BLOCK
  5
7764
330
7763
100
AcDbEntity
  8
0
 62
     7
100
AcDbBlockBegin
  2
*D22
 70
     1
 10
0.0
 20
0.0
 30
0.0
  3
*D22
  1

  0
LINE
  5
2E6D0
330
7763
100
AcDbEntity
  8
0
  6
Continuous
 62
     1
370
    25
100
AcDbLine
 10
395.8451362119626
 20
513.742537952918
 30
0.0
 11
395.8451362119626
 21
489.0425379529173
 31
0.0
  0
LINE
  5
2E6D1
330
7763
100
AcDbEntity
  8
0
  6
Continuous
 62
     1
370
    25
100
AcDbLine
 10
301.8451362119626
 20
513.742537952918
 30
0.0
 11
301.8451362119626
 21
489.0425379529173
 31
0.0
  0
LINE
  5
2E6D2
330
7763
100
AcDbEntity
  8
0
  6
Continuous
 62
     1
370
    25
100
AcDbLine
 10
392.1251362119625
 20
490.5425379529173
 30
0.0
 11
305.5651362119626
 21
490.5425379529173
 31
0.0
  0
INSERT
  5
2E6D3
330
7763
100
AcDbEntity
  8
0
  6
Continuous
 62
     1
370
    25
100
AcDbBlockReference
  2
_OPEN15
 10
395.8451362119626
 20
490.5425379529173
 30
0.0
 41
3.72
 42
3.72
 43
3.72
  0
INSERT
  5
2E6D4
330
7763
100
AcDbEntity
  8
0
  6
Continuous
 62
     1
370
    25
100
AcDbBlockReference
  2
_OPEN15
 10
301.8451362119626
 20
490.5425379529173
 30
0.0
 41
3.72
 42
3.72
 43
3.72
 50
180.0
  0
MTEXT
  5
2E6D5
330
7763
100
AcDbEntity
  8
0
  6
Continuous
 62
     5
370
    35
100
AcDbMText
 10
348.8451362119625
 20
492.7925379529173
 30
0.0
 40
3.5
 41
0.0
 71
     5
 72
     1
  1
\A1;47
 73
     1
 44
1.0
1001
ACAD
1000
MTEXTBEGIN
1070
    73
1070
     1
1070
    44
1040
1.0
1070
    74
1070
     0
1000
MTEXTEND
  0
POINT
  5
2E6D6
330
7763
100
AcDbEntity
  8
Defpoints
  6
Continuous
 62
     0
370
    50
100
AcDbPoint
 10
395.8451362119626
 20
513.742537952918
 30
0.0
  0
POINT
  5
2E6D7
330
7763
100
AcDbEntity
  8
Defpoints
  6
Continuous
 62
     0
370
    50
100
AcDbPoint
 10
301.8451362119626
 20
513.742537952918
 30
0.0
  0
POINT
  5
2E6D8
330
7763
100
AcDbEntity
  8
Defpoints
  6
Continuous
 62
     0
370
    50
100
AcDbPoint
 10
301.8451362119626
 20
490.5425379529173
 30
0.0
  0
ENDBLK
  5
776E
330
7763
100
AcDbEntity
  8
0
 62
     7
100
AcDbBlockEnd
  0
BLOCK
  5
77AC
330
77AB
100
AcDbEntity
  8
0
 62
     1
370
    25
100
AcDbBlockBegin
  2
*D23
 70
     1
 10
0.0
 20
0.0
 30
0.0
  3
*D23
  1

  0
LINE
  5
2E0E0
330
77AB
100
AcDbEntity
  8
0
  6
Continuous
 62
     1
370
    25
100
AcDbLine
 10
307.049060641603
 20
523.5425379529176
 30
0.0
 11
307.049060641603
 21
496.0425379529178
 31
0.0
  0
LINE
  5
2E0E1
330
77AB
100
AcDbEntity
  8
0
  6
Continuous
 62
     1
370
    25
100
AcDbLine
 10
390.6412117823217
 20
523.5425379529176
 30
0.0
 11
390.6412117823217
 21
496.0425379529178
 31
0.0
  0
LINE
  5
2E0E2
330
77AB
100
AcDbEntity
  8
0
  6
Continuous
 62
     1
370
    25
100
AcDbLine
 10
310.769060641603
 20
497.5425379529179
 30
0.0
 11
386.9212117823216
 21
497.5425379529179
 31
0.0
  0
INSERT
  5
2E0E3
330
77AB
100
AcDbEntity
  8
0
  6
Continuous
 62
     1
370
    25
100
AcDbBlockReference
  2
_OPEN15
 10
307.049060641603
 20
497.5425379529179
 30
0.0
 41
3.72
 42
3.72
 43
3.72
 50
180.0
  0
INSERT
  5
2E0E4
330
77AB
100
AcDbEntity
  8
0
  6
Continuous
 62
     1
370
    25
100
AcDbBlockReference
  2
_OPEN15
 10
390.6412117823217
 20
497.5425379529179
 30
0.0
 41
3.72
 42
3.72
 43
3.72
  0
MTEXT
  5
2E0E5
330
77AB
100
AcDbEntity
  8
0
  6
Continuous
 62
     5
370
    35
100
AcDbMText
 10
348.8451362119623
 20
499.9675379529178
 30
0.0
 40
3.5
 41
0.0
 71
     5
 72
     1
  1
\A1;(41.8)
 73
     1
 44
1.0
1001
ACAD
1000
MTEXTBEGIN
1070
    73
1070
     1
1070
    44
1040
1.0
1070
    74
1070
     0
1000
MTEXTEND
  0
POINT
  5
2E0E6
330
77AB
100
AcDbEntity
  8
Defpoints
  6
Continuous
 62
     0
370
    50
100
AcDbPoint
 10
307.049060641603
 20
523.5425379529176
 30
0.0
  0
POINT
  5
2E0E7
330
77AB
100
AcDbEntity
  8
Defpoints
  6
Continuous
 62
     0
370
    50
100
AcDbPoint
 10
390.6412117823217
 20
523.5425379529176
 30
0.0
  0
POINT
  5
2E0E8
330
77AB
100
AcDbEntity
  8
Defpoints
  6
Continuous
 62
     0
370
    50
100
AcDbPoint
 10
390.6412117823217
 20
497.5425379529179
 30
0.0
  0
ENDBLK
  5
77AD
330
77AB
100
AcDbEntity
  8
0
 62
     1
370
    25
100
AcDbBlockEnd
  0
BLOCK
  5
77C1
330
77C0
100
AcDbEntity
  8
0
 62
     1
370
    25
100
AcDbBlockBegin
  2
*D24
 70
     1
 10
0.0
 20
0.0
 30
0.0
  3
*D24
  1

  0
LINE
  5
2E6D9
330
77C0
100
AcDbEntity
  8
0
  6
Continuous
 62
     1
370
    25
100
AcDbLine
 10
409.3098468021983
 20
491.9836235464778
 30
0.0
 11
390.3325317281652
 21
507.6461911383326
 31
0.0
  0
MTEXT
  5
2E6DA
330
77C0
100
AcDbEntity
  8
0
  6
Continuous
 62
     5
370
    35
100
AcDbMText
 10
406.7039368821624
 20
497.5217292459619
 30
0.0
 40
3.5
 41
0.0
 71
     5
 72
     1
  1
\A1;R3,4
 11
0.7712479247491937
 21
-0.6365348683065698
 31
0.0
 73
     1
 44
1.0
1001
ACAD
1000
MTEXTBEGIN
1070
    73
1070
     1
1070
    44
1040
1.0
1070
    74
1070
     0
1000
MTEXTEND
  0
INSERT
  5
2E6DB
330
77C0
100
AcDbEntity
  8
0
  6
Continuous
 62
     1
370
    25
100
AcDbBlockReference
  2
_OPEN15
 10
387.4634894480982
 20
510.0141008484331
 30
0.0
 41
3.72
 42
3.72
 43
3.72
 50
140.4660840362744
  0
POINT
  5
2E6DC
330
77C0
100
AcDbEntity
  8
Defpoints
  6
Continuous
 62
     0
370
    50
100
AcDbPoint
 10
387.4634894480982
 20
510.0141008484331
 30
0.0
  0
POINT
  5
2E6DD
330
77C0
100
AcDbEntity
  8
Defpoints
  6
Continuous
 62
     0
370
    50
100
AcDbPoint
 10
382.2190035598036
 20
514.3425379529178
 30
0.0
  0
ENDBLK
  5
77C2
330
77C0
100
AcDbEntity
  8
0
 62
     1
370
    25
100
AcDbBlockEnd
  0
BLOCK
  5
77C9
330
77C8
100
AcDbEntity
  8
0
 62
     1
370
    25
100
AcDbBlockBegin
  2
*D25
 70
     1
 10
0.0
 20
0.0
 30
0.0
  3
*D25
  1

  0
LINE
  5
2E6DE
330
77C8
100
AcDbEntity
  8
0
  6
Continuous
 62
     1
370
    25
100
AcDbLine
 10
391.9451362119625
 20
530.3425379529178
 30
0.0
 11
410.5851362119653
 21
530.3425379529178
 31
0.0
  0
LINE
  5
2E6DF
330
77C8
100
AcDbEntity
  8
0
  6
Continuous
 62
     1
370
    25
100
AcDbLine
 10
382.2190035598037
 20
507.5425379529178
 30
0.0
 11
410.5851362119653
 21
507.5425379529179
 31
0.0
  0
LINE
  5
2E6E0
330
77C8
100
AcDbEntity
  8
0
  6
Continuous
 62
     1
370
    25
100
AcDbLine
 10
409.0851362119654
 20
526.6225379529178
 30
0.0
 11
409.0851362119654
 21
511.262537952918
 31
0.0
  0
INSERT
  5
2E6E1
330
77C8
100
AcDbEntity
  8
0
  6
Continuous
 62
     1
370
    25
100
AcDbBlockReference
  2
_OPEN15
 10
409.0851362119654
 20
530.3425379529178
 30
0.0
 41
3.72
 42
3.72
 43
3.72
 50
90.0
  0
INSERT
  5
2E6E2
330
77C8
100
AcDbEntity
  8
0
  6
Continuous
 62
     1
370
    25
100
AcDbBlockReference
  2
_OPEN15
 10
409.0851362119654
 20
507.5425379529179
 30
0.0
 41
3.72
 42
3.72
 43
3.72
 50
270.0
  0
MTEXT
  5
2E6E3
330
77C8
100
AcDbEntity
  8
0
  6
Continuous
 62
     5
370
    35
100
AcDbMText
 10
406.8351362119654
 20
518.9425379529176
 30
0.0
 40
3.5
 41
0.0
 71
     5
 72
     1
  1
\A1;11.4
 11
0.0000000000000001
 21
1.0
 31
0.0
 73
     1
 44
1.0
1001
ACAD
1000
MTEXTBEGIN
1070
    73
1070
     1
1070
    44
1040
1.0
1070
    74
1070
     0
1000
MTEXTEND
  0
POINT
  5
2E6E4
330
77C8
100
AcDbEntity
  8
Defpoints
  6
Continuous
 62
     0
370
    50
100
AcDbPoint
 10
391.9451362119625
 20
530.3425379529178
 30
0.0
  0
POINT
  5
2E6E5
330
77C8
100
AcDbEntity
  8
Defpoints
  6
Continuous
 62
     0
370
    50
100
AcDbPoint
 10
382.2190035598037
 20
507.5425379529178
 30
0.0
  0
POINT
  5
2E6E6
330
77C8
100
AcDbEntity
  8
Defpoints
  6
Continuous
 62
     0
370
    50
100
AcDbPoint
 10
409.0851362119654
 20
507.5425379529179
 30
0.0
  0
ENDBLK
  5
77CA
330
77C8
100
AcDbEntity
  8
0
 62
     1
370
    25
100
AcDbBlockEnd
  0
BLOCK
  5
77EB
330
77EA
100
AcDbEntity
  8
0
 62
     1
370
    25
100
AcDbBlockBegin
  2
*D26
 70
     1
 10
0.0
 20
0.0
 30
0.0
  3
*D26
  1

  0
LINE
  5
2E116
330
77EA
100
AcDbEntity
  8
0
  6
Continuous
 62
     1
370
    25
100
AcDbLine
 10
301.8451362119626
 20
522.1425379529176
 30
0.0
 11
287.1451362119626
 21
522.1425379529176
 31
0.0
  0
LINE
  5
2E117
330
77EA
100
AcDbEntity
  8
0
  6
Continuous
 62
     1
370
    25
100
AcDbLine
 10
301.8451362119626
 20
515.7425379529178
 30
0.0
 11
287.1451362119626
 21
515.7425379529178
 31
0.0
  0
LINE
  5
2E118
330
77EA
100
AcDbEntity
  8
0
  6
Continuous
 62
     1
370
    25
100
AcDbLine
 10
288.6451362119626
 20
512.0225379529178
 30
0.0
 11
288.6451362119626
 21
508.3025379529177
 31
0.0
  0
LINE
  5
2E119
330
77EA
100
AcDbEntity
  8
0
  6
Continuous
 62
     1
370
    25
100
AcDbLine
 10
288.6451362119626
 20
525.8625379529177
 30
0.0
 11
288.6451362119626
 21
541.3986619686664
 31
0.0
  0
LINE
  5
2E11A
330
77EA
100
AcDbEntity
  8
0
  6
Continuous
 62
     1
370
    25
100
AcDbLine
 10
288.6451362119626
 20
515.7425379529178
 30
0.0
 11
288.6451362119626
 21
522.1425379529176
 31
0.0
  0
INSERT
  5
2E11B
330
77EA
100
AcDbEntity
  8
0
  6
Continuous
 62
     1
370
    25
100
AcDbBlockReference
  2
_OPEN15
 10
288.6451362119626
 20
515.7425379529178
 30
0.0
 41
3.72
 42
3.72
 43
3.72
 50
90.0
  0
INSERT
  5
2E11C
330
77EA
100
AcDbEntity
  8
0
  6
Continuous
 62
     1
370
    25
100
AcDbBlockReference
  2
_OPEN15
 10
288.6451362119626
 20
522.1425379529176
 30
0.0
 41
3.72
 42
3.72
 43
3.72
 50
270.0
  0
MTEXT
  5
2E11D
330
77EA
100
AcDbEntity
  8
0
  6
Continuous
 62
     5
370
    35
100
AcDbMText
 10
286.3947917237737
 20
535.9425379529181
 30
0.0
 40
3.5
 41
0.0
 71
     5
 72
     1
  1
\A1;%%c3.2
 11
0.0000000000000001
 21
1.0
 31
0.0
 73
     1
 44
1.0
1001
ACAD
1000
MTEXTBEGIN
1070
    73
1070
     1
1070
    44
1040
1.0
1070
    74
1070
     0
1000
MTEXTEND
  0
POINT
  5
2E11E
330
77EA
100
AcDbEntity
  8
Defpoints
  6
Continuous
 62
     0
370
    50
100
AcDbPoint
 10
301.8451362119626
 20
522.1425379529176
 30
0.0
  0
POINT
  5
2E11F
330
77EA
100
AcDbEntity
  8
Defpoints
  6
Continuous
 62
     0
370
    50
100
AcDbPoint
 10
301.8451362119626
 20
515.7425379529178
 30
0.0
  0
POINT
  5
2E120
330
77EA
100
AcDbEntity
  8
Defpoints
  6
Continuous
 62
     0
370
    50
100
AcDbPoint
 10
288.6451362119626
 20
515.7425379529178
 30
0.0
  0
ENDBLK
  5
77EC
330
77EA
100
AcDbEntity
  8
0
 62
     1
370
    25
100
AcDbBlockEnd
  0
BLOCK
  5
7C76
330
7C75
100
AcDbEntity
  8
0
 62
     7
100
AcDbBlockBegin
  2
*D27
 70
     1
 10
0.0
 20
0.0
 30
0.0
  3
*D27
  1

  0
LINE
  5
2E707
330
7C75
100
AcDbEntity
  8
0
  6
Continuous
 62
     1
370
    25
100
AcDbLine
 10
575.95489012133
 20
530.3425379529177
 30
0.0
 11
594.9516694362776
 21
530.3425379529177
 31
0.0
  0
LINE
  5
2E708
330
7C75
100
AcDbEntity
  8
0
  6
Continuous
 62
     1
370
    25
100
AcDbLine
 10
566.2287574691736
 20
507.5425379529177
 30
0.0
 11
594.9516694362776
 21
507.5425379529177
 31
0.0
  0
LINE
  5
2E709
330
7C75
100
AcDbEntity
  8
0
  6
Continuous
 62
     1
370
    25
100
AcDbLine
 10
593.4516694362776
 20
526.6225379529177
 30
0.0
 11
593.4516694362776
 21
511.2625379529178
 31
0.0
  0
INSERT
  5
2E70A
330
7C75
100
AcDbEntity
  8
0
  6
Continuous
 62
     1
370
    25
100
AcDbBlockReference
  2
_OPEN15
 10
593.4516694362776
 20
530.3425379529177
 30
0.0
 41
3.72
 42
3.72
 43
3.72
 50
90.0
  0
INSERT
  5
2E70B
330
7C75
100
AcDbEntity
  8
0
  6
Continuous
 62
     1
370
    25
100
AcDbBlockReference
  2
_OPEN15
 10
593.4516694362776
 20
507.5425379529177
 30
0.0
 41
3.72
 42
3.72
 43
3.72
 50
270.0
  0
MTEXT
  5
2E70C
330
7C75
100
AcDbEntity
  8
0
  6
Continuous
 62
     5
370
    35
100
AcDbMText
 10
591.2016694362775
 20
518.9425379529175
 30
0.0
 40
3.5
 41
0.0
 71
     5
 72
     1
  1
\A1;11.4
 11
0.0000000000000001
 21
1.0
 31
0.0
 73
     1
 44
1.0
1001
ACAD
1000
MTEXTBEGIN
1070
    73
1070
     1
1070
    44
1040
1.0
1070
    74
1070
     0
1000
MTEXTEND
  0
POINT
  5
2E70D
330
7C75
100
AcDbEntity
  8
Defpoints
  6
Continuous
 62
     0
370
    50
100
AcDbPoint
 10
575.95489012133
 20
530.3425379529177
 30
0.0
  0
POINT
  5
2E70E
330
7C75
100
AcDbEntity
  8
Defpoints
  6
Continuous
 62
     0
370
    50
100
AcDbPoint
 10
566.2287574691736
 20
507.5425379529177
 30
0.0
  0
POINT
  5
2E70F
330
7C75
100
AcDbEntity
  8
Defpoints
  6
Continuous
 62
     0
370
    50
100
AcDbPoint
 10
593.4516694362776
 20
507.5425379529177
 30
0.0
  0
ENDBLK
  5
7C80
330
7C75
100
AcDbEntity
  8
0
 62
     7
100
AcDbBlockEnd
  0
BLOCK
  5
7CBE
330
7CBD
100
AcDbEntity
  8
0
 62
     1
370
    25
100
AcDbBlockBegin
  2
*D28
 70
     1
 10
0.0
 20
0.0
 30
0.0
  3
*D28
  1

  0
LINE
  5
2E6F0
330
7CBD
100
AcDbEntity
  8
0
  6
Continuous
 62
     1
370
    25
100
AcDbLine
 10
456.7548901213298
 20
530.3425379529175
 30
0.0
 11
456.7548901213298
 21
541.8425379529172
 31
0.0
  0
LINE
  5
2E6F1
330
7CBD
100
AcDbEntity
  8
0
  6
Continuous
 62
     1
370
    25
100
AcDbLine
 10
575.9548901213297
 20
530.3425379529175
 30
0.0
 11
575.9548901213297
 21
541.8425379529172
 31
0.0
  0
LINE
  5
2E6F2
330
7CBD
100
AcDbEntity
  8
0
  6
Continuous
 62
     1
370
    25
100
AcDbLine
 10
460.4748901213298
 20
540.3425379529172
 30
0.0
 11
572.2348901213297
 21
540.3425379529172
 31
0.0
  0
INSERT
  5
2E6F3
330
7CBD
100
AcDbEntity
  8
0
  6
Continuous
 62
     1
370
    25
100
AcDbBlockReference
  2
_OPEN15
 10
456.7548901213298
 20
540.3425379529172
 30
0.0
 41
3.72
 42
3.72
 43
3.72
 50
180.0
  0
INSERT
  5
2E6F4
330
7CBD
100
AcDbEntity
  8
0
  6
Continuous
 62
     1
370
    25
100
AcDbBlockReference
  2
_OPEN15
 10
575.9548901213297
 20
540.3425379529172
 30
0.0
 41
3.72
 42
3.72
 43
3.72
  0
MTEXT
  5
2E6F5
330
7CBD
100
AcDbEntity
  8
0
  6
Continuous
 62
     5
370
    35
100
AcDbMText
 10
516.3548901213298
 20
542.5925379529172
 30
0.0
 40
3.5
 41
0.0
 71
     5
 72
     1
  1
\A1;59.6
 73
     1
 44
1.0
1001
ACAD
1000
MTEXTBEGIN
1070
    73
1070
     1
1070
    44
1040
1.0
1070
    74
1070
     0
1000
MTEXTEND
  0
POINT
  5
2E6F6
330
7CBD
100
AcDbEntity
  8
Defpoints
  6
Continuous
 62
     0
370
    50
100
AcDbPoint
 10
456.7548901213298
 20
530.3425379529175
 30
0.0
  0
POINT
  5
2E6F7
330
7CBD
100
AcDbEntity
  8
Defpoints
  6
Continuous
 62
     0
370
    50
100
AcDbPoint
 10
575.9548901213297
 20
530.3425379529175
 30
0.0
  0
POINT
  5
2E6F8
330
7CBD
100
AcDbEntity
  8
Defpoints
  6
Continuous
 62
     0
370
    50
100
AcDbPoint
 10
575.9548901213297
 20
540.3425379529172
 30
0.0
  0
ENDBLK
  5
7CBF
330
7CBD
100
AcDbEntity
  8
0
 62
     1
370
    25
100
AcDbBlockEnd
  0
BLOCK
  5
7CCA
330
7CC9
100
AcDbEntity
  8
0
 62
     1
370
    25
100
AcDbBlockBegin
  2
*D29
 70
     1
 10
0.0
 20
0.0
 30
0.0
  3
*D29
  1

  0
LINE
  5
2E42D
330
7CC9
100
AcDbEntity
  8
0
  6
Continuous
 62
     1
370
    25
100
AcDbLine
 10
575.9548901213297
 20
530.3425379529174
 30
0.0
 11
579.390968508811
 21
549.8295068426382
 31
0.0
  0
LINE
  5
2E42E
330
7CC9
100
AcDbEntity
  8
0
  6
Continuous
 62
     1
370
    25
100
AcDbLine
 10
575.9548901213299
 20
534.6713106888377
 30
0.0
 11
575.9548901213301
 21
550.130124748529
 31
0.0
  0
ARC
  5
2E42F
330
7CC9
100
AcDbEntity
  8
0
  6
Continuous
 62
     1
370
    25
100
AcDbCircle
 10
575.9548901213297
 20
530.3425379529174
 30
0.0
 40
18.28758679561154
100
AcDbArc
 50
56.64979003829568
 51
68.32489501915194
  0
ARC
  5
2E430
330
7CC9
100
AcDbEntity
  8
0
  6
Continuous
 62
     1
370
    25
100
AcDbCircle
 10
575.9548901213297
 20
530.3425379529174
 30
0.0
 40
18.28758679561154
100
AcDbArc
 50
101.6751049808549
 51
113.3502099617112
  0
ARC
  5
2E431
330
7CC9
100
AcDbEntity
  8
0
  6
Continuous
 62
     1
370
    25
100
AcDbCircle
 10
575.9548901213297
 20
530.3425379529174
 30
0.0
 40
18.28758679561154
100
AcDbArc
 50
80.0000000000082
 51
89.99999999999868
  0
INSERT
  5
2E432
330
7CC9
100
AcDbEntity
  8
0
  6
Continuous
 62
     1
370
    25
100
AcDbBlockReference
  2
_OPEN15
 10
579.1304962423108
 20
548.3522952131197
 30
0.0
 41
3.72
 42
3.72
 43
3.72
 50
164.16244750958
  0
INSERT
  5
2E433
330
7CC9
100
AcDbEntity
  8
0
  6
Continuous
 62
     1
370
    25
100
AcDbBlockReference
  2
_OPEN15
 10
575.95489012133
 20
548.6301247485291
 30
0.0
 41
3.72
 42
3.72
 43
3.72
 50
5.837552490426807
  0
MTEXT
  5
2E434
330
7CC9
100
AcDbEntity
  8
0
  6
Continuous
 62
     5
370
    35
100
AcDbMText
 10
591.5756805385367
 20
543.6760812977666
 30
0.0
 40
3.5
 41
0.0
 71
     5
 72
     1
  1
\A1;10\U+00B0
 11
0.6492263904977513
 21
-0.7605952234147026
 31
0.0
 73
     1
 44
1.0
1001
ACAD
1000
MTEXTBEGIN
1070
    73
1070
     1
1070
    44
1040
1.0
1070
    74
1070
     0
1000
MTEXTEND
  0
POINT
  5
2E435
330
7CC9
100
AcDbEntity
  8
Defpoints
  6
Continuous
 62
     0
370
    50
100
AcDbPoint
 10
577.0182187267454
 20
548.5991850460703
 30
0.0
  0
POINT
  5
2E436
330
7CC9
100
AcDbEntity
  8
Defpoints
  6
Continuous
 62
     0
370
    50
100
AcDbPoint
 10
575.9548901213297
 20
530.3425379529174
 30
0.0
  0
POINT
  5
2E437
330
7CC9
100
AcDbEntity
  8
Defpoints
  6
Continuous
 62
     0
370
    50
100
AcDbPoint
 10
575.9548901213297
 20
530.3425379529174
 30
0.0
  0
POINT
  5
2E438
330
7CC9
100
AcDbEntity
  8
Defpoints
  6
Continuous
 62
     0
370
    50
100
AcDbPoint
 10
575.9548901213299
 20
534.6713106888377
 30
0.0
  0
POINT
  5
2E439
330
7CC9
100
AcDbEntity
  8
Defpoints
  6
Continuous
 62
     0
370
    50
100
AcDbPoint
 10
574.5476584121734
 20
522.361730344783
 30
0.0
  0
ENDBLK
  5
7CCB
330
7CC9
100
AcDbEntity
  8
0
 62
     1
370
    25
100
AcDbBlockEnd
  0
BLOCK
  5
7CDA
330
7CD9
100
AcDbEntity
  8
0
 62
     1
370
    25
100
AcDbBlockBegin
  2
*D30
 70
     1
 10
0.0
 20
0.0
 30
0.0
  3
*D30
  1

  0
LINE
  5
2E137
330
7CD9
100
AcDbEntity
  8
0
  6
Continuous
 62
     1
370
    25
100
AcDbLine
 10
452.8548901213302
 20
522.1425379529178
 30
0.0
 11
438.0352745538883
 21
522.1425379529178
 31
0.0
  0
LINE
  5
2E138
330
7CD9
100
AcDbEntity
  8
0
  6
Continuous
 62
     1
370
    25
100
AcDbLine
 10
452.8548901213302
 20
515.7425379529178
 30
0.0
 11
438.0352745538883
 21
515.7425379529178
 31
0.0
  0
LINE
  5
2E139
330
7CD9
100
AcDbEntity
  8
0
  6
Continuous
 62
     1
370
    25
100
AcDbLine
 10
439.5352745538882
 20
512.0225379529178
 30
0.0
 11
439.5352745538882
 21
508.3025379529177
 31
0.0
  0
LINE
  5
2E13A
330
7CD9
100
AcDbEntity
  8
0
  6
Continuous
 62
     1
370
    25
100
AcDbLine
 10
439.5352745538882
 20
525.8625379529179
 30
0.0
 11
439.5352745538882
 21
540.594785984414
 31
0.0
  0
LINE
  5
2E13B
330
7CD9
100
AcDbEntity
  8
0
  6
Continuous
 62
     1
370
    25
100
AcDbLine
 10
439.5352745538882
 20
515.7425379529178
 30
0.0
 11
439.5352745538882
 21
522.1425379529178
 31
0.0
  0
INSERT
  5
2E13C
330
7CD9
100
AcDbEntity
  8
0
  6
Continuous
 62
     1
370
    25
100
AcDbBlockReference
  2
_OPEN15
 10
439.5352745538882
 20
515.7425379529178
 30
0.0
 41
3.72
 42
3.72
 43
3.72
 50
90.0
  0
INSERT
  5
2E13D
330
7CD9
100
AcDbEntity
  8
0
  6
Continuous
 62
     1
370
    25
100
AcDbBlockReference
  2
_OPEN15
 10
439.5352745538882
 20
522.1425379529178
 30
0.0
 41
3.72
 42
3.72
 43
3.72
 50
270.0
  0
MTEXT
  5
2E13E
330
7CD9
100
AcDbEntity
  8
0
  6
Continuous
 62
     5
370
    35
100
AcDbMText
 10
437.2849300656993
 20
535.1386619686657
 30
0.0
 40
3.5
 41
0.0
 71
     5
 72
     1
  1
\A1;%%c3.2
 11
0.0000000000000001
 21
1.0
 31
0.0
 73
     1
 44
1.0
1001
ACAD
1000
MTEXTBEGIN
1070
    73
1070
     1
1070
    44
1040
1.0
1070
    74
1070
     0
1000
MTEXTEND
  0
POINT
  5
2E13F
330
7CD9
100
AcDbEntity
  8
Defpoints
  6
Continuous
 62
     0
370
    50
100
AcDbPoint
 10
452.8548901213302
 20
522.1425379529178
 30
0.0
  0
POINT
  5
2E140
330
7CD9
100
AcDbEntity
  8
Defpoints
  6
Continuous
 62
     0
370
    50
100
AcDbPoint
 10
452.8548901213302
 20
515.7425379529178
 30
0.0
  0
POINT
  5
2E141
330
7CD9
100
AcDbEntity
  8
Defpoints
  6
Continuous
 62
     0
370
    50
100
AcDbPoint
 10
439.5352745538882
 20
515.7425379529178
 30
0.0
  0
ENDBLK
  5
7CDB
330
7CD9
100
AcDbEntity
  8
0
 62
     1
370
    25
100
AcDbBlockEnd
  0
BLOCK
  5
7CE8
330
7CE7
100
AcDbEntity
  8
0
 62
     1
370
    25
100
AcDbBlockBegin
  2
*D31
 70
     1
 10
0.0
 20
0.0
 30
0.0
  3
*D31
  1

  0
LINE
  5
2E6F9
330
7CE7
100
AcDbEntity
  8
0
  6
Continuous
 62
     1
370
    25
100
AcDbLine
 10
452.8548901213299
 20
513.6538425347222
 30
0.0
 11
452.8548901213299
 21
489.0425379529174
 31
0.0
  0
LINE
  5
2E6FA
330
7CE7
100
AcDbEntity
  8
0
  6
Continuous
 62
     1
370
    25
100
AcDbLine
 10
579.85489012133
 20
513.7425379529173
 30
0.0
 11
579.85489012133
 21
489.0425379529174
 31
0.0
  0
LINE
  5
2E6FB
330
7CE7
100
AcDbEntity
  8
0
  6
Continuous
 62
     1
370
    25
100
AcDbLine
 10
456.5748901213299
 20
490.5425379529175
 30
0.0
 11
576.13489012133
 21
490.5425379529175
 31
0.0
  0
INSERT
  5
2E6FC
330
7CE7
100
AcDbEntity
  8
0
  6
Continuous
 62
     1
370
    25
100
AcDbBlockReference
  2
_OPEN15
 10
452.8548901213299
 20
490.5425379529175
 30
0.0
 41
3.72
 42
3.72
 43
3.72
 50
180.0
  0
INSERT
  5
2E6FD
330
7CE7
100
AcDbEntity
  8
0
  6
Continuous
 62
     1
370
    25
100
AcDbBlockReference
  2
_OPEN15
 10
579.85489012133
 20
490.5425379529175
 30
0.0
 41
3.72
 42
3.72
 43
3.72
  0
MTEXT
  5
2E6FE
330
7CE7
100
AcDbEntity
  8
0
  6
Continuous
 62
     5
370
    35
100
AcDbMText
 10
516.35489012133
 20
492.7925379529175
 30
0.0
 40
3.5
 41
0.0
 71
     5
 72
     1
  1
\A1;63.5
 73
     1
 44
1.0
1001
ACAD
1000
MTEXTBEGIN
1070
    73
1070
     1
1070
    44
1040
1.0
1070
    74
1070
     0
1000
MTEXTEND
  0
POINT
  5
2E6FF
330
7CE7
100
AcDbEntity
  8
Defpoints
  6
Continuous
 62
     0
370
    50
100
AcDbPoint
 10
452.8548901213299
 20
513.6538425347222
 30
0.0
  0
POINT
  5
2E700
330
7CE7
100
AcDbEntity
  8
Defpoints
  6
Continuous
 62
     0
370
    50
100
AcDbPoint
 10
579.85489012133
 20
513.7425379529173
 30
0.0
  0
POINT
  5
2E701
330
7CE7
100
AcDbEntity
  8
Defpoints
  6
Continuous
 62
     0
370
    50
100
AcDbPoint
 10
579.85489012133
 20
490.5425379529175
 30
0.0
  0
ENDBLK
  5
7CE9
330
7CE7
100
AcDbEntity
  8
0
 62
     1
370
    25
100
AcDbBlockEnd
  0
BLOCK
  5
7CF4
330
7CF3
100
AcDbEntity
  8
0
 62
     1
370
    25
100
AcDbBlockBegin
  2
*D32
 70
     1
 10
0.0
 20
0.0
 30
0.0
  3
*D32
  1

  0
LINE
  5
2E14B
330
7CF3
100
AcDbEntity
  8
0
  6
Continuous
 62
     1
370
    25
100
AcDbLine
 10
458.0588145509704
 20
523.5425379529174
 30
0.0
 11
458.0588145509704
 21
496.0425379529177
 31
0.0
  0
LINE
  5
2E14C
330
7CF3
100
AcDbEntity
  8
0
  6
Continuous
 62
     1
370
    25
100
AcDbLine
 10
574.6509656916903
 20
523.5425379529174
 30
0.0
 11
574.6509656916903
 21
496.0425379529177
 31
0.0
  0
LINE
  5
2E14D
330
7CF3
100
AcDbEntity
  8
0
  6
Continuous
 62
     1
370
    25
100
AcDbLine
 10
461.7788145509704
 20
497.5425379529177
 30
0.0
 11
570.9309656916903
 21
497.5425379529177
 31
0.0
  0
INSERT
  5
2E14E
330
7CF3
100
AcDbEntity
  8
0
  6
Continuous
 62
     1
370
    25
100
AcDbBlockReference
  2
_OPEN15
 10
458.0588145509704
 20
497.5425379529177
 30
0.0
 41
3.72
 42
3.72
 43
3.72
 50
180.0
  0
INSERT
  5
2E14F
330
7CF3
100
AcDbEntity
  8
0
  6
Continuous
 62
     1
370
    25
100
AcDbBlockReference
  2
_OPEN15
 10
574.6509656916903
 20
497.5425379529177
 30
0.0
 41
3.72
 42
3.72
 43
3.72
  0
MTEXT
  5
2E150
330
7CF3
100
AcDbEntity
  8
0
  6
Continuous
 62
     5
370
    35
100
AcDbMText
 10
516.3548901213302
 20
499.9675379529177
 30
0.0
 40
3.5
 41
0.0
 71
     5
 72
     1
  1
\A1;(58.3)
 73
     1
 44
1.0
1001
ACAD
1000
MTEXTBEGIN
1070
    73
1070
     1
1070
    44
1040
1.0
1070
    74
1070
     0
1000
MTEXTEND
  0
POINT
  5
2E151
330
7CF3
100
AcDbEntity
  8
Defpoints
  6
Continuous
 62
     0
370
    50
100
AcDbPoint
 10
458.0588145509704
 20
523.5425379529174
 30
0.0
  0
POINT
  5
2E152
330
7CF3
100
AcDbEntity
  8
Defpoints
  6
Continuous
 62
     0
370
    50
100
AcDbPoint
 10
574.6509656916903
 20
523.5425379529174
 30
0.0
  0
POINT
  5
2E153
330
7CF3
100
AcDbEntity
  8
Defpoints
  6
Continuous
 62
     0
370
    50
100
AcDbPoint
 10
574.6509656916903
 20
497.5425379529177
 30
0.0
  0
ENDBLK
  5
7CF5
330
7CF3
100
AcDbEntity
  8
0
 62
     1
370
    25
100
AcDbBlockEnd
  0
BLOCK
  5
7D00
330
7CFF
100
AcDbEntity
  8
0
 62
     1
370
    25
100
AcDbBlockBegin
  2
*D33
 70
     1
 10
0.0
 20
0.0
 30
0.0
  3
*D33
  1

  0
LINE
  5
2E702
330
7CFF
100
AcDbEntity
  8
0
  6
Continuous
 62
     1
370
    25
100
AcDbLine
 10
588.2833740625578
 20
493.5905569290148
 30
0.0
 11
573.8903411263431
 21
507.133478661707
 31
0.0
  0
MTEXT
  5
2E703
330
7CFF
100
AcDbEntity
  8
0
  6
Continuous
 62
     5
370
    35
100
AcDbMText
 10
586.0425757598825
 20
499.2861872028937
 30
0.0
 40
3.5
 41
0.0
 71
     5
 72
     1
  1
\A1;R3,4
 11
0.7282874198830368
 21
-0.68527179574247
 31
0.0
 73
     1
 44
1.0
1001
ACAD
1000
MTEXTBEGIN
1070
    73
1070
     1
1070
    44
1040
1.0
1070
    74
1070
     0
1000
MTEXTEND
  0
INSERT
  5
2E704
330
7CFF
100
AcDbEntity
  8
0
  6
Continuous
 62
     1
370
    25
100
AcDbBlockReference
  2
_OPEN15
 10
571.1811119243783
 20
509.682689741869
 30
0.0
 41
3.72
 42
3.72
 43
3.72
 50
136.7430139069386
  0
POINT
  5
2E705
330
7CFF
100
AcDbEntity
  8
Defpoints
  6
Continuous
 62
     0
370
    50
100
AcDbPoint
 10
571.1811119243783
 20
509.682689741869
 30
0.0
  0
POINT
  5
2E706
330
7CFF
100
AcDbEntity
  8
Defpoints
  6
Continuous
 62
     0
370
    50
100
AcDbPoint
 10
566.2287574691738
 20
514.3425379529177
 30
0.0
  0
ENDBLK
  5
7D01
330
7CFF
100
AcDbEntity
  8
0
 62
     1
370
    25
100
AcDbBlockEnd
  0
BLOCK
  5
7F02
330
7F01
100
AcDbEntity
  8
0
 62
     7
100
AcDbBlockBegin
  2
*D34
 70
     1
 10
0.0
 20
0.0
 30
0.0
  3
*D34
  1

  0
LINE
  5
2E710
330
7F01
100
AcDbEntity
  8
0
  6
Continuous
 62
     1
370
    25
100
AcDbLine
 10
632.6691994373982
 20
513.7425379529177
 30
0.0
 11
632.6691994373982
 21
486.3425379529174
 31
0.0
  0
LINE
  5
2E711
330
7F01
100
AcDbEntity
  8
0
  6
Continuous
 62
     1
370
    25
100
AcDbLine
 10
754.869199437398
 20
513.7425379529174
 30
0.0
 11
754.869199437398
 21
486.3425379529174
 31
0.0
  0
LINE
  5
2E712
330
7F01
100
AcDbEntity
  8
0
  6
Continuous
 62
     1
370
    25
100
AcDbLine
 10
636.3891994373982
 20
487.8425379529174
 30
0.0
 11
751.1491994373979
 21
487.8425379529174
 31
0.0
  0
INSERT
  5
2E713
330
7F01
100
AcDbEntity
  8
0
  6
Continuous
 62
     1
370
    25
100
AcDbBlockReference
  2
_OPEN15
 10
632.6691994373982
 20
487.8425379529174
 30
0.0
 41
3.72
 42
3.72
 43
3.72
 50
180.0
  0
INSERT
  5
2E714
330
7F01
100
AcDbEntity
  8
0
  6
Continuous
 62
     1
370
    25
100
AcDbBlockReference
  2
_OPEN15
 10
754.869199437398
 20
487.8425379529174
 30
0.0
 41
3.72
 42
3.72
 43
3.72
  0
MTEXT
  5
2E715
330
7F01
100
AcDbEntity
  8
0
  6
Continuous
 62
     5
370
    35
100
AcDbMText
 10
693.7691994373981
 20
490.0925379529174
 30
0.0
 40
3.5
 41
0.0
 71
     5
 72
     1
  1
\A1;61.1
 73
     1
 44
1.0
1001
ACAD
1000
MTEXTBEGIN
1070
    73
1070
     1
1070
    44
1040
1.0
1070
    74
1070
     0
1000
MTEXTEND
  0
POINT
  5
2E716
330
7F01
100
AcDbEntity
  8
Defpoints
  6
Continuous
 62
     0
370
    50
100
AcDbPoint
 10
632.6691994373982
 20
513.7425379529177
 30
0.0
  0
POINT
  5
2E717
330
7F01
100
AcDbEntity
  8
Defpoints
  6
Continuous
 62
     0
370
    50
100
AcDbPoint
 10
754.869199437398
 20
513.7425379529174
 30
0.0
  0
POINT
  5
2E718
330
7F01
100
AcDbEntity
  8
Defpoints
  6
Continuous
 62
     0
370
    50
100
AcDbPoint
 10
754.869199437398
 20
487.8425379529174
 30
0.0
  0
ENDBLK
  5
7F0C
330
7F01
100
AcDbEntity
  8
0
 62
     7
100
AcDbBlockEnd
  0
BLOCK
  5
7F0E
330
7F0D
100
AcDbEntity
  8
0
 62
     7
100
AcDbBlockBegin
  2
*D35
 70
     1
 10
0.0
 20
0.0
 30
0.0
  3
*D35
  1

  0
LINE
  5
2E719
330
7F0D
100
AcDbEntity
  8
0
  6
Continuous
 62
     1
370
    25
100
AcDbLine
 10
636.8691994373982
 20
533.0425379529175
 30
0.0
 11
636.8691994373982
 21
544.5425379529171
 31
0.0
  0
LINE
  5
2E71A
330
7F0D
100
AcDbEntity
  8
0
  6
Continuous
 62
     1
370
    25
100
AcDbLine
 10
750.6691994373982
 20
533.0425379529174
 30
0.0
 11
750.6691994373982
 21
544.5425379529171
 31
0.0
  0
LINE
  5
2E71B
330
7F0D
100
AcDbEntity
  8
0
  6
Continuous
 62
     1
370
    25
100
AcDbLine
 10
640.5891994373982
 20
543.0425379529172
 30
0.0
 11
746.9491994373981
 21
543.0425379529172
 31
0.0
  0
INSERT
  5
2E71C
330
7F0D
100
AcDbEntity
  8
0
  6
Continuous
 62
     1
370
    25
100
AcDbBlockReference
  2
_OPEN15
 10
636.8691994373982
 20
543.0425379529172
 30
0.0
 41
3.72
 42
3.72
 43
3.72
 50
180.0
  0
INSERT
  5
2E71D
330
7F0D
100
AcDbEntity
  8
0
  6
Continuous
 62
     1
370
    25
100
AcDbBlockReference
  2
_OPEN15
 10
750.6691994373982
 20
543.0425379529172
 30
0.0
 41
3.72
 42
3.72
 43
3.72
  0
MTEXT
  5
2E71E
330
7F0D
100
AcDbEntity
  8
0
  6
Continuous
 62
     5
370
    35
100
AcDbMText
 10
693.7691994373982
 20
545.2925379529172
 30
0.0
 40
3.5
 41
0.0
 71
     5
 72
     1
  1
\A1;56.9
 73
     1
 44
1.0
1001
ACAD
1000
MTEXTBEGIN
1070
    73
1070
     1
1070
    44
1040
1.0
1070
    74
1070
     0
1000
MTEXTEND
  0
POINT
  5
2E71F
330
7F0D
100
AcDbEntity
  8
Defpoints
  6
Continuous
 62
     0
370
    50
100
AcDbPoint
 10
636.8691994373982
 20
533.0425379529175
 30
0.0
  0
POINT
  5
2E720
330
7F0D
100
AcDbEntity
  8
Defpoints
  6
Continuous
 62
     0
370
    50
100
AcDbPoint
 10
750.6691994373982
 20
533.0425379529174
 30
0.0
  0
POINT
  5
2E721
330
7F0D
100
AcDbEntity
  8
Defpoints
  6
Continuous
 62
     0
370
    50
100
AcDbPoint
 10
750.6691994373982
 20
543.0425379529172
 30
0.0
  0
ENDBLK
  5
7F18
330
7F0D
100
AcDbEntity
  8
0
 62
     7
100
AcDbBlockEnd
  0
BLOCK
  5
7F1A
330
7F19
100
AcDbEntity
  8
0
 62
     7
100
AcDbBlockBegin
  2
*D36
 70
     1
 10
0.0
 20
0.0
 30
0.0
  3
*D36
  1

  0
LINE
  5
2E482
330
7F19
100
AcDbEntity
  8
0
  6
Continuous
 62
     1
370
    25
100
AcDbLine
 10
750.6691994373981
 20
533.0425379529174
 30
0.0
 11
754.2096534441696
 21
553.1214503947194
 31
0.0
  0
LINE
  5
2E483
330
7F19
100
AcDbEntity
  8
0
  6
Continuous
 62
     1
370
    25
100
AcDbLine
 10
750.6691994373982
 20
537.7176888434383
 30
0.0
 11
750.6691994373982
 21
553.4311999840467
 31
0.0
  0
ARC
  5
2E484
330
7F19
100
AcDbEntity
  8
0
  6
Continuous
 62
     1
370
    25
100
AcDbCircle
 10
750.6691994373981
 20
533.0425379529174
 30
0.0
 40
18.88866203112938
100
AcDbArc
 50
57.39529984232523
 51
68.69764992116426
  0
ARC
  5
2E485
330
7F19
100
AcDbEntity
  8
0
  6
Continuous
 62
     1
370
    25
100
AcDbCircle
 10
750.6691994373981
 20
533.0425379529174
 30
0.0
 40
18.88866203112938
100
AcDbArc
 50
101.3023500788387
 51
112.6047001576777
  0
ARC
  5
2E486
330
7F19
100
AcDbEntity
  8
0
  6
Continuous
 62
     1
370
    25
100
AcDbCircle
 10
750.6691994373981
 20
533.0425379529174
 30
0.0
 40
18.88866203112938
100
AcDbArc
 50
80.00000000000325
 51
89.99999999999971
  0
INSERT
  5
2E487
330
7F19
100
AcDbEntity
  8
0
  6
Continuous
 62
     1
370
    25
100
AcDbBlockReference
  2
_OPEN15
 10
753.9491811776692
 20
551.6442387652012
 30
0.0
 41
3.72
 42
3.72
 43
3.72
 50
164.3488249605837
  0
INSERT
  5
2E488
330
7F19
100
AcDbEntity
  8
0
  6
Continuous
 62
     1
370
    25
100
AcDbBlockReference
  2
_OPEN15
 10
750.6691994373982
 20
551.9311999840467
 30
0.0
 41
3.72
 42
3.72
 43
3.72
 50
5.651175039419216
  0
MTEXT
  5
2E489
330
7F19
100
AcDbEntity
  8
0
  6
Continuous
 62
     5
370
    35
100
AcDbMText
 10
766.3940996045321
 20
547.1694819678127
 30
0.0
 40
3.5
 41
0.0
 71
     5
 72
     1
  1
\A1;10\U+00B0
 11
0.6682988731307416
 21
-0.7438928795009274
 31
0.0
 73
     1
 44
1.0
1001
ACAD
1000
MTEXTBEGIN
1070
    73
1070
     1
1070
    44
1040
1.0
1070
    74
1070
     0
1000
MTEXTEND
  0
POINT
  5
2E48A
330
7F19
100
AcDbEntity
  8
Defpoints
  6
Continuous
 62
     0
370
    50
100
AcDbPoint
 10
751.7674774595455
 20
551.8992433574226
 30
0.0
  0
POINT
  5
2E48B
330
7F19
100
AcDbEntity
  8
Defpoints
  6
Continuous
 62
     0
370
    50
100
AcDbPoint
 10
750.6691994373981
 20
533.0425379529174
 30
0.0
  0
POINT
  5
2E48C
330
7F19
100
AcDbEntity
  8
Defpoints
  6
Continuous
 62
     0
370
    50
100
AcDbPoint
 10
750.6691994373981
 20
533.0425379529174
 30
0.0
  0
POINT
  5
2E48D
330
7F19
100
AcDbEntity
  8
Defpoints
  6
Continuous
 62
     0
370
    50
100
AcDbPoint
 10
750.6691994373982
 20
537.7176888434383
 30
0.0
  0
POINT
  5
2E48E
330
7F19
100
AcDbEntity
  8
Defpoints
  6
Continuous
 62
     0
370
    50
100
AcDbPoint
 10
749.261967728241
 20
525.0617303447823
 30
0.0
  0
ENDBLK
  5
7F28
330
7F19
100
AcDbEntity
  8
0
 62
     7
100
AcDbBlockEnd
  0
BLOCK
  5
7F2A
330
7F29
100
AcDbEntity
  8
0
 62
     7
100
AcDbBlockBegin
  2
*D37
 70
     1
 10
0.0
 20
0.0
 30
0.0
  3
*D37
  1

  0
LINE
  5
2E722
330
7F29
100
AcDbEntity
  8
0
  6
Continuous
 62
     1
370
    25
100
AcDbLine
 10
750.6691994373984
 20
533.0425379529176
 30
0.0
 11
769.569199437404
 21
533.0425379529177
 31
0.0
  0
LINE
  5
2E723
330
7F29
100
AcDbEntity
  8
0
  6
Continuous
 62
     1
370
    25
100
AcDbLine
 10
739.9909010894146
 20
504.8425379529176
 30
0.0
 11
769.569199437404
 21
504.8425379529176
 31
0.0
  0
LINE
  5
2E724
330
7F29
100
AcDbEntity
  8
0
  6
Continuous
 62
     1
370
    25
100
AcDbLine
 10
768.069199437404
 20
529.3225379529177
 30
0.0
 11
768.069199437404
 21
508.5625379529177
 31
0.0
  0
INSERT
  5
2E725
330
7F29
100
AcDbEntity
  8
0
  6
Continuous
 62
     1
370
    25
100
AcDbBlockReference
  2
_OPEN15
 10
768.069199437404
 20
533.0425379529177
 30
0.0
 41
3.72
 42
3.72
 43
3.72
 50
90.0
  0
INSERT
  5
2E726
330
7F29
100
AcDbEntity
  8
0
  6
Continuous
 62
     1
370
    25
100
AcDbBlockReference
  2
_OPEN15
 10
768.069199437404
 20
504.8425379529176
 30
0.0
 41
3.72
 42
3.72
 43
3.72
 50
270.0
  0
MTEXT
  5
2E727
330
7F29
100
AcDbEntity
  8
0
  6
Continuous
 62
     5
370
    35
100
AcDbMText
 10
765.8191994374038
 20
518.9425379529174
 30
0.0
 40
3.5
 41
0.0
 71
     5
 72
     1
  1
\A1;14.1
 11
0.0000000000000001
 21
1.0
 31
0.0
 73
     1
 44
1.0
1001
ACAD
1000
MTEXTBEGIN
1070
    73
1070
     1
1070
    44
1040
1.0
1070
    74
1070
     0
1000
MTEXTEND
  0
POINT
  5
2E728
330
7F29
100
AcDbEntity
  8
Defpoints
  6
Continuous
 62
     0
370
    50
100
AcDbPoint
 10
750.6691994373984
 20
533.0425379529176
 30
0.0
  0
POINT
  5
2E729
330
7F29
100
AcDbEntity
  8
Defpoints
  6
Continuous
 62
     0
370
    50
100
AcDbPoint
 10
739.9909010894146
 20
504.8425379529176
 30
0.0
  0
POINT
  5
2E72A
330
7F29
100
AcDbEntity
  8
Defpoints
  6
Continuous
 62
     0
370
    50
100
AcDbPoint
 10
768.069199437404
 20
504.8425379529176
 30
0.0
  0
ENDBLK
  5
7F34
330
7F29
100
AcDbEntity
  8
0
 62
     7
100
AcDbBlockEnd
  0
BLOCK
  5
7F36
330
7F35
100
AcDbEntity
  8
0
 62
     7
100
AcDbBlockBegin
  2
*D38
 70
     1
 10
0.0
 20
0.0
 30
0.0
  3
*D38
  1

  0
LINE
  5
2E72B
330
7F35
100
AcDbEntity
  8
0
  6
Continuous
 62
     1
370
    25
100
AcDbLine
 10
766.5621499602341
 20
490.8542499340319
 30
0.0
 11
748.276452825322
 21
505.1602519031048
 31
0.0
  0
MTEXT
  5
2E72C
330
7F35
100
AcDbEntity
  8
0
  6
Continuous
 62
     5
370
    35
100
AcDbMText
 10
763.8125723411171
 20
496.3224492872425
 30
0.0
 40
3.5
 41
0.0
 71
     5
 72
     1
  1
\A1;R3,4
 11
0.7875999748961484
 21
-0.616186886864356
 31
0.0
 73
     1
 44
1.0
1001
ACAD
1000
MTEXTBEGIN
1070
    73
1070
     1
1070
    44
1040
1.0
1070
    74
1070
     0
1000
MTEXTEND
  0
INSERT
  5
2E72D
330
7F35
100
AcDbEntity
  8
0
  6
Continuous
 62
     1
370
    25
100
AcDbBlockReference
  2
_OPEN15
 10
745.3465809187084
 20
507.4524671222402
 30
0.0
 41
3.72
 42
3.72
 43
3.72
 50
141.9617876903039
  0
POINT
  5
2E72E
330
7F35
100
AcDbEntity
  8
Defpoints
  6
Continuous
 62
     0
370
    50
100
AcDbPoint
 10
745.3465809187084
 20
507.4524671222402
 30
0.0
  0
POINT
  5
2E72F
330
7F35
100
AcDbEntity
  8
Defpoints
  6
Continuous
 62
     0
370
    50
100
AcDbPoint
 10
739.9909010894149
 20
511.6425379529174
 30
0.0
  0
ENDBLK
  5
7F3C
330
7F35
100
AcDbEntity
  8
0
 62
     7
100
AcDbBlockEnd
  0
BLOCK
  5
7F82
330
7F81
100
AcDbEntity
  8
0
 62
     1
370
    25
100
AcDbBlockBegin
  2
*D39
 70
     1
 10
0.0
 20
0.0
 30
0.0
  3
*D39
  1

  0
LINE
  5
2E16B
330
7F81
100
AcDbEntity
  8
0
  6
Continuous
 62
     1
370
    25
100
AcDbLine
 10
638.1731238670388
 20
526.2425379529174
 30
0.0
 11
638.1731238670388
 21
493.3425379529175
 31
0.0
  0
LINE
  5
2E16C
330
7F81
100
AcDbEntity
  8
0
  6
Continuous
 62
     1
370
    25
100
AcDbLine
 10
749.3652750077576
 20
526.2425379529174
 30
0.0
 11
749.3652750077576
 21
493.3425379529175
 31
0.0
  0
LINE
  5
2E16D
330
7F81
100
AcDbEntity
  8
0
  6
Continuous
 62
     1
370
    25
100
AcDbLine
 10
641.8931238670388
 20
494.8425379529176
 30
0.0
 11
745.6452750077576
 21
494.8425379529176
 31
0.0
  0
INSERT
  5
2E16E
330
7F81
100
AcDbEntity
  8
0
  6
Continuous
 62
     1
370
    25
100
AcDbBlockReference
  2
_OPEN15
 10
638.1731238670388
 20
494.8425379529176
 30
0.0
 41
3.72
 42
3.72
 43
3.72
 50
180.0
  0
INSERT
  5
2E16F
330
7F81
100
AcDbEntity
  8
0
  6
Continuous
 62
     1
370
    25
100
AcDbBlockReference
  2
_OPEN15
 10
749.3652750077576
 20
494.8425379529176
 30
0.0
 41
3.72
 42
3.72
 43
3.72
  0
MTEXT
  5
2E170
330
7F81
100
AcDbEntity
  8
0
  6
Continuous
 62
     5
370
    35
100
AcDbMText
 10
693.7691994373982
 20
497.2675379529176
 30
0.0
 40
3.5
 41
0.0
 71
     5
 72
     1
  1
\A1;(55.6)
 73
     1
 44
1.0
1001
ACAD
1000
MTEXTBEGIN
1070
    73
1070
     1
1070
    44
1040
1.0
1070
    74
1070
     0
1000
MTEXTEND
  0
POINT
  5
2E171
330
7F81
100
AcDbEntity
  8
Defpoints
  6
Continuous
 62
     0
370
    50
100
AcDbPoint
 10
638.1731238670388
 20
526.2425379529174
 30
0.0
  0
POINT
  5
2E172
330
7F81
100
AcDbEntity
  8
Defpoints
  6
Continuous
 62
     0
370
    50
100
AcDbPoint
 10
749.3652750077576
 20
526.2425379529174
 30
0.0
  0
POINT
  5
2E173
330
7F81
100
AcDbEntity
  8
Defpoints
  6
Continuous
 62
     0
370
    50
100
AcDbPoint
 10
749.3652750077576
 20
494.8425379529176
 30
0.0
  0
ENDBLK
  5
7F83
330
7F81
100
AcDbEntity
  8
0
 62
     1
370
    25
100
AcDbBlockEnd
  0
BLOCK
  5
7F97
330
7F96
100
AcDbEntity
  8
0
 62
     1
370
    25
100
AcDbBlockBegin
  2
*D40
 70
     1
 10
0.0
 20
0.0
 30
0.0
  3
*D40
  1

  0
LINE
  5
2E17D
330
7F96
100
AcDbEntity
  8
0
  6
Continuous
 62
     1
370
    25
100
AcDbLine
 10
632.6691994373984
 20
522.1425379529173
 30
0.0
 11
617.9691994373984
 21
522.1425379529173
 31
0.0
  0
LINE
  5
2E17E
330
7F96
100
AcDbEntity
  8
0
  6
Continuous
 62
     1
370
    25
100
AcDbLine
 10
632.6691994373984
 20
515.7425379529172
 30
0.0
 11
617.9691994373984
 21
515.7425379529172
 31
0.0
  0
LINE
  5
2E17F
330
7F96
100
AcDbEntity
  8
0
  6
Continuous
 62
     1
370
    25
100
AcDbLine
 10
619.4691994373983
 20
512.0225379529172
 30
0.0
 11
619.4691994373983
 21
508.3025379529172
 31
0.0
  0
LINE
  5
2E180
330
7F96
100
AcDbEntity
  8
0
  6
Continuous
 62
     1
370
    25
100
AcDbLine
 10
619.4691994373983
 20
525.8625379529173
 30
0.0
 11
619.4691994373983
 21
540.5947859844133
 31
0.0
  0
LINE
  5
2E181
330
7F96
100
AcDbEntity
  8
0
  6
Continuous
 62
     1
370
    25
100
AcDbLine
 10
619.4691994373983
 20
515.7425379529172
 30
0.0
 11
619.4691994373983
 21
522.1425379529173
 31
0.0
  0
INSERT
  5
2E182
330
7F96
100
AcDbEntity
  8
0
  6
Continuous
 62
     1
370
    25
100
AcDbBlockReference
  2
_OPEN15
 10
619.4691994373983
 20
515.7425379529172
 30
0.0
 41
3.72
 42
3.72
 43
3.72
 50
90.0
  0
INSERT
  5
2E183
330
7F96
100
AcDbEntity
  8
0
  6
Continuous
 62
     1
370
    25
100
AcDbBlockReference
  2
_OPEN15
 10
619.4691994373983
 20
522.1425379529173
 30
0.0
 41
3.72
 42
3.72
 43
3.72
 50
270.0
  0
MTEXT
  5
2E184
330
7F96
100
AcDbEntity
  8
0
  6
Continuous
 62
     5
370
    35
100
AcDbMText
 10
617.2188549492094
 20
535.1386619686651
 30
0.0
 40
3.5
 41
0.0
 71
     5
 72
     1
  1
\A1;%%c3.2
 11
0.0000000000000001
 21
1.0
 31
0.0
 73
     1
 44
1.0
1001
ACAD
1000
MTEXTBEGIN
1070
    73
1070
     1
1070
    44
1040
1.0
1070
    74
1070
     0
1000
MTEXTEND
  0
POINT
  5
2E185
330
7F96
100
AcDbEntity
  8
Defpoints
  6
Continuous
 62
     0
370
    50
100
AcDbPoint
 10
632.6691994373984
 20
522.1425379529173
 30
0.0
  0
POINT
  5
2E186
330
7F96
100
AcDbEntity
  8
Defpoints
  6
Continuous
 62
     0
370
    50
100
AcDbPoint
 10
632.6691994373984
 20
515.7425379529172
 30
0.0
  0
POINT
  5
2E187
330
7F96
100
AcDbEntity
  8
Defpoints
  6
Continuous
 62
     0
370
    50
100
AcDbPoint
 10
619.4691994373983
 20
515.7425379529172
 30
0.0
  0
ENDBLK
  5
7F98
330
7F96
100
AcDbEntity
  8
0
 62
     1
370
    25
100
AcDbBlockEnd
  0
BLOCK
  5
14622
330
1461D
100
AcDbEntity
  8
0
 62
     7
370
    50
100
AcDbBlockBegin
  2
A$C23E321F0
 70
     0
 10
0.0
 20
0.0
 30
0.0
  3
A$C23E321F0
  1

  0
LINE
  5
1461E
330
1461D
100
AcDbEntity
  8
0
  6
Continuous
 62
     5
370
    25
100
AcDbLine
 10
-0.000001355504935
 20
0.0000001476774969
 30
0.0
 11
14.81820661427355
 21
0.0000001476774969
 31
0.0
1001
PHOENIX7010
1002
{
1070
    62
1070
     5
1070
    41
1040
0.5
1002
}
  0
TEXT
  5
1461F
330
1461D
100
AcDbEntity
  8
0
  6
Continuous
 62
     5
370
    25
100
AcDbText
 10
1.244129059416536
 20
2.000000147677496
 30
0.0
 40
3.5
  1
M 2:1
 41
1.199999999999999
100
AcDbText
1001
PHOENIX7010
1002
{
1070
    62
1070
     5
1070
    41
1040
0.5
1002
}
  0
ENDBLK
  5
14623
330
1461D
100
AcDbEntity
  8
0
 62
     7
370
    50
100
AcDbBlockEnd
  0
BLOCK
  5
14634
330
1462F
100
AcDbEntity
  8
0
 62
     7
370
    50
100
AcDbBlockBegin
  2
A$C04D75360
 70
     0
 10
0.0
 20
0.0
 30
0.0
  3
A$C04D75360
  1

  0
LINE
  5
14630
330
1462F
100
AcDbEntity
  8
0
  6
Continuous
 62
     5
370
    25
100
AcDbLine
 10
-0.000001355504935
 20
0.0000001476774969
 30
0.0
 11
13.07280519580763
 21
0.0000001476774969
 31
0.0
1001
PHOENIX7010
1002
{
1070
    62
1070
     5
1070
    41
1040
0.5
1002
}
  0
TEXT
  5
14631
330
1462F
100
AcDbEntity
  8
0
  6
Continuous
 62
     5
370
    25
100
AcDbText
 10
1.244127703911601
 20
2.000000147677496
 30
0.0
 40
3.5
  1
M 1:1
 41
1.199999999999999
100
AcDbText
1001
PHOENIX7010
1002
{
1070
    62
1070
     5
1070
    41
1040
0.5
1002
}
  0
ENDBLK
  5
14635
330
1462F
100
AcDbEntity
  8
0
 62
     7
370
    50
100
AcDbBlockEnd
  0
BLOCK
  5
1659E
330
1659D
100
AcDbEntity
  8
0
 62
     7
370
    50
100
AcDbBlockBegin
  2
*D43
 70
     1
 10
0.0
 20
0.0
 30
0.0
  3
*D43
  1

  0
LINE
  5
2E1A3
330
1659D
100
AcDbEntity
  8
0
  6
Continuous
 62
     1
370
    25
100
AcDbLine
 10
111.7815088796684
 20
255.0637373236257
 30
0.0
 11
111.7815088796684
 21
268.5774056693608
 31
0.0
  0
LINE
  5
2E1A4
330
1659D
100
AcDbEntity
  8
0
  6
Continuous
 62
     1
370
    25
100
AcDbLine
 10
124.2815088796684
 20
255.0637373236257
 30
0.0
 11
124.2815088796684
 21
268.5774056693608
 31
0.0
  0
LINE
  5
2E1A5
330
1659D
100
AcDbEntity
  8
0
  6
Continuous
 62
     1
370
    25
100
AcDbLine
 10
108.0615088796684
 20
267.0774056693608
 30
0.0
 11
104.3415088796684
 21
267.0774056693608
 31
0.0
  0
LINE
  5
2E1A6
330
1659D
100
AcDbEntity
  8
0
  6
Continuous
 62
     1
370
    25
100
AcDbLine
 10
128.0015088796684
 20
267.0774056693608
 30
0.0
 11
149.7700370170923
 21
267.0774056693608
 31
0.0
  0
LINE
  5
2E1A7
330
1659D
100
AcDbEntity
  8
0
  6
Continuous
 62
     1
370
    25
100
AcDbLine
 10
111.7815088796684
 20
267.0774056693608
 30
0.0
 11
124.2815088796684
 21
267.0774056693608
 31
0.0
  0
INSERT
  5
2E1A8
330
1659D
100
AcDbEntity
  8
0
  6
Continuous
 62
     1
370
    25
100
AcDbBlockReference
  2
_OPEN15
 10
111.7815088796684
 20
267.0774056693608
 30
0.0
 41
3.72
 42
3.72
 43
3.72
  0
INSERT
  5
2E1A9
330
1659D
100
AcDbEntity
  8
0
  6
Continuous
 62
     1
370
    25
100
AcDbBlockReference
  2
_OPEN15
 10
124.2815088796684
 20
267.0774056693608
 30
0.0
 41
3.72
 42
3.72
 43
3.72
 50
180.0
  0
MTEXT
  5
2E1AA
330
1659D
100
AcDbEntity
  8
0
  6
Continuous
 62
     5
370
    35
100
AcDbMText
 10
140.7457729483803
 20
270.0778977953451
 30
0.0
 40
5.0
 41
0.0
 71
     5
 72
     1
  1
\A1;%%c12.5
 73
     1
 44
1.0
1001
ACAD
1000
MTEXTBEGIN
1070
    73
1070
     1
1070
    44
1040
1.0
1070
    74
1070
     0
1000
MTEXTEND
  0
POINT
  5
2E1AB
330
1659D
100
AcDbEntity
  8
Defpoints
  6
Continuous
 62
     0
370
    50
100
AcDbPoint
 10
111.7815088796684
 20
255.0637373236257
 30
0.0
  0
POINT
  5
2E1AC
330
1659D
100
AcDbEntity
  8
Defpoints
  6
Continuous
 62
     0
370
    50
100
AcDbPoint
 10
124.2815088796684
 20
255.0637373236257
 30
0.0
  0
POINT
  5
2E1AD
330
1659D
100
AcDbEntity
  8
Defpoints
  6
Continuous
 62
     0
370
    50
100
AcDbPoint
 10
124.2815088796684
 20
267.0774056693608
 30
0.0
  0
ENDBLK
  5
1659F
330
1659D
100
AcDbEntity
  8
0
 62
     7
370
    50
100
AcDbBlockEnd
  0
BLOCK
  5
17C70
330
17C6F
100
AcDbEntity
  8
0
 62
     7
370
    50
100
AcDbBlockBegin
  2
*D44
 70
     1
 10
0.0
 20
0.0
 30
0.0
  3
*D44
  1

  0
LINE
  5
2E730
330
17C6F
100
AcDbEntity
  8
0
  6
Continuous
 62
     1
370
    25
100
AcDbLine
 10
126.2815088796684
 20
233.1186004912565
 30
0.0
 11
126.2815088796684
 21
245.7747733649626
 31
0.0
  0
LINE
  5
2E731
330
17C6F
100
AcDbEntity
  8
0
  6
Continuous
 62
     1
370
    25
100
AcDbLine
 10
109.7815088796684
 20
233.1186004912565
 30
0.0
 11
109.7815088796684
 21
245.7747733649626
 31
0.0
  0
LINE
  5
2E732
330
17C6F
100
AcDbEntity
  8
0
  6
Continuous
 62
     1
370
    25
100
AcDbLine
 10
106.0615088796684
 20
244.2747733649626
 30
0.0
 11
102.3415088796684
 21
244.2747733649626
 31
0.0
  0
LINE
  5
2E733
330
17C6F
100
AcDbEntity
  8
0
  6
Continuous
 62
     1
370
    25
100
AcDbLine
 10
130.0015088796684
 20
244.2747733649626
 30
0.0
 11
151.7700370170923
 21
244.2747733649626
 31
0.0
  0
LINE
  5
2E734
330
17C6F
100
AcDbEntity
  8
0
  6
Continuous
 62
     1
370
    25
100
AcDbLine
 10
109.7815088796684
 20
244.2747733649626
 30
0.0
 11
126.2815088796684
 21
244.2747733649626
 31
0.0
  0
INSERT
  5
2E735
330
17C6F
100
AcDbEntity
  8
0
  6
Continuous
 62
     1
370
    25
100
AcDbBlockReference
  2
_OPEN15
 10
109.7815088796684
 20
244.2747733649626
 30
0.0
 41
3.72
 42
3.72
 43
3.72
  0
INSERT
  5
2E736
330
17C6F
100
AcDbEntity
  8
0
  6
Continuous
 62
     1
370
    25
100
AcDbBlockReference
  2
_OPEN15
 10
126.2815088796684
 20
244.2747733649626
 30
0.0
 41
3.72
 42
3.72
 43
3.72
 50
180.0
  0
MTEXT
  5
2E737
330
17C6F
100
AcDbEntity
  8
0
  6
Continuous
 62
     5
370
    35
100
AcDbMText
 10
142.7457729483803
 20
247.2747733649626
 30
0.0
 40
5.0
 41
0.0
 71
     5
 72
     1
  1
\A1;%%c16.5
 73
     1
 44
1.0
1001
ACAD
1000
MTEXTBEGIN
1070
    73
1070
     1
1070
    44
1040
1.0
1070
    74
1070
     0
1000
MTEXTEND
  0
POINT
  5
2E738
330
17C6F
100
AcDbEntity
  8
Defpoints
  6
Continuous
 62
     0
370
    50
100
AcDbPoint
 10
126.2815088796684
 20
233.1186004912565
 30
0.0
  0
POINT
  5
2E739
330
17C6F
100
AcDbEntity
  8
Defpoints
  6
Continuous
 62
     0
370
    50
100
AcDbPoint
 10
109.7815088796684
 20
233.1186004912565
 30
0.0
  0
POINT
  5
2E73A
330
17C6F
100
AcDbEntity
  8
Defpoints
  6
Continuous
 62
     0
370
    50
100
AcDbPoint
 10
109.7815088796684
 20
244.2747733649626
 30
0.0
  0
ENDBLK
  5
17C71
330
17C6F
100
AcDbEntity
  8
0
 62
     7
370
    50
100
AcDbBlockEnd
  0
BLOCK
  5
1803F
330
1803E
100
AcDbEntity
  8
0
 62
     7
370
    50
100
AcDbBlockBegin
  2
*D45
 70
     1
 10
0.0
 20
0.0
 30
0.0
  3
*D45
  1

  0
LINE
  5
2E73B
330
1803E
100
AcDbEntity
  8
0
  6
Continuous
 62
     1
370
    25
100
AcDbLine
 10
128.2815088796684
 20
207.2927169475524
 30
0.0
 11
128.2815088796684
 21
221.6740683411597
 31
0.0
  0
LINE
  5
2E73C
330
1803E
100
AcDbEntity
  8
0
  6
Continuous
 62
     1
370
    25
100
AcDbLine
 10
107.7815088796684
 20
207.2927169475524
 30
0.0
 11
107.7815088796684
 21
221.6740683411597
 31
0.0
  0
LINE
  5
2E73D
330
1803E
100
AcDbEntity
  8
0
  6
Continuous
 62
     1
370
    25
100
AcDbLine
 10
104.0615088796684
 20
220.1740683411597
 30
0.0
 11
100.3415088796684
 21
220.1740683411597
 31
0.0
  0
LINE
  5
2E73E
330
1803E
100
AcDbEntity
  8
0
  6
Continuous
 62
     1
370
    25
100
AcDbLine
 10
132.0015088796684
 20
220.1740683411597
 30
0.0
 11
154.9700370170923
 21
220.1740683411597
 31
0.0
  0
LINE
  5
2E73F
330
1803E
100
AcDbEntity
  8
0
  6
Continuous
 62
     1
370
    25
100
AcDbLine
 10
107.7815088796684
 20
220.1740683411597
 30
0.0
 11
128.2815088796684
 21
220.1740683411597
 31
0.0
  0
INSERT
  5
2E740
330
1803E
100
AcDbEntity
  8
0
  6
Continuous
 62
     1
370
    25
100
AcDbBlockReference
  2
_OPEN15
 10
107.7815088796684
 20
220.1740683411597
 30
0.0
 41
3.72
 42
3.72
 43
3.72
  0
INSERT
  5
2E741
330
1803E
100
AcDbEntity
  8
0
  6
Continuous
 62
     1
370
    25
100
AcDbBlockReference
  2
_OPEN15
 10
128.2815088796684
 20
220.1740683411597
 30
0.0
 41
3.72
 42
3.72
 43
3.72
 50
180.0
  0
MTEXT
  5
2E742
330
1803E
100
AcDbEntity
  8
0
  6
Continuous
 62
     5
370
    35
100
AcDbMText
 10
145.3457729483803
 20
223.174560467144
 30
0.0
 40
5.0
 41
0.0
 71
     5
 72
     1
  1
\A1;%%c20.5
 73
     1
 44
1.0
1001
ACAD
1000
MTEXTBEGIN
1070
    73
1070
     1
1070
    44
1040
1.0
1070
    74
1070
     0
1000
MTEXTEND
  0
POINT
  5
2E743
330
1803E
100
AcDbEntity
  8
Defpoints
  6
Continuous
 62
     0
370
    50
100
AcDbPoint
 10
128.2815088796684
 20
207.2927169475524
 30
0.0
  0
POINT
  5
2E744
330
1803E
100
AcDbEntity
  8
Defpoints
  6
Continuous
 62
     0
370
    50
100
AcDbPoint
 10
107.7815088796684
 20
207.2927169475524
 30
0.0
  0
POINT
  5
2E745
330
1803E
100
AcDbEntity
  8
Defpoints
  6
Continuous
 62
     0
370
    50
100
AcDbPoint
 10
107.7815088796684
 20
220.1740683411597
 30
0.0
  0
ENDBLK
  5
18040
330
1803E
100
AcDbEntity
  8
0
 62
     7
370
    50
100
AcDbBlockEnd
  0
BLOCK
  5
18266
330
18265
100
AcDbEntity
  8
0
 62
     7
370
    50
100
AcDbBlockBegin
  2
*D46
 70
     1
 10
0.0
 20
0.0
 30
0.0
  3
*D46
  1

  0
LINE
  5
2E746
330
18265
100
AcDbEntity
  8
0
  6
Continuous
 62
     1
370
    25
100
AcDbLine
 10
130.7815088796684
 20
177.469407164401
 30
0.0
 11
130.7815088796684
 21
194.1166822731518
 31
0.0
  0
LINE
  5
2E747
330
18265
100
AcDbEntity
  8
0
  6
Continuous
 62
     1
370
    25
100
AcDbLine
 10
105.2815088796684
 20
177.469407164401
 30
0.0
 11
105.2815088796684
 21
194.1166822731518
 31
0.0
  0
LINE
  5
2E748
330
18265
100
AcDbEntity
  8
0
  6
Continuous
 62
     1
370
    25
100
AcDbLine
 10
101.5615088796684
 20
192.6166822731518
 30
0.0
 11
97.84150887966843
 21
192.6166822731518
 31
0.0
  0
LINE
  5
2E749
330
18265
100
AcDbEntity
  8
0
  6
Continuous
 62
     1
370
    25
100
AcDbLine
 10
134.5015088796684
 20
192.6166822731518
 30
0.0
 11
157.4700370170923
 21
192.6166822731518
 31
0.0
  0
LINE
  5
2E74A
330
18265
100
AcDbEntity
  8
0
  6
Continuous
 62
     1
370
    25
100
AcDbLine
 10
105.2815088796684
 20
192.6166822731518
 30
0.0
 11
130.7815088796684
 21
192.6166822731518
 31
0.0
  0
INSERT
  5
2E74B
330
18265
100
AcDbEntity
  8
0
  6
Continuous
 62
     1
370
    25
100
AcDbBlockReference
  2
_OPEN15
 10
105.2815088796684
 20
192.6166822731518
 30
0.0
 41
3.72
 42
3.72
 43
3.72
  0
INSERT
  5
2E74C
330
18265
100
AcDbEntity
  8
0
  6
Continuous
 62
     1
370
    25
100
AcDbBlockReference
  2
_OPEN15
 10
130.7815088796684
 20
192.6166822731518
 30
0.0
 41
3.72
 42
3.72
 43
3.72
 50
180.0
  0
MTEXT
  5
2E74D
330
18265
100
AcDbEntity
  8
0
  6
Continuous
 62
     5
370
    35
100
AcDbMText
 10
147.8457729483803
 20
195.6171743991361
 30
0.0
 40
5.0
 41
0.0
 71
     5
 72
     1
  1
\A1;%%c25.5
 73
     1
 44
1.0
1001
ACAD
1000
MTEXTBEGIN
1070
    73
1070
     1
1070
    44
1040
1.0
1070
    74
1070
     0
1000
MTEXTEND
  0
POINT
  5
2E74E
330
18265
100
AcDbEntity
  8
Defpoints
  6
Continuous
 62
     0
370
    50
100
AcDbPoint
 10
130.7815088796684
 20
177.469407164401
 30
0.0
  0
POINT
  5
2E74F
330
18265
100
AcDbEntity
  8
Defpoints
  6
Continuous
 62
     0
370
    50
100
AcDbPoint
 10
105.2815088796684
 20
177.469407164401
 30
0.0
  0
POINT
  5
2E750
330
18265
100
AcDbEntity
  8
Defpoints
  6
Continuous
 62
     0
370
    50
100
AcDbPoint
 10
105.2815088796684
 20
192.6166822731518
 30
0.0
  0
ENDBLK
  5
18267
330
18265
100
AcDbEntity
  8
0
 62
     7
370
    50
100
AcDbBlockEnd
  0
BLOCK
  5
18543
330
18542
100
AcDbEntity
  8
0
 62
     7
370
    50
100
AcDbBlockBegin
  2
*D47
 70
     1
 10
0.0
 20
0.0
 30
0.0
  3
*D47
  1

  0
LINE
  5
2E751
330
18542
100
AcDbEntity
  8
0
  6
Continuous
 62
     1
370
    25
100
AcDbLine
 10
134.2815088796684
 20
138.5886820594228
 30
0.0
 11
134.2815088796684
 21
159.4611266161867
 31
0.0
  0
LINE
  5
2E752
330
18542
100
AcDbEntity
  8
0
  6
Continuous
 62
     1
370
    25
100
AcDbLine
 10
101.7815088796684
 20
138.5886820594228
 30
0.0
 11
101.7815088796684
 21
159.4611266161867
 31
0.0
  0
LINE
  5
2E753
330
18542
100
AcDbEntity
  8
0
  6
Continuous
 62
     1
370
    25
100
AcDbLine
 10
98.06150887966843
 20
157.9611266161867
 30
0.0
 11
94.34150887966842
 21
157.9611266161867
 31
0.0
  0
LINE
  5
2E754
330
18542
100
AcDbEntity
  8
0
  6
Continuous
 62
     1
370
    25
100
AcDbLine
 10
138.0015088796684
 20
157.9611266161867
 30
0.0
 11
160.9700370170922
 21
157.9611266161867
 31
0.0
  0
LINE
  5
2E755
330
18542
100
AcDbEntity
  8
0
  6
Continuous
 62
     1
370
    25
100
AcDbLine
 10
101.7815088796684
 20
157.9611266161867
 30
0.0
 11
134.2815088796684
 21
157.9611266161867
 31
0.0
  0
INSERT
  5
2E756
330
18542
100
AcDbEntity
  8
0
  6
Continuous
 62
     1
370
    25
100
AcDbBlockReference
  2
_OPEN15
 10
101.7815088796684
 20
157.9611266161867
 30
0.0
 41
3.72
 42
3.72
 43
3.72
  0
INSERT
  5
2E757
330
18542
100
AcDbEntity
  8
0
  6
Continuous
 62
     1
370
    25
100
AcDbBlockReference
  2
_OPEN15
 10
134.2815088796684
 20
157.9611266161867
 30
0.0
 41
3.72
 42
3.72
 43
3.72
 50
180.0
  0
MTEXT
  5
2E758
330
18542
100
AcDbEntity
  8
0
  6
Continuous
 62
     5
370
    35
100
AcDbMText
 10
151.3457729483803
 20
160.9616187421709
 30
0.0
 40
5.0
 41
0.0
 71
     5
 72
     1
  1
\A1;%%c32.5
 73
     1
 44
1.0
1001
ACAD
1000
MTEXTBEGIN
1070
    73
1070
     1
1070
    44
1040
1.0
1070
    74
1070
     0
1000
MTEXTEND
  0
POINT
  5
2E759
330
18542
100
AcDbEntity
  8
Defpoints
  6
Continuous
 62
     0
370
    50
100
AcDbPoint
 10
134.2815088796684
 20
138.5886820594228
 30
0.0
  0
POINT
  5
2E75A
330
18542
100
AcDbEntity
  8
Defpoints
  6
Continuous
 62
     0
370
    50
100
AcDbPoint
 10
101.7815088796684
 20
138.5886820594228
 30
0.0
  0
POINT
  5
2E75B
330
18542
100
AcDbEntity
  8
Defpoints
  6
Continuous
 62
     0
370
    50
100
AcDbPoint
 10
101.7815088796684
 20
157.9611266161867
 30
0.0
  0
ENDBLK
  5
18544
330
18542
100
AcDbEntity
  8
0
 62
     7
370
    50
100
AcDbBlockEnd
  0
BLOCK
  5
189D4
330
189D3
100
AcDbEntity
  8
0
 62
     7
370
    50
100
AcDbBlockBegin
  2
*D48
 70
     1
 10
0.0
 20
0.0
 30
0.0
  3
*D48
  1

  0
LINE
  5
2E75C
330
189D3
100
AcDbEntity
  8
0
  6
Continuous
 62
     1
370
    25
100
AcDbLine
 10
138.2815088796684
 20
91.97268838753393
 30
0.0
 11
138.2815088796684
 21
118.1232491254225
 31
0.0
  0
LINE
  5
2E75D
330
189D3
100
AcDbEntity
  8
0
  6
Continuous
 62
     1
370
    25
100
AcDbLine
 10
97.78150887966843
 20
91.97268838753393
 30
0.0
 11
97.78150887966843
 21
118.1232491254225
 31
0.0
  0
LINE
  5
2E75E
330
189D3
100
AcDbEntity
  8
0
  6
Continuous
 62
     1
370
    25
100
AcDbLine
 10
94.06150887966843
 20
116.6232491254225
 30
0.0
 11
90.34150887966843
 21
116.6232491254225
 31
0.0
  0
LINE
  5
2E75F
330
189D3
100
AcDbEntity
  8
0
  6
Continuous
 62
     1
370
    25
100
AcDbLine
 10
142.0015088796684
 20
116.6232491254225
 30
0.0
 11
165.5700370170923
 21
116.6232491254225
 31
0.0
  0
LINE
  5
2E760
330
189D3
100
AcDbEntity
  8
0
  6
Continuous
 62
     1
370
    25
100
AcDbLine
 10
97.78150887966843
 20
116.6232491254225
 30
0.0
 11
138.2815088796684
 21
116.6232491254225
 31
0.0
  0
INSERT
  5
2E761
330
189D3
100
AcDbEntity
  8
0
  6
Continuous
 62
     1
370
    25
100
AcDbBlockReference
  2
_OPEN15
 10
97.78150887966843
 20
116.6232491254225
 30
0.0
 41
3.72
 42
3.72
 43
3.72
  0
INSERT
  5
2E762
330
189D3
100
AcDbEntity
  8
0
  6
Continuous
 62
     1
370
    25
100
AcDbBlockReference
  2
_OPEN15
 10
138.2815088796684
 20
116.6232491254225
 30
0.0
 41
3.72
 42
3.72
 43
3.72
 50
180.0
  0
MTEXT
  5
2E763
330
189D3
100
AcDbEntity
  8
0
  6
Continuous
 62
     5
370
    35
100
AcDbMText
 10
155.6457729483803
 20
119.6232491254225
 30
0.0
 40
5.0
 41
0.0
 71
     5
 72
     1
  1
\A1;%%c40.5
 73
     1
 44
1.0
1001
ACAD
1000
MTEXTBEGIN
1070
    73
1070
     1
1070
    44
1040
1.0
1070
    74
1070
     0
1000
MTEXTEND
  0
POINT
  5
2E764
330
189D3
100
AcDbEntity
  8
Defpoints
  6
Continuous
 62
     0
370
    50
100
AcDbPoint
 10
138.2815088796684
 20
91.97268838753393
 30
0.0
  0
POINT
  5
2E765
330
189D3
100
AcDbEntity
  8
Defpoints
  6
Continuous
 62
     0
370
    50
100
AcDbPoint
 10
97.78150887966843
 20
91.97268838753393
 30
0.0
  0
POINT
  5
2E766
330
189D3
100
AcDbEntity
  8
Defpoints
  6
Continuous
 62
     0
370
    50
100
AcDbPoint
 10
97.78150887966843
 20
116.6232491254225
 30
0.0
  0
ENDBLK
  5
189D5
330
189D3
100
AcDbEntity
  8
0
 62
     7
370
    50
100
AcDbBlockEnd
  0
BLOCK
  5
18EBC
330
18EB7
100
AcDbEntity
  8
0
 62
     7
370
    50
100
AcDbBlockBegin
  2
A$C6D50609B
 70
     0
 10
0.0
 20
0.0
 30
0.0
  3
A$C6D50609B
  1

  0
MTEXT
  5
18EB8
102
{ACAD_XDICTIONARY
360
18EB9
102
}
330
18EB7
100
AcDbEntity
  8
0
  6
Continuous
 62
     1
370
    20
100
AcDbMText
 10
0.6300001887769895
 20
1.046614779911521
 30
0.0
 40
3.5
 41
0.0
 71
     7
 72
     5
  1
{\L\C5;Bearbeitung \PMetrische Kabelverschraubungen}
 73
     1
 44
1.0
1001
PHOENIX7010
1002
{
1070
    41
1040
0.5
1002
}
1001
ACAD
1000
MTEXTBEGIN
1070
    73
1070
     1
1070
    44
1040
1.0
1070
    74
1070
     0
1000
MTEXTEND
  0
ENDBLK
  5
18EBD
330
18EB7
100
AcDbEntity
  8
0
 62
     7
370
    50
100
AcDbBlockEnd
  0
BLOCK
  5
1C4FF
330
1C4FE
100
AcDbEntity
  8
0
 62
     7
370
    50
100
AcDbBlockBegin
  2
*D50
 70
     1
 10
0.0
 20
0.0
 30
0.0
  3
*D50
  1

  0
LINE
  5
2E767
330
1C4FE
100
AcDbEntity
  8
0
  6
Continuous
 62
     1
370
    25
100
AcDbLine
 10
269.2276578853265
 20
255.0637373236257
 30
0.0
 11
269.2276578853265
 21
266.9101444897847
 31
0.0
  0
LINE
  5
2E768
330
1C4FE
100
AcDbEntity
  8
0
  6
Continuous
 62
     1
370
    25
100
AcDbLine
 10
256.2276578853265
 20
255.0637373236257
 30
0.0
 11
256.2276578853265
 21
266.9101444897847
 31
0.0
  0
LINE
  5
2E769
330
1C4FE
100
AcDbEntity
  8
0
  6
Continuous
 62
     1
370
    25
100
AcDbLine
 10
252.5076578853265
 20
265.4101444897847
 30
0.0
 11
248.7876578853265
 21
265.4101444897847
 31
0.0
  0
LINE
  5
2E76A
330
1C4FE
100
AcDbEntity
  8
0
  6
Continuous
 62
     1
370
    25
100
AcDbLine
 10
272.9476578853265
 20
265.4101444897847
 30
0.0
 11
288.7161860227504
 21
265.4101444897847
 31
0.0
  0
LINE
  5
2E76B
330
1C4FE
100
AcDbEntity
  8
0
  6
Continuous
 62
     1
370
    25
100
AcDbLine
 10
256.2276578853265
 20
265.4101444897847
 30
0.0
 11
269.2276578853265
 21
265.4101444897847
 31
0.0
  0
INSERT
  5
2E76C
330
1C4FE
100
AcDbEntity
  8
0
  6
Continuous
 62
     1
370
    25
100
AcDbBlockReference
  2
_OPEN15
 10
256.2276578853265
 20
265.4101444897847
 30
0.0
 41
3.72
 42
3.72
 43
3.72
  0
INSERT
  5
2E76D
330
1C4FE
100
AcDbEntity
  8
0
  6
Continuous
 62
     1
370
    25
100
AcDbBlockReference
  2
_OPEN15
 10
269.2276578853265
 20
265.4101444897847
 30
0.0
 41
3.72
 42
3.72
 43
3.72
 50
180.0
  0
MTEXT
  5
2E76E
330
1C4FE
100
AcDbEntity
  8
0
  6
Continuous
 62
     5
370
    35
100
AcDbMText
 10
282.6919219540384
 20
268.4101444897847
 30
0.0
 40
5.0
 41
0.0
 71
     5
 72
     1
  1
\A1;%%c13
 73
     1
 44
1.0
1001
ACAD
1000
MTEXTBEGIN
1070
    73
1070
     1
1070
    44
1040
1.0
1070
    74
1070
     0
1000
MTEXTEND
  0
POINT
  5
2E76F
330
1C4FE
100
AcDbEntity
  8
Defpoints
  6
Continuous
 62
     0
370
    50
100
AcDbPoint
 10
269.2276578853265
 20
255.0637373236257
 30
0.0
  0
POINT
  5
2E770
330
1C4FE
100
AcDbEntity
  8
Defpoints
  6
Continuous
 62
     0
370
    50
100
AcDbPoint
 10
256.2276578853265
 20
255.0637373236257
 30
0.0
  0
POINT
  5
2E771
330
1C4FE
100
AcDbEntity
  8
Defpoints
  6
Continuous
 62
     0
370
    50
100
AcDbPoint
 10
256.2276578853265
 20
265.4101444897847
 30
0.0
  0
ENDBLK
  5
1C500
330
1C4FE
100
AcDbEntity
  8
0
 62
     7
370
    50
100
AcDbBlockEnd
  0
BLOCK
  5
1CE43
330
1CE42
100
AcDbEntity
  8
0
 62
     7
370
    50
100
AcDbBlockBegin
  2
*D51
 70
     1
 10
0.0
 20
0.0
 30
0.0
  3
*D51
  1

  0
LINE
  5
2E772
330
1CE42
100
AcDbEntity
  8
0
  6
Continuous
 62
     1
370
    25
100
AcDbLine
 10
270.5776578853265
 20
233.1186004912565
 30
0.0
 11
270.5776578853265
 21
245.5834145911047
 31
0.0
  0
LINE
  5
2E773
330
1CE42
100
AcDbEntity
  8
0
  6
Continuous
 62
     1
370
    25
100
AcDbLine
 10
254.8776578853265
 20
233.1186004912565
 30
0.0
 11
254.8776578853265
 21
245.5834145911047
 31
0.0
  0
LINE
  5
2E774
330
1CE42
100
AcDbEntity
  8
0
  6
Continuous
 62
     1
370
    25
100
AcDbLine
 10
251.1576578853265
 20
244.0834145911046
 30
0.0
 11
247.4376578853265
 21
244.0834145911046
 31
0.0
  0
LINE
  5
2E775
330
1CE42
100
AcDbEntity
  8
0
  6
Continuous
 62
     1
370
    25
100
AcDbLine
 10
274.2976578853265
 20
244.0834145911046
 30
0.0
 11
295.8176578853265
 21
244.0834145911046
 31
0.0
  0
LINE
  5
2E776
330
1CE42
100
AcDbEntity
  8
0
  6
Continuous
 62
     1
370
    25
100
AcDbLine
 10
254.8776578853265
 20
244.0834145911046
 30
0.0
 11
270.5776578853265
 21
244.0834145911046
 31
0.0
  0
INSERT
  5
2E777
330
1CE42
100
AcDbEntity
  8
0
  6
Continuous
 62
     1
370
    25
100
AcDbBlockReference
  2
_OPEN15
 10
254.8776578853265
 20
244.0834145911046
 30
0.0
 41
3.72
 42
3.72
 43
3.72
  0
INSERT
  5
2E778
330
1CE42
100
AcDbEntity
  8
0
  6
Continuous
 62
     1
370
    25
100
AcDbBlockReference
  2
_OPEN15
 10
270.5776578853265
 20
244.0834145911046
 30
0.0
 41
3.72
 42
3.72
 43
3.72
 50
180.0
  0
MTEXT
  5
2E779
330
1CE42
100
AcDbEntity
  8
0
  6
Continuous
 62
     5
370
    35
100
AcDbMText
 10
286.9176578853265
 20
247.0834145911047
 30
0.0
 40
5.0
 41
0.0
 71
     5
 72
     1
  1
\A1;%%c15.7
 73
     1
 44
1.0
1001
ACAD
1000
MTEXTBEGIN
1070
    73
1070
     1
1070
    44
1040
1.0
1070
    74
1070
     0
1000
MTEXTEND
  0
POINT
  5
2E77A
330
1CE42
100
AcDbEntity
  8
Defpoints
  6
Continuous
 62
     0
370
    50
100
AcDbPoint
 10
270.5776578853265
 20
233.1186004912565
 30
0.0
  0
POINT
  5
2E77B
330
1CE42
100
AcDbEntity
  8
Defpoints
  6
Continuous
 62
     0
370
    50
100
AcDbPoint
 10
254.8776578853265
 20
233.1186004912565
 30
0.0
  0
POINT
  5
2E77C
330
1CE42
100
AcDbEntity
  8
Defpoints
  6
Continuous
 62
     0
370
    50
100
AcDbPoint
 10
254.8776578853265
 20
244.0834145911046
 30
0.0
  0
ENDBLK
  5
1CE44
330
1CE42
100
AcDbEntity
  8
0
 62
     7
370
    50
100
AcDbBlockEnd
  0
BLOCK
  5
1D272
330
1D271
100
AcDbEntity
  8
0
 62
     7
370
    50
100
AcDbBlockBegin
  2
*D52
 70
     1
 10
0.0
 20
0.0
 30
0.0
  3
*D52
  1

  0
LINE
  5
2E77D
330
1D271
100
AcDbEntity
  8
0
  6
Continuous
 62
     1
370
    25
100
AcDbLine
 10
272.2276578853265
 20
205.5246027196326
 30
0.0
 11
272.2276578853265
 21
220.1655429658531
 31
0.0
  0
LINE
  5
2E77E
330
1D271
100
AcDbEntity
  8
0
  6
Continuous
 62
     1
370
    25
100
AcDbLine
 10
253.2276578853265
 20
205.5246027196326
 30
0.0
 11
253.2276578853265
 21
220.1655429658531
 31
0.0
  0
LINE
  5
2E77F
330
1D271
100
AcDbEntity
  8
0
  6
Continuous
 62
     1
370
    25
100
AcDbLine
 10
249.5076578853265
 20
218.6655429658531
 30
0.0
 11
245.7876578853265
 21
218.6655429658531
 31
0.0
  0
LINE
  5
2E780
330
1D271
100
AcDbEntity
  8
0
  6
Continuous
 62
     1
370
    25
100
AcDbLine
 10
275.9476578853265
 20
218.6655429658531
 30
0.0
 11
291.897218759337
 21
218.6655429658531
 31
0.0
  0
LINE
  5
2E781
330
1D271
100
AcDbEntity
  8
0
  6
Continuous
 62
     1
370
    25
100
AcDbLine
 10
253.2276578853265
 20
218.6655429658531
 30
0.0
 11
272.2276578853265
 21
218.6655429658531
 31
0.0
  0
INSERT
  5
2E782
330
1D271
100
AcDbEntity
  8
0
  6
Continuous
 62
     1
370
    25
100
AcDbBlockReference
  2
_OPEN15
 10
253.2276578853265
 20
218.6655429658531
 30
0.0
 41
3.72
 42
3.72
 43
3.72
  0
INSERT
  5
2E783
330
1D271
100
AcDbEntity
  8
0
  6
Continuous
 62
     1
370
    25
100
AcDbBlockReference
  2
_OPEN15
 10
272.2276578853265
 20
218.6655429658531
 30
0.0
 41
3.72
 42
3.72
 43
3.72
 50
180.0
  0
MTEXT
  5
2E784
330
1D271
100
AcDbEntity
  8
0
  6
Continuous
 62
     5
370
    35
100
AcDbMText
 10
285.7824383223317
 20
221.6655429658531
 30
0.0
 40
5.0
 41
0.0
 71
     5
 72
     1
  1
\A1;%%c19
 73
     1
 44
1.0
1001
ACAD
1000
MTEXTBEGIN
1070
    73
1070
     1
1070
    44
1040
1.0
1070
    74
1070
     0
1000
MTEXTEND
  0
POINT
  5
2E785
330
1D271
100
AcDbEntity
  8
Defpoints
  6
Continuous
 62
     0
370
    50
100
AcDbPoint
 10
272.2276578853265
 20
205.5246027196326
 30
0.0
  0
POINT
  5
2E786
330
1D271
100
AcDbEntity
  8
Defpoints
  6
Continuous
 62
     0
370
    50
100
AcDbPoint
 10
253.2276578853265
 20
205.5246027196326
 30
0.0
  0
POINT
  5
2E787
330
1D271
100
AcDbEntity
  8
Defpoints
  6
Continuous
 62
     0
370
    50
100
AcDbPoint
 10
253.2276578853265
 20
218.6655429658531
 30
0.0
  0
ENDBLK
  5
1D273
330
1D271
100
AcDbEntity
  8
0
 62
     7
370
    50
100
AcDbBlockEnd
  0
BLOCK
  5
1D4F3
330
1D4F2
100
AcDbEntity
  8
0
 62
     7
370
    50
100
AcDbBlockBegin
  2
*D53
 70
     1
 10
0.0
 20
0.0
 30
0.0
  3
*D53
  1

  0
LINE
  5
2E788
330
1D4F2
100
AcDbEntity
  8
0
  6
Continuous
 62
     1
370
    25
100
AcDbLine
 10
273.2276578853265
 20
176.0426953023067
 30
0.0
 11
273.2276578853265
 21
191.2205879880037
 31
0.0
  0
LINE
  5
2E789
330
1D4F2
100
AcDbEntity
  8
0
  6
Continuous
 62
     1
370
    25
100
AcDbLine
 10
252.2276578853265
 20
176.0426953023067
 30
0.0
 11
252.2276578853265
 21
191.2205879880037
 31
0.0
  0
LINE
  5
2E78A
330
1D4F2
100
AcDbEntity
  8
0
  6
Continuous
 62
     1
370
    25
100
AcDbLine
 10
248.5076578853265
 20
189.7205879880037
 30
0.0
 11
244.7876578853265
 21
189.7205879880037
 31
0.0
  0
LINE
  5
2E78B
330
1D4F2
100
AcDbEntity
  8
0
  6
Continuous
 62
     1
370
    25
100
AcDbLine
 10
276.9476578853265
 20
189.7205879880037
 30
0.0
 11
292.4676578853265
 21
189.7205879880037
 31
0.0
  0
LINE
  5
2E78C
330
1D4F2
100
AcDbEntity
  8
0
  6
Continuous
 62
     1
370
    25
100
AcDbLine
 10
252.2276578853265
 20
189.7205879880037
 30
0.0
 11
273.2276578853265
 21
189.7205879880037
 31
0.0
  0
INSERT
  5
2E78D
330
1D4F2
100
AcDbEntity
  8
0
  6
Continuous
 62
     1
370
    25
100
AcDbBlockReference
  2
_OPEN15
 10
252.2276578853265
 20
189.7205879880037
 30
0.0
 41
3.72
 42
3.72
 43
3.72
  0
INSERT
  5
2E78E
330
1D4F2
100
AcDbEntity
  8
0
  6
Continuous
 62
     1
370
    25
100
AcDbBlockReference
  2
_OPEN15
 10
273.2276578853265
 20
189.7205879880037
 30
0.0
 41
3.72
 42
3.72
 43
3.72
 50
180.0
  0
MTEXT
  5
2E78F
330
1D4F2
100
AcDbEntity
  8
0
  6
Continuous
 62
     5
370
    35
100
AcDbMText
 10
286.5676578853265
 20
192.7210801139879
 30
0.0
 40
5.0
 41
0.0
 71
     5
 72
     1
  1
\A1;%%c21
 73
     1
 44
1.0
1001
ACAD
1000
MTEXTBEGIN
1070
    73
1070
     1
1070
    44
1040
1.0
1070
    74
1070
     0
1000
MTEXTEND
  0
POINT
  5
2E790
330
1D4F2
100
AcDbEntity
  8
Defpoints
  6
Continuous
 62
     0
370
    50
100
AcDbPoint
 10
273.2276578853265
 20
176.0426953023067
 30
0.0
  0
POINT
  5
2E791
330
1D4F2
100
AcDbEntity
  8
Defpoints
  6
Continuous
 62
     0
370
    50
100
AcDbPoint
 10
252.2276578853265
 20
176.0426953023067
 30
0.0
  0
POINT
  5
2E792
330
1D4F2
100
AcDbEntity
  8
Defpoints
  6
Continuous
 62
     0
370
    50
100
AcDbPoint
 10
252.2276578853265
 20
189.7205879880037
 30
0.0
  0
ENDBLK
  5
1D4F4
330
1D4F2
100
AcDbEntity
  8
0
 62
     7
370
    50
100
AcDbBlockEnd
  0
BLOCK
  5
1D6FE
330
1D6FD
100
AcDbEntity
  8
0
 62
     7
370
    50
100
AcDbBlockBegin
  2
*D54
 70
     1
 10
0.0
 20
0.0
 30
0.0
  3
*D54
  1

  0
LINE
  5
2E793
330
1D6FD
100
AcDbEntity
  8
0
  6
Continuous
 62
     1
370
    25
100
AcDbLine
 10
274.2276578853265
 20
143.2747857908604
 30
0.0
 11
274.2276578853265
 21
160.0599686612538
 31
0.0
  0
LINE
  5
2E794
330
1D6FD
100
AcDbEntity
  8
0
  6
Continuous
 62
     1
370
    25
100
AcDbLine
 10
251.2276578853265
 20
143.2747857908604
 30
0.0
 11
251.2276578853265
 21
160.0599686612538
 31
0.0
  0
LINE
  5
2E795
330
1D6FD
100
AcDbEntity
  8
0
  6
Continuous
 62
     1
370
    25
100
AcDbLine
 10
247.5076578853265
 20
158.5599686612538
 30
0.0
 11
243.7876578853265
 21
158.5599686612538
 31
0.0
  0
LINE
  5
2E796
330
1D6FD
100
AcDbEntity
  8
0
  6
Continuous
 62
     1
370
    25
100
AcDbLine
 10
277.9476578853265
 20
158.5599686612538
 30
0.0
 11
294.9161860227505
 21
158.5599686612538
 31
0.0
  0
LINE
  5
2E797
330
1D6FD
100
AcDbEntity
  8
0
  6
Continuous
 62
     1
370
    25
100
AcDbLine
 10
251.2276578853265
 20
158.5599686612538
 30
0.0
 11
274.2276578853265
 21
158.5599686612538
 31
0.0
  0
INSERT
  5
2E798
330
1D6FD
100
AcDbEntity
  8
0
  6
Continuous
 62
     1
370
    25
100
AcDbBlockReference
  2
_OPEN15
 10
251.2276578853265
 20
158.5599686612538
 30
0.0
 41
3.72
 42
3.72
 43
3.72
  0
INSERT
  5
2E799
330
1D6FD
100
AcDbEntity
  8
0
  6
Continuous
 62
     1
370
    25
100
AcDbBlockReference
  2
_OPEN15
 10
274.2276578853265
 20
158.5599686612538
 30
0.0
 41
3.72
 42
3.72
 43
3.72
 50
180.0
  0
MTEXT
  5
2E79A
330
1D6FD
100
AcDbEntity
  8
0
  6
Continuous
 62
     5
370
    35
100
AcDbMText
 10
288.2919219540385
 20
161.5604607872381
 30
0.0
 40
5.0
 41
0.0
 71
     5
 72
     1
  1
\A1;%%c23
 73
     1
 44
1.0
1001
ACAD
1000
MTEXTBEGIN
1070
    73
1070
     1
1070
    44
1040
1.0
1070
    74
1070
     0
1000
MTEXTEND
  0
POINT
  5
2E79B
330
1D6FD
100
AcDbEntity
  8
Defpoints
  6
Continuous
 62
     0
370
    50
100
AcDbPoint
 10
274.2276578853265
 20
143.2747857908604
 30
0.0
  0
POINT
  5
2E79C
330
1D6FD
100
AcDbEntity
  8
Defpoints
  6
Continuous
 62
     0
370
    50
100
AcDbPoint
 10
251.2276578853265
 20
143.2747857908604
 30
0.0
  0
POINT
  5
2E79D
330
1D6FD
100
AcDbEntity
  8
Defpoints
  6
Continuous
 62
     0
370
    50
100
AcDbPoint
 10
251.2276578853265
 20
158.5599686612538
 30
0.0
  0
ENDBLK
  5
1D6FF
330
1D6FD
100
AcDbEntity
  8
0
 62
     7
370
    50
100
AcDbBlockEnd
  0
BLOCK
  5
1D8D3
330
1D8D2
100
AcDbEntity
  8
0
 62
     7
370
    50
100
AcDbBlockBegin
  2
*D55
 70
     1
 10
0.0
 20
0.0
 30
0.0
  3
*D55
  1

  0
LINE
  5
2E79E
330
1D8D2
100
AcDbEntity
  8
0
  6
Continuous
 62
     1
370
    25
100
AcDbLine
 10
277.1276578853265
 20
106.6132658184976
 30
0.0
 11
277.1276578853265
 21
126.7095261192203
 31
0.0
  0
LINE
  5
2E79F
330
1D8D2
100
AcDbEntity
  8
0
  6
Continuous
 62
     1
370
    25
100
AcDbLine
 10
248.3276578853265
 20
106.6132658184976
 30
0.0
 11
248.3276578853265
 21
126.7095261192203
 31
0.0
  0
LINE
  5
2E7A0
330
1D8D2
100
AcDbEntity
  8
0
  6
Continuous
 62
     1
370
    25
100
AcDbLine
 10
244.6076578853265
 20
125.2095261192203
 30
0.0
 11
240.8876578853265
 21
125.2095261192203
 31
0.0
  0
LINE
  5
2E7A1
330
1D8D2
100
AcDbEntity
  8
0
  6
Continuous
 62
     1
370
    25
100
AcDbLine
 10
280.8476578853266
 20
125.2095261192203
 30
0.0
 11
303.5676578853266
 21
125.2095261192203
 31
0.0
  0
LINE
  5
2E7A2
330
1D8D2
100
AcDbEntity
  8
0
  6
Continuous
 62
     1
370
    25
100
AcDbLine
 10
248.3276578853265
 20
125.2095261192203
 30
0.0
 11
277.1276578853265
 21
125.2095261192203
 31
0.0
  0
INSERT
  5
2E7A3
330
1D8D2
100
AcDbEntity
  8
0
  6
Continuous
 62
     1
370
    25
100
AcDbBlockReference
  2
_OPEN15
 10
248.3276578853265
 20
125.2095261192203
 30
0.0
 41
3.72
 42
3.72
 43
3.72
  0
INSERT
  5
2E7A4
330
1D8D2
100
AcDbEntity
  8
0
  6
Continuous
 62
     1
370
    25
100
AcDbBlockReference
  2
_OPEN15
 10
277.1276578853265
 20
125.2095261192203
 30
0.0
 41
3.72
 42
3.72
 43
3.72
 50
180.0
  0
MTEXT
  5
2E7A5
330
1D8D2
100
AcDbEntity
  8
0
  6
Continuous
 62
     5
370
    35
100
AcDbMText
 10
294.0676578853266
 20
128.2100182452045
 30
0.0
 40
5.0
 41
0.0
 71
     5
 72
     1
  1
\A1;%%c28.8
 73
     1
 44
1.0
1001
ACAD
1000
MTEXTBEGIN
1070
    73
1070
     1
1070
    44
1040
1.0
1070
    74
1070
     0
1000
MTEXTEND
  0
POINT
  5
2E7A6
330
1D8D2
100
AcDbEntity
  8
Defpoints
  6
Continuous
 62
     0
370
    50
100
AcDbPoint
 10
277.1276578853265
 20
106.6132658184976
 30
0.0
  0
POINT
  5
2E7A7
330
1D8D2
100
AcDbEntity
  8
Defpoints
  6
Continuous
 62
     0
370
    50
100
AcDbPoint
 10
248.3276578853265
 20
106.6132658184976
 30
0.0
  0
POINT
  5
2E7A8
330
1D8D2
100
AcDbEntity
  8
Defpoints
  6
Continuous
 62
     0
370
    50
100
AcDbPoint
 10
248.3276578853265
 20
125.2095261192203
 30
0.0
  0
ENDBLK
  5
1D8D4
330
1D8D2
100
AcDbEntity
  8
0
 62
     7
370
    50
100
AcDbBlockEnd
  0
BLOCK
  5
1DC30
330
1DC2F
100
AcDbEntity
  8
0
 62
     7
370
    50
100
AcDbBlockBegin
  2
*D56
 70
     1
 10
0.0
 20
0.0
 30
0.0
  3
*D56
  1

  0
LINE
  5
2E7A9
330
1DC2F
100
AcDbEntity
  8
0
  6
Continuous
 62
     1
370
    25
100
AcDbLine
 10
421.3125833867655
 20
239.2153969713148
 30
0.0
 11
421.3125833867655
 21
262.7495775316752
 31
0.0
  0
LINE
  5
2E7AA
330
1DC2F
100
AcDbEntity
  8
0
  6
Continuous
 62
     1
370
    25
100
AcDbLine
 10
383.8125833867656
 20
239.2153969713148
 30
0.0
 11
383.8125833867656
 21
262.7495775316752
 31
0.0
  0
LINE
  5
2E7AB
330
1DC2F
100
AcDbEntity
  8
0
  6
Continuous
 62
     1
370
    25
100
AcDbLine
 10
380.0925833867656
 20
261.2495775316752
 30
0.0
 11
376.3725833867656
 21
261.2495775316752
 31
0.0
  0
LINE
  5
2E7AC
330
1DC2F
100
AcDbEntity
  8
0
  6
Continuous
 62
     1
370
    25
100
AcDbLine
 10
425.0325833867655
 20
261.2495775316752
 30
0.0
 11
448.0011115241894
 21
261.2495775316752
 31
0.0
  0
LINE
  5
2E7AD
330
1DC2F
100
AcDbEntity
  8
0
  6
Continuous
 62
     1
370
    25
100
AcDbLine
 10
383.8125833867656
 20
261.2495775316752
 30
0.0
 11
421.3125833867655
 21
261.2495775316752
 31
0.0
  0
INSERT
  5
2E7AE
330
1DC2F
100
AcDbEntity
  8
0
  6
Continuous
 62
     1
370
    25
100
AcDbBlockReference
  2
_OPEN15
 10
383.8125833867656
 20
261.2495775316752
 30
0.0
 41
3.72
 42
3.72
 43
3.72
  0
INSERT
  5
2E7AF
330
1DC2F
100
AcDbEntity
  8
0
  6
Continuous
 62
     1
370
    25
100
AcDbBlockReference
  2
_OPEN15
 10
421.3125833867655
 20
261.2495775316752
 30
0.0
 41
3.72
 42
3.72
 43
3.72
 50
180.0
  0
MTEXT
  5
2E7B0
330
1DC2F
100
AcDbEntity
  8
0
  6
Continuous
 62
     5
370
    35
100
AcDbMText
 10
438.3768474554774
 20
264.2495775316752
 30
0.0
 40
5.0
 41
0.0
 71
     5
 72
     1
  1
\A1;%%c37.5
 73
     1
 44
1.0
1001
ACAD
1000
MTEXTBEGIN
1070
    73
1070
     1
1070
    44
1040
1.0
1070
    74
1070
     0
1000
MTEXTEND
  0
POINT
  5
2E7B1
330
1DC2F
100
AcDbEntity
  8
Defpoints
  6
Continuous
 62
     0
370
    50
100
AcDbPoint
 10
421.3125833867655
 20
239.2153969713148
 30
0.0
  0
POINT
  5
2E7B2
330
1DC2F
100
AcDbEntity
  8
Defpoints
  6
Continuous
 62
     0
370
    50
100
AcDbPoint
 10
383.8125833867656
 20
239.2153969713148
 30
0.0
  0
POINT
  5
2E7B3
330
1DC2F
100
AcDbEntity
  8
Defpoints
  6
Continuous
 62
     0
370
    50
100
AcDbPoint
 10
383.8125833867656
 20
261.2495775316752
 30
0.0
  0
ENDBLK
  5
1DC31
330
1DC2F
100
AcDbEntity
  8
0
 62
     7
370
    50
100
AcDbBlockEnd
  0
BLOCK
  5
1E099
330
1E098
100
AcDbEntity
  8
0
 62
     7
370
    50
100
AcDbBlockBegin
  2
*D57
 70
     1
 10
0.0
 20
0.0
 30
0.0
  3
*D57
  1

  0
LINE
  5
2E7B4
330
1E098
100
AcDbEntity
  8
0
  6
Continuous
 62
     1
370
    25
100
AcDbLine
 10
426.3125833867656
 20
182.5756788864287
 30
0.0
 11
426.3125833867656
 21
213.158992869985
 31
0.0
  0
LINE
  5
2E7B5
330
1E098
100
AcDbEntity
  8
0
  6
Continuous
 62
     1
370
    25
100
AcDbLine
 10
378.8125833867656
 20
182.5756788864287
 30
0.0
 11
378.8125833867656
 21
213.158992869985
 31
0.0
  0
LINE
  5
2E7B6
330
1E098
100
AcDbEntity
  8
0
  6
Continuous
 62
     1
370
    25
100
AcDbLine
 10
375.0925833867656
 20
211.658992869985
 30
0.0
 11
371.3725833867656
 21
211.658992869985
 31
0.0
  0
LINE
  5
2E7B7
330
1E098
100
AcDbEntity
  8
0
  6
Continuous
 62
     1
370
    25
100
AcDbLine
 10
430.0325833867656
 20
211.658992869985
 30
0.0
 11
453.6011115241894
 21
211.658992869985
 31
0.0
  0
LINE
  5
2E7B8
330
1E098
100
AcDbEntity
  8
0
  6
Continuous
 62
     1
370
    25
100
AcDbLine
 10
378.8125833867656
 20
211.658992869985
 30
0.0
 11
426.3125833867656
 21
211.658992869985
 31
0.0
  0
INSERT
  5
2E7B9
330
1E098
100
AcDbEntity
  8
0
  6
Continuous
 62
     1
370
    25
100
AcDbBlockReference
  2
_OPEN15
 10
378.8125833867656
 20
211.658992869985
 30
0.0
 41
3.72
 42
3.72
 43
3.72
  0
INSERT
  5
2E7BA
330
1E098
100
AcDbEntity
  8
0
  6
Continuous
 62
     1
370
    25
100
AcDbBlockReference
  2
_OPEN15
 10
426.3125833867656
 20
211.658992869985
 30
0.0
 41
3.72
 42
3.72
 43
3.72
 50
180.0
  0
MTEXT
  5
2E7BB
330
1E098
100
AcDbEntity
  8
0
  6
Continuous
 62
     5
370
    35
100
AcDbMText
 10
443.6768474554774
 20
214.658992869985
 30
0.0
 40
5.0
 41
0.0
 71
     5
 72
     1
  1
\A1;%%c47.5
 73
     1
 44
1.0
1001
ACAD
1000
MTEXTBEGIN
1070
    73
1070
     1
1070
    44
1040
1.0
1070
    74
1070
     0
1000
MTEXTEND
  0
POINT
  5
2E7BC
330
1E098
100
AcDbEntity
  8
Defpoints
  6
Continuous
 62
     0
370
    50
100
AcDbPoint
 10
426.3125833867656
 20
182.5756788864287
 30
0.0
  0
POINT
  5
2E7BD
330
1E098
100
AcDbEntity
  8
Defpoints
  6
Continuous
 62
     0
370
    50
100
AcDbPoint
 10
378.8125833867656
 20
182.5756788864287
 30
0.0
  0
POINT
  5
2E7BE
330
1E098
100
AcDbEntity
  8
Defpoints
  6
Continuous
 62
     0
370
    50
100
AcDbPoint
 10
378.8125833867656
 20
211.658992869985
 30
0.0
  0
ENDBLK
  5
1E09A
330
1E098
100
AcDbEntity
  8
0
 62
     7
370
    50
100
AcDbBlockEnd
  0
BLOCK
  5
1E3E6
330
1E3E5
100
AcDbEntity
  8
0
 62
     7
370
    50
100
AcDbBlockBegin
  2
*D58
 70
     1
 10
0.0
 20
0.0
 30
0.0
  3
*D58
  1

  0
LINE
  5
2E7BF
330
1E3E5
100
AcDbEntity
  8
0
  6
Continuous
 62
     1
370
    25
100
AcDbLine
 10
429.8125833867656
 20
115.6464939496586
 30
0.0
 11
429.8125833867656
 21
149.9296584748513
 31
0.0
  0
LINE
  5
2E7C0
330
1E3E5
100
AcDbEntity
  8
0
  6
Continuous
 62
     1
370
    25
100
AcDbLine
 10
375.3125833867656
 20
115.6464939496586
 30
0.0
 11
375.3125833867656
 21
149.9296584748513
 31
0.0
  0
LINE
  5
2E7C1
330
1E3E5
100
AcDbEntity
  8
0
  6
Continuous
 62
     1
370
    25
100
AcDbLine
 10
371.5925833867656
 20
148.4296584748513
 30
0.0
 11
367.8725833867656
 21
148.4296584748513
 31
0.0
  0
LINE
  5
2E7C2
330
1E3E5
100
AcDbEntity
  8
0
  6
Continuous
 62
     1
370
    25
100
AcDbLine
 10
433.5325833867655
 20
148.4296584748513
 30
0.0
 11
457.1011115241894
 21
148.4296584748513
 31
0.0
  0
LINE
  5
2E7C3
330
1E3E5
100
AcDbEntity
  8
0
  6
Continuous
 62
     1
370
    25
100
AcDbLine
 10
375.3125833867656
 20
148.4296584748513
 30
0.0
 11
429.8125833867656
 21
148.4296584748513
 31
0.0
  0
INSERT
  5
2E7C4
330
1E3E5
100
AcDbEntity
  8
0
  6
Continuous
 62
     1
370
    25
100
AcDbBlockReference
  2
_OPEN15
 10
375.3125833867656
 20
148.4296584748513
 30
0.0
 41
3.72
 42
3.72
 43
3.72
  0
INSERT
  5
2E7C5
330
1E3E5
100
AcDbEntity
  8
0
  6
Continuous
 62
     1
370
    25
100
AcDbBlockReference
  2
_OPEN15
 10
429.8125833867656
 20
148.4296584748513
 30
0.0
 41
3.72
 42
3.72
 43
3.72
 50
180.0
  0
MTEXT
  5
2E7C6
330
1E3E5
100
AcDbEntity
  8
0
  6
Continuous
 62
     5
370
    35
100
AcDbMText
 10
447.1768474554774
 20
151.4296584748513
 30
0.0
 40
5.0
 41
0.0
 71
     5
 72
     1
  1
\A1;%%c54.5
 73
     1
 44
1.0
1001
ACAD
1000
MTEXTBEGIN
1070
    73
1070
     1
1070
    44
1040
1.0
1070
    74
1070
     0
1000
MTEXTEND
  0
POINT
  5
2E7C7
330
1E3E5
100
AcDbEntity
  8
Defpoints
  6
Continuous
 62
     0
370
    50
100
AcDbPoint
 10
429.8125833867656
 20
115.6464939496586
 30
0.0
  0
POINT
  5
2E7C8
330
1E3E5
100
AcDbEntity
  8
Defpoints
  6
Continuous
 62
     0
370
    50
100
AcDbPoint
 10
375.3125833867656
 20
115.6464939496586
 30
0.0
  0
POINT
  5
2E7C9
330
1E3E5
100
AcDbEntity
  8
Defpoints
  6
Continuous
 62
     0
370
    50
100
AcDbPoint
 10
375.3125833867656
 20
148.4296584748513
 30
0.0
  0
ENDBLK
  5
1E3E7
330
1E3E5
100
AcDbEntity
  8
0
 62
     7
370
    50
100
AcDbBlockEnd
  0
BLOCK
  5
1F07A
330
1F079
100
AcDbEntity
  8
0
 62
     7
370
    50
100
AcDbBlockBegin
  2
*D59
 70
     1
 10
0.0
 20
0.0
 30
0.0
  3
*D59
  1

  0
LINE
  5
2E7CA
330
1F079
100
AcDbEntity
  8
0
  6
Continuous
 62
     1
370
    25
100
AcDbLine
 10
593.9048820787253
 20
123.9394546432132
 30
0.0
 11
561.47819282682
 21
123.9394546432132
 31
0.0
  0
LINE
  5
2E7CB
330
1F079
100
AcDbEntity
  8
0
  6
Continuous
 62
     1
370
    25
100
AcDbLine
 10
593.9049242163532
 20
145.9394672844176
 30
0.0
 11
561.47819282682
 21
145.9394672844176
 31
0.0
  0
LINE
  5
2E7CC
330
1F079
100
AcDbEntity
  8
0
  6
Continuous
 62
     1
370
    25
100
AcDbLine
 10
562.97819282682
 20
127.6594546432132
 30
0.0
 11
562.97819282682
 21
142.2194672844176
 31
0.0
  0
INSERT
  5
2E7CD
330
1F079
100
AcDbEntity
  8
0
  6
Continuous
 62
     1
370
    25
100
AcDbBlockReference
  2
_OPEN15
 10
562.97819282682
 20
123.9394546432132
 30
0.0
 41
3.72
 42
3.72
 43
3.72
 50
270.0
  0
INSERT
  5
2E7CE
330
1F079
100
AcDbEntity
  8
0
  6
Continuous
 62
     1
370
    25
100
AcDbBlockReference
  2
_OPEN15
 10
562.97819282682
 20
145.9394672844176
 30
0.0
 41
3.72
 42
3.72
 43
3.72
 50
90.0
  0
MTEXT
  5
2E7CF
330
1F079
100
AcDbEntity
  8
0
  6
Continuous
 62
     5
370
    35
100
AcDbMText
 10
561.2281928268199
 20
134.9394609638152
 30
0.0
 40
2.5
 41
0.0
 71
     5
 72
     1
  1
\A1;4.4
 11
0.0000000000000001
 21
1.0
 31
0.0
 73
     1
 44
1.0
1001
ACAD
1000
MTEXTBEGIN
1070
    73
1070
     1
1070
    44
1040
1.0
1070
    74
1070
     0
1000
MTEXTEND
  0
POINT
  5
2E7D0
330
1F079
100
AcDbEntity
  8
Defpoints
  6
Continuous
 62
     0
370
    50
100
AcDbPoint
 10
593.9048820787253
 20
123.9394546432132
 30
0.0
  0
POINT
  5
2E7D1
330
1F079
100
AcDbEntity
  8
Defpoints
  6
Continuous
 62
     0
370
    50
100
AcDbPoint
 10
593.9049242163532
 20
145.9394672844176
 30
0.0
  0
POINT
  5
2E7D2
330
1F079
100
AcDbEntity
  8
Defpoints
  6
Continuous
 62
     0
370
    50
100
AcDbPoint
 10
562.97819282682
 20
145.9394672844176
 30
0.0
  0
ENDBLK
  5
1F07B
330
1F079
100
AcDbEntity
  8
0
 62
     7
370
    50
100
AcDbBlockEnd
  0
BLOCK
  5
1F086
330
1F085
100
AcDbEntity
  8
0
 62
     7
370
    50
100
AcDbBlockBegin
  2
*D60
 70
     1
 10
0.0
 20
0.0
 30
0.0
  3
*D60
  1

  0
LINE
  5
2E7D3
330
1F085
100
AcDbEntity
  8
0
  6
Continuous
 62
     1
370
    25
100
AcDbLine
 10
578.4049077856891
 20
145.9394969723062
 30
0.0
 11
566.6197144276368
 21
145.9394969723061
 31
0.0
  0
LINE
  5
2E7D4
330
1F085
100
AcDbEntity
  8
0
  6
Continuous
 62
     1
370
    25
100
AcDbLine
 10
573.4048872907281
 20
135.2391032684504
 30
0.0
 11
566.6197144276368
 21
135.2391032684504
 31
0.0
  0
LINE
  5
2E7D5
330
1F085
100
AcDbEntity
  8
0
  6
Continuous
 62
     1
370
    25
100
AcDbLine
 10
568.1197144276368
 20
142.2194969723061
 30
0.0
 11
568.1197144276368
 21
138.9591032684504
 31
0.0
  0
INSERT
  5
2E7D6
330
1F085
100
AcDbEntity
  8
0
  6
Continuous
 62
     1
370
    25
100
AcDbBlockReference
  2
_OPEN15
 10
568.1197144276368
 20
145.9394969723061
 30
0.0
 41
3.72
 42
3.72
 43
3.72
 50
90.0
  0
INSERT
  5
2E7D7
330
1F085
100
AcDbEntity
  8
0
  6
Continuous
 62
     1
370
    25
100
AcDbBlockReference
  2
_OPEN15
 10
568.1197144276368
 20
135.2391032684504
 30
0.0
 41
3.72
 42
3.72
 43
3.72
 50
270.0
  0
MTEXT
  5
2E7D8
330
1F085
100
AcDbEntity
  8
0
  6
Continuous
 62
     5
370
    35
100
AcDbMText
 10
566.3694683646446
 20
140.5893001203781
 30
0.0
 40
2.5
 41
0.0
 71
     5
 72
     1
  1
\A1;2.14
 11
0.0000000000000001
 21
1.0
 31
0.0
 73
     1
 44
1.0
1001
ACAD
1000
MTEXTBEGIN
1070
    73
1070
     1
1070
    44
1040
1.0
1070
    74
1070
     0
1000
MTEXTEND
  0
POINT
  5
2E7D9
330
1F085
100
AcDbEntity
  8
Defpoints
  6
Continuous
 62
     0
370
    50
100
AcDbPoint
 10
578.4049077856891
 20
145.9394969723062
 30
0.0
  0
POINT
  5
2E7DA
330
1F085
100
AcDbEntity
  8
Defpoints
  6
Continuous
 62
     0
370
    50
100
AcDbPoint
 10
573.4048872907281
 20
135.2391032684504
 30
0.0
  0
POINT
  5
2E7DB
330
1F085
100
AcDbEntity
  8
Defpoints
  6
Continuous
 62
     0
370
    50
100
AcDbPoint
 10
568.1197144276368
 20
135.2391032684504
 30
0.0
  0
ENDBLK
  5
1F087
330
1F085
100
AcDbEntity
  8
0
 62
     7
370
    50
100
AcDbBlockEnd
  0
BLOCK
  5
1F092
330
1F091
100
AcDbEntity
  8
0
 62
     7
370
    50
100
AcDbBlockBegin
  2
*D61
 70
     1
 10
0.0
 20
0.0
 30
0.0
  3
*D61
  1

  0
LINE
  5
2E7DC
330
1F091
100
AcDbEntity
  8
0
  6
Continuous
 62
     1
370
    25
100
AcDbLine
 10
573.404894733254
 20
139.1248388146768
 30
0.0
 11
573.404894733254
 21
157.3732641707667
 31
0.0
  0
LINE
  5
2E7DD
330
1F091
100
AcDbEntity
  8
0
  6
Continuous
 62
     1
370
    25
100
AcDbLine
 10
614.4048947324262
 20
139.1244042436124
 30
0.0
 11
614.4048947324262
 21
157.3732641707667
 31
0.0
  0
LINE
  5
2E7DE
330
1F091
100
AcDbEntity
  8
0
  6
Continuous
 62
     1
370
    25
100
AcDbLine
 10
577.1248947332541
 20
155.8732641707667
 30
0.0
 11
610.6848947324261
 21
155.8732641707667
 31
0.0
  0
INSERT
  5
2E7DF
330
1F091
100
AcDbEntity
  8
0
  6
Continuous
 62
     1
370
    25
100
AcDbBlockReference
  2
_OPEN15
 10
573.404894733254
 20
155.8732641707667
 30
0.0
 41
3.72
 42
3.72
 43
3.72
 50
180.0
  0
INSERT
  5
2E7E0
330
1F091
100
AcDbEntity
  8
0
  6
Continuous
 62
     1
370
    25
100
AcDbBlockReference
  2
_OPEN15
 10
614.4048947324262
 20
155.8732641707667
 30
0.0
 41
3.72
 42
3.72
 43
3.72
  0
MTEXT
  5
2E7E1
330
1F091
100
AcDbEntity
  8
0
  6
Continuous
 62
     5
370
    35
100
AcDbMText
 10
593.9048947328401
 20
157.6235102337588
 30
0.0
 40
2.5
 41
0.0
 71
     5
 72
     1
  1
\A1;8.2
 73
     1
 44
1.0
1001
ACAD
1000
MTEXTBEGIN
1070
    73
1070
     1
1070
    44
1040
1.0
1070
    74
1070
     0
1000
MTEXTEND
  0
POINT
  5
2E7E2
330
1F091
100
AcDbEntity
  8
Defpoints
  6
Continuous
 62
     0
370
    50
100
AcDbPoint
 10
573.404894733254
 20
139.1248388146768
 30
0.0
  0
POINT
  5
2E7E3
330
1F091
100
AcDbEntity
  8
Defpoints
  6
Continuous
 62
     0
370
    50
100
AcDbPoint
 10
614.4048947324262
 20
139.1244042436124
 30
0.0
  0
POINT
  5
2E7E4
330
1F091
100
AcDbEntity
  8
Defpoints
  6
Continuous
 62
     0
370
    50
100
AcDbPoint
 10
614.4048947324262
 20
155.8732641707667
 30
0.0
  0
ENDBLK
  5
1F093
330
1F091
100
AcDbEntity
  8
0
 62
     7
370
    50
100
AcDbBlockEnd
  0
BLOCK
  5
1F09E
330
1F09D
100
AcDbEntity
  8
0
 62
     7
370
    50
100
AcDbBlockBegin
  2
*D62
 70
     1
 10
0.0
 20
0.0
 30
0.0
  3
*D62
  1

  0
LINE
  5
2E7E5
330
1F09D
100
AcDbEntity
  8
0
  6
Continuous
 62
     1
370
    25
100
AcDbLine
 10
575.9798942307553
 20
130.2840184877638
 30
0.0
 11
575.9798942307553
 21
112.2014442325308
 31
0.0
  0
LINE
  5
2E7E6
330
1F09D
100
AcDbEntity
  8
0
  6
Continuous
 62
     1
370
    25
100
AcDbLine
 10
611.8298942263402
 20
130.2817109145826
 30
0.0
 11
611.8298942263402
 21
112.2014442325308
 31
0.0
  0
LINE
  5
2E7E7
330
1F09D
100
AcDbEntity
  8
0
  6
Continuous
 62
     1
370
    25
100
AcDbLine
 10
579.6998942307554
 20
113.7014442325308
 30
0.0
 11
608.1098942263402
 21
113.7014442325308
 31
0.0
  0
INSERT
  5
2E7E8
330
1F09D
100
AcDbEntity
  8
0
  6
Continuous
 62
     1
370
    25
100
AcDbBlockReference
  2
_OPEN15
 10
575.9798942307553
 20
113.7014442325308
 30
0.0
 41
3.72
 42
3.72
 43
3.72
 50
180.0
  0
INSERT
  5
2E7E9
330
1F09D
100
AcDbEntity
  8
0
  6
Continuous
 62
     1
370
    25
100
AcDbBlockReference
  2
_OPEN15
 10
611.8298942263402
 20
113.7014442325308
 30
0.0
 41
3.72
 42
3.72
 43
3.72
  0
MTEXT
  5
2E7EA
330
1F09D
100
AcDbEntity
  8
0
  6
Continuous
 62
     5
370
    35
100
AcDbMText
 10
593.9048942285478
 20
115.4514442325308
 30
0.0
 40
2.5
 41
0.0
 71
     5
 72
     1
  1
\A1;7.17
 73
     1
 44
1.0
1001
ACAD
1000
MTEXTBEGIN
1070
    73
1070
     1
1070
    44
1040
1.0
1070
    74
1070
     0
1000
MTEXTEND
  0
POINT
  5
2E7EB
330
1F09D
100
AcDbEntity
  8
Defpoints
  6
Continuous
 62
     0
370
    50
100
AcDbPoint
 10
575.9798942307553
 20
130.2840184877638
 30
0.0
  0
POINT
  5
2E7EC
330
1F09D
100
AcDbEntity
  8
Defpoints
  6
Continuous
 62
     0
370
    50
100
AcDbPoint
 10
611.8298942263402
 20
130.2817109145826
 30
0.0
  0
POINT
  5
2E7ED
330
1F09D
100
AcDbEntity
  8
Defpoints
  6
Continuous
 62
     0
370
    50
100
AcDbPoint
 10
611.8298942263402
 20
113.7014442325308
 30
0.0
  0
ENDBLK
  5
1F09F
330
1F09D
100
AcDbEntity
  8
0
 62
     7
370
    50
100
AcDbBlockEnd
  0
BLOCK
  5
1F0AA
330
1F0A9
100
AcDbEntity
  8
0
 62
     7
370
    50
100
AcDbBlockBegin
  2
*D63
 70
     1
 10
0.0
 20
0.0
 30
0.0
  3
*D63
  1

  0
LINE
  5
2E587
330
1F0A9
100
AcDbEntity
  8
0
  6
Continuous
 62
     1
370
    25
100
AcDbLine
 10
575.2476671448465
 20
133.3963163551959
 30
0.0
 11
583.5709486761908
 21
125.073002939862
 31
0.0
  0
LINE
  5
2E588
330
1F0A9
100
AcDbEntity
  8
0
  6
Continuous
 62
     1
370
    25
100
AcDbLine
 10
573.4048912575381
 20
137.3101710803108
 30
0.0
 11
573.4049148276667
 21
149.6161126926376
 31
0.0
  0
ARC
  5
2E589
330
1F0A9
100
AcDbEntity
  8
0
  6
Continuous
 62
     1
370
    25
100
AcDbCircle
 10
573.4048872907279
 20
135.2391032684504
 30
0.0
 40
12.87700942421359
100
AcDbArc
 50
331.6099971477089
 51
73.38978336983932
  0
INSERT
  5
2E58A
330
1F0A9
100
AcDbEntity
  8
0
  6
Continuous
 62
     1
370
    25
100
AcDbBlockReference
  2
_OPEN15
 10
582.5102905359442
 20
126.1336651431711
 30
0.0
 41
3.72
 42
3.72
 43
3.72
 50
233.3049437032322
  0
INSERT
  5
2E58B
330
1F0A9
100
AcDbEntity
  8
0
  6
Continuous
 62
     1
370
    25
100
AcDbBlockReference
  2
_OPEN15
 10
573.4049119546486
 20
148.1161126926404
 30
0.0
 41
3.72
 42
3.72
 43
3.72
 50
171.694836814316
  0
MTEXT
  5
2E58C
330
1F0A9
100
AcDbEntity
  8
0
  6
Continuous
 62
     5
370
    35
100
AcDbMText
 10
586.7341354680812
 20
141.2624368739015
 30
0.0
 40
2.5
 41
0.0
 71
     5
 72
     1
  1
\A1;135\U+00B0
 11
0.4117952912151689
 21
-0.9112763785663569
 31
0.0
 73
     1
 44
1.0
1001
ACAD
1000
MTEXTBEGIN
1070
    73
1070
     1
1070
    44
1040
1.0
1070
    74
1070
     0
1000
MTEXTEND
  0
POINT
  5
2E58D
330
1F0A9
100
AcDbEntity
  8
Defpoints
  6
Continuous
 62
     0
370
    50
100
AcDbPoint
 10
586.2818967149178
 20
135.2390786045241
 30
0.0
  0
POINT
  5
2E58E
330
1F0A9
100
AcDbEntity
  8
Defpoints
  6
Continuous
 62
     0
370
    50
100
AcDbPoint
 10
573.4048912575381
 20
137.3101710803108
 30
0.0
  0
POINT
  5
2E58F
330
1F0A9
100
AcDbEntity
  8
Defpoints
  6
Continuous
 62
     0
370
    50
100
AcDbPoint
 10
575.2476671448465
 20
133.3963163551959
 30
0.0
  0
POINT
  5
2E590
330
1F0A9
100
AcDbEntity
  8
Defpoints
  6
Continuous
 62
     0
370
    50
100
AcDbPoint
 10
573.4048872907279
 20
135.2391032684504
 30
0.0
  0
POINT
  5
2E591
330
1F0A9
100
AcDbEntity
  8
Defpoints
  6
Continuous
 62
     0
370
    50
100
AcDbPoint
 10
573.4048872907279
 20
135.2391032684504
 30
0.0
  0
ENDBLK
  5
1F0AB
330
1F0A9
100
AcDbEntity
  8
0
 62
     7
370
    50
100
AcDbBlockEnd
  0
BLOCK
  5
1F0B8
330
1F0B7
100
AcDbEntity
  8
0
 62
     7
370
    50
100
AcDbBlockBegin
  2
*D64
 70
     1
 10
0.0
 20
0.0
 30
0.0
  3
*D64
  1

  0
LINE
  5
2E7EE
330
1F0B7
100
AcDbEntity
  8
0
  6
Continuous
 62
     1
370
    25
100
AcDbLine
 10
621.5781780568045
 20
116.2919905857137
 30
0.0
 11
613.4492671127212
 21
123.2629636842559
 31
0.0
  0
MTEXT
  5
2E7EF
330
1F0B7
100
AcDbEntity
  8
0
  6
Continuous
 62
     5
370
    35
100
AcDbMText
 10
621.199171742675
 20
118.9223620830216
 30
0.0
 40
2.5
 41
0.0
 71
     5
 72
     1
  1
\A1;R1
 11
0.7591026900598918
 21
-0.6509708948515564
 31
0.0
 73
     1
 44
1.0
1001
ACAD
1000
MTEXTBEGIN
1070
    73
1070
     1
1070
    44
1040
1.0
1070
    74
1070
     0
1000
MTEXTEND
  0
INSERT
  5
2E7F0
330
1F0B7
100
AcDbEntity
  8
0
  6
Continuous
 62
     1
370
    25
100
AcDbBlockReference
  2
_OPEN15
 10
610.6254051056984
 20
125.6845754131038
 30
0.0
 41
3.72
 42
3.72
 43
3.72
 50
139.385156759083
  0
POINT
  5
2E7F1
330
1F0B7
100
AcDbEntity
  8
Defpoints
  6
Continuous
 62
     0
370
    50
100
AcDbPoint
 10
610.6254051056984
 20
125.6845754131038
 30
0.0
  0
POINT
  5
2E7F2
330
1F0B7
100
AcDbEntity
  8
Defpoints
  6
Continuous
 62
     0
370
    50
100
AcDbPoint
 10
606.8298916553989
 20
128.9394298873616
 30
0.0
  0
ENDBLK
  5
1F0B9
330
1F0B7
100
AcDbEntity
  8
0
 62
     7
370
    50
100
AcDbBlockEnd
  0
BLOCK
  5
1F0C0
330
1F0BF
100
AcDbEntity
  8
0
 62
     7
370
    50
100
AcDbBlockBegin
  2
*D65
 70
     1
 10
0.0
 20
0.0
 30
0.0
  3
*D65
  1

  0
LINE
  5
2E7F3
330
1F0BF
100
AcDbEntity
  8
0
  6
Continuous
 62
     1
370
    25
100
AcDbLine
 10
627.2073217254683
 20
125.7028594561166
 30
0.0
 11
615.4383361228069
 21
131.1143279537646
 31
0.0
  0
MTEXT
  5
2E7F4
330
1F0BF
100
AcDbEntity
  8
0
  6
Continuous
 62
     5
370
    35
100
AcDbMText
 10
624.4396260513973
 20
129.1079696689702
 30
0.0
 40
2.5
 41
0.0
 71
     5
 72
     1
  1
\A1;R0,5
 11
0.9085568241971074
 21
-0.4177612921332792
 31
0.0
 73
     1
 44
1.0
1001
ACAD
1000
MTEXTBEGIN
1070
    73
1070
     1
1070
    44
1040
1.0
1070
    74
1070
     0
1000
MTEXTEND
  0
INSERT
  5
2E7F5
330
1F0BF
100
AcDbEntity
  8
0
  6
Continuous
 62
     1
370
    25
100
AcDbBlockReference
  2
_OPEN15
 10
612.0585047367937
 20
132.6683999605004
 30
0.0
 41
3.72
 42
3.72
 43
3.72
 50
155.3066710250894
  0
POINT
  5
2E7F6
330
1F0BF
100
AcDbEntity
  8
Defpoints
  6
Continuous
 62
     0
370
    50
100
AcDbPoint
 10
612.0585047367937
 20
132.6683999605004
 30
0.0
  0
POINT
  5
2E7F7
330
1F0BF
100
AcDbEntity
  8
Defpoints
  6
Continuous
 62
     0
370
    50
100
AcDbPoint
 10
614.3298967972886
 20
131.6239967301662
 30
0.0
  0
ENDBLK
  5
1F0C1
330
1F0BF
100
AcDbEntity
  8
0
 62
     7
370
    50
100
AcDbBlockEnd
  0
BLOCK
  5
1F0C8
330
1F0C7
100
AcDbEntity
  8
0
 62
     7
370
    50
100
AcDbBlockBegin
  2
*D66
 70
     1
 10
0.0
 20
0.0
 30
0.0
  3
*D66
  1

  0
LINE
  5
2E7F8
330
1F0C7
100
AcDbEntity
  8
0
  6
Continuous
 62
     1
370
    25
100
AcDbLine
 10
626.9355156330278
 20
133.5940511568216
 30
0.0
 11
617.9354165155605
 21
135.5014799808739
 31
0.0
  0
MTEXT
  5
2E7F9
330
1F0C7
100
AcDbEntity
  8
0
  6
Continuous
 62
     5
370
    35
100
AcDbMText
 10
625.3417991297669
 20
135.7206841075758
 30
0.0
 40
2.5
 41
0.0
 71
     5
 72
     1
  1
\A1;R1
 11
0.9782712453581329
 21
-0.2073291356887591
 31
0.0
 73
     1
 44
1.0
1001
ACAD
1000
MTEXTBEGIN
1070
    73
1070
     1
1070
    44
1040
1.0
1070
    74
1070
     0
1000
MTEXTEND
  0
INSERT
  5
2E7FA
330
1F0C7
100
AcDbEntity
  8
0
  6
Continuous
 62
     1
370
    25
100
AcDbBlockReference
  2
_OPEN15
 10
614.2962474828282
 20
136.2727443656361
 30
0.0
 41
3.72
 42
3.72
 43
3.72
 50
168.034121475885
  0
POINT
  5
2E7FB
330
1F0C7
100
AcDbEntity
  8
Defpoints
  6
Continuous
 62
     0
370
    50
100
AcDbPoint
 10
614.2962474828282
 20
136.2727443656361
 30
0.0
  0
POINT
  5
2E7FC
330
1F0C7
100
AcDbEntity
  8
Defpoints
  6
Continuous
 62
     0
370
    50
100
AcDbPoint
 10
609.404891256039
 20
137.3093900440796
 30
0.0
  0
ENDBLK
  5
1F0C9
330
1F0C7
100
AcDbEntity
  8
0
 62
     7
370
    50
100
AcDbBlockEnd
  0
BLOCK
  5
1F0D0
330
1F0CF
100
AcDbEntity
  8
0
 62
     7
370
    50
100
AcDbBlockBegin
  2
*D67
 70
     1
 10
0.0
 20
0.0
 30
0.0
  3
*D67
  1

  0
LINE
  5
2E7FD
330
1F0CF
100
AcDbEntity
  8
0
  6
Continuous
 62
     1
370
    25
100
AcDbLine
 10
624.8431759682075
 20
152.3241905514014
 30
0.0
 11
616.4229917000334
 21
146.114837460261
 31
0.0
  0
MTEXT
  5
2E7FE
330
1F0CF
100
AcDbEntity
  8
0
  6
Continuous
 62
     5
370
    35
100
AcDbMText
 10
622.1948804700647
 20
152.5456198956997
 30
0.0
 40
2.5
 41
0.0
 71
     5
 72
     1
  1
\A1;R1
 11
0.8048272352294109
 21
0.5935091586765805
 31
0.0
 73
     1
 44
1.0
1001
ACAD
1000
MTEXTBEGIN
1070
    73
1070
     1
1070
    44
1040
1.0
1070
    74
1070
     0
1000
MTEXTEND
  0
INSERT
  5
2E7FF
330
1F0CF
100
AcDbEntity
  8
0
  6
Continuous
 62
     1
370
    25
100
AcDbBlockReference
  2
_OPEN15
 10
613.42903438498
 20
143.9069833899841
 30
0.0
 41
3.72
 42
3.72
 43
3.72
 50
216.4064262175541
  0
POINT
  5
2E800
330
1F0CF
100
AcDbEntity
  8
Defpoints
  6
Continuous
 62
     0
370
    50
100
AcDbPoint
 10
613.42903438498
 20
143.9069833899841
 30
0.0
  0
POINT
  5
2E801
330
1F0CF
100
AcDbEntity
  8
Defpoints
  6
Continuous
 62
     0
370
    50
100
AcDbPoint
 10
609.4048982088319
 20
140.9394375966004
 30
0.0
  0
ENDBLK
  5
1F0D1
330
1F0CF
100
AcDbEntity
  8
0
 62
     7
370
    50
100
AcDbBlockEnd
  0
BLOCK
  5
1F0D8
330
1F0D7
100
AcDbEntity
  8
0
 62
     7
370
    50
100
AcDbBlockBegin
  2
*D68
 70
     1
 10
0.0
 20
0.0
 30
0.0
  3
*D68
  1

  0
LINE
  5
2E802
330
1F0D7
100
AcDbEntity
  8
0
  6
Continuous
 62
     1
370
    25
100
AcDbLine
 10
587.5405723964888
 20
275.0223180267573
 30
0.0
 11
587.5405723964888
 21
263.5325709194832
 31
0.0
  0
LINE
  5
2E803
330
1F0D7
100
AcDbEntity
  8
0
  6
Continuous
 62
     1
370
    25
100
AcDbLine
 10
600.5405723964888
 20
275.0223180267573
 30
0.0
 11
600.5405723964888
 21
263.5325709194832
 31
0.0
  0
LINE
  5
2E804
330
1F0D7
100
AcDbEntity
  8
0
  6
Continuous
 62
     1
370
    25
100
AcDbLine
 10
591.2605723964889
 20
265.0325709194833
 30
0.0
 11
596.8205723964888
 21
265.0325709194833
 31
0.0
  0
INSERT
  5
2E805
330
1F0D7
100
AcDbEntity
  8
0
  6
Continuous
 62
     1
370
    25
100
AcDbBlockReference
  2
_OPEN15
 10
587.5405723964888
 20
265.0325709194833
 30
0.0
 41
3.72
 42
3.72
 43
3.72
 50
180.0
  0
INSERT
  5
2E806
330
1F0D7
100
AcDbEntity
  8
0
  6
Continuous
 62
     1
370
    25
100
AcDbBlockReference
  2
_OPEN15
 10
600.5405723964888
 20
265.0325709194833
 30
0.0
 41
3.72
 42
3.72
 43
3.72
  0
MTEXT
  5
2E807
330
1F0D7
100
AcDbEntity
  8
0
  6
Continuous
 62
     5
370
    35
100
AcDbMText
 10
594.0405723964889
 20
268.0325709194832
 30
0.0
 40
5.0
 41
0.0
 71
     5
 72
     1
  1
\A1;13
 73
     1
 44
1.0
1001
ACAD
1000
MTEXTBEGIN
1070
    73
1070
     1
1070
    44
1040
1.0
1070
    74
1070
     0
1000
MTEXTEND
  0
POINT
  5
2E808
330
1F0D7
100
AcDbEntity
  8
Defpoints
  6
Continuous
 62
     0
370
    50
100
AcDbPoint
 10
587.5405723964888
 20
275.0223180267573
 30
0.0
  0
POINT
  5
2E809
330
1F0D7
100
AcDbEntity
  8
Defpoints
  6
Continuous
 62
     0
370
    50
100
AcDbPoint
 10
600.5405723964888
 20
275.0223180267573
 30
0.0
  0
POINT
  5
2E80A
330
1F0D7
100
AcDbEntity
  8
Defpoints
  6
Continuous
 62
     0
370
    50
100
AcDbPoint
 10
600.5405723964888
 20
265.0325709194833
 30
0.0
  0
ENDBLK
  5
1F0D9
330
1F0D7
100
AcDbEntity
  8
0
 62
     7
370
    50
100
AcDbBlockEnd
  0
BLOCK
  5
1F0E4
330
1F0E3
100
AcDbEntity
  8
0
 62
     7
370
    50
100
AcDbBlockBegin
  2
*D69
 70
     1
 10
0.0
 20
0.0
 30
0.0
  3
*D69
  1

  0
LINE
  5
2E80B
330
1F0E3
100
AcDbEntity
  8
0
  6
Continuous
 62
     1
370
    25
100
AcDbLine
 10
599.5405723964891
 20
274.0223180267574
 30
0.0
 11
610.9245029654853
 21
274.0223180267574
 31
0.0
  0
LINE
  5
2E80C
330
1F0E3
100
AcDbEntity
  8
0
  6
Continuous
 62
     1
370
    25
100
AcDbLine
 10
599.5405723964891
 20
279.5223180267574
 30
0.0
 11
610.9245029654853
 21
279.5223180267574
 31
0.0
  0
LINE
  5
2E80D
330
1F0E3
100
AcDbEntity
  8
0
  6
Continuous
 62
     1
370
    25
100
AcDbLine
 10
609.4245029654853
 20
270.3023180267574
 30
0.0
 11
609.4245029654853
 21
266.5823180267574
 31
0.0
  0
LINE
  5
2E80E
330
1F0E3
100
AcDbEntity
  8
0
  6
Continuous
 62
     1
370
    25
100
AcDbLine
 10
609.4245029654853
 20
283.2423180267575
 30
0.0
 11
609.4245029654853
 21
296.6108461641813
 31
0.0
  0
LINE
  5
2E80F
330
1F0E3
100
AcDbEntity
  8
0
  6
Continuous
 62
     1
370
    25
100
AcDbLine
 10
609.4245029654853
 20
274.0223180267574
 30
0.0
 11
609.4245029654853
 21
279.5223180267574
 31
0.0
  0
INSERT
  5
2E810
330
1F0E3
100
AcDbEntity
  8
0
  6
Continuous
 62
     1
370
    25
100
AcDbBlockReference
  2
_OPEN15
 10
609.4245029654853
 20
274.0223180267574
 30
0.0
 41
3.72
 42
3.72
 43
3.72
 50
90.0
  0
INSERT
  5
2E811
330
1F0E3
100
AcDbEntity
  8
0
  6
Continuous
 62
     1
370
    25
100
AcDbBlockReference
  2
_OPEN15
 10
609.4245029654853
 20
279.5223180267574
 30
0.0
 41
3.72
 42
3.72
 43
3.72
 50
270.0
  0
MTEXT
  5
2E812
330
1F0E3
100
AcDbEntity
  8
0
  6
Continuous
 62
     5
370
    35
100
AcDbMText
 10
606.4245029654853
 20
291.7865820954692
 30
0.0
 40
5.0
 41
0.0
 71
     5
 72
     1
  1
\A1;5.5
 11
0.0000000000000001
 21
1.0
 31
0.0
 73
     1
 44
1.0
1001
ACAD
1000
MTEXTBEGIN
1070
    73
1070
     1
1070
    44
1040
1.0
1070
    74
1070
     0
1000
MTEXTEND
  0
POINT
  5
2E813
330
1F0E3
100
AcDbEntity
  8
Defpoints
  6
Continuous
 62
     0
370
    50
100
AcDbPoint
 10
599.5405723964891
 20
274.0223180267574
 30
0.0
  0
POINT
  5
2E814
330
1F0E3
100
AcDbEntity
  8
Defpoints
  6
Continuous
 62
     0
370
    50
100
AcDbPoint
 10
599.5405723964891
 20
279.5223180267574
 30
0.0
  0
POINT
  5
2E815
330
1F0E3
100
AcDbEntity
  8
Defpoints
  6
Continuous
 62
     0
370
    50
100
AcDbPoint
 10
609.4245029654853
 20
279.5223180267574
 30
0.0
  0
ENDBLK
  5
1F0E5
330
1F0E3
100
AcDbEntity
  8
0
 62
     7
370
    50
100
AcDbBlockEnd
  0
BLOCK
  5
1F0F2
330
1F0F1
100
AcDbEntity
  8
0
 62
     7
370
    50
100
AcDbBlockBegin
  2
*D70
 70
     1
 10
0.0
 20
0.0
 30
0.0
  3
*D70
  1

  0
LINE
  5
2E816
330
1F0F1
100
AcDbEntity
  8
0
  6
Continuous
 62
     1
370
    25
100
AcDbLine
 10
574.9099199765262
 20
263.9082603444525
 30
0.0
 11
584.8824622924524
 21
272.0395960372404
 31
0.0
  0
MTEXT
  5
2E817
330
1F0F1
100
AcDbEntity
  8
0
  6
Continuous
 62
     5
370
    35
100
AcDbMText
 10
575.7267037467756
 20
268.4450945129732
 30
0.0
 40
5.0
 41
0.0
 71
     5
 72
     1
  1
\A1;R1
 11
0.7750233271263594
 21
0.6319326248976138
 31
0.0
 73
     1
 44
1.0
1001
ACAD
1000
MTEXTBEGIN
1070
    73
1070
     1
1070
    44
1040
1.0
1070
    74
1070
     0
1000
MTEXTEND
  0
INSERT
  5
2E818
330
1F0F1
100
AcDbEntity
  8
0
  6
Continuous
 62
     1
370
    25
100
AcDbBlockReference
  2
_OPEN15
 10
587.7655490693626
 20
274.3903854018595
 30
0.0
 41
3.72
 42
3.72
 43
3.72
 50
39.19285246058444
  0
POINT
  5
2E819
330
1F0F1
100
AcDbEntity
  8
Defpoints
  6
Continuous
 62
     0
370
    50
100
AcDbPoint
 10
587.7655490693626
 20
274.3903854018595
 30
0.0
  0
POINT
  5
2E81A
330
1F0F1
100
AcDbEntity
  8
Defpoints
  6
Continuous
 62
     0
370
    50
100
AcDbPoint
 10
588.540572396489
 20
275.0223180267572
 30
0.0
  0
ENDBLK
  5
1F0F3
330
1F0F1
100
AcDbEntity
  8
0
 62
     7
370
    50
100
AcDbBlockEnd
  0
BLOCK
  5
1F345
330
1F344
100
AcDbEntity
  8
0
 62
     7
370
    50
100
AcDbBlockBegin
  2
*D71
 70
     1
 10
0.0
 20
0.0
 30
0.0
  3
*D71
  1

  0
LINE
  5
2E81B
330
1F344
100
AcDbEntity
  8
0
  6
Continuous
 62
     1
370
    25
100
AcDbLine
 10
585.0405723964889
 20
214.9883917200211
 30
0.0
 11
585.0405723964889
 21
200.6539239576279
 31
0.0
  0
LINE
  5
2E81C
330
1F344
100
AcDbEntity
  8
0
  6
Continuous
 62
     1
370
    25
100
AcDbLine
 10
603.0405723964888
 20
214.9883917200211
 30
0.0
 11
603.0405723964888
 21
200.6539239576279
 31
0.0
  0
LINE
  5
2E81D
330
1F344
100
AcDbEntity
  8
0
  6
Continuous
 62
     1
370
    25
100
AcDbLine
 10
588.7605723964888
 20
202.1539239576279
 30
0.0
 11
599.3205723964888
 21
202.1539239576279
 31
0.0
  0
INSERT
  5
2E81E
330
1F344
100
AcDbEntity
  8
0
  6
Continuous
 62
     1
370
    25
100
AcDbBlockReference
  2
_OPEN15
 10
585.0405723964889
 20
202.1539239576279
 30
0.0
 41
3.72
 42
3.72
 43
3.72
 50
180.0
  0
INSERT
  5
2E81F
330
1F344
100
AcDbEntity
  8
0
  6
Continuous
 62
     1
370
    25
100
AcDbBlockReference
  2
_OPEN15
 10
603.0405723964888
 20
202.1539239576279
 30
0.0
 41
3.72
 42
3.72
 43
3.72
  0
MTEXT
  5
2E820
330
1F344
100
AcDbEntity
  8
0
  6
Continuous
 62
     5
370
    35
100
AcDbMText
 10
594.0405723964889
 20
205.1539239576279
 30
0.0
 40
5.0
 41
0.0
 71
     5
 72
     1
  1
\A1;9
 73
     1
 44
1.0
1001
ACAD
1000
MTEXTBEGIN
1070
    73
1070
     1
1070
    44
1040
1.0
1070
    74
1070
     0
1000
MTEXTEND
  0
POINT
  5
2E821
330
1F344
100
AcDbEntity
  8
Defpoints
  6
Continuous
 62
     0
370
    50
100
AcDbPoint
 10
585.0405723964889
 20
214.9883917200211
 30
0.0
  0
POINT
  5
2E822
330
1F344
100
AcDbEntity
  8
Defpoints
  6
Continuous
 62
     0
370
    50
100
AcDbPoint
 10
603.0405723964888
 20
214.9883917200211
 30
0.0
  0
POINT
  5
2E823
330
1F344
100
AcDbEntity
  8
Defpoints
  6
Continuous
 62
     0
370
    50
100
AcDbPoint
 10
603.0405723964888
 20
202.1539239576279
 30
0.0
  0
ENDBLK
  5
1F346
330
1F344
100
AcDbEntity
  8
0
 62
     7
370
    50
100
AcDbBlockEnd
  0
BLOCK
  5
1F351
330
1F350
100
AcDbEntity
  8
0
 62
     7
370
    50
100
AcDbBlockBegin
  2
*D72
 70
     1
 10
0.0
 20
0.0
 30
0.0
  3
*D72
  1

  0
LINE
  5
2E824
330
1F350
100
AcDbEntity
  8
0
  6
Continuous
 62
     1
370
    25
100
AcDbLine
 10
601.0405723964891
 20
212.9883917200212
 30
0.0
 11
614.9052502980448
 21
212.9883917200212
 31
0.0
  0
LINE
  5
2E825
330
1F350
100
AcDbEntity
  8
0
  6
Continuous
 62
     1
370
    25
100
AcDbLine
 10
601.0405723964891
 20
229.5083917200212
 30
0.0
 11
614.9052502980448
 21
229.5083917200212
 31
0.0
  0
LINE
  5
2E826
330
1F350
100
AcDbEntity
  8
0
  6
Continuous
 62
     1
370
    25
100
AcDbLine
 10
613.4052502980448
 20
216.7083917200212
 30
0.0
 11
613.4052502980448
 21
225.7883917200212
 31
0.0
  0
INSERT
  5
2E827
330
1F350
100
AcDbEntity
  8
0
  6
Continuous
 62
     1
370
    25
100
AcDbBlockReference
  2
_OPEN15
 10
613.4052502980448
 20
212.9883917200212
 30
0.0
 41
3.72
 42
3.72
 43
3.72
 50
270.0
  0
INSERT
  5
2E828
330
1F350
100
AcDbEntity
  8
0
  6
Continuous
 62
     1
370
    25
100
AcDbBlockReference
  2
_OPEN15
 10
613.4052502980448
 20
229.5083917200212
 30
0.0
 41
3.72
 42
3.72
 43
3.72
 50
90.0
  0
MTEXT
  5
2E829
330
1F350
100
AcDbEntity
  8
0
  6
Continuous
 62
     5
370
    35
100
AcDbMText
 10
610.4047581720605
 20
221.2483917200209
 30
0.0
 40
5.0
 41
0.0
 71
     5
 72
     1
  1
\A1;8.26
 11
0.0000000000000001
 21
1.0
 31
0.0
 73
     1
 44
1.0
1001
ACAD
1000
MTEXTBEGIN
1070
    73
1070
     1
1070
    44
1040
1.0
1070
    74
1070
     0
1000
MTEXTEND
  0
POINT
  5
2E82A
330
1F350
100
AcDbEntity
  8
Defpoints
  6
Continuous
 62
     0
370
    50
100
AcDbPoint
 10
601.0405723964891
 20
212.9883917200212
 30
0.0
  0
POINT
  5
2E82B
330
1F350
100
AcDbEntity
  8
Defpoints
  6
Continuous
 62
     0
370
    50
100
AcDbPoint
 10
601.0405723964891
 20
229.5083917200212
 30
0.0
  0
POINT
  5
2E82C
330
1F350
100
AcDbEntity
  8
Defpoints
  6
Continuous
 62
     0
370
    50
100
AcDbPoint
 10
613.4052502980448
 20
229.5083917200212
 30
0.0
  0
ENDBLK
  5
1F352
330
1F350
100
AcDbEntity
  8
0
 62
     7
370
    50
100
AcDbBlockEnd
  0
BLOCK
  5
1F35D
330
1F35C
100
AcDbEntity
  8
0
 62
     7
370
    50
100
AcDbBlockBegin
  2
*D73
 70
     1
 10
0.0
 20
0.0
 30
0.0
  3
*D73
  1

  0
LINE
  5
2E82D
330
1F35C
100
AcDbEntity
  8
0
  6
Continuous
 62
     1
370
    25
100
AcDbLine
 10
574.0921962897669
 20
201.259680932463
 30
0.0
 11
583.1159108415595
 21
210.8272101955909
 31
0.0
  0
MTEXT
  5
2E82E
330
1F35C
100
AcDbEntity
  8
0
  6
Continuous
 62
     5
370
    35
100
AcDbMText
 10
574.3112121759485
 20
205.8642473660808
 30
0.0
 40
5.0
 41
0.0
 71
     5
 72
     1
  1
\A1;R1
 11
0.6861296424700944
 21
0.727479287487871
 31
0.0
 73
     1
 44
1.0
1001
ACAD
1000
MTEXTBEGIN
1070
    73
1070
     1
1070
    44
1040
1.0
1070
    74
1070
     0
1000
MTEXTEND
  0
INSERT
  5
2E82F
330
1F35C
100
AcDbEntity
  8
0
  6
Continuous
 62
     1
370
    25
100
AcDbBlockReference
  2
_OPEN15
 10
585.6683131115483
 20
213.5334331450458
 30
0.0
 41
3.72
 42
3.72
 43
3.72
 50
46.67548798946302
  0
POINT
  5
2E830
330
1F35C
100
AcDbEntity
  8
Defpoints
  6
Continuous
 62
     0
370
    50
100
AcDbPoint
 10
585.6683131115483
 20
213.5334331450458
 30
0.0
  0
POINT
  5
2E831
330
1F35C
100
AcDbEntity
  8
Defpoints
  6
Continuous
 62
     0
370
    50
100
AcDbPoint
 10
587.0405723964884
 20
214.9883917200213
 30
0.0
  0
ENDBLK
  5
1F35E
330
1F35C
100
AcDbEntity
  8
0
 62
     7
370
    50
100
AcDbBlockEnd
  0
BLOCK
  5
1F5B1
330
1F5AC
100
AcDbEntity
  8
0
 62
     7
370
    50
100
AcDbBlockBegin
  2
A$C17EF361D
 70
     0
 10
0.0
 20
0.0
 30
0.0
  3
A$C17EF361D
  1

  0
TEXT
  5
1F5AD
330
1F5AC
100
AcDbEntity
  8
0
  6
Continuous
 62
     5
370
    25
100
AcDbText
 10
1.244131606779717
 20
1.999998808728832
 30
0.0
 40
3.5
  1
M 1:1
 41
1.199999999999999
100
AcDbText
1001
PHOENIX7010
1002
{
1070
    62
1070
     5
1070
    41
1040
0.5
1002
}
  0
LINE
  5
1F5AE
330
1F5AC
100
AcDbEntity
  8
0
  6
Continuous
 62
     5
370
    25
100
AcDbLine
 10
0.0000025473631808
 20
-0.000001191271167
 30
0.0
 11
13.07280909867575
 21
-0.000001191271167
 31
0.0
1001
PHOENIX7010
1002
{
1070
    62
1070
     5
1070
    41
1040
0.5
1002
}
  0
ENDBLK
  5
1F5B2
330
1F5AC
100
AcDbEntity
  8
0
 62
     7
370
    50
100
AcDbBlockEnd
  0
BLOCK
  5
1F9B0
330
1F9AF
100
AcDbEntity
  8
0
 62
     7
370
    50
100
AcDbBlockBegin
  2
*D75
 70
     1
 10
0.0
 20
0.0
 30
0.0
  3
*D75
  1

  0
LINE
  5
2E832
330
1F9AF
100
AcDbEntity
  8
0
  6
Continuous
 62
     1
370
    25
100
AcDbLine
 10
721.0832588422829
 20
155.8242253127423
 30
0.0
 11
735.5448546991489
 21
155.8242253127423
 31
0.0
  0
LINE
  5
2E833
330
1F9AF
100
AcDbEntity
  8
0
  6
Continuous
 62
     1
370
    25
100
AcDbLine
 10
721.0832588422829
 20
170.1542253127424
 30
0.0
 11
735.5448546991489
 21
170.1542253127424
 31
0.0
  0
LINE
  5
2E834
330
1F9AF
100
AcDbEntity
  8
0
  6
Continuous
 62
     1
370
    25
100
AcDbLine
 10
734.0448546991488
 20
173.8742253127424
 30
0.0
 11
734.0448546991488
 21
177.5942253127424
 31
0.0
  0
LINE
  5
2E835
330
1F9AF
100
AcDbEntity
  8
0
  6
Continuous
 62
     1
370
    25
100
AcDbLine
 10
734.0448546991488
 20
152.1042253127424
 30
0.0
 11
734.0448546991488
 21
130.9356971753185
 31
0.0
  0
LINE
  5
2E836
330
1F9AF
100
AcDbEntity
  8
0
  6
Continuous
 62
     1
370
    25
100
AcDbLine
 10
734.0448546991488
 20
170.1542253127424
 30
0.0
 11
734.0448546991488
 21
155.8242253127423
 31
0.0
  0
INSERT
  5
2E837
330
1F9AF
100
AcDbEntity
  8
0
  6
Continuous
 62
     1
370
    25
100
AcDbBlockReference
  2
_OPEN15
 10
734.0448546991488
 20
170.1542253127424
 30
0.0
 41
3.72
 42
3.72
 43
3.72
 50
270.0
  0
INSERT
  5
2E838
330
1F9AF
100
AcDbEntity
  8
0
  6
Continuous
 62
     1
370
    25
100
AcDbBlockReference
  2
_OPEN15
 10
734.0448546991488
 20
155.8242253127423
 30
0.0
 41
3.72
 42
3.72
 43
3.72
 50
90.0
  0
MTEXT
  5
2E839
330
1F9AF
100
AcDbEntity
  8
0
  6
Continuous
 62
     5
370
    35
100
AcDbMText
 10
731.0448546991487
 20
139.6599612440302
 30
0.0
 40
5.0
 41
0.0
 71
     5
 72
     1
  1
\A1;14.33
 11
0.0000000000000001
 21
1.0
 31
0.0
 73
     1
 44
1.0
1001
ACAD
1000
MTEXTBEGIN
1070
    73
1070
     1
1070
    44
1040
1.0
1070
    74
1070
     0
1000
MTEXTEND
  0
POINT
  5
2E83A
330
1F9AF
100
AcDbEntity
  8
Defpoints
  6
Continuous
 62
     0
370
    50
100
AcDbPoint
 10
721.0832588422829
 20
155.8242253127423
 30
0.0
  0
POINT
  5
2E83B
330
1F9AF
100
AcDbEntity
  8
Defpoints
  6
Continuous
 62
     0
370
    50
100
AcDbPoint
 10
721.0832588422829
 20
170.1542253127424
 30
0.0
  0
POINT
  5
2E83C
330
1F9AF
100
AcDbEntity
  8
Defpoints
  6
Continuous
 62
     0
370
    50
100
AcDbPoint
 10
734.0448546991488
 20
170.1542253127424
 30
0.0
  0
ENDBLK
  5
1F9B1
330
1F9AF
100
AcDbEntity
  8
0
 62
     7
370
    50
100
AcDbBlockEnd
  0
BLOCK
  5
1F9BE
330
1F9BD
100
AcDbEntity
  8
0
 62
     7
370
    50
100
AcDbBlockBegin
  2
*D76
 70
     1
 10
0.0
 20
0.0
 30
0.0
  3
*D76
  1

  0
LINE
  5
2E83D
330
1F9BD
100
AcDbEntity
  8
0
  6
Continuous
 62
     1
370
    25
100
AcDbLine
 10
722.0832588422827
 20
156.8242253127423
 30
0.0
 11
722.0832588422827
 21
136.5003091421384
 31
0.0
  0
LINE
  5
2E83E
330
1F9BD
100
AcDbEntity
  8
0
  6
Continuous
 62
     1
370
    25
100
AcDbLine
 10
705.0832588422827
 20
156.8242253127423
 30
0.0
 11
705.0832588422827
 21
136.5003091421384
 31
0.0
  0
LINE
  5
2E83F
330
1F9BD
100
AcDbEntity
  8
0
  6
Continuous
 62
     1
370
    25
100
AcDbLine
 10
718.3632588422827
 20
138.0003091421384
 30
0.0
 11
708.8032588422827
 21
138.0003091421384
 31
0.0
  0
INSERT
  5
2E840
330
1F9BD
100
AcDbEntity
  8
0
  6
Continuous
 62
     1
370
    25
100
AcDbBlockReference
  2
_OPEN15
 10
722.0832588422827
 20
138.0003091421384
 30
0.0
 41
3.72
 42
3.72
 43
3.72
  0
INSERT
  5
2E841
330
1F9BD
100
AcDbEntity
  8
0
  6
Continuous
 62
     1
370
    25
100
AcDbBlockReference
  2
_OPEN15
 10
705.0832588422827
 20
138.0003091421384
 30
0.0
 41
3.72
 42
3.72
 43
3.72
 50
180.0
  0
MTEXT
  5
2E842
330
1F9BD
100
AcDbEntity
  8
0
  6
Continuous
 62
     5
370
    35
100
AcDbMText
 10
713.5832588422827
 20
141.0003091421384
 30
0.0
 40
5.0
 41
0.0
 71
     5
 72
     1
  1
\A1;17
 73
     1
 44
1.0
1001
ACAD
1000
MTEXTBEGIN
1070
    73
1070
     1
1070
    44
1040
1.0
1070
    74
1070
     0
1000
MTEXTEND
  0
POINT
  5
2E843
330
1F9BD
100
AcDbEntity
  8
Defpoints
  6
Continuous
 62
     0
370
    50
100
AcDbPoint
 10
722.0832588422827
 20
156.8242253127423
 30
0.0
  0
POINT
  5
2E844
330
1F9BD
100
AcDbEntity
  8
Defpoints
  6
Continuous
 62
     0
370
    50
100
AcDbPoint
 10
705.0832588422827
 20
156.8242253127423
 30
0.0
  0
POINT
  5
2E845
330
1F9BD
100
AcDbEntity
  8
Defpoints
  6
Continuous
 62
     0
370
    50
100
AcDbPoint
 10
705.0832588422827
 20
138.0003091421384
 30
0.0
  0
ENDBLK
  5
1F9BF
330
1F9BD
100
AcDbEntity
  8
0
 62
     7
370
    50
100
AcDbBlockEnd
  0
BLOCK
  5
1F9CA
330
1F9C9
100
AcDbEntity
  8
0
 62
     7
370
    50
100
AcDbBlockBegin
  2
*D77
 70
     1
 10
0.0
 20
0.0
 30
0.0
  3
*D77
  1

  0
LINE
  5
2E846
330
1F9C9
100
AcDbEntity
  8
0
  6
Continuous
 62
     1
370
    25
100
AcDbLine
 10
693.6889777034137
 20
144.8672238623445
 30
0.0
 11
702.686329690849
 21
153.5471424117249
 31
0.0
  0
MTEXT
  5
2E847
330
1F9C9
100
AcDbEntity
  8
0
  6
Continuous
 62
     5
370
    35
100
AcDbMText
 10
694.1249953574318
 20
149.456329287739
 30
0.0
 40
5.0
 41
0.0
 71
     5
 72
     1
  1
\A1;R1
 11
0.7196883795410093
 21
0.6942972247918294
 31
0.0
 73
     1
 44
1.0
1001
ACAD
1000
MTEXTBEGIN
1070
    73
1070
     1
1070
    44
1040
1.0
1070
    74
1070
     0
1000
MTEXTEND
  0
INSERT
  5
2E848
330
1F9C9
100
AcDbEntity
  8
0
  6
Continuous
 62
     1
370
    25
100
AcDbBlockReference
  2
_OPEN15
 10
705.3635704627415
 20
156.1299280879506
 30
0.0
 41
3.72
 42
3.72
 43
3.72
 50
43.97124153317768
  0
POINT
  5
2E849
330
1F9C9
100
AcDbEntity
  8
Defpoints
  6
Continuous
 62
     0
370
    50
100
AcDbPoint
 10
705.3635704627415
 20
156.1299280879506
 30
0.0
  0
POINT
  5
2E84A
330
1F9C9
100
AcDbEntity
  8
Defpoints
  6
Continuous
 62
     0
370
    50
100
AcDbPoint
 10
706.0832588422822
 20
156.8242253127422
 30
0.0
  0
ENDBLK
  5
1F9CB
330
1F9C9
100
AcDbEntity
  8
0
 62
     7
370
    50
100
AcDbBlockEnd
  0
BLOCK
  5
1F9D2
330
1F9D1
100
AcDbEntity
  8
0
 62
     7
370
    50
100
AcDbBlockBegin
  2
*D78
 70
     1
 10
0.0
 20
0.0
 30
0.0
  3
*D78
  1

  0
LINE
  5
2EA15
330
1F9D1
100
AcDbEntity
  8
0
  6
Continuous
 62
     1
370
    25
100
AcDbLine
 10
700.8755092546573
 20
213.8165198805369
 30
0.0
 11
700.8755092546573
 21
196.1046557568729
 31
0.0
  0
LINE
  5
2EA16
330
1F9D1
100
AcDbEntity
  8
0
  6
Continuous
 62
     1
370
    25
100
AcDbLine
 10
723.7155092546572
 20
211.0165198805368
 30
0.0
 11
723.7155092546572
 21
196.1046557568729
 31
0.0
  0
LINE
  5
2EA17
330
1F9D1
100
AcDbEntity
  8
0
  6
Continuous
 62
     1
370
    25
100
AcDbLine
 10
704.5955092546574
 20
197.6046557568729
 30
0.0
 11
719.9955092546572
 21
197.6046557568729
 31
0.0
  0
INSERT
  5
2EA18
330
1F9D1
100
AcDbEntity
  8
0
  6
Continuous
 62
     1
370
    25
100
AcDbBlockReference
  2
_OPEN15
 10
700.8755092546573
 20
197.6046557568729
 30
0.0
 41
3.72
 42
3.72
 43
3.72
 50
180.0
  0
INSERT
  5
2EA19
330
1F9D1
100
AcDbEntity
  8
0
  6
Continuous
 62
     1
370
    25
100
AcDbBlockReference
  2
_OPEN15
 10
723.7155092546572
 20
197.6046557568729
 30
0.0
 41
3.72
 42
3.72
 43
3.72
  0
MTEXT
  5
2EA1A
330
1F9D1
100
AcDbEntity
  8
0
  6
Continuous
 62
     5
370
    35
100
AcDbMText
 10
712.2955092546573
 20
200.6051478828572
 30
0.0
 40
5.0
 41
0.0
 71
     5
 72
     1
  1
\A1;11.42
 73
     1
 44
1.0
1001
ACAD
1000
MTEXTBEGIN
1070
    73
1070
     1
1070
    44
1040
1.0
1070
    74
1070
     0
1000
MTEXTEND
  0
POINT
  5
2EA1B
330
1F9D1
100
AcDbEntity
  8
Defpoints
  6
Continuous
 62
     0
370
    50
100
AcDbPoint
 10
700.8755092546573
 20
213.8165198805369
 30
0.0
  0
POINT
  5
2EA1C
330
1F9D1
100
AcDbEntity
  8
Defpoints
  6
Continuous
 62
     0
370
    50
100
AcDbPoint
 10
723.7155092546572
 20
211.0165198805368
 30
0.0
  0
POINT
  5
2EA1D
330
1F9D1
100
AcDbEntity
  8
Defpoints
  6
Continuous
 62
     0
370
    50
100
AcDbPoint
 10
723.7155092546572
 20
197.6046557568729
 30
0.0
  0
ENDBLK
  5
1F9D3
330
1F9D1
100
AcDbEntity
  8
0
 62
     7
370
    50
100
AcDbBlockEnd
  0
BLOCK
  5
1F9DE
330
1F9DD
100
AcDbEntity
  8
0
 62
     7
370
    50
100
AcDbBlockBegin
  2
*D79
 70
     1
 10
0.0
 20
0.0
 30
0.0
  3
*D79
  1

  0
LINE
  5
2EA1E
330
1F9DD
100
AcDbEntity
  8
0
  6
Continuous
 62
     1
370
    25
100
AcDbLine
 10
721.7155092546574
 20
209.016519880537
 30
0.0
 11
734.9171148679857
 21
209.016519880537
 31
0.0
  0
LINE
  5
2EA1F
330
1F9DD
100
AcDbEntity
  8
0
  6
Continuous
 62
     1
370
    25
100
AcDbLine
 10
721.7155092546574
 20
215.816519880537
 30
0.0
 11
734.9171148679857
 21
215.816519880537
 31
0.0
  0
LINE
  5
2EA20
330
1F9DD
100
AcDbEntity
  8
0
  6
Continuous
 62
     1
370
    25
100
AcDbLine
 10
733.4171148679858
 20
219.536519880537
 30
0.0
 11
733.4171148679858
 21
223.256519880537
 31
0.0
  0
LINE
  5
2EA21
330
1F9DD
100
AcDbEntity
  8
0
  6
Continuous
 62
     1
370
    25
100
AcDbLine
 10
733.4171148679858
 20
205.296519880537
 30
0.0
 11
733.4171148679858
 21
191.5765198805369
 31
0.0
  0
LINE
  5
2EA22
330
1F9DD
100
AcDbEntity
  8
0
  6
Continuous
 62
     1
370
    25
100
AcDbLine
 10
733.4171148679858
 20
215.816519880537
 30
0.0
 11
733.4171148679858
 21
209.016519880537
 31
0.0
  0
INSERT
  5
2EA23
330
1F9DD
100
AcDbEntity
  8
0
  6
Continuous
 62
     1
370
    25
100
AcDbBlockReference
  2
_OPEN15
 10
733.4171148679858
 20
215.816519880537
 30
0.0
 41
3.72
 42
3.72
 43
3.72
 50
270.0
  0
INSERT
  5
2EA24
330
1F9DD
100
AcDbEntity
  8
0
  6
Continuous
 62
     1
370
    25
100
AcDbBlockReference
  2
_OPEN15
 10
733.4171148679858
 20
209.016519880537
 30
0.0
 41
3.72
 42
3.72
 43
3.72
 50
90.0
  0
MTEXT
  5
2EA25
330
1F9DD
100
AcDbEntity
  8
0
  6
Continuous
 62
     5
370
    35
100
AcDbMText
 10
730.4171148679857
 20
196.5765198805367
 30
0.0
 40
5.0
 41
0.0
 71
     5
 72
     1
  1
\A1;3.4
 11
0.0000000000000001
 21
1.0
 31
0.0
 73
     1
 44
1.0
1001
ACAD
1000
MTEXTBEGIN
1070
    73
1070
     1
1070
    44
1040
1.0
1070
    74
1070
     0
1000
MTEXTEND
  0
POINT
  5
2EA26
330
1F9DD
100
AcDbEntity
  8
Defpoints
  6
Continuous
 62
     0
370
    50
100
AcDbPoint
 10
721.7155092546574
 20
209.016519880537
 30
0.0
  0
POINT
  5
2EA27
330
1F9DD
100
AcDbEntity
  8
Defpoints
  6
Continuous
 62
     0
370
    50
100
AcDbPoint
 10
721.7155092546574
 20
215.816519880537
 30
0.0
  0
POINT
  5
2EA28
330
1F9DD
100
AcDbEntity
  8
Defpoints
  6
Continuous
 62
     0
370
    50
100
AcDbPoint
 10
733.4171148679858
 20
215.816519880537
 30
0.0
  0
ENDBLK
  5
1F9DF
330
1F9DD
100
AcDbEntity
  8
0
 62
     7
370
    50
100
AcDbBlockEnd
  0
BLOCK
  5
1F9EC
330
1F9EB
100
AcDbEntity
  8
0
 62
     7
370
    50
100
AcDbBlockBegin
  2
*D80
 70
     1
 10
0.0
 20
0.0
 30
0.0
  3
*D80
  1

  0
LINE
  5
2EA29
330
1F9EB
100
AcDbEntity
  8
0
  6
Continuous
 62
     1
370
    25
100
AcDbLine
 10
687.267688043918
 20
199.0902472882842
 30
0.0
 11
698.3305012588399
 21
207.5435813095343
 31
0.0
  0
MTEXT
  5
2EA2A
330
1F9EB
100
AcDbEntity
  8
0
  6
Continuous
 62
     5
370
    35
100
AcDbMText
 10
688.2272531264973
 20
203.59904256555
 30
0.0
 40
5.0
 41
0.0
 71
     5
 72
     1
  1
\A1;R1
 11
0.7945818174505931
 21
0.6071570928325818
 31
0.0
 73
     1
 44
1.0
1001
ACAD
1000
MTEXTBEGIN
1070
    73
1070
     1
1070
    44
1040
1.0
1070
    74
1070
     0
1000
MTEXTEND
  0
INSERT
  5
2EA2B
330
1F9EB
100
AcDbEntity
  8
0
  6
Continuous
 62
     1
370
    25
100
AcDbBlockReference
  2
_OPEN15
 10
701.2863456197561
 20
209.8022056948715
 30
0.0
 41
3.72
 42
3.72
 43
3.72
 50
37.38422491927583
  0
POINT
  5
2EA2C
330
1F9EB
100
AcDbEntity
  8
Defpoints
  6
Continuous
 62
     0
370
    50
100
AcDbPoint
 10
701.2863456197561
 20
209.8022056948715
 30
0.0
  0
POINT
  5
2EA2D
330
1F9EB
100
AcDbEntity
  8
Defpoints
  6
Continuous
 62
     0
370
    50
100
AcDbPoint
 10
702.8755092546572
 20
211.0165198805364
 30
0.0
  0
ENDBLK
  5
1F9ED
330
1F9EB
100
AcDbEntity
  8
0
 62
     7
370
    50
100
AcDbBlockEnd
  0
BLOCK
  5
1F9F4
330
1F9F3
100
AcDbEntity
  8
0
 62
     7
370
    50
100
AcDbBlockBegin
  2
*D81
 70
     1
 10
0.0
 20
0.0
 30
0.0
  3
*D81
  1

  0
LINE
  5
2E864
330
1F9F3
100
AcDbEntity
  8
0
  6
Continuous
 62
     1
370
    25
100
AcDbLine
 10
720.8191994373985
 20
270.9489504704781
 30
0.0
 11
734.5590455328024
 21
270.9489504704781
 31
0.0
  0
LINE
  5
2E865
330
1F9F3
100
AcDbEntity
  8
0
  6
Continuous
 62
     1
370
    25
100
AcDbLine
 10
720.8191994373985
 20
277.4489504704781
 30
0.0
 11
734.5590455328024
 21
277.4489504704781
 31
0.0
  0
LINE
  5
2E866
330
1F9F3
100
AcDbEntity
  8
0
  6
Continuous
 62
     1
370
    25
100
AcDbLine
 10
733.0590455328024
 20
281.1689504704781
 30
0.0
 11
733.0590455328024
 21
284.888950470478
 31
0.0
  0
LINE
  5
2E867
330
1F9F3
100
AcDbEntity
  8
0
  6
Continuous
 62
     1
370
    25
100
AcDbLine
 10
733.0590455328024
 20
267.228950470478
 30
0.0
 11
733.0590455328025
 21
253.501367214944
 31
0.0
  0
LINE
  5
2E868
330
1F9F3
100
AcDbEntity
  8
0
  6
Continuous
 62
     1
370
    25
100
AcDbLine
 10
733.0590455328024
 20
277.4489504704781
 30
0.0
 11
733.0590455328024
 21
270.9489504704781
 31
0.0
  0
INSERT
  5
2E869
330
1F9F3
100
AcDbEntity
  8
0
  6
Continuous
 62
     1
370
    25
100
AcDbBlockReference
  2
_OPEN15
 10
733.0590455328024
 20
277.4489504704781
 30
0.0
 41
3.72
 42
3.72
 43
3.72
 50
270.0
  0
INSERT
  5
2E86A
330
1F9F3
100
AcDbEntity
  8
0
  6
Continuous
 62
     1
370
    25
100
AcDbBlockReference
  2
_OPEN15
 10
733.0590455328024
 20
270.9489504704781
 30
0.0
 41
3.72
 42
3.72
 43
3.72
 50
90.0
  0
MTEXT
  5
2E86B
330
1F9F3
100
AcDbEntity
  8
0
  6
Continuous
 62
     5
370
    35
100
AcDbMText
 10
730.0590455328024
 20
258.5051588427107
 30
0.0
 40
5.0
 41
0.0
 71
     5
 72
     1
  1
\A1;6.5
 11
0.0000000000000001
 21
1.0
 31
0.0
 73
     1
 44
1.0
1001
ACAD
1000
MTEXTBEGIN
1070
    73
1070
     1
1070
    44
1040
1.0
1070
    74
1070
     0
1000
MTEXTEND
  0
POINT
  5
2E86C
330
1F9F3
100
AcDbEntity
  8
Defpoints
  6
Continuous
 62
     0
370
    50
100
AcDbPoint
 10
720.8191994373985
 20
270.9489504704781
 30
0.0
  0
POINT
  5
2E86D
330
1F9F3
100
AcDbEntity
  8
Defpoints
  6
Continuous
 62
     0
370
    50
100
AcDbPoint
 10
720.8191994373985
 20
277.4489504704781
 30
0.0
  0
POINT
  5
2E86E
330
1F9F3
100
AcDbEntity
  8
Defpoints
  6
Continuous
 62
     0
370
    50
100
AcDbPoint
 10
733.0590455328024
 20
277.4489504704781
 30
0.0
  0
ENDBLK
  5
1F9F5
330
1F9F3
100
AcDbEntity
  8
0
 62
     7
370
    50
100
AcDbBlockEnd
  0
BLOCK
  5
1FA00
330
1F9FF
100
AcDbEntity
  8
0
 62
     7
370
    50
100
AcDbBlockBegin
  2
*D82
 70
     1
 10
0.0
 20
0.0
 30
0.0
  3
*D82
  1

  0
LINE
  5
2E86F
330
1F9FF
100
AcDbEntity
  8
0
  6
Continuous
 62
     1
370
    25
100
AcDbLine
 10
705.8191994373983
 20
271.948950470478
 30
0.0
 11
705.8191994373983
 21
261.3543580652759
 31
0.0
  0
LINE
  5
2E870
330
1F9FF
100
AcDbEntity
  8
0
  6
Continuous
 62
     1
370
    25
100
AcDbLine
 10
721.8191994373983
 20
271.948950470478
 30
0.0
 11
721.8191994373983
 21
261.3543580652759
 31
0.0
  0
LINE
  5
2E871
330
1F9FF
100
AcDbEntity
  8
0
  6
Continuous
 62
     1
370
    25
100
AcDbLine
 10
709.5391994373983
 20
262.8543580652758
 30
0.0
 11
718.0991994373982
 21
262.8543580652758
 31
0.0
  0
INSERT
  5
2E872
330
1F9FF
100
AcDbEntity
  8
0
  6
Continuous
 62
     1
370
    25
100
AcDbBlockReference
  2
_OPEN15
 10
705.8191994373983
 20
262.8543580652758
 30
0.0
 41
3.72
 42
3.72
 43
3.72
 50
180.0
  0
INSERT
  5
2E873
330
1F9FF
100
AcDbEntity
  8
0
  6
Continuous
 62
     1
370
    25
100
AcDbBlockReference
  2
_OPEN15
 10
721.8191994373983
 20
262.8543580652758
 30
0.0
 41
3.72
 42
3.72
 43
3.72
  0
MTEXT
  5
2E874
330
1F9FF
100
AcDbEntity
  8
0
  6
Continuous
 62
     5
370
    35
100
AcDbMText
 10
718.1920791661309
 20
265.8543580652759
 30
0.0
 40
5.0
 41
0.0
 71
     5
 72
     1
  1
\A1;16
 73
     1
 44
1.0
1001
ACAD
1000
MTEXTBEGIN
1070
    73
1070
     1
1070
    44
1040
1.0
1070
    74
1070
     0
1000
MTEXTEND
  0
POINT
  5
2E875
330
1F9FF
100
AcDbEntity
  8
Defpoints
  6
Continuous
 62
     0
370
    50
100
AcDbPoint
 10
705.8191994373983
 20
271.948950470478
 30
0.0
  0
POINT
  5
2E876
330
1F9FF
100
AcDbEntity
  8
Defpoints
  6
Continuous
 62
     0
370
    50
100
AcDbPoint
 10
721.8191994373983
 20
271.948950470478
 30
0.0
  0
POINT
  5
2E877
330
1F9FF
100
AcDbEntity
  8
Defpoints
  6
Continuous
 62
     0
370
    50
100
AcDbPoint
 10
721.8191994373983
 20
262.8543580652758
 30
0.0
  0
ENDBLK
  5
1FA01
330
1F9FF
100
AcDbEntity
  8
0
 62
     7
370
    50
100
AcDbBlockEnd
  0
BLOCK
  5
1FA0C
330
1FA0B
100
AcDbEntity
  8
0
 62
     7
370
    50
100
AcDbBlockBegin
  2
*D83
 70
     1
 10
0.0
 20
0.0
 30
0.0
  3
*D83
  1

  0
LINE
  5
2E878
330
1FA0B
100
AcDbEntity
  8
0
  6
Continuous
 62
     1
370
    25
100
AcDbLine
 10
734.7443787428358
 20
291.9831154242757
 30
0.0
 11
723.9697606612553
 21
279.9635434731921
 31
0.0
  0
MTEXT
  5
2E879
330
1FA0B
100
AcDbEntity
  8
0
  6
Continuous
 62
     5
370
    35
100
AcDbMText
 10
730.1743060115557
 20
291.3794307128501
 30
0.0
 40
5.0
 41
0.0
 71
     5
 72
     1
  1
\A1;R1
 11
0.6674917847154572
 21
0.7446171615920317
 31
0.0
 73
     1
 44
1.0
1001
ACAD
1000
MTEXTBEGIN
1070
    73
1070
     1
1070
    44
1040
1.0
1070
    74
1070
     0
1000
MTEXTEND
  0
INSERT
  5
2E87A
330
1FA0B
100
AcDbEntity
  8
0
  6
Continuous
 62
     1
370
    25
100
AcDbBlockReference
  2
_OPEN15
 10
721.4866912221139
 20
277.1935676320696
 30
0.0
 41
3.72
 42
3.72
 43
3.72
 50
228.1262265421216
  0
POINT
  5
2E87B
330
1FA0B
100
AcDbEntity
  8
Defpoints
  6
Continuous
 62
     0
370
    50
100
AcDbPoint
 10
721.4866912221139
 20
277.1935676320696
 30
0.0
  0
POINT
  5
2E87C
330
1FA0B
100
AcDbEntity
  8
Defpoints
  6
Continuous
 62
     0
370
    50
100
AcDbPoint
 10
720.8191994373987
 20
276.4489504704779
 30
0.0
  0
ENDBLK
  5
1FA0D
330
1FA0B
100
AcDbEntity
  8
0
 62
     7
370
    50
100
AcDbBlockEnd
  0
BLOCK
  5
1FC2A
330
1FC25
100
AcDbEntity
  8
0
 62
     7
370
    50
100
AcDbBlockBegin
  2
A$C12BA348D
 70
     0
 10
0.0
 20
0.0
 30
0.0
  3
A$C12BA348D
  1

  0
TEXT
  5
1FC26
330
1FC25
100
AcDbEntity
  8
0
  6
Continuous
 62
     5
370
    25
100
AcDbText
 10
1.244131606779717
 20
1.999998808728832
 30
0.0
 40
3.5
  1
M 1:1
 41
1.199999999999999
100
AcDbText
1001
PHOENIX7010
1002
{
1070
    62
1070
     5
1070
    41
1040
0.5
1002
}
  0
LINE
  5
1FC27
330
1FC25
100
AcDbEntity
  8
0
  6
Continuous
 62
     5
370
    25
100
AcDbLine
 10
0.0000025473631808
 20
-0.000001191271167
 30
0.0
 11
13.07280909867575
 21
-0.000001191271167
 31
0.0
1001
PHOENIX7010
1002
{
1070
    62
1070
     5
1070
    41
1040
0.5
1002
}
  0
ENDBLK
  5
1FC2B
330
1FC25
100
AcDbEntity
  8
0
 62
     7
370
    50
100
AcDbBlockEnd
  0
BLOCK
  5
2A3EF
330
2A3EE
100
AcDbEntity
  8
0
 62
     7
370
    50
100
AcDbBlockBegin
  2
*D87
 70
     1
 10
0.0
 20
0.0
 30
0.0
  3
*D87
  1

  0
LINE
  5
2E87D
330
2A3EE
100
AcDbEntity
  8
0
  6
Continuous
 62
     1
370
    25
100
AcDbLine
 10
106.5180678601893
 20
369.5635758011208
 30
0.0
 11
95.27701008725285
 21
369.5635758011208
 31
0.0
  0
LINE
  5
2E87E
330
2A3EE
100
AcDbEntity
  8
0
  6
Continuous
 62
     1
370
    25
100
AcDbLine
 10
106.5180678601893
 20
375.5635758011208
 30
0.0
 11
95.27701008725285
 21
375.5635758011208
 31
0.0
  0
LINE
  5
2E87F
330
2A3EE
100
AcDbEntity
  8
0
  6
Continuous
 62
     1
370
    25
100
AcDbLine
 10
96.77701008725287
 20
365.8435758011208
 30
0.0
 11
96.77701008725287
 21
362.1235758011208
 31
0.0
  0
LINE
  5
2E880
330
2A3EE
100
AcDbEntity
  8
0
  6
Continuous
 62
     1
370
    25
100
AcDbLine
 10
96.77701008725287
 20
379.2835758011208
 30
0.0
 11
96.77701008725287
 21
387.0602687145066
 31
0.0
  0
LINE
  5
2E881
330
2A3EE
100
AcDbEntity
  8
0
  6
Continuous
 62
     1
370
    25
100
AcDbLine
 10
96.77701008725287
 20
369.5635758011208
 30
0.0
 11
96.77701008725287
 21
375.5635758011208
 31
0.0
  0
INSERT
  5
2E882
330
2A3EE
100
AcDbEntity
  8
0
  6
Continuous
 62
     1
370
    25
100
AcDbBlockReference
  2
_OPEN15
 10
96.77701008725287
 20
369.5635758011208
 30
0.0
 41
3.72
 42
3.72
 43
3.72
 50
90.0
  0
INSERT
  5
2E883
330
2A3EE
100
AcDbEntity
  8
0
  6
Continuous
 62
     1
370
    25
100
AcDbBlockReference
  2
_OPEN15
 10
96.77701008725287
 20
375.5635758011208
 30
0.0
 41
3.72
 42
3.72
 43
3.72
 50
270.0
  0
MTEXT
  5
2E884
330
2A3EE
100
AcDbEntity
  8
0
  6
Continuous
 62
     5
370
    35
100
AcDbMText
 10
93.77701008725296
 20
385.0319222578137
 30
0.0
 40
5.0
 41
0.0
 71
     5
 72
     1
  1
\A1;6
 11
0.0000000000000001
 21
1.0
 31
0.0
 73
     1
 44
1.0
1001
ACAD
1000
MTEXTBEGIN
1070
    73
1070
     1
1070
    44
1040
1.0
1070
    74
1070
     0
1000
MTEXTEND
  0
POINT
  5
2E885
330
2A3EE
100
AcDbEntity
  8
Defpoints
  6
Continuous
 62
     0
370
    50
100
AcDbPoint
 10
106.5180678601893
 20
369.5635758011208
 30
0.0
  0
POINT
  5
2E886
330
2A3EE
100
AcDbEntity
  8
Defpoints
  6
Continuous
 62
     0
370
    50
100
AcDbPoint
 10
106.5180678601893
 20
375.5635758011208
 30
0.0
  0
POINT
  5
2E887
330
2A3EE
100
AcDbEntity
  8
Defpoints
  6
Continuous
 62
     0
370
    50
100
AcDbPoint
 10
96.77701008725287
 20
375.5635758011208
 30
0.0
  0
ENDBLK
  5
2A3F0
330
2A3EE
100
AcDbEntity
  8
0
 62
     7
370
    50
100
AcDbBlockEnd
  0
BLOCK
  5
2B4CE
330
2B4CD
100
AcDbEntity
  8
0
 62
     7
370
    50
100
AcDbBlockBegin
  2
*D88
 70
     1
 10
0.0
 20
0.0
 30
0.0
  3
*D88
  1

  0
LINE
  5
2E888
330
2B4CD
100
AcDbEntity
  8
0
  6
Continuous
 62
     1
370
    25
100
AcDbLine
 10
106.5180678601893
 20
419.5635758011208
 30
0.0
 11
95.27701008725276
 21
419.5635758011208
 31
0.0
  0
LINE
  5
2E889
330
2B4CD
100
AcDbEntity
  8
0
  6
Continuous
 62
     1
370
    25
100
AcDbLine
 10
106.5180678601893
 20
425.5635758011209
 30
0.0
 11
95.27701008725276
 21
425.5635758011209
 31
0.0
  0
LINE
  5
2E88A
330
2B4CD
100
AcDbEntity
  8
0
  6
Continuous
 62
     1
370
    25
100
AcDbLine
 10
96.77701008725279
 20
415.8435758011208
 30
0.0
 11
96.77701008725279
 21
412.1235758011208
 31
0.0
  0
LINE
  5
2E88B
330
2B4CD
100
AcDbEntity
  8
0
  6
Continuous
 62
     1
370
    25
100
AcDbLine
 10
96.77701008725279
 20
429.2835758011209
 30
0.0
 11
96.77701008725279
 21
437.0602687145066
 31
0.0
  0
LINE
  5
2E88C
330
2B4CD
100
AcDbEntity
  8
0
  6
Continuous
 62
     1
370
    25
100
AcDbLine
 10
96.77701008725279
 20
419.5635758011208
 30
0.0
 11
96.77701008725279
 21
425.5635758011209
 31
0.0
  0
INSERT
  5
2E88D
330
2B4CD
100
AcDbEntity
  8
0
  6
Continuous
 62
     1
370
    25
100
AcDbBlockReference
  2
_OPEN15
 10
96.77701008725279
 20
419.5635758011208
 30
0.0
 41
3.72
 42
3.72
 43
3.72
 50
90.0
  0
INSERT
  5
2E88E
330
2B4CD
100
AcDbEntity
  8
0
  6
Continuous
 62
     1
370
    25
100
AcDbBlockReference
  2
_OPEN15
 10
96.77701008725279
 20
425.5635758011209
 30
0.0
 41
3.72
 42
3.72
 43
3.72
 50
270.0
  0
MTEXT
  5
2E88F
330
2B4CD
100
AcDbEntity
  8
0
  6
Continuous
 62
     5
370
    35
100
AcDbMText
 10
93.77701008725287
 20
435.0319222578137
 30
0.0
 40
5.0
 41
0.0
 71
     5
 72
     1
  1
\A1;6
 11
0.0000000000000001
 21
1.0
 31
0.0
 73
     1
 44
1.0
1001
ACAD
1000
MTEXTBEGIN
1070
    73
1070
     1
1070
    44
1040
1.0
1070
    74
1070
     0
1000
MTEXTEND
  0
POINT
  5
2E890
330
2B4CD
100
AcDbEntity
  8
Defpoints
  6
Continuous
 62
     0
370
    50
100
AcDbPoint
 10
106.5180678601893
 20
419.5635758011208
 30
0.0
  0
POINT
  5
2E891
330
2B4CD
100
AcDbEntity
  8
Defpoints
  6
Continuous
 62
     0
370
    50
100
AcDbPoint
 10
106.5180678601893
 20
425.5635758011209
 30
0.0
  0
POINT
  5
2E892
330
2B4CD
100
AcDbEntity
  8
Defpoints
  6
Continuous
 62
     0
370
    50
100
AcDbPoint
 10
96.77701008725279
 20
425.5635758011209
 30
0.0
  0
ENDBLK
  5
2B4CF
330
2B4CD
100
AcDbEntity
  8
0
 62
     7
370
    50
100
AcDbBlockEnd
  0
ENDSEC
  0
SECTION
  2
ENTITIES
  0
LWPOLYLINE
  5
18E3
330
2
100
AcDbEntity
  8
0
  6
Continuous
 62
     7
 60
     1
370
    50
100
AcDbPolyline
 90
        5
 70
     1
 43
0.0
 10
581.4334749940256
 20
58.16453811398037
 10
574.7334749940255
 20
50.3645381139803
 10
586.7334749940255
 20
50.3645381139803
 10
586.7334749940255
 20
58.16453811398026
 10
581.4334749940256
 20
51.2645381139804
1001
PHOENIX7010
1002
{
1070
    41
1040
1.0
1002
}
  0
LWPOLYLINE
  5
18E4
330
2
100
AcDbEntity
  8
0
  6
Continuous
 62
     7
 60
     1
370
    50
100
AcDbPolyline
 90
        3
 70
     1
 43
0.0
 10
573.8834749940255
 20
50.3645381139803
 10
573.8834749940255
 20
54.51453811398028
 10
578.0334749940254
 20
54.51453811398028
 42
2.414213562373094
1001
PHOENIX7010
1002
{
1070
    41
1040
1.0
1002
}
  0
ARC
  5
6DBD
102
{ACAD_REACTORS
330
6DF7
102
}
330
2
100
AcDbEntity
  8
0
  6
Continuous
 62
     7
370
    50
100
AcDbCircle
 10
112.5700300750095
 20
474.8635758011206
 30
0.0
 40
3.399999999999999
100
AcDbArc
 50
90.0
 51
190.0000000000051
1001
PHOENIX7010
1002
{
1070
    41
1040
1.0
1002
}
  0
ARC
  5
6DBE
102
{ACAD_REACTORS
330
6DF7
102
}
330
2
100
AcDbEntity
  8
0
  6
Continuous
 62
     7
370
    50
100
AcDbCircle
 10
113.3811341862683
 20
470.2635758011206
 30
0.0
 40
3.399999999999999
100
AcDbArc
 50
190.0000000000051
 51
270.0
1001
PHOENIX7010
1002
{
1070
    41
1040
1.0
1002
}
  0
LINE
  5
6DBF
102
{ACAD_REACTORS
330
6DF7
102
}
330
2
100
AcDbEntity
  8
0
  6
ACAD_ISO04W100
 62
     1
370
    25
100
AcDbLine
 10
102.9180678601892
 20
472.5635758011207
 30
0.0
 11
135.1180678601893
 21
472.5635758011207
 31
0.0
1001
PHOENIX7010
1002
{
1070
    41
1040
1.0
1002
}
  0
LINE
  5
6DC0
102
{ACAD_REACTORS
330
6DEA
330
6DF7
102
}
330
2
100
AcDbEntity
  8
0
  6
Continuous
 62
     1
370
    25
100
AcDbLine
 10
140.0180678601892
 20
530.3425379529174
 30
0.0
 11
140.0180678601892
 21
537.3533721632559
 31
0.0
1001
PHOENIX7010
1002
{
1070
    41
1040
0.5
1002
}
  0
DIMENSION
  5
6DC1
102
{ACAD_REACTORS
330
6DEB
330
6DF7
102
}
330
2
100
AcDbEntity
  8
0
  6
Continuous
 62
     1
370
    35
100
AcDbDimension
  2
*D4
 10
138.6108361510318
 20
522.3617303447822
 30
0.0
 11
154.2808331567469
 21
544.1124169323347
 31
0.0
 70
   162
 71
     5
 42
0.1745329251994203
  3
phoenix
100
AcDb2LineAngularDimension
 13
140.0180678601892
 23
530.3425379529174
 33
0.0
 14
140.0180678601892
 24
537.3533721632559
 34
0.0
 15
140.0180678601892
 25
530.3425379529174
 35
0.0
 16
141.1707970356354
 26
550.1341335546006
 36
0.0
1001
PHOENIX7010
1002
{
1070
    41
1040
0.5
1002
}
1001
ACAD
1000
DSTYLE
1002
{
1070
   173
1070
     1
1070
   140
1040
3.5
1070
   144
1040
0.5
1002
}
  0
DIMENSION
  5
6DC2
102
{ACAD_REACTORS
330
6DF7
102
}
330
2
100
AcDbEntity
  8
0
  6
Continuous
 62
     1
370
    35
100
AcDbDimension
  2
*D5
 10
80.81806786018956
 20
515.7425379529176
 30
0.0
 11
80.24553856083423
 21
536.5177009400761
 31
0.0
 70
   160
 71
     5
 42
3.200000000000045
  3
phoenix
100
AcDbAlignedDimension
 13
94.01806786018926
 23
522.1425379529176
 33
0.0
 14
94.01806786018926
 24
515.7425379529175
 34
0.0
 50
90.0
100
AcDbRotatedDimension
1001
PHOENIX7010
1002
{
1070
    41
1040
0.5
1002
}
1001
ACAD
1000
DSTYLE
1002
{
1070
   144
1040
0.5
1070
   173
1070
     1
1070
   140
1040
3.5
1070
     3
1000
%%c<>
1070
   279
1070
     1
1002
}
  0
DIMENSION
  5
6DC3
102
{ACAD_REACTORS
330
6DEC
330
6DF7
102
}
330
2
100
AcDbEntity
  8
0
  6
Continuous
 62
     7
370
    35
100
AcDbDimension
  2
*D3
 10
140.0180678601892
 20
540.3425379529172
 30
0.0
 11
119.0180678601892
 21
542.5928824411061
 31
0.0
 70
    32
 71
     5
 42
21.0
  3
phoenix
100
AcDbAlignedDimension
 13
98.01806786018927
 23
530.3425379529174
 33
0.0
 14
140.0180678601892
 24
530.3425379529174
 34
0.0
100
AcDbRotatedDimension
1001
PHOENIX7010
1002
{
1070
    41
1040
0.5
1002
}
1001
ACAD
1000
DSTYLE
1002
{
1070
   144
1040
0.5
1070
   173
1070
     1
1070
   140
1040
3.5
1002
}
  0
DIMENSION
  5
6DC4
102
{ACAD_REACTORS
330
6DED
330
6DF7
102
}
330
2
100
AcDbEntity
  8
0
  6
Continuous
 62
     1
370
    35
100
AcDbDimension
  2
*D2
 10
144.0180678601892
 20
490.5425379529176
 30
0.0
 11
119.0180678601892
 21
492.7928824411067
 31
0.0
 70
    32
 71
     5
 42
25.0
  3
phoenix
100
AcDbAlignedDimension
 13
94.01806786018926
 23
513.7425379529174
 33
0.0
 14
144.0180678601892
 24
513.7425379529172
 34
0.0
100
AcDbRotatedDimension
1001
PHOENIX7010
1002
{
1070
    41
1040
0.5
1002
}
1001
ACAD
1000
DSTYLE
1002
{
1070
   144
1040
0.5
1070
   173
1070
     1
1070
   140
1040
3.5
1002
}
  0
DIMENSION
  5
6DC5
102
{ACAD_REACTORS
330
6DF7
102
}
330
2
100
AcDbEntity
  8
0
  6
Continuous
 62
     7
370
    35
100
AcDbDimension
  2
*D6
 10
99.32199228982961
 20
497.5425379529177
 30
0.0
 11
119.018067860189
 21
499.9683838312022
 31
0.0
 70
    32
  1
(19.7)
 71
     5
 42
19.69607557035942
  3
phoenix
100
AcDbAlignedDimension
 13
138.7141434305484
 23
523.5425379529174
 33
0.0
 14
99.32199228982961
 24
523.5425379529174
 34
0.0
100
AcDbRotatedDimension
1001
PHOENIX7010
1002
{
1070
    41
1040
0.5
1002
}
1001
ACAD
1000
DSTYLE
1002
{
1070
   144
1040
0.5
1070
   173
1070
     1
1070
   140
1040
3.5
1002
}
  0
LINE
  5
6DC6
102
{ACAD_REACTORS
330
6DEE
330
6DF7
102
}
330
2
100
AcDbEntity
  8
0
  6
Continuous
 62
     7
370
    50
100
AcDbLine
 10
107.7442005123474
 20
507.5425379529174
 30
0.0
 11
130.2919352080306
 21
507.5425379529174
 31
0.0
1001
PHOENIX7010
1002
{
1070
    62
1070
     7
1070
    41
1040
0.5
1002
}
  0
LINE
  5
6DC7
102
{ACAD_REACTORS
330
6DF7
102
}
330
2
100
AcDbEntity
  8
0
  6
Continuous
 62
     7
370
    50
100
AcDbLine
 10
106.1219922898298
 20
530.3425379529174
 30
0.0
 11
131.9141434305483
 21
530.3425379529174
 31
0.0
1001
PHOENIX7010
1002
{
1070
    62
1070
     7
1070
    41
1040
0.5
1002
}
  0
LINE
  5
6DC8
102
{ACAD_REACTORS
330
6DF7
102
}
330
2
100
AcDbEntity
  8
0
  6
ACAD_ISO04W100
 62
     1
 48
0.9741935483870964
370
    25
100
AcDbLine
 10
88.81806786018922
 20
518.9425379529175
 30
0.0
 11
149.2180678601893
 21
518.9425379529175
 31
0.0
1001
PHOENIX7010
1002
{
1070
    62
1070
     1
1070
    41
1040
0.5
1002
}
  0
CIRCLE
  5
6DC9
102
{ACAD_REACTORS
330
6DF7
102
}
330
2
100
AcDbEntity
  8
0
  6
Continuous
 62
     7
370
    50
100
AcDbCircle
 10
94.01806786018926
 20
518.9425379529175
 30
0.0
 40
3.199999999999988
1001
PHOENIX7010
1002
{
1070
    62
1070
     7
1070
    41
1040
0.5
1002
}
  0
ARC
  5
6DCA
102
{ACAD_REACTORS
330
6DF7
102
}
330
2
100
AcDbEntity
  8
0
  6
Continuous
 62
     7
370
    50
100
AcDbCircle
 10
107.7442005123474
 20
514.3425379529174
 30
0.0
 40
6.799999999999999
100
AcDbArc
 50
190.0000000000068
 51
270.0
1001
PHOENIX7010
1002
{
1070
    62
1070
     7
1070
    41
1040
0.5
1002
}
  0
LINE
  5
6DCB
102
{ACAD_REACTORS
330
6DF7
102
}
330
2
100
AcDbEntity
  8
0
  6
ACAD_ISO04W100
 62
     1
 48
0.4322580645161283
370
    25
100
AcDbLine
 10
119.0180678601892
 20
532.3425379529173
 30
0.0
 11
119.0180678601892
 21
505.5425379529174
 31
0.0
1001
PHOENIX7010
1002
{
1070
    62
1070
     1
1070
    41
1040
0.5
1002
}
  0
LINE
  5
6DCC
102
{ACAD_REACTORS
330
6DF7
102
}
330
2
100
AcDbEntity
  8
0
  6
Continuous
 62
     1
370
    25
100
AcDbLine
 10
98.01806786018927
 20
530.3425379529174
 30
0.0
 11
106.1219922898298
 21
530.3425379529174
 31
0.0
1001
PHOENIX7010
1002
{
1070
    62
1070
     7
1070
    41
1040
0.5
1002
}
  0
ARC
  5
6DCD
102
{ACAD_REACTORS
330
6DF7
102
}
330
2
100
AcDbEntity
  8
0
  6
Continuous
 62
     7
370
    50
100
AcDbCircle
 10
106.1219922898298
 20
523.5425379529174
 30
0.0
 40
6.799999999999999
100
AcDbArc
 50
90.0
 51
190.0000000000068
1001
PHOENIX7010
1002
{
1070
    62
1070
     7
1070
    41
1040
0.5
1002
}
  0
LINE
  5
6DCE
102
{ACAD_REACTORS
330
6DF7
102
}
330
2
100
AcDbEntity
  8
0
  6
Continuous
 62
     1
370
    25
100
AcDbLine
 10
98.01806786018927
 20
530.3425379529174
 30
0.0
 11
99.42529956934675
 21
522.3617303447823
 31
0.0
1001
PHOENIX7010
1002
{
1070
    62
1070
     7
1070
    41
1040
0.5
1002
}
  0
LINE
  5
6DCF
102
{ACAD_REACTORS
330
6DF7
102
}
330
2
100
AcDbEntity
  8
0
  6
Continuous
 62
     7
370
    50
100
AcDbLine
 10
99.42529956934675
 20
522.3617303447823
 30
0.0
 11
101.0475077918644
 21
513.1617303447824
 31
0.0
1001
PHOENIX7010
1002
{
1070
    62
1070
     7
1070
    41
1040
0.5
1002
}
  0
LINE
  5
6DD0
102
{ACAD_REACTORS
330
6DEF
330
6DF7
102
}
330
2
100
AcDbEntity
  8
0
  6
ACAD_ISO04W100
 62
     1
 48
0.1677419354838706
370
    25
100
AcDbLine
 10
94.01806786018926
 20
524.1425379529175
 30
0.0
 11
94.01806786018926
 21
513.7425379529174
 31
0.0
1001
PHOENIX7010
1002
{
1070
    62
1070
     1
1070
    41
1040
0.5
1002
}
  0
DIMENSION
  5
6DD1
102
{ACAD_REACTORS
330
6DF0
330
6DF7
102
}
330
2
100
AcDbEntity
  8
0
  6
Continuous
 62
     1
370
    35
100
AcDbDimension
  2
*D7
 10
157.2180678601899
 20
507.5425379529177
 30
0.0
 11
154.96806786019
 21
518.9425379529175
 31
0.0
 70
    32
 71
     5
 42
11.4
  3
phoenix
100
AcDbAlignedDimension
 13
140.0180678601892
 23
530.3425379529174
 33
0.0
 14
130.2919352080306
 24
507.5425379529174
 34
0.0
 50
90.0
100
AcDbRotatedDimension
1001
PHOENIX7010
1002
{
1070
    41
1040
0.5
1002
}
1001
ACAD
1000
DSTYLE
1002
{
1070
   144
1040
0.5
1070
   173
1070
     1
1070
   140
1040
3.5
1002
}
  0
DIMENSION
  5
6DD2
102
{ACAD_REACTORS
330
6DF1
330
6DF7
102
}
330
2
100
AcDbEntity
  8
0
  6
Continuous
 62
     7
370
    35
100
AcDbDimension
  2
*D8
 10
130.2919352080303
 20
514.3425379529173
 30
0.0
 11
152.5618038262419
 21
495.0934689976413
 31
0.0
 70
   164
 71
     5
 42
3.400000000000062
  3
phoenix$4
100
AcDbRadialDimension
 15
135.4365027582848
 25
509.8958060382556
 35
0.0
 40
0.0
1001
PHOENIX7010
1002
{
1070
    41
1040
0.5
1002
}
1001
ACAD
1000
DSTYLE
1002
{
1070
   279
1070
     1
1070
   144
1040
0.5
1070
   173
1070
     1
1070
   147
1040
0.6
1070
   271
1070
     6
1070
   272
1070
     6
1070
   179
1070
     4
1070
    79
1070
     2
1002
}
  0
ARC
  5
6DD3
102
{ACAD_REACTORS
330
6DF2
330
6DF7
102
}
330
2
100
AcDbEntity
  8
0
  6
Continuous
 62
     7
370
    50
100
AcDbCircle
 10
130.2919352080306
 20
514.3425379529174
 30
0.0
 40
6.799999999999999
100
AcDbArc
 50
270.0
 51
349.9999999999931
1001
PHOENIX7010
1002
{
1070
    62
1070
     7
1070
    41
1040
0.5
1002
}
  0
LINE
  5
6DD4
102
{ACAD_REACTORS
330
6DF7
102
}
330
2
100
AcDbEntity
  8
0
  6
Continuous
 62
     1
370
    25
100
AcDbLine
 10
140.0180678601892
 20
530.3425379529174
 30
0.0
 11
131.9141434305483
 21
530.3425379529174
 31
0.0
1001
PHOENIX7010
1002
{
1070
    41
1040
0.5
1002
}
  0
ARC
  5
6DD5
102
{ACAD_REACTORS
330
6DF7
102
}
330
2
100
AcDbEntity
  8
0
  6
Continuous
 62
     7
370
    50
100
AcDbCircle
 10
131.9141434305483
 20
523.5425379529174
 30
0.0
 40
6.799999999999999
100
AcDbArc
 50
349.9999999999931
 51
90.0
1001
PHOENIX7010
1002
{
1070
    62
1070
     7
1070
    41
1040
0.5
1002
}
  0
LINE
  5
6DD6
102
{ACAD_REACTORS
330
6DF3
330
6DF4
330
6DF7
102
}
330
2
100
AcDbEntity
  8
0
  6
Continuous
 62
     1
370
    25
100
AcDbLine
 10
140.0180678601892
 20
530.3425379529174
 30
0.0
 11
138.6108361510318
 21
522.3617303447822
 31
0.0
1001
PHOENIX7010
1002
{
1070
    41
1040
0.5
1002
}
  0
LINE
  5
6DD7
102
{ACAD_REACTORS
330
6DF7
102
}
330
2
100
AcDbEntity
  8
0
  6
Continuous
 62
     7
370
    50
100
AcDbLine
 10
138.6108361510313
 20
522.3617303447823
 30
0.0
 11
136.9886279285136
 21
513.1617303447824
 31
0.0
1001
PHOENIX7010
1002
{
1070
    62
1070
     7
1070
    41
1040
0.5
1002
}
  0
CIRCLE
  5
6DD8
102
{ACAD_REACTORS
330
6DF7
102
}
330
2
100
AcDbEntity
  8
0
  6
Continuous
 62
     7
370
    50
100
AcDbCircle
 10
144.0180678601892
 20
518.9425379529175
 30
0.0
 40
3.199999999999988
1001
PHOENIX7010
1002
{
1070
    62
1070
     7
1070
    41
1040
0.5
1002
}
  0
LINE
  5
6DD9
102
{ACAD_REACTORS
330
6DF5
330
6DF7
102
}
330
2
100
AcDbEntity
  8
0
  6
ACAD_ISO04W100
 62
     1
 48
0.1677419354838743
370
    25
100
AcDbLine
 10
144.0180678601892
 20
524.1425379529175
 30
0.0
 11
144.0180678601892
 21
513.7425379529172
 31
0.0
1001
PHOENIX7010
1002
{
1070
    62
1070
     1
1070
    41
1040
0.5
1002
}
  0
LINE
  5
6DDA
102
{ACAD_REACTORS
330
6DF7
102
}
330
2
100
AcDbEntity
  8
0
  6
Continuous
 62
     7
370
    50
100
AcDbLine
 10
109.221683714768
 20
474.2731719970532
 30
0.0
 11
110.0327878260268
 21
469.6731719970531
 31
0.0
1001
PHOENIX7010
1002
{
1070
    41
1040
1.0
1002
}
  0
CIRCLE
  5
6DDB
102
{ACAD_REACTORS
330
6DF7
102
}
330
2
100
AcDbEntity
  8
0
  6
Continuous
 62
     7
370
    50
100
AcDbCircle
 10
106.5180678601892
 20
472.5635758011207
 30
0.0
 40
1.599999999999994
1001
PHOENIX7010
1002
{
1070
    41
1040
1.0
1002
}
  0
LINE
  5
6DDC
102
{ACAD_REACTORS
330
6DF7
102
}
330
2
100
AcDbEntity
  8
0
  6
ACAD_ISO04W100
 62
     1
370
    25
100
AcDbLine
 10
106.5180678601892
 20
476.1635758011207
 30
0.0
 11
106.5180678601892
 21
468.9635758011206
 31
0.0
1001
PHOENIX7010
1002
{
1070
    41
1040
1.0
1002
}
  0
LINE
  5
6DDE
102
{ACAD_REACTORS
330
6DF7
102
}
330
2
100
AcDbEntity
  8
0
  6
Continuous
 62
     5
370
    25
100
AcDbLine
 10
139.4439800794429
 20
556.1071183073984
 30
0.0
 11
154.2621880492214
 21
556.1071183073984
 31
0.0
1001
PHOENIX7010
1002
{
1070
    62
1070
     5
1070
    41
1040
0.5
1002
}
  0
TEXT
  5
6DDF
102
{ACAD_REACTORS
330
6DF7
102
}
330
2
100
AcDbEntity
  8
0
  6
Continuous
 62
     5
370
    25
100
AcDbText
 10
140.6881104943644
 20
558.1071183073984
 30
0.0
 40
3.5
  1
M 2:1
 41
1.199999999999999
100
AcDbText
1001
PHOENIX7010
1002
{
1070
    62
1070
     5
1070
    41
1040
0.5
1002
}
  0
LINE
  5
6DE0
102
{ACAD_REACTORS
330
6DF7
102
}
330
2
100
AcDbEntity
  8
0
  6
ACAD_ISO04W100
 62
     1
370
    25
100
AcDbLine
 10
119.0180678601892
 20
480.2635758011206
 30
0.0
 11
119.0180678601892
 21
464.8635758011206
 31
0.0
1001
PHOENIX7010
1002
{
1070
    41
1040
1.0
1002
}
  0
ARC
  5
6DE1
102
{ACAD_REACTORS
330
6DF7
102
}
330
2
100
AcDbEntity
  8
0
  6
Continuous
 62
     7
370
    50
100
AcDbCircle
 10
124.6550015341099
 20
470.2635758011206
 30
0.0
 40
3.399999999999999
100
AcDbArc
 50
270.0
 51
349.9999999999931
1001
PHOENIX7010
1002
{
1070
    41
1040
1.0
1002
}
  0
ARC
  5
6DE2
102
{ACAD_REACTORS
330
6DF7
102
}
330
2
100
AcDbEntity
  8
0
  6
Continuous
 62
     7
370
    50
100
AcDbCircle
 10
125.4661056453687
 20
474.8635758011206
 30
0.0
 40
3.399999999999999
100
AcDbArc
 50
350.0000000000081
 51
90.0
1001
PHOENIX7010
1002
{
1070
    41
1040
1.0
1002
}
  0
LINE
  5
6DE3
102
{ACAD_REACTORS
330
6DF7
102
}
330
2
100
AcDbEntity
  8
0
  6
Continuous
 62
     7
370
    50
100
AcDbLine
 10
112.5700300750095
 20
478.2635758011206
 30
0.0
 11
125.4661056453687
 21
478.2635758011206
 31
0.0
1001
PHOENIX7010
1002
{
1070
    41
1040
1.0
1002
}
  0
LINE
  5
6DE4
102
{ACAD_REACTORS
330
6DF7
102
}
330
2
100
AcDbEntity
  8
0
  6
Continuous
 62
     7
370
    50
100
AcDbLine
 10
113.3811341862683
 20
466.8635758011206
 30
0.0
 11
124.6550015341099
 21
466.8635758011206
 31
0.0
1001
PHOENIX7010
1002
{
1070
    41
1040
1.0
1002
}
  0
LINE
  5
6DE6
102
{ACAD_REACTORS
330
6DF7
102
}
330
2
100
AcDbEntity
  8
0
  6
Continuous
 62
     7
370
    50
100
AcDbLine
 10
128.8144520056103
 20
474.273171997053
 30
0.0
 11
128.0033478943514
 21
469.6731719970531
 31
0.0
1001
PHOENIX7010
1002
{
1070
    41
1040
1.0
1002
}
  0
CIRCLE
  5
6DE7
102
{ACAD_REACTORS
330
6DF7
102
}
330
2
100
AcDbEntity
  8
0
  6
Continuous
 62
     7
370
    50
100
AcDbCircle
 10
131.5180678601892
 20
472.5635758011207
 30
0.0
 40
1.599999999999994
1001
PHOENIX7010
1002
{
1070
    41
1040
1.0
1002
}
  0
LINE
  5
6DE8
102
{ACAD_REACTORS
330
6DF7
102
}
330
2
100
AcDbEntity
  8
0
  6
ACAD_ISO04W100
 62
     1
370
    25
100
AcDbLine
 10
131.5180678601892
 20
476.1635758011205
 30
0.0
 11
131.5180678601892
 21
468.9635758011206
 31
0.0
1001
PHOENIX7010
1002
{
1070
    41
1040
1.0
1002
}
  0
INSERT
  5
6DE9
102
{ACAD_REACTORS
330
6DF7
102
}
330
2
100
AcDbEntity
  8
0
  6
Continuous
 62
     7
370
    50
100
AcDbBlockReference
  2
PH_GRPBLK
 10
112.5700300750095
 20
478.2635758011206
 30
0.0
1001
PHOENIX7010
1002
{
1070
    41
1040
1.0
1002
}
  0
MTEXT
  5
6FDD
102
{ACAD_XDICTIONARY
360
11555
102
}
330
2
100
AcDbEntity
  8
0
  6
Continuous
 62
     1
370
    20
100
AcDbMText
 10
122.1889126825856
 20
565.1077675932332
 30
0.0
 40
3.5
 41
0.0
 71
     7
 72
     5
  1
{\L\C5;Sub-D 9-Polig\P\Q20;9 pin D-sub connector}
 73
     1
 44
1.0
1001
PHOENIX7010
1002
{
1070
    41
1040
0.5
1002
}
1001
ACAD
1000
MTEXTBEGIN
1070
    73
1070
     1
1070
    44
1040
1.0
1070
    74
1070
     0
1000
MTEXTEND
  0
MTEXT
  5
7287
102
{ACAD_XDICTIONARY
360
1155D
102
}
330
2
100
AcDbEntity
  8
0
  6
Continuous
 62
     1
370
    20
100
AcDbMText
 10
225.5629412012819
 20
565.1077675932332
 30
0.0
 40
3.5
 41
0.0
 71
     7
 72
     5
  1
{\L\C5;Sub-D 15-Polig\P\Q20;15 pin D-sub connector}
 73
     1
 44
1.0
1001
PHOENIX7010
1002
{
1070
    41
1040
0.5
1002
}
1001
ACAD
1000
MTEXTBEGIN
1070
    73
1070
     1
1070
    44
1040
1.0
1070
    74
1070
     0
1000
MTEXTEND
  0
DIMENSION
  5
74C7
102
{ACAD_REACTORS
330
74F4
330
7502
102
}
330
2
100
AcDbEntity
  8
0
  6
Continuous
 62
     1
370
    35
100
AcDbDimension
  2
*D14
 10
253.6935405965904
 20
540.3425379529173
 30
0.0
 11
224.2935405965905
 21
542.5928824411063
 31
0.0
 70
    32
 71
     5
 42
29.39999999999998
  3
phoenix
100
AcDbAlignedDimension
 13
194.8935405965904
 23
530.3425379529175
 33
0.0
 14
253.6935405965904
 24
530.3425379529175
 34
0.0
100
AcDbRotatedDimension
1001
PHOENIX7010
1002
{
1070
    41
1040
0.5
1002
}
1001
ACAD
1000
DSTYLE
1002
{
1070
   144
1040
0.5
1070
   173
1070
     1
1070
   140
1040
3.5
1002
}
  0
DIMENSION
  5
74C8
102
{ACAD_REACTORS
330
74F5
330
7502
102
}
330
2
100
AcDbEntity
  8
0
  6
Continuous
 62
     1
370
    35
100
AcDbDimension
  2
*D15
 10
252.2863088874329
 20
522.3617303447823
 30
0.0
 11
267.9737173338477
 21
544.2079849843373
 31
0.0
 70
   162
 71
     5
 42
0.1745329251994123
  3
phoenix
100
AcDb2LineAngularDimension
 13
253.6935405965904
 23
530.3425379529175
 33
0.0
 14
253.6935405965904
 24
536.0925379529175
 34
0.0
 15
253.6935405965904
 25
530.3425379529175
 35
0.0
 16
254.8508623596901
 26
550.2129852394046
 36
0.0
1001
PHOENIX7010
1002
{
1070
    41
1040
0.5
1002
}
1001
ACAD
1000
DSTYLE
1002
{
1070
   173
1070
     1
1070
   140
1040
3.5
1070
   144
1040
0.5
1002
}
  0
LINE
  5
74C9
102
{ACAD_REACTORS
330
74F6
330
7502
102
}
330
2
100
AcDbEntity
  8
0
  6
Continuous
 62
     1
370
    25
100
AcDbLine
 10
253.6935405965904
 20
530.3425379529175
 30
0.0
 11
253.6935405965904
 21
536.0925379529175
 31
0.0
1001
PHOENIX7010
1002
{
1070
    41
1040
0.5
1002
}
  0
ARC
  5
74CA
102
{ACAD_REACTORS
330
7502
102
}
330
2
100
AcDbEntity
  8
0
  6
Continuous
 62
     7
370
    50
100
AcDbCircle
 10
245.5896161669499
 20
523.5425379529175
 30
0.0
 40
6.799999999999999
100
AcDbArc
 50
349.9999999999931
 51
90.0
1001
PHOENIX7010
1002
{
1070
    62
1070
     7
1070
    41
1040
0.5
1002
}
  0
ARC
  5
74CB
102
{ACAD_REACTORS
330
7502
102
}
330
2
100
AcDbEntity
  8
0
  6
Continuous
 62
     7
370
    50
100
AcDbCircle
 10
202.997465026231
 20
523.5425379529175
 30
0.0
 40
6.799999999999999
100
AcDbArc
 50
90.0
 51
190.0000000000051
1001
PHOENIX7010
1002
{
1070
    62
1070
     7
1070
    41
1040
0.5
1002
}
  0
LINE
  5
74CC
102
{ACAD_REACTORS
330
7502
102
}
330
2
100
AcDbEntity
  8
0
  6
ACAD_ISO04W100
 62
     1
 48
0.4322580645161283
370
    25
100
AcDbLine
 10
224.2935405965905
 20
532.3425379529175
 30
0.0
 11
224.2935405965905
 21
505.5425379529175
 31
0.0
1001
PHOENIX7010
1002
{
1070
    62
1070
     1
1070
    41
1040
0.5
1002
}
  0
DIMENSION
  5
74CD
102
{ACAD_REACTORS
330
7502
102
}
330
2
100
AcDbEntity
  8
0
  6
Continuous
 62
     3
370
    25
100
AcDbDimension
  2
*D16
 10
177.7735405965909
 20
522.1425379529176
 30
0.0
 11
174.7731961084021
 21
535.7886619686655
 31
0.0
 70
    32
  1
<>
 71
     5
 42
3.199999999999931
  3
phoenix
100
AcDbAlignedDimension
 13
190.9935405965903
 23
515.7425379529176
 33
0.0
 14
190.9935405965903
 24
522.1425379529174
 34
0.0
 50
90.0
100
AcDbRotatedDimension
1001
PHOENIX7010
1002
{
1070
    41
1040
0.5
1002
}
1001
ACAD
1000
DSTYLE
1002
{
1070
   144
1040
0.5
1070
   140
1040
3.5
1070
   147
1040
1.25
1070
     3
1000
%%c<>
1002
}
  0
DIMENSION
  5
74CE
102
{ACAD_REACTORS
330
7502
102
}
330
2
100
AcDbEntity
  8
0
  6
Continuous
 62
     7
370
    35
100
AcDbDimension
  2
*D17
 10
252.3896161669498
 20
497.5425379529179
 30
0.0
 11
224.2935405965905
 21
499.9675379529178
 31
0.0
 70
    32
  1
(28.1)
 71
     5
 42
28.09607557035941
  3
phoenix
100
AcDbAlignedDimension
 13
196.197465026231
 23
523.5425379529175
 33
0.0
 14
252.3896161669498
 24
523.5425379529175
 34
0.0
100
AcDbRotatedDimension
1001
PHOENIX7010
1002
{
1070
    41
1040
0.5
1002
}
1001
ACAD
1000
DSTYLE
1002
{
1070
   144
1040
0.5
1070
   173
1070
     1
1070
   140
1040
3.5
1002
}
  0
DIMENSION
  5
74CF
102
{ACAD_REACTORS
330
74F7
330
7502
102
}
330
2
100
AcDbEntity
  8
0
  6
Continuous
 62
     1
370
    35
100
AcDbDimension
  2
*D18
 10
257.5935405965905
 20
490.5425379529178
 30
0.0
 11
224.2935405965905
 21
492.7925379529177
 31
0.0
 70
    32
 71
     5
 42
33.30000000000007
  3
phoenix
100
AcDbAlignedDimension
 13
190.9935405965903
 23
513.7425379529175
 33
0.0
 14
257.5935405965905
 24
513.7425379529173
 34
0.0
100
AcDbRotatedDimension
1001
PHOENIX7010
1002
{
1070
    41
1040
0.5
1002
}
1001
ACAD
1000
DSTYLE
1002
{
1070
   144
1040
0.5
1070
   173
1070
     1
1070
   140
1040
3.5
1002
}
  0
LINE
  5
74D0
102
{ACAD_REACTORS
330
7502
102
}
330
2
100
AcDbEntity
  8
0
  6
Continuous
 62
     7
370
    50
100
AcDbLine
 10
202.997465026231
 20
530.3425379529175
 30
0.0
 11
245.5896161669499
 21
530.3425379529175
 31
0.0
1001
PHOENIX7010
1002
{
1070
    62
1070
     7
1070
    41
1040
0.5
1002
}
  0
LINE
  5
74D1
102
{ACAD_REACTORS
330
74F8
330
7502
102
}
330
2
100
AcDbEntity
  8
0
  6
Continuous
 62
     7
370
    50
100
AcDbLine
 10
204.6196732487487
 20
507.5425379529175
 30
0.0
 11
243.9674079444318
 21
507.5425379529175
 31
0.0
1001
PHOENIX7010
1002
{
1070
    62
1070
     7
1070
    41
1040
0.5
1002
}
  0
LINE
  5
74D2
102
{ACAD_REACTORS
330
7502
102
}
330
2
100
AcDbEntity
  8
0
  6
ACAD_ISO04W100
 62
     1
370
    25
100
AcDbLine
 10
185.7935405965905
 20
518.9425379529176
 30
0.0
 11
262.7935405965906
 21
518.9425379529176
 31
0.0
1001
PHOENIX7010
1002
{
1070
    62
1070
     1
1070
    41
1040
0.5
1002
}
  0
CIRCLE
  5
74D3
102
{ACAD_REACTORS
330
7502
102
}
330
2
100
AcDbEntity
  8
0
  6
Continuous
 62
     7
370
    50
100
AcDbCircle
 10
190.9935405965903
 20
518.9425379529176
 30
0.0
 40
3.199999999999988
1001
PHOENIX7010
1002
{
1070
    62
1070
     7
1070
    41
1040
0.5
1002
}
  0
LINE
  5
74D4
102
{ACAD_REACTORS
330
74F9
330
7502
102
}
330
2
100
AcDbEntity
  8
0
  6
Continuous
 62
     1
370
    25
100
AcDbLine
 10
194.8935405965904
 20
530.3425379529175
 30
0.0
 11
202.997465026231
 21
530.3425379529175
 31
0.0
1001
PHOENIX7010
1002
{
1070
    62
1070
     7
1070
    41
1040
0.5
1002
}
  0
ARC
  5
74D5
102
{ACAD_REACTORS
330
7502
102
}
330
2
100
AcDbEntity
  8
0
  6
Continuous
 62
     7
370
    50
100
AcDbCircle
 10
204.6196732487487
 20
514.3425379529174
 30
0.0
 40
6.799999999999999
100
AcDbArc
 50
190.0000000000051
 51
270.0
1001
PHOENIX7010
1002
{
1070
    62
1070
     7
1070
    41
1040
0.5
1002
}
  0
LINE
  5
74D6
102
{ACAD_REACTORS
330
7502
102
}
330
2
100
AcDbEntity
  8
0
  6
Continuous
 62
     1
370
    25
100
AcDbLine
 10
194.8935405965904
 20
530.3425379529175
 30
0.0
 11
196.3007723057479
 21
522.3617303447825
 31
0.0
1001
PHOENIX7010
1002
{
1070
    62
1070
     7
1070
    41
1040
0.5
1002
}
  0
LINE
  5
74D7
102
{ACAD_REACTORS
330
7502
102
}
330
2
100
AcDbEntity
  8
0
  6
Continuous
 62
     7
370
    50
100
AcDbLine
 10
196.3007723057479
 20
522.3617303447825
 30
0.0
 11
197.9229805282656
 21
513.1617303447825
 31
0.0
1001
PHOENIX7010
1002
{
1070
    62
1070
     7
1070
    41
1040
0.5
1002
}
  0
LINE
  5
74D8
102
{ACAD_REACTORS
330
74FA
330
7502
102
}
330
2
100
AcDbEntity
  8
0
  6
ACAD_ISO04W100
 62
     1
 48
0.1677419354838706
370
    25
100
AcDbLine
 10
190.9935405965903
 20
524.1425379529176
 30
0.0
 11
190.9935405965903
 21
513.7425379529175
 31
0.0
1001
PHOENIX7010
1002
{
1070
    62
1070
     1
1070
    41
1040
0.5
1002
}
  0
DIMENSION
  5
74D9
102
{ACAD_REACTORS
330
74FB
330
7502
102
}
330
2
100
AcDbEntity
  8
0
  6
Continuous
 62
     7
370
    35
100
AcDbDimension
  2
*D19
 10
243.9674079444323
 20
514.3425379529174
 30
0.0
 11
263.6001371690428
 21
495.1203532705419
 31
0.0
 70
   164
 71
     5
 42
3.39999999999982
  3
phoenix$4
100
AcDbRadialDimension
 15
248.8262680465183
 25
509.5852825983719
 35
0.0
 40
0.0
1001
PHOENIX7010
1002
{
1070
    41
1040
0.5
1002
}
1001
ACAD
1000
DSTYLE
1002
{
1070
   279
1070
     1
1070
   144
1040
0.5
1070
   173
1070
     1
1070
   147
1040
0.6
1070
   271
1070
     6
1070
   272
1070
     6
1070
   179
1070
     4
1070
    79
1070
     2
1002
}
  0
ARC
  5
74DA
102
{ACAD_REACTORS
330
74FC
330
7502
102
}
330
2
100
AcDbEntity
  8
0
  6
Continuous
 62
     7
370
    50
100
AcDbCircle
 10
243.9674079444318
 20
514.3425379529174
 30
0.0
 40
6.799999999999999
100
AcDbArc
 50
270.0
 51
349.9999999999931
1001
PHOENIX7010
1002
{
1070
    62
1070
     7
1070
    41
1040
0.5
1002
}
  0
DIMENSION
  5
74DB
102
{ACAD_REACTORS
330
74FD
330
7502
102
}
330
2
100
AcDbEntity
  8
0
  6
Continuous
 62
     1
370
    35
100
AcDbDimension
  2
*D13
 10
270.8135405965921
 20
507.5425379529177
 30
0.0
 11
268.5635405965923
 21
518.9425379529176
 31
0.0
 70
    32
 71
     5
 42
11.4
  3
phoenix
100
AcDbAlignedDimension
 13
253.6935405965904
 23
530.3425379529175
 33
0.0
 14
243.9674079444318
 24
507.5425379529175
 34
0.0
 50
90.0
100
AcDbRotatedDimension
1001
PHOENIX7010
1002
{
1070
    41
1040
0.5
1002
}
1001
ACAD
1000
DSTYLE
1002
{
1070
   144
1040
0.5
1070
   173
1070
     1
1070
   140
1040
3.5
1002
}
  0
LINE
  5
74DC
102
{ACAD_REACTORS
330
7502
102
}
330
2
100
AcDbEntity
  8
0
  6
Continuous
 62
     1
370
    25
100
AcDbLine
 10
245.5896161669499
 20
530.3425379529175
 30
0.0
 11
256.4345738595572
 21
530.3425379529175
 31
0.0
1001
PHOENIX7010
1002
{
1070
    62
1070
     7
1070
    41
1040
0.5
1002
}
  0
LINE
  5
74DD
102
{ACAD_REACTORS
330
74FE
330
74FF
330
7502
102
}
330
2
100
AcDbEntity
  8
0
  6
Continuous
 62
     1
370
    25
100
AcDbLine
 10
253.6935405965904
 20
530.3425379529175
 30
0.0
 11
252.2863088874329
 21
522.3617303447823
 31
0.0
1001
PHOENIX7010
1002
{
1070
    62
1070
     7
1070
    41
1040
0.5
1002
}
  0
LINE
  5
74DE
102
{ACAD_REACTORS
330
7502
102
}
330
2
100
AcDbEntity
  8
0
  6
Continuous
 62
     7
370
    50
100
AcDbLine
 10
252.2863088874329
 20
522.3617303447823
 30
0.0
 11
250.6641006649148
 21
513.1617303447823
 31
0.0
1001
PHOENIX7010
1002
{
1070
    62
1070
     7
1070
    41
1040
0.5
1002
}
  0
CIRCLE
  5
74DF
102
{ACAD_REACTORS
330
7502
102
}
330
2
100
AcDbEntity
  8
0
  6
Continuous
 62
     7
370
    50
100
AcDbCircle
 10
257.5935405965905
 20
518.9425379529176
 30
0.0
 40
3.199999999999988
1001
PHOENIX7010
1002
{
1070
    62
1070
     7
1070
    41
1040
0.5
1002
}
  0
LINE
  5
74E0
102
{ACAD_REACTORS
330
7500
330
7502
102
}
330
2
100
AcDbEntity
  8
0
  6
ACAD_ISO04W100
 62
     1
 48
0.1677419354838743
370
    25
100
AcDbLine
 10
257.5935405965905
 20
524.1425379529176
 30
0.0
 11
257.5935405965905
 21
513.7425379529173
 31
0.0
1001
PHOENIX7010
1002
{
1070
    62
1070
     1
1070
    41
1040
0.5
1002
}
  0
LINE
  5
74E4
102
{ACAD_REACTORS
330
7502
102
}
330
2
100
AcDbEntity
  8
0
  6
Continuous
 62
     7
370
    50
100
AcDbLine
 10
213.6455028114108
 20
478.2635758011206
 30
0.0
 11
234.9415783817702
 21
478.2635758011206
 31
0.0
1001
PHOENIX7010
1002
{
1070
    41
1040
1.0
1002
}
  0
LINE
  5
74E5
102
{ACAD_REACTORS
330
7502
102
}
330
2
100
AcDbEntity
  8
0
  6
Continuous
 62
     7
370
    50
100
AcDbLine
 10
214.4566069226696
 20
466.8635758011206
 30
0.0
 11
234.1304742705112
 21
466.8635758011206
 31
0.0
1001
PHOENIX7010
1002
{
1070
    41
1040
1.0
1002
}
  0
LINE
  5
74E6
102
{ACAD_REACTORS
330
7502
102
}
330
2
100
AcDbEntity
  8
0
  6
ACAD_ISO04W100
 62
     1
370
    25
100
AcDbLine
 10
204.0435405965906
 20
472.5635758011207
 30
0.0
 11
244.5435405965906
 21
472.5635758011207
 31
0.0
1001
PHOENIX7010
1002
{
1070
    41
1040
1.0
1002
}
  0
ARC
  5
74E7
102
{ACAD_REACTORS
330
7502
102
}
330
2
100
AcDbEntity
  8
0
  6
Continuous
 62
     7
370
    50
100
AcDbCircle
 10
214.4566069226696
 20
470.2635758011206
 30
0.0
 40
3.399999999999999
100
AcDbArc
 50
190.0000000000051
 51
270.0
1001
PHOENIX7010
1002
{
1070
    41
1040
1.0
1002
}
  0
ARC
  5
74E8
102
{ACAD_REACTORS
330
7502
102
}
330
2
100
AcDbEntity
  8
0
  6
Continuous
 62
     7
370
    50
100
AcDbCircle
 10
213.6455028114108
 20
474.8635758011206
 30
0.0
 40
3.399999999999999
100
AcDbArc
 50
90.0
 51
190.0000000000051
1001
PHOENIX7010
1002
{
1070
    41
1040
1.0
1002
}
  0
LINE
  5
74E9
102
{ACAD_REACTORS
330
7502
102
}
330
2
100
AcDbEntity
  8
0
  6
Continuous
 62
     7
370
    50
100
AcDbLine
 10
210.2971564511693
 20
474.2731719970532
 30
0.0
 11
211.1082605624281
 21
469.6731719970531
 31
0.0
1001
PHOENIX7010
1002
{
1070
    41
1040
1.0
1002
}
  0
LINE
  5
74EA
102
{ACAD_REACTORS
330
7502
102
}
330
2
100
AcDbEntity
  8
0
  6
ACAD_ISO04W100
 62
     1
 48
0.2322580645161305
370
    25
100
AcDbLine
 10
207.6435405965905
 20
476.1635758011207
 30
0.0
 11
207.6435405965905
 21
468.9635758011207
 31
0.0
1001
PHOENIX7010
1002
{
1070
    41
1040
1.0
1002
}
  0
CIRCLE
  5
74EB
102
{ACAD_REACTORS
330
7502
102
}
330
2
100
AcDbEntity
  8
0
  6
Continuous
 62
     7
370
    50
100
AcDbCircle
 10
207.6435405965905
 20
472.5635758011207
 30
0.0
 40
1.599999999999994
1001
PHOENIX7010
1002
{
1070
    41
1040
1.0
1002
}
  0
LINE
  5
74ED
102
{ACAD_REACTORS
330
7502
102
}
330
2
100
AcDbEntity
  8
0
  6
ACAD_ISO04W100
 62
     1
 48
0.4967741935483864
370
    25
100
AcDbLine
 10
224.2935405965905
 20
480.2635758011207
 30
0.0
 11
224.2935405965905
 21
464.8635758011207
 31
0.0
1001
PHOENIX7010
1002
{
1070
    41
1040
1.0
1002
}
  0
CIRCLE
  5
74EE
102
{ACAD_REACTORS
330
7502
102
}
330
2
100
AcDbEntity
  8
0
  6
Continuous
 62
     7
370
    50
100
AcDbCircle
 10
240.9435405965905
 20
472.5635758011207
 30
0.0
 40
1.599999999999994
1001
PHOENIX7010
1002
{
1070
    41
1040
1.0
1002
}
  0
ARC
  5
74EF
102
{ACAD_REACTORS
330
7502
102
}
330
2
100
AcDbEntity
  8
0
  6
Continuous
 62
     7
370
    50
100
AcDbCircle
 10
234.9415783817702
 20
474.8635758011206
 30
0.0
 40
3.399999999999999
100
AcDbArc
 50
349.9999999999931
 51
90.0
1001
PHOENIX7010
1002
{
1070
    41
1040
1.0
1002
}
  0
LINE
  5
74F0
102
{ACAD_REACTORS
330
7502
102
}
330
2
100
AcDbEntity
  8
0
  6
Continuous
 62
     7
370
    50
100
AcDbLine
 10
238.2899247420117
 20
474.2731719970531
 30
0.0
 11
237.4788206307527
 21
469.6731719970531
 31
0.0
1001
PHOENIX7010
1002
{
1070
    41
1040
1.0
1002
}
  0
ARC
  5
74F1
102
{ACAD_REACTORS
330
7502
102
}
330
2
100
AcDbEntity
  8
0
  6
Continuous
 62
     7
370
    50
100
AcDbCircle
 10
234.1304742705112
 20
470.2635758011206
 30
0.0
 40
3.399999999999999
100
AcDbArc
 50
270.0
 51
349.9999999999931
1001
PHOENIX7010
1002
{
1070
    41
1040
1.0
1002
}
  0
LINE
  5
74F2
102
{ACAD_REACTORS
330
7502
102
}
330
2
100
AcDbEntity
  8
0
  6
ACAD_ISO04W100
 62
     1
 48
0.2322580645161268
370
    25
100
AcDbLine
 10
240.9435405965905
 20
476.1635758011206
 30
0.0
 11
240.9435405965905
 21
468.9635758011207
 31
0.0
1001
PHOENIX7010
1002
{
1070
    41
1040
1.0
1002
}
  0
INSERT
  5
74F3
102
{ACAD_REACTORS
330
7502
102
}
330
2
100
AcDbEntity
  8
0
  6
Continuous
 62
     1
370
    35
100
AcDbBlockReference
  2
PH_GRPBLK
 10
253.6935405965904
 20
530.3425379529175
 30
0.0
1001
PHOENIX7010
1002
{
1070
    41
1040
0.5
1002
}
  0
DIMENSION
  5
776F
102
{ACAD_REACTORS
330
77AA
102
}
330
2
100
AcDbEntity
  8
0
  6
Continuous
 62
     1
370
    35
100
AcDbDimension
  2
*D23
 10
390.6412117823217
 20
497.5425379529179
 30
0.0
 11
348.8451362119623
 21
499.9675379529178
 31
0.0
 70
    32
  1
(41.8)
 71
     5
 42
41.79607557035933
  3
phoenix
100
AcDbAlignedDimension
 13
307.049060641603
 23
523.5425379529176
 33
0.0
 14
390.6412117823217
 24
523.5425379529176
 34
0.0
100
AcDbRotatedDimension
1001
PHOENIX7010
1002
{
1070
    41
1040
0.5
1002
}
1001
ACAD
1000
DSTYLE
1002
{
1070
   144
1040
0.5
1070
   173
1070
     1
1070
   140
1040
3.5
1002
}
  0
DIMENSION
  5
7770
102
{ACAD_REACTORS
330
779C
330
77AA
102
}
330
2
100
AcDbEntity
  8
0
  6
Continuous
 62
     1
370
    35
100
AcDbDimension
  2
*D22
 10
301.8451362119626
 20
490.5425379529173
 30
0.0
 11
348.8451362119625
 21
492.7925379529173
 31
0.0
 70
    32
 71
     5
 42
47.0
  3
phoenix
100
AcDbAlignedDimension
 13
395.8451362119626
 23
513.742537952918
 33
0.0
 14
301.8451362119626
 24
513.742537952918
 34
0.0
100
AcDbRotatedDimension
1001
PHOENIX7010
1002
{
1070
    41
1040
0.5
1002
}
1001
ACAD
1000
DSTYLE
1002
{
1070
   144
1040
0.5
1070
   173
1070
     1
1070
   140
1040
3.5
1002
}
  0
DIMENSION
  5
7771
102
{ACAD_REACTORS
330
779D
330
77AA
102
}
330
2
100
AcDbEntity
  8
0
  6
Continuous
 62
     7
370
    35
100
AcDbDimension
  2
*D24
 10
382.2190035598036
 20
514.3425379529178
 30
0.0
 11
405.0409895387115
 21
495.5068440425547
 31
0.0
 70
   164
 71
     5
 42
3.400000000000062
  3
phoenix$4
100
AcDbRadialDimension
 15
387.4634894480982
 25
510.0141008484331
 35
0.0
 40
0.0
1001
PHOENIX7010
1002
{
1070
    41
1040
0.5
1002
}
1001
ACAD
1000
DSTYLE
1002
{
1070
   279
1070
     1
1070
   144
1040
0.5
1070
   173
1070
     1
1070
   147
1040
0.6
1070
   271
1070
     6
1070
   272
1070
     6
1070
   179
1070
     4
1070
    79
1070
     2
1002
}
  0
ARC
  5
7772
102
{ACAD_REACTORS
330
779E
330
77AA
102
}
330
2
100
AcDbEntity
  8
0
  6
Continuous
 62
     7
370
    50
100
AcDbCircle
 10
382.2190035598036
 20
514.3425379529175
 30
0.0
 40
6.799999999999999
100
AcDbArc
 50
270.0
 51
349.9999999999931
1001
PHOENIX7010
1002
{
1070
    62
1070
     7
1070
    41
1040
0.5
1002
}
  0
DIMENSION
  5
7773
102
{ACAD_REACTORS
330
779F
330
77AA
102
}
330
2
100
AcDbEntity
  8
0
  6
Continuous
 62
     1
370
    35
100
AcDbDimension
  2
*D25
 10
409.0851362119654
 20
507.5425379529179
 30
0.0
 11
406.8351362119654
 21
518.9425379529176
 31
0.0
 70
    32
 71
     5
 42
11.39999999999995
  3
phoenix
100
AcDbAlignedDimension
 13
391.9451362119622
 23
530.3425379529175
 33
0.0
 14
382.2190035598036
 24
507.5425379529177
 34
0.0
 50
90.0
100
AcDbRotatedDimension
1001
PHOENIX7010
1002
{
1070
    41
1040
0.5
1002
}
1001
ACAD
1000
DSTYLE
1002
{
1070
   144
1040
0.5
1070
   173
1070
     1
1070
   140
1040
3.5
1002
}
  0
DIMENSION
  5
7774
102
{ACAD_REACTORS
330
77A0
330
77AA
102
}
330
2
100
AcDbEntity
  8
0
  6
Continuous
 62
     1
370
    35
100
AcDbDimension
  2
*D21
 10
390.5379045028045
 20
522.3617303447823
 30
0.0
 11
406.2054297441852
 21
544.0988640997041
 31
0.0
 70
   162
 71
     5
 42
0.174532925199447
  3
phoenix
100
AcDb2LineAngularDimension
 13
391.9451362119622
 23
530.3425379529175
 33
0.0
 14
391.9451362119622
 24
540.5642120226824
 34
0.0
 15
391.9451362119622
 25
530.3425379529175
 35
0.0
 16
393.0972147482553
 26
550.122962511762
 36
0.0
1001
PHOENIX7010
1002
{
1070
    41
1040
0.5
1002
}
1001
ACAD
1000
DSTYLE
1002
{
1070
   173
1070
     1
1070
   140
1040
3.5
1070
   144
1040
0.5
1002
}
  0
DIMENSION
  5
7775
102
{ACAD_REACTORS
330
77A1
330
77AA
102
}
330
2
100
AcDbEntity
  8
0
  6
Continuous
 62
     1
370
    35
100
AcDbDimension
  2
*D20
 10
391.9451362119622
 20
540.3425379529173
 30
0.0
 11
348.8451362119622
 21
542.5925379529173
 31
0.0
 70
    32
 71
     5
 42
43.10000000000002
  3
phoenix
100
AcDbAlignedDimension
 13
305.7451362119622
 23
530.3425379529175
 33
0.0
 14
391.9451362119622
 24
530.3425379529175
 34
0.0
100
AcDbRotatedDimension
1001
PHOENIX7010
1002
{
1070
    41
1040
0.5
1002
}
1001
ACAD
1000
DSTYLE
1002
{
1070
   144
1040
0.5
1070
   173
1070
     1
1070
   140
1040
3.5
1002
}
  0
LINE
  5
7776
102
{ACAD_REACTORS
330
77A2
330
77AA
102
}
330
2
100
AcDbEntity
  8
0
  6
Continuous
 62
     1
370
    25
100
AcDbLine
 10
383.8412117823215
 20
530.3425379529175
 30
0.0
 11
391.9451362119622
 21
530.3425379529175
 31
0.0
1001
PHOENIX7010
1002
{
1070
    62
1070
     7
1070
    41
1040
0.5
1002
}
  0
ARC
  5
7777
102
{ACAD_REACTORS
330
77AA
102
}
330
2
100
AcDbEntity
  8
0
  6
Continuous
 62
     7
370
    50
100
AcDbCircle
 10
383.8412117823215
 20
523.5425379529176
 30
0.0
 40
6.799999999999999
100
AcDbArc
 50
349.9999999999931
 51
90.0
1001
PHOENIX7010
1002
{
1070
    62
1070
     7
1070
    41
1040
0.5
1002
}
  0
LINE
  5
7778
102
{ACAD_REACTORS
330
77AA
102
}
330
2
100
AcDbEntity
  8
0
  6
ACAD_ISO04W100
 62
     1
370
    25
100
AcDbLine
 10
296.6451362119625
 20
518.9425379529175
 30
0.0
 11
401.0451362119625
 21
518.9425379529175
 31
0.0
1001
PHOENIX7010
1002
{
1070
    62
1070
     1
1070
    41
1040
0.5
1002
}
  0
LINE
  5
7779
102
{ACAD_REACTORS
330
77AA
102
}
330
2
100
AcDbEntity
  8
0
  6
ACAD_ISO04W100
 62
     1
 48
0.432258064516132
370
    25
100
AcDbLine
 10
348.8451362119623
 20
532.3425379529176
 30
0.0
 11
348.8451362119623
 21
505.5425379529174
 31
0.0
1001
PHOENIX7010
1002
{
1070
    62
1070
     1
1070
    41
1040
0.5
1002
}
  0
DIMENSION
  5
777A
102
{ACAD_REACTORS
330
77AA
102
}
330
2
100
AcDbEntity
  8
0
  6
Continuous
 62
     1
370
    35
100
AcDbDimension
  2
*D26
 10
288.6451362119626
 20
515.7425379529178
 30
0.0
 11
288.6451362119627
 21
535.9425379529181
 31
0.0
 70
   160
 71
     5
 42
3.199999999999931
  3
phoenix
100
AcDbAlignedDimension
 13
301.8451362119626
 23
522.1425379529174
 33
0.0
 14
301.8451362119626
 24
515.7425379529176
 34
0.0
 50
90.0
100
AcDbRotatedDimension
1001
PHOENIX7010
1002
{
1070
    41
1040
0.5
1002
}
1001
ACAD
1000
DSTYLE
1002
{
1070
   144
1040
0.5
1070
   173
1070
     1
1070
   140
1040
3.5
1070
     3
1000
%%c<>
1002
}
  0
LINE
  5
777B
102
{ACAD_REACTORS
330
77AA
102
}
330
2
100
AcDbEntity
  8
0
  6
Continuous
 62
     7
370
    50
100
AcDbLine
 10
313.8490606416029
 20
530.3425379529175
 30
0.0
 11
383.8412117823215
 21
530.3425379529175
 31
0.0
1001
PHOENIX7010
1002
{
1070
    62
1070
     7
1070
    41
1040
0.5
1002
}
  0
LINE
  5
777C
102
{ACAD_REACTORS
330
77A3
330
77AA
102
}
330
2
100
AcDbEntity
  8
0
  6
Continuous
 62
     7
370
    50
100
AcDbLine
 10
315.4712688641208
 20
507.5425379529174
 30
0.0
 11
382.2190035598036
 21
507.5425379529177
 31
0.0
1001
PHOENIX7010
1002
{
1070
    62
1070
     7
1070
    41
1040
0.5
1002
}
  0
CIRCLE
  5
777D
102
{ACAD_REACTORS
330
77AA
102
}
330
2
100
AcDbEntity
  8
0
  6
Continuous
 62
     7
370
    50
100
AcDbCircle
 10
301.8451362119626
 20
518.9425379529175
 30
0.0
 40
3.199999999999988
1001
PHOENIX7010
1002
{
1070
    62
1070
     7
1070
    41
1040
0.5
1002
}
  0
ARC
  5
777E
102
{ACAD_REACTORS
330
77AA
102
}
330
2
100
AcDbEntity
  8
0
  6
Continuous
 62
     7
370
    50
100
AcDbCircle
 10
315.4712688641208
 20
514.3425379529174
 30
0.0
 40
6.799999999999999
100
AcDbArc
 50
190.0000000000068
 51
270.0
1001
PHOENIX7010
1002
{
1070
    62
1070
     7
1070
    41
1040
0.5
1002
}
  0
LINE
  5
777F
102
{ACAD_REACTORS
330
77AA
102
}
330
2
100
AcDbEntity
  8
0
  6
Continuous
 62
     1
370
    25
100
AcDbLine
 10
305.7451362119622
 20
530.3425379529175
 30
0.0
 11
313.8490606416029
 21
530.3425379529175
 31
0.0
1001
PHOENIX7010
1002
{
1070
    62
1070
     7
1070
    41
1040
0.5
1002
}
  0
ARC
  5
7780
102
{ACAD_REACTORS
330
77AA
102
}
330
2
100
AcDbEntity
  8
0
  6
Continuous
 62
     7
370
    50
100
AcDbCircle
 10
313.8490606416029
 20
523.5425379529176
 30
0.0
 40
6.799999999999999
100
AcDbArc
 50
90.0
 51
190.0000000000068
1001
PHOENIX7010
1002
{
1070
    62
1070
     7
1070
    41
1040
0.5
1002
}
  0
LINE
  5
7781
102
{ACAD_REACTORS
330
77A4
330
77AA
102
}
330
2
100
AcDbEntity
  8
0
  6
Continuous
 62
     1
370
    25
100
AcDbLine
 10
305.7451362119622
 20
530.3425379529175
 30
0.0
 11
307.1523679211199
 21
522.3617303447825
 31
0.0
1001
PHOENIX7010
1002
{
1070
    62
1070
     7
1070
    41
1040
0.5
1002
}
  0
LINE
  5
7782
102
{ACAD_REACTORS
330
77AA
102
}
330
2
100
AcDbEntity
  8
0
  6
Continuous
 62
     7
370
    50
100
AcDbLine
 10
307.1523679211199
 20
522.3617303447825
 30
0.0
 11
308.7745761436378
 21
513.1617303447823
 31
0.0
1001
PHOENIX7010
1002
{
1070
    62
1070
     7
1070
    41
1040
0.5
1002
}
  0
LINE
  5
7783
102
{ACAD_REACTORS
330
77A5
330
77AA
102
}
330
2
100
AcDbEntity
  8
0
  6
ACAD_ISO04W100
 62
     1
 48
0.1677419354838633
370
    25
100
AcDbLine
 10
301.8451362119626
 20
524.1425379529174
 30
0.0
 11
301.8451362119626
 21
513.742537952918
 31
0.0
1001
PHOENIX7010
1002
{
1070
    62
1070
     1
1070
    41
1040
0.5
1002
}
  0
LINE
  5
7787
102
{ACAD_REACTORS
330
77A6
330
77AA
102
}
330
2
100
AcDbEntity
  8
0
  6
Continuous
 62
     1
370
    25
100
AcDbLine
 10
391.9451362119622
 20
530.3425379529175
 30
0.0
 11
391.9451362119622
 21
540.5642120226824
 31
0.0
1001
PHOENIX7010
1002
{
1070
    41
1040
0.5
1002
}
  0
LINE
  5
7788
102
{ACAD_REACTORS
330
77AA
102
}
330
2
100
AcDbEntity
  8
0
  6
Continuous
 62
     7
370
    50
100
AcDbLine
 10
331.3470984267823
 20
478.2635758011207
 30
0.0
 11
366.3431739971417
 21
478.2635758011207
 31
0.0
1001
PHOENIX7010
1002
{
1070
    41
1040
1.0
1002
}
  0
LINE
  5
7789
102
{ACAD_REACTORS
330
77AA
102
}
330
2
100
AcDbEntity
  8
0
  6
Continuous
 62
     7
370
    50
100
AcDbLine
 10
332.1582025380412
 20
466.8635758011206
 30
0.0
 11
365.5320698858826
 21
466.8635758011207
 31
0.0
1001
PHOENIX7010
1002
{
1070
    41
1040
1.0
1002
}
  0
LINE
  5
778B
102
{ACAD_REACTORS
330
77AA
102
}
330
2
100
AcDbEntity
  8
0
  6
ACAD_ISO04W100
 62
     1
370
    25
100
AcDbLine
 10
321.7451362119622
 20
472.5635758011207
 30
0.0
 11
375.9451362119622
 21
472.5635758011207
 31
0.0
1001
PHOENIX7010
1002
{
1070
    41
1040
1.0
1002
}
  0
LINE
  5
778C
102
{ACAD_REACTORS
330
77A7
330
77AA
102
}
330
2
100
AcDbEntity
  8
0
  6
Continuous
 62
     1
370
    25
100
AcDbLine
 10
391.9451362119622
 20
530.3425379529175
 30
0.0
 11
390.5379045028045
 21
522.3617303447823
 31
0.0
1001
PHOENIX7010
1002
{
1070
    62
1070
     7
1070
    41
1040
0.5
1002
}
  0
LINE
  5
778D
102
{ACAD_REACTORS
330
77AA
102
}
330
2
100
AcDbEntity
  8
0
  6
Continuous
 62
     7
370
    50
100
AcDbLine
 10
390.5379045028045
 20
522.3617303447823
 30
0.0
 11
388.9156962802866
 21
513.1617303447824
 31
0.0
1001
PHOENIX7010
1002
{
1070
    62
1070
     7
1070
    41
1040
0.5
1002
}
  0
LINE
  5
778E
102
{ACAD_REACTORS
330
77A8
330
77AA
102
}
330
2
100
AcDbEntity
  8
0
  6
ACAD_ISO04W100
 62
     1
 48
0.1677419354838633
370
    25
100
AcDbLine
 10
395.8451362119626
 20
524.1425379529174
 30
0.0
 11
395.8451362119626
 21
513.742537952918
 31
0.0
1001
PHOENIX7010
1002
{
1070
    62
1070
     1
1070
    41
1040
0.5
1002
}
  0
CIRCLE
  5
778F
102
{ACAD_REACTORS
330
77AA
102
}
330
2
100
AcDbEntity
  8
0
  6
Continuous
 62
     7
370
    50
100
AcDbCircle
 10
395.8451362119626
 20
518.9425379529175
 30
0.0
 40
3.199999999999988
1001
PHOENIX7010
1002
{
1070
    62
1070
     7
1070
    41
1040
0.5
1002
}
  0
ARC
  5
7790
102
{ACAD_REACTORS
330
77AA
102
}
330
2
100
AcDbEntity
  8
0
  6
Continuous
 62
     7
370
    50
100
AcDbCircle
 10
332.1582025380412
 20
470.2635758011206
 30
0.0
 40
3.399999999999999
100
AcDbArc
 50
190.0000000000051
 51
270.0
1001
PHOENIX7010
1002
{
1070
    41
1040
1.0
1002
}
  0
ARC
  5
7791
102
{ACAD_REACTORS
330
77AA
102
}
330
2
100
AcDbEntity
  8
0
  6
Continuous
 62
     7
370
    50
100
AcDbCircle
 10
331.3470984267823
 20
474.8635758011207
 30
0.0
 40
3.399999999999999
100
AcDbArc
 50
90.0
 51
190.0000000000051
1001
PHOENIX7010
1002
{
1070
    41
1040
1.0
1002
}
  0
LINE
  5
7792
102
{ACAD_REACTORS
330
77AA
102
}
330
2
100
AcDbEntity
  8
0
  6
Continuous
 62
     7
370
    50
100
AcDbLine
 10
327.9987520665408
 20
474.2731719970532
 30
0.0
 11
328.8098561777997
 21
469.6731719970531
 31
0.0
1001
PHOENIX7010
1002
{
1070
    41
1040
1.0
1002
}
  0
CIRCLE
  5
7793
102
{ACAD_REACTORS
330
77AA
102
}
330
2
100
AcDbEntity
  8
0
  6
Continuous
 62
     7
370
    50
100
AcDbCircle
 10
325.3451362119621
 20
472.5635758011207
 30
0.0
 40
1.599999999999994
1001
PHOENIX7010
1002
{
1070
    41
1040
1.0
1002
}
  0
LINE
  5
7794
102
{ACAD_REACTORS
330
77AA
102
}
330
2
100
AcDbEntity
  8
0
  6
ACAD_ISO04W100
 62
     1
 48
0.2322580645161305
370
    25
100
AcDbLine
 10
325.3451362119621
 20
476.1635758011208
 30
0.0
 11
325.3451362119621
 21
468.9635758011207
 31
0.0
1001
PHOENIX7010
1002
{
1070
    41
1040
1.0
1002
}
  0
LINE
  5
7795
102
{ACAD_REACTORS
330
77AA
102
}
330
2
100
AcDbEntity
  8
0
  6
ACAD_ISO04W100
 62
     1
370
    25
100
AcDbLine
 10
348.8451362119621
 20
480.2635758011207
 30
0.0
 11
348.8451362119621
 21
464.8635758011206
 31
0.0
1001
PHOENIX7010
1002
{
1070
    41
1040
1.0
1002
}
  0
ARC
  5
7796
102
{ACAD_REACTORS
330
77AA
102
}
330
2
100
AcDbEntity
  8
0
  6
Continuous
 62
     7
370
    50
100
AcDbCircle
 10
366.3431739971417
 20
474.8635758011207
 30
0.0
 40
3.399999999999999
100
AcDbArc
 50
349.9999999999948
 51
90.0
1001
PHOENIX7010
1002
{
1070
    41
1040
1.0
1002
}
  0
LINE
  5
7797
102
{ACAD_REACTORS
330
77AA
102
}
330
2
100
AcDbEntity
  8
0
  6
Continuous
 62
     7
370
    50
100
AcDbLine
 10
369.6915203573832
 20
474.2731719970532
 30
0.0
 11
368.8804162461241
 21
469.6731719970531
 31
0.0
1001
PHOENIX7010
1002
{
1070
    41
1040
1.0
1002
}
  0
ARC
  5
7798
102
{ACAD_REACTORS
330
77AA
102
}
330
2
100
AcDbEntity
  8
0
  6
Continuous
 62
     7
370
    50
100
AcDbCircle
 10
365.5320698858826
 20
470.2635758011207
 30
0.0
 40
3.399999999999999
100
AcDbArc
 50
270.0
 51
349.9999999999948
1001
PHOENIX7010
1002
{
1070
    41
1040
1.0
1002
}
  0
CIRCLE
  5
7799
102
{ACAD_REACTORS
330
77AA
102
}
330
2
100
AcDbEntity
  8
0
  6
Continuous
 62
     7
370
    50
100
AcDbCircle
 10
372.3451362119621
 20
472.5635758011207
 30
0.0
 40
1.599999999999994
1001
PHOENIX7010
1002
{
1070
    41
1040
1.0
1002
}
  0
LINE
  5
779A
102
{ACAD_REACTORS
330
77AA
102
}
330
2
100
AcDbEntity
  8
0
  6
ACAD_ISO04W100
 62
     1
 48
0.2322580645161305
370
    25
100
AcDbLine
 10
372.3451362119621
 20
476.1635758011208
 30
0.0
 11
372.3451362119621
 21
468.9635758011207
 31
0.0
1001
PHOENIX7010
1002
{
1070
    41
1040
1.0
1002
}
  0
INSERT
  5
779B
102
{ACAD_REACTORS
330
77AA
102
}
330
2
100
AcDbEntity
  8
0
  6
Continuous
 62
     1
370
    35
100
AcDbBlockReference
  2
PH_GRPBLK
 10
382.2190035598036
 20
507.5425379529177
 30
0.0
1001
PHOENIX7010
1002
{
1070
    41
1040
0.5
1002
}
  0
LINE
  5
7C81
102
{ACAD_REACTORS
330
7CBC
102
}
330
2
100
AcDbEntity
  8
0
  6
Continuous
 62
     7
370
    50
100
AcDbLine
 10
490.58185233615
 20
478.2635758011206
 30
0.0
 11
542.0779279065097
 21
478.2635758011206
 31
0.0
1001
PHOENIX7010
1002
{
1070
    41
1040
1.0
1002
}
  0
LINE
  5
7C82
102
{ACAD_REACTORS
330
7CBC
102
}
330
2
100
AcDbEntity
  8
0
  6
Continuous
 62
     7
370
    50
100
AcDbLine
 10
491.3929564474086
 20
466.8635758011205
 30
0.0
 11
541.2668237952516
 21
466.8635758011205
 31
0.0
1001
PHOENIX7010
1002
{
1070
    41
1040
1.0
1002
}
  0
LINE
  5
7C84
102
{ACAD_REACTORS
330
7CBC
102
}
330
2
100
AcDbEntity
  8
0
  6
ACAD_ISO04W100
 62
     1
370
    25
100
AcDbLine
 10
480.9798901213297
 20
472.5635758011207
 30
0.0
 11
551.7298901213298
 21
472.5635758011206
 31
0.0
1001
PHOENIX7010
1002
{
1070
    41
1040
1.0
1002
}
  0
DIMENSION
  5
7C85
102
{ACAD_REACTORS
330
7CB8
330
7CBC
102
}
330
2
100
AcDbEntity
  8
0
  6
Continuous
 62
     7
370
    35
100
AcDbDimension
  2
*D28
 10
575.9548901213297
 20
540.3425379529172
 30
0.0
 11
516.3548901213298
 21
542.5925379529172
 31
0.0
 70
    32
 71
     5
 42
59.59999999999997
  3
phoenix
100
AcDbAlignedDimension
 13
456.7548901213298
 23
530.3425379529175
 33
0.0
 14
575.9548901213297
 24
530.3425379529175
 34
0.0
100
AcDbRotatedDimension
1001
PHOENIX7010
1002
{
1070
    41
1040
0.5
1002
}
1001
ACAD
1000
DSTYLE
1002
{
1070
   144
1040
0.5
1070
   173
1070
     1
1070
   140
1040
3.5
1002
}
  0
DIMENSION
  5
7C86
102
{ACAD_REACTORS
330
7CB9
330
7CBC
102
}
330
2
100
AcDbEntity
  8
0
  6
Continuous
 62
     1
370
    35
100
AcDbDimension
  2
*D29
 10
574.5476584121734
 20
522.361730344783
 30
0.0
 11
589.8643412858537
 21
542.2153219191467
 31
0.0
 70
   162
 71
     5
 42
0.1745329251992667
  3
phoenix
100
AcDb2LineAngularDimension
 13
575.9548901213297
 23
530.3425379529175
 33
0.0
 14
575.9548901213297
 24
534.6713106888377
 34
0.0
 15
575.9548901213297
 25
530.3425379529175
 35
0.0
 16
577.0182187267454
 26
548.5991850460703
 36
0.0
1001
PHOENIX7010
1002
{
1070
    41
1040
0.5
1002
}
1001
ACAD
1000
DSTYLE
1002
{
1070
   173
1070
     1
1070
   140
1040
3.5
1070
   144
1040
0.5
1002
}
  0
DIMENSION
  5
7C87
102
{ACAD_REACTORS
330
7CBC
102
}
330
2
100
AcDbEntity
  8
0
  6
Continuous
 62
     7
370
    35
100
AcDbDimension
  2
*D30
 10
439.5352745538882
 20
515.7425379529178
 30
0.0
 11
439.5352745538883
 21
535.1386619686657
 31
0.0
 70
   160
 71
     5
 42
3.200000000000045
  3
phoenix
100
AcDbAlignedDimension
 13
452.8548901213299
 23
522.1425379529176
 33
0.0
 14
452.8548901213299
 24
515.7425379529176
 34
0.0
 50
90.0
100
AcDbRotatedDimension
1001
PHOENIX7010
1002
{
1070
    41
1040
0.5
1002
}
1001
ACAD
1000
DSTYLE
1002
{
1070
   144
1040
0.5
1070
   173
1070
     1
1070
   140
1040
3.5
1070
     3
1000
%%c<>
1002
}
  0
DIMENSION
  5
7C88
102
{ACAD_REACTORS
330
7CBA
330
7CBC
102
}
330
2
100
AcDbEntity
  8
0
  6
Continuous
 62
     7
370
    35
100
AcDbDimension
  2
*D31
 10
579.85489012133
 20
490.5425379529175
 30
0.0
 11
516.35489012133
 21
492.7925379529175
 31
0.0
 70
    32
 71
     5
 42
63.50000000000005
  3
phoenix
100
AcDbAlignedDimension
 13
452.8548901213299
 23
513.6538425347222
 33
0.0
 14
579.85489012133
 24
513.7425379529173
 34
0.0
100
AcDbRotatedDimension
1001
PHOENIX7010
1002
{
1070
    41
1040
0.5
1002
}
1001
ACAD
1000
DSTYLE
1002
{
1070
   144
1040
0.5
1070
   173
1070
     1
1070
   140
1040
3.5
1002
}
  0
DIMENSION
  5
7C89
102
{ACAD_REACTORS
330
7CBC
102
}
330
2
100
AcDbEntity
  8
0
  6
Continuous
 62
     7
370
    35
100
AcDbDimension
  2
*D32
 10
574.6509656916903
 20
497.5425379529177
 30
0.0
 11
516.3548901213302
 21
499.9675379529177
 31
0.0
 70
    32
  1
(58.3)
 71
     5
 42
58.29607557035996
  3
phoenix
100
AcDbAlignedDimension
 13
458.0588145509704
 23
523.5425379529174
 33
0.0
 14
574.6509656916903
 24
523.5425379529174
 34
0.0
100
AcDbRotatedDimension
1001
PHOENIX7010
1002
{
1070
    41
1040
0.5
1002
}
1001
ACAD
1000
DSTYLE
1002
{
1070
   144
1040
0.5
1070
   173
1070
     1
1070
   140
1040
3.5
1002
}
  0
LINE
  5
7C8A
102
{ACAD_REACTORS
330
7CBC
102
}
330
2
100
AcDbEntity
  8
0
  6
Continuous
 62
     7
370
    50
100
AcDbLine
 10
464.8588145509704
 20
530.3425379529175
 30
0.0
 11
567.8509656916904
 21
530.3425379529175
 31
0.0
1001
PHOENIX7010
1002
{
1070
    62
1070
     7
1070
    41
1040
0.5
1002
}
  0
LINE
  5
7C8B
102
{ACAD_REACTORS
330
7CAE
330
7CBC
102
}
330
2
100
AcDbEntity
  8
0
  6
Continuous
 62
     7
370
    50
100
AcDbLine
 10
466.4810227734882
 20
507.5425379529175
 30
0.0
 11
566.2287574691734
 21
507.5425379529175
 31
0.0
1001
PHOENIX7010
1002
{
1070
    62
1070
     7
1070
    41
1040
0.5
1002
}
  0
LINE
  5
7C8C
102
{ACAD_REACTORS
330
7CBC
102
}
330
2
100
AcDbEntity
  8
0
  6
ACAD_ISO04W100
 62
     1
370
    25
100
AcDbLine
 10
447.6548901213298
 20
518.9425379529176
 30
0.0
 11
585.15489012133
 21
518.9425379529174
 31
0.0
1001
PHOENIX7010
1002
{
1070
    62
1070
     1
1070
    41
1040
0.5
1002
}
  0
LINE
  5
7C8D
102
{ACAD_REACTORS
330
7CBC
102
}
330
2
100
AcDbEntity
  8
0
  6
Continuous
 62
     1
370
    25
100
AcDbLine
 10
456.7548901213298
 20
530.3425379529175
 30
0.0
 11
464.8588145509704
 21
530.3425379529175
 31
0.0
1001
PHOENIX7010
1002
{
1070
    62
1070
     7
1070
    41
1040
0.5
1002
}
  0
ARC
  5
7C8E
102
{ACAD_REACTORS
330
7CBC
102
}
330
2
100
AcDbEntity
  8
0
  6
Continuous
 62
     7
370
    50
100
AcDbCircle
 10
466.4810227734882
 20
514.3425379529174
 30
0.0
 40
6.799999999999999
100
AcDbArc
 50
190.0000000000068
 51
270.0
1001
PHOENIX7010
1002
{
1070
    62
1070
     7
1070
    41
1040
0.5
1002
}
  0
ARC
  5
7C8F
102
{ACAD_REACTORS
330
7CBC
102
}
330
2
100
AcDbEntity
  8
0
  6
Continuous
 62
     7
370
    50
100
AcDbCircle
 10
464.8588145509704
 20
523.5425379529174
 30
0.0
 40
6.799999999999999
100
AcDbArc
 50
90.0
 51
190.0000000000068
1001
PHOENIX7010
1002
{
1070
    62
1070
     7
1070
    41
1040
0.5
1002
}
  0
LINE
  5
7C90
102
{ACAD_REACTORS
330
7CAF
330
7CBC
102
}
330
2
100
AcDbEntity
  8
0
  6
Continuous
 62
     1
370
    25
100
AcDbLine
 10
456.7548901213298
 20
530.3425379529175
 30
0.0
 11
458.1621218304873
 21
522.3617303447823
 31
0.0
1001
PHOENIX7010
1002
{
1070
    62
1070
     7
1070
    41
1040
0.5
1002
}
  0
LINE
  5
7C91
102
{ACAD_REACTORS
330
7CBC
102
}
330
2
100
AcDbEntity
  8
0
  6
Continuous
 62
     7
370
    50
100
AcDbLine
 10
458.1621218304873
 20
522.3617303447823
 30
0.0
 11
459.7843300530051
 21
513.1617303447824
 31
0.0
1001
PHOENIX7010
1002
{
1070
    62
1070
     7
1070
    41
1040
0.5
1002
}
  0
LINE
  5
7C92
102
{ACAD_REACTORS
330
7CB0
330
7CBC
102
}
330
2
100
AcDbEntity
  8
0
  6
ACAD_ISO04W100
 62
     1
 48
0.169172506745086
370
    25
100
AcDbLine
 10
452.8548901213299
 20
524.1425379529176
 30
0.0
 11
452.8548901213299
 21
513.6538425347222
 31
0.0
1001
PHOENIX7010
1002
{
1070
    62
1070
     1
1070
    41
1040
0.5
1002
}
  0
CIRCLE
  5
7C93
102
{ACAD_REACTORS
330
7CBC
102
}
330
2
100
AcDbEntity
  8
0
  6
Continuous
 62
     7
370
    50
100
AcDbCircle
 10
452.8548901213299
 20
518.9425379529176
 30
0.0
 40
3.199999999999988
1001
PHOENIX7010
1002
{
1070
    62
1070
     7
1070
    41
1040
0.5
1002
}
  0
LINE
  5
7C94
102
{ACAD_REACTORS
330
7CBC
102
}
330
2
100
AcDbEntity
  8
0
  6
ACAD_ISO04W100
 62
     1
 48
0.4322580645161284
370
    25
100
AcDbLine
 10
516.3548901213297
 20
532.3425379529175
 30
0.0
 11
516.3548901213297
 21
505.5425379529175
 31
0.0
1001
PHOENIX7010
1002
{
1070
    62
1070
     1
1070
    41
1040
0.5
1002
}
  0
DIMENSION
  5
7C95
102
{ACAD_REACTORS
330
7CB1
330
7CBC
102
}
330
2
100
AcDbEntity
  8
0
  6
Continuous
 62
     7
370
    35
100
AcDbDimension
  2
*D33
 10
566.2287574691738
 20
514.3425379529177
 30
0.0
 11
584.2523031935053
 21
497.3835363184493
 31
0.0
 70
   164
 71
     5
 42
3.399999999999891
  3
phoenix$4
100
AcDbRadialDimension
 15
571.1811119243783
 25
509.682689741869
 35
0.0
 40
0.0
1001
PHOENIX7010
1002
{
1070
    41
1040
0.5
1002
}
1001
ACAD
1000
DSTYLE
1002
{
1070
   279
1070
     1
1070
   144
1040
0.5
1070
   173
1070
     1
1070
   147
1040
0.6
1070
   271
1070
     6
1070
   272
1070
     6
1070
   179
1070
     4
1070
    79
1070
     2
1002
}
  0
DIMENSION
  5
7C96
102
{ACAD_REACTORS
330
7CB2
330
7CBC
102
}
330
2
100
AcDbEntity
  8
0
  6
Continuous
 62
     7
370
    35
100
AcDbDimension
  2
*D27
 10
593.4516694362776
 20
507.5425379529177
 30
0.0
 11
591.2016694362775
 21
518.9425379529175
 31
0.0
 70
    32
 71
     5
 42
11.39999999999997
  3
phoenix
100
AcDbAlignedDimension
 13
575.9548901213297
 23
530.3425379529175
 33
0.0
 14
566.2287574691734
 24
507.5425379529175
 34
0.0
 50
90.0
100
AcDbRotatedDimension
1001
PHOENIX7010
1002
{
1070
    41
1040
0.5
1002
}
1001
ACAD
1000
DSTYLE
1002
{
1070
   144
1040
0.5
1070
   173
1070
     1
1070
   140
1040
3.5
1002
}
  0
CIRCLE
  5
7C97
102
{ACAD_REACTORS
330
7CBC
102
}
330
2
100
AcDbEntity
  8
0
  6
Continuous
 62
     7
370
    50
100
AcDbCircle
 10
579.85489012133
 20
518.9425379529174
 30
0.0
 40
3.199999999999988
1001
PHOENIX7010
1002
{
1070
    62
1070
     7
1070
    41
1040
0.5
1002
}
  0
ARC
  5
7C98
102
{ACAD_REACTORS
330
7CB3
330
7CBC
102
}
330
2
100
AcDbEntity
  8
0
  6
Continuous
 62
     7
370
    50
100
AcDbCircle
 10
566.2287574691734
 20
514.3425379529174
 30
0.0
 40
6.799999999999999
100
AcDbArc
 50
270.0
 51
350.0000000000081
1001
PHOENIX7010
1002
{
1070
    62
1070
     7
1070
    41
1040
0.5
1002
}
  0
LINE
  5
7C99
102
{ACAD_REACTORS
330
7CB4
330
7CBC
102
}
330
2
100
AcDbEntity
  8
0
  6
Continuous
 62
     1
370
    25
100
AcDbLine
 10
575.9548901213297
 20
530.3425379529175
 30
0.0
 11
574.5476584121734
 21
522.361730344783
 31
0.0
1001
PHOENIX7010
1002
{
1070
    62
1070
     7
1070
    41
1040
0.5
1002
}
  0
ARC
  5
7C9A
102
{ACAD_REACTORS
330
7CBC
102
}
330
2
100
AcDbEntity
  8
0
  6
Continuous
 62
     7
370
    50
100
AcDbCircle
 10
567.8509656916904
 20
523.5425379529175
 30
0.0
 40
6.799999999999999
100
AcDbArc
 50
350.0000000000081
 51
90.0
1001
PHOENIX7010
1002
{
1070
    62
1070
     7
1070
    41
1040
0.5
1002
}
  0
LINE
  5
7C9B
102
{ACAD_REACTORS
330
7CB5
330
7CBC
102
}
330
2
100
AcDbEntity
  8
0
  6
Continuous
 62
     1
370
    25
100
AcDbLine
 10
567.8509656916904
 20
530.3425379529175
 30
0.0
 11
575.9548901213297
 21
530.3425379529175
 31
0.0
1001
PHOENIX7010
1002
{
1070
    62
1070
     7
1070
    41
1040
0.5
1002
}
  0
LINE
  5
7C9C
102
{ACAD_REACTORS
330
7CB6
330
7CBC
102
}
330
2
100
AcDbEntity
  8
0
  6
Continuous
 62
     1
370
    25
100
AcDbLine
 10
575.9548901213297
 20
530.3425379529175
 30
0.0
 11
575.9548901213297
 21
534.6713106888377
 31
0.0
1001
PHOENIX7010
1002
{
1070
    41
1040
0.5
1002
}
  0
LINE
  5
7C9D
102
{ACAD_REACTORS
330
7CBC
102
}
330
2
100
AcDbEntity
  8
0
  6
Continuous
 62
     7
370
    50
100
AcDbLine
 10
574.5476584121734
 20
522.3617303447831
 30
0.0
 11
572.9254501896567
 21
513.1617303447832
 31
0.0
1001
PHOENIX7010
1002
{
1070
    62
1070
     7
1070
    41
1040
0.5
1002
}
  0
LINE
  5
7C9E
102
{ACAD_REACTORS
330
7CB7
330
7CBC
102
}
330
2
100
AcDbEntity
  8
0
  6
ACAD_ISO04W100
 62
     1
 48
0.1677419354838706
370
    25
100
AcDbLine
 10
579.85489012133
 20
524.1425379529174
 30
0.0
 11
579.85489012133
 21
513.7425379529173
 31
0.0
1001
PHOENIX7010
1002
{
1070
    62
1070
     1
1070
    41
1040
0.5
1002
}
  0
ARC
  5
7C9F
102
{ACAD_REACTORS
330
7CBC
102
}
330
2
100
AcDbEntity
  8
0
  6
Continuous
 62
     7
370
    50
100
AcDbCircle
 10
490.58185233615
 20
474.8635758011205
 30
0.0
 40
3.399999999999999
100
AcDbArc
 50
90.0
 51
190.0000000000051
1001
PHOENIX7010
1002
{
1070
    41
1040
1.0
1002
}
  0
LINE
  5
7CA0
102
{ACAD_REACTORS
330
7CBC
102
}
330
2
100
AcDbEntity
  8
0
  6
Continuous
 62
     7
370
    50
100
AcDbLine
 10
487.2335059759085
 20
474.2731719970532
 30
0.0
 11
488.0446100871671
 21
469.673171997053
 31
0.0
1001
PHOENIX7010
1002
{
1070
    41
1040
1.0
1002
}
  0
ARC
  5
7CA1
102
{ACAD_REACTORS
330
7CBC
102
}
330
2
100
AcDbEntity
  8
0
  6
Continuous
 62
     7
370
    50
100
AcDbCircle
 10
491.3929564474086
 20
470.2635758011206
 30
0.0
 40
3.399999999999999
100
AcDbArc
 50
190.0000000000051
 51
270.0
1001
PHOENIX7010
1002
{
1070
    41
1040
1.0
1002
}
  0
CIRCLE
  5
7CA2
102
{ACAD_REACTORS
330
7CBC
102
}
330
2
100
AcDbEntity
  8
0
  6
Continuous
 62
     7
370
    50
100
AcDbCircle
 10
484.5798901213296
 20
472.5635758011207
 30
0.0
 40
1.599999999999994
1001
PHOENIX7010
1002
{
1070
    41
1040
1.0
1002
}
  0
LINE
  5
7CA3
102
{ACAD_REACTORS
330
7CBC
102
}
330
2
100
AcDbEntity
  8
0
  6
ACAD_ISO04W100
 62
     1
370
    25
100
AcDbLine
 10
484.5798901213296
 20
476.1635758011207
 30
0.0
 11
484.5798901213296
 21
468.9635758011207
 31
0.0
1001
PHOENIX7010
1002
{
1070
    41
1040
1.0
1002
}
  0
ARC
  5
7CA7
102
{ACAD_REACTORS
330
7CBC
102
}
330
2
100
AcDbEntity
  8
0
  6
Continuous
 62
     7
370
    50
100
AcDbCircle
 10
541.2668237952516
 20
470.2635758011206
 30
0.0
 40
3.399999999999999
100
AcDbArc
 50
270.0
 51
350.0000000000081
1001
PHOENIX7010
1002
{
1070
    41
1040
1.0
1002
}
  0
LINE
  5
7CA8
102
{ACAD_REACTORS
330
7CBC
102
}
330
2
100
AcDbEntity
  8
0
  6
ACAD_ISO04W100
 62
     1
370
    25
100
AcDbLine
 10
516.3298901213296
 20
480.2635758011207
 30
0.0
 11
516.3298901213296
 21
464.8635758011207
 31
0.0
1001
PHOENIX7010
1002
{
1070
    41
1040
1.0
1002
}
  0
LINE
  5
7CA9
102
{ACAD_REACTORS
330
7CBC
102
}
330
2
100
AcDbEntity
  8
0
  6
Continuous
 62
     7
370
    50
100
AcDbLine
 10
545.4262742667515
 20
474.2731719970534
 30
0.0
 11
544.6151701554931
 21
469.6731719970535
 31
0.0
1001
PHOENIX7010
1002
{
1070
    41
1040
1.0
1002
}
  0
ARC
  5
7CAA
102
{ACAD_REACTORS
330
7CBC
102
}
330
2
100
AcDbEntity
  8
0
  6
Continuous
 62
     7
370
    50
100
AcDbCircle
 10
542.0779279065097
 20
474.8635758011205
 30
0.0
 40
3.399999999999999
100
AcDbArc
 50
350.0000000000081
 51
90.0
1001
PHOENIX7010
1002
{
1070
    41
1040
1.0
1002
}
  0
CIRCLE
  5
7CAB
102
{ACAD_REACTORS
330
7CBC
102
}
330
2
100
AcDbEntity
  8
0
  6
Continuous
 62
     7
370
    50
100
AcDbCircle
 10
548.0798901213297
 20
472.5635758011206
 30
0.0
 40
1.599999999999994
1001
PHOENIX7010
1002
{
1070
    41
1040
1.0
1002
}
  0
LINE
  5
7CAC
102
{ACAD_REACTORS
330
7CBC
102
}
330
2
100
AcDbEntity
  8
0
  6
ACAD_ISO04W100
 62
     1
370
    25
100
AcDbLine
 10
548.0798901213297
 20
476.1635758011206
 30
0.0
 11
548.0798901213297
 21
468.9635758011205
 31
0.0
1001
PHOENIX7010
1002
{
1070
    41
1040
1.0
1002
}
  0
INSERT
  5
7CAD
102
{ACAD_REACTORS
330
7CBC
102
}
330
2
100
AcDbEntity
  8
0
  6
Continuous
 62
     7
370
    25
100
AcDbBlockReference
  2
PH_GRPBLK
 10
490.58185233615
 20
478.2635758011206
 30
0.0
1001
PHOENIX7010
1002
{
1070
    41
1040
1.0
1002
}
  0
DIMENSION
  5
7F3D
102
{ACAD_REACTORS
330
7F69
330
7F77
102
}
330
2
100
AcDbEntity
  8
0
  6
Continuous
 62
     7
370
    35
100
AcDbDimension
  2
*D34
 10
754.869199437398
 20
487.8425379529174
 30
0.0
 11
693.7691994373981
 21
490.0925379529174
 31
0.0
 70
    32
 71
     5
 42
61.09999999999991
  3
phoenix
100
AcDbAlignedDimension
 13
632.6691994373982
 23
513.7425379529177
 33
0.0
 14
754.869199437398
 24
513.7425379529174
 34
0.0
100
AcDbRotatedDimension
1001
PHOENIX7010
1002
{
1070
    41
1040
0.5
1002
}
1001
ACAD
1000
DSTYLE
1002
{
1070
   144
1040
0.5
1070
   173
1070
     1
1070
   140
1040
3.5
1002
}
  0
DIMENSION
  5
7F3E
102
{ACAD_REACTORS
330
7F77
102
}
330
2
100
AcDbEntity
  8
0
  6
Continuous
 62
     7
370
    35
100
AcDbDimension
  2
*D39
 10
749.3652750077576
 20
494.8425379529176
 30
0.0
 11
693.7691994373982
 21
497.2675379529176
 31
0.0
 70
    32
  1
(55.6)
 71
     5
 42
55.5960755703594
  3
phoenix
100
AcDbAlignedDimension
 13
638.1731238670388
 23
526.2425379529174
 33
0.0
 14
749.3652750077576
 24
526.2425379529174
 34
0.0
100
AcDbRotatedDimension
1001
PHOENIX7010
1002
{
1070
    41
1040
0.5
1002
}
1001
ACAD
1000
DSTYLE
1002
{
1070
   144
1040
0.5
1070
   173
1070
     1
1070
   140
1040
3.5
1002
}
  0
DIMENSION
  5
7F3F
102
{ACAD_REACTORS
330
7F6A
330
7F77
102
}
330
2
100
AcDbEntity
  8
0
  6
Continuous
 62
     7
370
    35
100
AcDbDimension
  2
*D35
 10
750.6691994373982
 20
543.0425379529172
 30
0.0
 11
693.7691994373982
 21
545.2925379529172
 31
0.0
 70
    32
 71
     5
 42
56.89999999999997
  3
phoenix
100
AcDbAlignedDimension
 13
636.8691994373982
 23
533.0425379529175
 33
0.0
 14
750.6691994373982
 24
533.0425379529174
 34
0.0
100
AcDbRotatedDimension
1001
PHOENIX7010
1002
{
1070
    41
1040
0.5
1002
}
1001
ACAD
1000
DSTYLE
1002
{
1070
   144
1040
0.5
1070
   173
1070
     1
1070
   140
1040
3.5
1002
}
  0
LINE
  5
7F40
102
{ACAD_REACTORS
330
7F77
102
}
330
2
100
AcDbEntity
  8
0
  6
Continuous
 62
     7
370
    50
100
AcDbLine
 10
644.9731238670388
 20
533.0425379529175
 30
0.0
 11
742.5652750077574
 21
533.0425379529174
 31
0.0
1001
PHOENIX7010
1002
{
1070
    62
1070
     7
1070
    41
1040
0.5
1002
}
  0
LINE
  5
7F41
102
{ACAD_REACTORS
330
7F6B
330
7F77
102
}
330
2
100
AcDbEntity
  8
0
  6
Continuous
 62
     7
370
    50
100
AcDbLine
 10
647.5474977853823
 20
504.8425379529175
 30
0.0
 11
739.9909010894143
 21
504.8425379529175
 31
0.0
1001
PHOENIX7010
1002
{
1070
    62
1070
     7
1070
    41
1040
0.5
1002
}
  0
LINE
  5
7F42
102
{ACAD_REACTORS
330
7F77
102
}
330
2
100
AcDbEntity
  8
0
  6
ACAD_ISO04W100
 62
     1
370
    25
100
AcDbLine
 10
627.4691994373982
 20
518.942537952917
 30
0.0
 11
760.1691994373984
 21
518.9425379529171
 31
0.0
1001
PHOENIX7010
1002
{
1070
    62
1070
     1
1070
    41
1040
0.5
1002
}
  0
DIMENSION
  5
7F43
102
{ACAD_REACTORS
330
7F77
102
}
330
2
100
AcDbEntity
  8
0
  6
Continuous
 62
     7
370
    35
100
AcDbDimension
  2
*D40
 10
619.4691994373983
 20
515.7425379529172
 30
0.0
 11
619.4691994373983
 21
535.1386619686651
 31
0.0
 70
   160
 71
     5
 42
3.200000000000045
  3
phoenix
100
AcDbAlignedDimension
 13
632.6691994373982
 23
522.1425379529171
 33
0.0
 14
632.6691994373982
 24
515.742537952917
 34
0.0
 50
90.0
100
AcDbRotatedDimension
1001
PHOENIX7010
1002
{
1070
    41
1040
0.5
1002
}
1001
ACAD
1000
DSTYLE
1002
{
1070
   144
1040
0.5
1070
   173
1070
     1
1070
   140
1040
3.5
1070
     3
1000
%%c<>
1002
}
  0
LINE
  5
7F44
102
{ACAD_REACTORS
330
7F77
102
}
330
2
100
AcDbEntity
  8
0
  6
ACAD_ISO04W100
 62
     1
 48
0.5193548387096764
370
    25
100
AcDbLine
 10
693.7691994373984
 20
535.0425379529174
 30
0.0
 11
693.7691994373981
 21
502.8425379529176
 31
0.0
1001
PHOENIX7010
1002
{
1070
    62
1070
     1
1070
    41
1040
0.5
1002
}
  0
LINE
  5
7F45
102
{ACAD_REACTORS
330
7F77
102
}
330
2
100
AcDbEntity
  8
0
  6
Continuous
 62
     7
370
    50
100
AcDbLine
 10
670.7083486113904
 20
465.5135758011208
 30
0.0
 11
716.9300502634062
 21
465.5135758011208
 31
0.0
1001
PHOENIX7010
1002
{
1070
    41
1040
1.0
1002
}
  0
LINE
  5
7F46
102
{ACAD_REACTORS
330
7F77
102
}
330
2
100
AcDbEntity
  8
0
  6
Continuous
 62
     7
370
    50
100
AcDbLine
 10
669.4211616522186
 20
479.6135758011208
 30
0.0
 11
718.2172372225779
 21
479.6135758011208
 31
0.0
1001
PHOENIX7010
1002
{
1070
    41
1040
1.0
1002
}
  0
LINE
  5
7F47
102
{ACAD_REACTORS
330
7F77
102
}
330
2
100
AcDbEntity
  8
0
  6
ACAD_ISO04W100
 62
     1
370
    25
100
AcDbLine
 10
659.6691994373984
 20
472.5635758011207
 30
0.0
 11
728.0191994373983
 21
472.5635758011207
 31
0.0
1001
PHOENIX7010
1002
{
1070
    41
1040
1.0
1002
}
  0
ARC
  5
7F48
102
{ACAD_REACTORS
330
7F77
102
}
330
2
100
AcDbEntity
  8
0
  6
Continuous
 62
     7
370
    50
100
AcDbCircle
 10
670.7083486113904
 20
468.9135758011208
 30
0.0
 40
3.399999999999999
100
AcDbArc
 50
190.0000000000068
 51
270.0
1001
PHOENIX7010
1002
{
1070
    41
1040
1.0
1002
}
  0
LINE
  5
7F49
102
{ACAD_REACTORS
330
7F77
102
}
330
2
100
AcDbEntity
  8
0
  6
Continuous
 62
     7
370
    50
100
AcDbLine
 10
666.0728152919771
 20
475.6231719970533
 30
0.0
 11
667.3600022511489
 21
468.3231719970532
 31
0.0
1001
PHOENIX7010
1002
{
1070
    41
1040
1.0
1002
}
  0
ARC
  5
7F4A
102
{ACAD_REACTORS
330
7F77
102
}
330
2
100
AcDbEntity
  8
0
  6
Continuous
 62
     7
370
    50
100
AcDbCircle
 10
669.4211616522186
 20
476.2135758011209
 30
0.0
 40
3.399999999999999
100
AcDbArc
 50
90.0
 51
190.0000000000068
1001
PHOENIX7010
1002
{
1070
    41
1040
1.0
1002
}
  0
CIRCLE
  5
7F4B
102
{ACAD_REACTORS
330
7F77
102
}
330
2
100
AcDbEntity
  8
0
  6
Continuous
 62
     7
370
    50
100
AcDbCircle
 10
663.2691994373983
 20
472.5635758011207
 30
0.0
 40
1.599999999999994
1001
PHOENIX7010
1002
{
1070
    41
1040
1.0
1002
}
  0
LINE
  5
7F4C
102
{ACAD_REACTORS
330
7F77
102
}
330
2
100
AcDbEntity
  8
0
  6
ACAD_ISO04W100
 62
     1
 48
0.1596774193548393
370
    25
100
AcDbLine
 10
663.2691994373983
 20
477.5135758011207
 30
0.0
 11
663.2691994373983
 21
467.6135758011207
 31
0.0
1001
PHOENIX7010
1002
{
1070
    41
1040
1.0
1002
}
  0
ARC
  5
7F4D
102
{ACAD_REACTORS
330
7F77
102
}
330
2
100
AcDbEntity
  8
0
  6
Continuous
 62
     7
370
    50
100
AcDbCircle
 10
647.5474977853823
 20
511.6425379529174
 30
0.0
 40
6.799999999999999
100
AcDbArc
 50
190.0000000000068
 51
270.0
1001
PHOENIX7010
1002
{
1070
    62
1070
     7
1070
    41
1040
0.5
1002
}
  0
LINE
  5
7F4E
102
{ACAD_REACTORS
330
7F6C
330
7F77
102
}
330
2
100
AcDbEntity
  8
0
  6
ACAD_ISO04W100
 62
     1
 48
0.1677419354838614
370
    25
100
AcDbLine
 10
632.6691994373982
 20
524.1425379529171
 30
0.0
 11
632.6691994373982
 21
513.7425379529177
 31
0.0
1001
PHOENIX7010
1002
{
1070
    62
1070
     1
1070
    41
1040
0.5
1002
}
  0
CIRCLE
  5
7F4F
102
{ACAD_REACTORS
330
7F77
102
}
330
2
100
AcDbEntity
  8
0
  6
Continuous
 62
     7
370
    50
100
AcDbCircle
 10
632.6691994373982
 20
518.942537952917
 30
0.0
 40
3.199999999999988
1001
PHOENIX7010
1002
{
1070
    62
1070
     7
1070
    41
1040
0.5
1002
}
  0
LINE
  5
7F50
102
{ACAD_REACTORS
330
7F6D
330
7F77
102
}
330
2
100
AcDbEntity
  8
0
  6
Continuous
 62
     1
370
    25
100
AcDbLine
 10
636.8691994373982
 20
533.0425379529175
 30
0.0
 11
638.2764311465559
 21
525.0617303447825
 31
0.0
1001
PHOENIX7010
1002
{
1070
    62
1070
     7
1070
    41
1040
0.5
1002
}
  0
LINE
  5
7F51
102
{ACAD_REACTORS
330
7F77
102
}
330
2
100
AcDbEntity
  8
0
  6
Continuous
 62
     1
370
    25
100
AcDbLine
 10
636.8691994373982
 20
533.0425379529175
 30
0.0
 11
644.9731238670388
 21
533.0425379529175
 31
0.0
1001
PHOENIX7010
1002
{
1070
    62
1070
     7
1070
    41
1040
0.5
1002
}
  0
LINE
  5
7F52
102
{ACAD_REACTORS
330
7F77
102
}
330
2
100
AcDbEntity
  8
0
  6
Continuous
 62
     7
370
    50
100
AcDbLine
 10
638.2764311465557
 20
525.0617303447824
 30
0.0
 11
640.8508050648992
 21
510.4617303447823
 31
0.0
1001
PHOENIX7010
1002
{
1070
    62
1070
     7
1070
    41
1040
0.5
1002
}
  0
ARC
  5
7F53
102
{ACAD_REACTORS
330
7F77
102
}
330
2
100
AcDbEntity
  8
0
  6
Continuous
 62
     7
370
    50
100
AcDbCircle
 10
644.9731238670388
 20
526.2425379529174
 30
0.0
 40
6.799999999999999
100
AcDbArc
 50
90.0
 51
190.0000000000068
1001
PHOENIX7010
1002
{
1070
    62
1070
     7
1070
    41
1040
0.5
1002
}
  0
LINE
  5
7F54
102
{ACAD_REACTORS
330
7F77
102
}
330
2
100
AcDbEntity
  8
0
  6
ACAD_ISO04W100
 62
     1
 48
0.2919354838709681
370
    25
100
AcDbLine
 10
693.8191994373982
 20
481.6135758011208
 30
0.0
 11
693.8191994373982
 21
463.5135758011208
 31
0.0
1001
PHOENIX7010
1002
{
1070
    41
1040
1.0
1002
}
  0
ARC
  5
7F55
102
{ACAD_REACTORS
330
7F77
102
}
330
2
100
AcDbEntity
  8
0
  6
Continuous
 62
     7
370
    50
100
AcDbCircle
 10
716.9300502634062
 20
468.9135758011208
 30
0.0
 40
3.399999999999999
100
AcDbArc
 50
270.0
 51
349.9999999999931
1001
PHOENIX7010
1002
{
1070
    41
1040
1.0
1002
}
  0
ARC
  5
7F56
102
{ACAD_REACTORS
330
7F77
102
}
330
2
100
AcDbEntity
  8
0
  6
Continuous
 62
     7
370
    50
100
AcDbCircle
 10
718.2172372225779
 20
476.2135758011208
 30
0.0
 40
3.399999999999999
100
AcDbArc
 50
349.9999999999931
 51
90.0
1001
PHOENIX7010
1002
{
1070
    41
1040
1.0
1002
}
  0
LINE
  5
7F57
102
{ACAD_REACTORS
330
7F77
102
}
330
2
100
AcDbEntity
  8
0
  6
Continuous
 62
     7
370
    50
100
AcDbLine
 10
721.5655835828195
 20
475.6231719970531
 30
0.0
 11
720.2783966236477
 21
468.3231719970532
 31
0.0
1001
PHOENIX7010
1002
{
1070
    41
1040
1.0
1002
}
  0
CIRCLE
  5
7F58
102
{ACAD_REACTORS
330
7F77
102
}
330
2
100
AcDbEntity
  8
0
  6
Continuous
 62
     7
370
    50
100
AcDbCircle
 10
724.3691994373982
 20
472.5635758011207
 30
0.0
 40
1.599999999999994
1001
PHOENIX7010
1002
{
1070
    41
1040
1.0
1002
}
  0
LINE
  5
7F59
102
{ACAD_REACTORS
330
7F77
102
}
330
2
100
AcDbEntity
  8
0
  6
ACAD_ISO04W100
 62
     1
 48
0.1596774193548393
370
    25
100
AcDbLine
 10
724.3691994373985
 20
477.5135758011207
 30
0.0
 11
724.3691994373982
 21
467.6135758011207
 31
0.0
1001
PHOENIX7010
1002
{
1070
    41
1040
1.0
1002
}
  0
DIMENSION
  5
7F5D
102
{ACAD_REACTORS
330
7F6E
330
7F77
102
}
330
2
100
AcDbEntity
  8
0
  6
Continuous
 62
     1
370
    35
100
AcDbDimension
  2
*D36
 10
749.261967728241
 20
525.0617303447823
 30
0.0
 11
764.7203406256549
 21
545.6658095032686
 31
0.0
 70
   162
 71
     5
 42
0.1745329251993715
  3
phoenix
100
AcDb2LineAngularDimension
 13
750.6691994373982
 23
533.0425379529174
 33
0.0
 14
750.6691994373982
 24
537.7176888434383
 34
0.0
 15
750.6691994373982
 25
533.0425379529174
 35
0.0
 16
751.7674774595455
 26
551.8992433574226
 36
0.0
1001
PHOENIX7010
1002
{
1070
    41
1040
0.5
1002
}
1001
ACAD
1000
DSTYLE
1002
{
1070
   173
1070
     1
1070
   140
1040
3.5
1070
   144
1040
0.5
1002
}
  0
LINE
  5
7F5E
102
{ACAD_REACTORS
330
7F6F
330
7F77
102
}
330
2
100
AcDbEntity
  8
0
  6
Continuous
 62
     1
370
    25
100
AcDbLine
 10
750.6691994373982
 20
533.0425379529174
 30
0.0
 11
750.6691994373982
 21
537.7176888434383
 31
0.0
1001
PHOENIX7010
1002
{
1070
    41
1040
0.5
1002
}
  0
DIMENSION
  5
7F5F
102
{ACAD_REACTORS
330
7F70
330
7F77
102
}
330
2
100
AcDbEntity
  8
0
  6
Continuous
 62
     7
370
    35
100
AcDbDimension
  2
*D37
 10
768.069199437404
 20
504.8425379529176
 30
0.0
 11
765.8191994374038
 21
518.9425379529174
 31
0.0
 70
    32
 71
     5
 42
14.09999999999999
  3
phoenix
100
AcDbAlignedDimension
 13
750.6691994373982
 23
533.0425379529174
 33
0.0
 14
739.9909010894143
 24
504.8425379529175
 34
0.0
 50
90.0
100
AcDbRotatedDimension
1001
PHOENIX7010
1002
{
1070
    41
1040
0.5
1002
}
1001
ACAD
1000
DSTYLE
1002
{
1070
   144
1040
0.5
1070
   173
1070
     1
1070
   140
1040
3.5
1002
}
  0
DIMENSION
  5
7F60
102
{ACAD_REACTORS
330
7F71
330
7F77
102
}
330
2
100
AcDbEntity
  8
0
  6
Continuous
 62
     7
370
    35
100
AcDbDimension
  2
*D38
 10
739.9909010894149
 20
511.6425379529174
 30
0.0
 11
762.2027840991839
 21
494.2648443528263
 31
0.0
 70
   164
 71
     5
 42
3.399999999999721
  3
phoenix$4
100
AcDbRadialDimension
 15
745.3465809187084
 25
507.4524671222402
 35
0.0
 40
0.0
1001
PHOENIX7010
1002
{
1070
    41
1040
0.5
1002
}
1001
ACAD
1000
DSTYLE
1002
{
1070
   279
1070
     1
1070
   144
1040
0.5
1070
   173
1070
     1
1070
   147
1040
0.6
1070
   271
1070
     6
1070
   272
1070
     6
1070
   179
1070
     4
1070
    79
1070
     2
1002
}
  0
ARC
  5
7F61
102
{ACAD_REACTORS
330
7F72
330
7F77
102
}
330
2
100
AcDbEntity
  8
0
  6
Continuous
 62
     7
370
    50
100
AcDbCircle
 10
739.9909010894143
 20
511.6425379529174
 30
0.0
 40
6.799999999999999
100
AcDbArc
 50
270.0
 51
349.9999999999931
1001
PHOENIX7010
1002
{
1070
    62
1070
     7
1070
    41
1040
0.5
1002
}
  0
LINE
  5
7F62
102
{ACAD_REACTORS
330
7F73
330
7F77
102
}
330
2
100
AcDbEntity
  8
0
  6
ACAD_ISO04W100
 62
     1
 48
0.1677419354838651
370
    25
100
AcDbLine
 10
754.8691994373987
 20
524.1425379529171
 30
0.0
 11
754.869199437398
 21
513.7425379529174
 31
0.0
1001
PHOENIX7010
1002
{
1070
    62
1070
     1
1070
    41
1040
0.5
1002
}
  0
LINE
  5
7F63
102
{ACAD_REACTORS
330
7F74
330
7F75
330
7F77
102
}
330
2
100
AcDbEntity
  8
0
  6
Continuous
 62
     1
370
    25
100
AcDbLine
 10
750.6691994373982
 20
533.0425379529174
 30
0.0
 11
749.261967728241
 21
525.0617303447823
 31
0.0
1001
PHOENIX7010
1002
{
1070
    62
1070
     7
1070
    41
1040
0.5
1002
}
  0
LINE
  5
7F64
102
{ACAD_REACTORS
330
7F77
102
}
330
2
100
AcDbEntity
  8
0
  6
Continuous
 62
     1
370
    25
100
AcDbLine
 10
742.5652750077574
 20
533.0425379529174
 30
0.0
 11
750.6691994373982
 21
533.0425379529174
 31
0.0
1001
PHOENIX7010
1002
{
1070
    62
1070
     7
1070
    41
1040
0.5
1002
}
  0
ARC
  5
7F65
102
{ACAD_REACTORS
330
7F77
102
}
330
2
100
AcDbEntity
  8
0
  6
Continuous
 62
     7
370
    50
100
AcDbCircle
 10
742.5652750077574
 20
526.2425379529174
 30
0.0
 40
6.799999999999999
100
AcDbArc
 50
349.9999999999931
 51
90.0
1001
PHOENIX7010
1002
{
1070
    62
1070
     7
1070
    41
1040
0.5
1002
}
  0
LINE
  5
7F66
102
{ACAD_REACTORS
330
7F77
102
}
330
2
100
AcDbEntity
  8
0
  6
Continuous
 62
     7
370
    50
100
AcDbLine
 10
749.2619677282405
 20
525.0617303447824
 30
0.0
 11
746.6875938098974
 21
510.4617303447823
 31
0.0
1001
PHOENIX7010
1002
{
1070
    62
1070
     7
1070
    41
1040
0.5
1002
}
  0
CIRCLE
  5
7F67
102
{ACAD_REACTORS
330
7F77
102
}
330
2
100
AcDbEntity
  8
0
  6
Continuous
 62
     7
370
    50
100
AcDbCircle
 10
754.8691994373982
 20
518.9425379529171
 30
0.0
 40
3.199999999999988
1001
PHOENIX7010
1002
{
1070
    62
1070
     7
1070
    41
1040
0.5
1002
}
  0
INSERT
  5
7F68
102
{ACAD_REACTORS
330
7F77
102
}
330
2
100
AcDbEntity
  8
0
  6
Continuous
 62
     7
370
    35
100
AcDbBlockReference
  2
PH_GRPBLK
 10
644.9731238670388
 20
533.0425379529175
 30
0.0
1001
PHOENIX7010
1002
{
1070
    41
1040
0.5
1002
}
  0
MTEXT
  5
8603
102
{ACAD_XDICTIONARY
360
1155F
102
}
330
2
100
AcDbEntity
  8
0
  6
Continuous
 62
     1
370
    20
100
AcDbMText
 10
351.3278501943509
 20
565.1077675932332
 30
0.0
 40
3.5
 41
0.0
 71
     7
 72
     5
  1
{\L\C5;Sub-D 25-Polig\P\Q20;25 pin D-sub connector}
 73
     1
 44
1.0
1001
PHOENIX7010
1002
{
1070
    41
1040
0.5
1002
}
1001
ACAD
1000
MTEXTBEGIN
1070
    73
1070
     1
1070
    44
1040
1.0
1070
    74
1070
     0
1000
MTEXTEND
  0
MTEXT
  5
89C9
102
{ACAD_XDICTIONARY
360
11561
102
}
330
2
100
AcDbEntity
  8
0
  6
Continuous
 62
     1
370
    20
100
AcDbMText
 10
516.7962660301273
 20
565.1077675932332
 30
0.0
 40
3.5
 41
0.0
 71
     7
 72
     5
  1
{\L\C5;Sub-D 37-Polig\P\Q20;37 pin D-sub connector}
 73
     1
 44
1.0
1001
PHOENIX7010
1002
{
1070
    41
1040
0.5
1002
}
1001
ACAD
1000
MTEXTBEGIN
1070
    73
1070
     1
1070
    44
1040
1.0
1070
    74
1070
     0
1000
MTEXTEND
  0
MTEXT
  5
8DFA
102
{ACAD_XDICTIONARY
360
11563
102
}
330
2
100
AcDbEntity
  8
0
  6
Continuous
 62
     1
370
    20
100
AcDbMText
 10
692.6061643131843
 20
565.1077675932332
 30
0.0
 40
3.5
 41
0.0
 71
     7
 72
     5
  1
{\L\C5;Sub-D 50-Polig\P\Q20;50 pin D-sub connector}
 73
     1
 44
1.0
1001
PHOENIX7010
1002
{
1070
    41
1040
0.5
1002
}
1001
ACAD
1000
MTEXTBEGIN
1070
    73
1070
     1
1070
    44
1040
1.0
1070
    74
1070
     0
1000
MTEXTEND
  0
TEXT
  5
11FA5
330
2
100
AcDbEntity
  8
0
  6
Continuous
 62
     5
370
    25
100
AcDbText
 10
232.6655066060528
 20
547.0353231330649
 30
0.0
 40
3.5
  1
M 2:1
 41
1.199999999999999
100
AcDbText
1001
PHOENIX7010
1002
{
1070
    62
1070
     5
1070
    41
1040
0.5
1002
}
  0
LINE
  5
11FA6
330
2
100
AcDbEntity
  8
0
  6
Continuous
 62
     5
370
    25
100
AcDbLine
 10
231.4213761911313
 20
545.0353231330649
 30
0.0
 11
246.2395841609098
 21
545.0353231330649
 31
0.0
1001
PHOENIX7010
1002
{
1070
    62
1070
     5
1070
    41
1040
0.5
1002
}
  0
TEXT
  5
1207D
330
2
100
AcDbEntity
  8
0
  6
Continuous
 62
     5
370
    25
100
AcDbText
 10
365.5747553386408
 20
546.7071183073985
 30
0.0
 40
3.5
  1
M 2:1
 41
1.199999999999999
100
AcDbText
1001
PHOENIX7010
1002
{
1070
    62
1070
     5
1070
    41
1040
0.5
1002
}
  0
LINE
  5
1207E
330
2
100
AcDbEntity
  8
0
  6
Continuous
 62
     5
370
    25
100
AcDbLine
 10
364.3306249237193
 20
544.7071183073985
 30
0.0
 11
379.1488328934978
 21
544.7071183073985
 31
0.0
1001
PHOENIX7010
1002
{
1070
    62
1070
     5
1070
    41
1040
0.5
1002
}
  0
TEXT
  5
12145
330
2
100
AcDbEntity
  8
0
  6
Continuous
 62
     5
370
    25
100
AcDbText
 10
533.1345092480084
 20
546.7071183073985
 30
0.0
 40
3.5
  1
M 2:1
 41
1.199999999999999
100
AcDbText
1001
PHOENIX7010
1002
{
1070
    62
1070
     5
1070
    41
1040
0.5
1002
}
  0
LINE
  5
12146
330
2
100
AcDbEntity
  8
0
  6
Continuous
 62
     5
370
    25
100
AcDbLine
 10
531.8903788330869
 20
544.7071183073985
 30
0.0
 11
546.7085868028655
 21
544.7071183073985
 31
0.0
1001
PHOENIX7010
1002
{
1070
    62
1070
     5
1070
    41
1040
0.5
1002
}
  0
TEXT
  5
121D9
330
2
100
AcDbEntity
  8
0
  6
Continuous
 62
     5
370
    25
100
AcDbText
 10
726.1151255653191
 20
549.4233374860587
 30
0.0
 40
3.5
  1
M 2:1
 41
1.199999999999999
100
AcDbText
1001
PHOENIX7010
1002
{
1070
    62
1070
     5
1070
    41
1040
0.5
1002
}
  0
LINE
  5
121DA
330
2
100
AcDbEntity
  8
0
  6
Continuous
 62
     5
370
    25
100
AcDbLine
 10
724.8709951503979
 20
547.4233374860586
 30
0.0
 11
739.6892031201762
 21
547.4233374860586
 31
0.0
1001
PHOENIX7010
1002
{
1070
    62
1070
     5
1070
    41
1040
0.5
1002
}
  0
LINE
  5
1462D
330
2
100
AcDbEntity
  8
0
  6
Continuous
 62
     5
370
    25
100
AcDbLine
 10
139.4439800794429
 20
472.5635758011207
 30
0.0
 11
152.5167866307555
 21
472.5635758011207
 31
0.0
1001
PHOENIX7010
1002
{
1070
    62
1070
     5
1070
    41
1040
0.5
1002
}
  0
TEXT
  5
1462E
330
2
100
AcDbEntity
  8
0
  6
Continuous
 62
     5
370
    25
100
AcDbText
 10
140.6881091388595
 20
474.5635758011206
 30
0.0
 40
3.5
  1
M 1:1
 41
1.199999999999999
100
AcDbText
1001
PHOENIX7010
1002
{
1070
    62
1070
     5
1070
    41
1040
0.5
1002
}
  0
TEXT
  5
146AC
330
2
100
AcDbEntity
  8
0
  6
Continuous
 62
     5
370
    25
100
AcDbText
 10
250.1135818752608
 20
474.5635758011208
 30
0.0
 40
3.5
  1
M 1:1
 41
1.199999999999999
100
AcDbText
1001
PHOENIX7010
1002
{
1070
    62
1070
     5
1070
    41
1040
0.5
1002
}
  0
LINE
  5
146AD
330
2
100
AcDbEntity
  8
0
  6
Continuous
 62
     5
370
    25
100
AcDbLine
 10
248.8694528158442
 20
472.5635758011208
 30
0.0
 11
261.9422593671568
 21
472.5635758011208
 31
0.0
1001
PHOENIX7010
1002
{
1070
    62
1070
     5
1070
    41
1040
0.5
1002
}
  0
TEXT
  5
146AE
330
2
100
AcDbEntity
  8
0
  6
Continuous
 62
     5
370
    25
100
AcDbText
 10
381.5151774906323
 20
474.5635758011206
 30
0.0
 40
3.5
  1
M 1:1
 41
1.199999999999999
100
AcDbText
1001
PHOENIX7010
1002
{
1070
    62
1070
     5
1070
    41
1040
0.5
1002
}
  0
LINE
  5
146AF
330
2
100
AcDbEntity
  8
0
  6
Continuous
 62
     5
370
    25
100
AcDbLine
 10
380.2710484312158
 20
472.5635758011207
 30
0.0
 11
393.3438549825283
 21
472.5635758011207
 31
0.0
1001
PHOENIX7010
1002
{
1070
    62
1070
     5
1070
    41
1040
0.5
1002
}
  0
TEXT
  5
146B0
330
2
100
AcDbEntity
  8
0
  6
Continuous
 62
     5
370
    25
100
AcDbText
 10
557.2499314000001
 20
474.5635758011206
 30
0.0
 40
3.5
  1
M 1:1
 41
1.199999999999999
100
AcDbText
1001
PHOENIX7010
1002
{
1070
    62
1070
     5
1070
    41
1040
0.5
1002
}
  0
LINE
  5
146B1
330
2
100
AcDbEntity
  8
0
  6
Continuous
 62
     5
370
    25
100
AcDbLine
 10
556.0058023405836
 20
472.5635758011207
 30
0.0
 11
569.078608891896
 21
472.5635758011207
 31
0.0
1001
PHOENIX7010
1002
{
1070
    62
1070
     5
1070
    41
1040
0.5
1002
}
  0
TEXT
  5
146B2
330
2
100
AcDbEntity
  8
0
  6
Continuous
 62
     5
370
    25
100
AcDbText
 10
733.5392407160687
 20
474.563575801107
 30
0.0
 40
3.5
  1
M 1:1
 41
1.199999999999999
100
AcDbText
1001
PHOENIX7010
1002
{
1070
    62
1070
     5
1070
    41
1040
0.5
1002
}
  0
LINE
  5
146B3
330
2
100
AcDbEntity
  8
0
  6
Continuous
 62
     5
370
    25
100
AcDbLine
 10
732.2951116566521
 20
472.563575801107
 30
0.0
 11
745.3679182079647
 21
472.563575801107
 31
0.0
1001
PHOENIX7010
1002
{
1070
    62
1070
     5
1070
    41
1040
0.5
1002
}
  0
MTEXT
  5
147F2
102
{ACAD_XDICTIONARY
360
147F3
102
}
330
2
100
AcDbEntity
  8
0
  6
Continuous
 62
     1
370
    20
100
AcDbMText
 10
89.07434952758263
 20
283.8601890255838
 30
0.0
 40
3.5
 41
0.0
 71
     7
 72
     5
  1
{\L\C5;Metrische Kabelverschraubungen\P\Q20;Metric cable glands\Q0; \l\P\PDurchgangsbohrung f¸r \PMontage mit Gegenmutter.\P\Q20;Through-hole for \Pmountings with counter nuts. }
 73
     1
 44
1.0
1001
PHOENIX7010
1002
{
1070
    41
1040
0.5
1002
}
1001
ACAD
1000
MTEXTBEGIN
1070
    73
1070
     1
1070
    44
1040
1.0
1070
    74
1070
     0
1000
MTEXTEND
  0
CIRCLE
  5
14822
330
2
100
AcDbEntity
  8
0
  6
Continuous
 62
     7
370
    50
100
AcDbCircle
 10
118.0315088796684
 20
255.0637373236257
 30
0.0
 40
6.25
1001
PHOENIX7010
1002
{
1070
    41
1040
1.0
1002
}
  0
LINE
  5
14823
330
2
100
AcDbEntity
  8
0
  6
ACAD_ISO04W100
 62
     1
 48
0.5327868852459017
370
    25
100
AcDbLine
 10
126.1565088796684
 20
255.0637373236257
 30
0.0
 11
109.9065088796684
 21
255.0637373236257
 31
0.0
1001
PHOENIX7010
1002
{
1070
    41
1040
1.0
1002
}
  0
LINE
  5
14824
330
2
100
AcDbEntity
  8
0
  6
ACAD_ISO04W100
 62
     1
 48
0.5327868852459017
370
    25
100
AcDbLine
 10
118.0315088796684
 20
263.1887373236257
 30
0.0
 11
118.0315088796684
 21
246.9387373236257
 31
0.0
1001
PHOENIX7010
1002
{
1070
    41
1040
1.0
1002
}
  0
DIMENSION
  5
1659C
330
2
100
AcDbEntity
  8
0
  6
Continuous
 62
     7
370
    35
100
AcDbDimension
  2
*D43
 10
124.2815088796684
 20
267.0774056693608
 30
0.0
 11
140.7457729483803
 21
267.0774056693608
 31
0.0
 70
   161
 71
     5
 42
12.5
  3
phoenix
100
AcDbAlignedDimension
 13
111.7815088796684
 23
255.0637373236257
 33
0.0
 14
124.2815088796684
 24
255.0637373236257
 34
0.0
1001
ACAD
1000
DSTYLE
1002
{
1070
   173
1070
     1
1070
   140
1040
5.0
1070
     3
1000
%%c<>
1002
}
  0
MTEXT
  5
16FA1
102
{ACAD_REACTORS
330
16FA8
102
}
330
2
100
AcDbEntity
  8
0
  6
ACAD_ISO04W100
 62
     1
370
    25
100
AcDbMText
 10
186.2278477130124
 20
260.2997186227919
 30
0.0
 40
2.5
 41
0.0
 71
     7
 72
     5
  1
{\C5;M12x1.5}
 73
     1
 44
1.0
1001
PHOENIX7010
1002
{
1070
    41
1040
1.0
1002
}
1001
ACAD
1000
MTEXTBEGIN
1070
    73
1070
     1
1070
    44
1040
1.0
1070
    74
1070
     0
1000
MTEXTEND
  0
ARC
  5
16FA2
102
{ACAD_REACTORS
330
16FA8
102
}
330
2
100
AcDbEntity
  8
0
  6
Continuous
 62
     1
370
    50
100
AcDbCircle
 10
181.9023071106361
 20
255.0637373236257
 30
0.0
 40
6.0
100
AcDbArc
 50
80.27254767748331
 51
9.727452322517107
1001
PHOENIX7010
1002
{
1070
    41
1040
1.0
1002
}
  0
LINE
  5
16FA3
102
{ACAD_REACTORS
330
16FA8
102
}
330
2
100
AcDbEntity
  8
0
  6
ACAD_ISO04W100
 62
     1
 48
0.6299212598425197
370
    25
100
AcDbLine
 10
189.9023071106361
 20
255.0637373236257
 30
0.0
 11
173.9023071106361
 21
255.0637373236257
 31
0.0
1001
PHOENIX7010
1002
{
1070
    41
1040
1.0
1002
}
  0
LINE
  5
16FA4
102
{ACAD_REACTORS
330
16FA8
102
}
330
2
100
AcDbEntity
  8
0
  6
ACAD_ISO04W100
 62
     1
 48
0.6299212598425197
370
    25
100
AcDbLine
 10
181.9023071106361
 20
263.0637373236257
 30
0.0
 11
181.9023071106361
 21
247.0637373236257
 31
0.0
1001
PHOENIX7010
1002
{
1070
    41
1040
1.0
1002
}
  0
CIRCLE
  5
16FA5
102
{ACAD_REACTORS
330
16FA8
102
}
330
2
100
AcDbEntity
  8
0
  6
Continuous
 62
     7
370
    50
100
AcDbCircle
 10
181.9023071106361
 20
255.0637373236257
 30
0.0
 40
5.25
1001
PHOENIX7010
1002
{
1070
    41
1040
1.0
1002
}
  0
INSERT
  5
16FA6
102
{ACAD_REACTORS
330
16FA8
102
}
330
2
100
AcDbEntity
  8
0
  6
ACAD_ISO04W100
 62
     1
370
    25
100
AcDbBlockReference
  2
PH_GRPBLK
 10
182.9160769726949
 20
260.9774730859658
 30
0.0
1001
PHOENIX7010
1002
{
1070
    41
1040
1.0
1002
}
  0
MTEXT
  5
16FF0
102
{ACAD_REACTORS
330
16FF7
102
}
330
2
100
AcDbEntity
  8
0
  6
ACAD_ISO04W100
 62
     1
370
    25
100
AcDbMText
 10
188.1225649641049
 20
239.4244967756435
 30
0.0
 40
2.5
 41
0.0
 71
     7
 72
     5
  1
{\C5;M16x1.5}
 73
     1
 44
1.0
1001
PHOENIX7010
1002
{
1070
    41
1040
1.0
1002
}
1001
ACAD
1000
MTEXTBEGIN
1070
    73
1070
     1
1070
    44
1040
1.0
1070
    74
1070
     0
1000
MTEXTEND
  0
ARC
  5
16FF1
102
{ACAD_REACTORS
330
16FF7
102
}
330
2
100
AcDbEntity
  8
0
  6
Continuous
 62
     1
370
    50
100
AcDbCircle
 10
181.9023071106361
 20
233.1186004912565
 30
0.0
 40
8.0
100
AcDbArc
 50
80.27254767748331
 51
9.727452322517107
1001
PHOENIX7010
1002
{
1070
    41
1040
1.0
1002
}
  0
LINE
  5
16FF2
102
{ACAD_REACTORS
330
16FF7
102
}
330
2
100
AcDbEntity
  8
0
  6
ACAD_ISO04W100
 62
     1
 48
0.7874015748031496
370
    25
100
AcDbLine
 10
191.9023071106361
 20
233.1186004912565
 30
0.0
 11
171.9023071106361
 21
233.1186004912565
 31
0.0
1001
PHOENIX7010
1002
{
1070
    41
1040
1.0
1002
}
  0
LINE
  5
16FF3
102
{ACAD_REACTORS
330
16FF7
102
}
330
2
100
AcDbEntity
  8
0
  6
ACAD_ISO04W100
 62
     1
 48
0.7874015748031496
370
    25
100
AcDbLine
 10
181.9023071106361
 20
243.1186004912565
 30
0.0
 11
181.9023071106361
 21
223.1186004912565
 31
0.0
1001
PHOENIX7010
1002
{
1070
    41
1040
1.0
1002
}
  0
CIRCLE
  5
16FF4
102
{ACAD_REACTORS
330
16FF7
102
}
330
2
100
AcDbEntity
  8
0
  6
Continuous
 62
     7
370
    50
100
AcDbCircle
 10
181.9023071106361
 20
233.1186004912565
 30
0.0
 40
7.25
1001
PHOENIX7010
1002
{
1070
    41
1040
1.0
1002
}
  0
INSERT
  5
16FF5
102
{ACAD_REACTORS
330
16FF7
102
}
330
2
100
AcDbEntity
  8
0
  6
ACAD_ISO04W100
 62
     1
370
    25
100
AcDbBlockReference
  2
PH_GRPBLK
 10
182.9160769726949
 20
239.0323362535967
 30
0.0
1001
PHOENIX7010
1002
{
1070
    41
1040
1.0
1002
}
  0
MTEXT
  5
17041
102
{ACAD_REACTORS
330
17048
102
}
330
2
100
AcDbEntity
  8
0
  6
ACAD_ISO04W100
 62
     1
370
    25
100
AcDbMText
 10
189.7701451824463
 20
215.1623297364349
 30
0.0
 40
2.5
 41
0.0
 71
     7
 72
     5
  1
{\C5;M20x1.5}
 73
     1
 44
1.0
1001
PHOENIX7010
1002
{
1070
    41
1040
1.0
1002
}
1001
ACAD
1000
MTEXTBEGIN
1070
    73
1070
     1
1070
    44
1040
1.0
1070
    74
1070
     0
1000
MTEXTEND
  0
ARC
  5
17042
102
{ACAD_REACTORS
330
17048
102
}
330
2
100
AcDbEntity
  8
0
  6
Continuous
 62
     1
370
    50
100
AcDbCircle
 10
181.9023071106361
 20
207.2927169475524
 30
0.0
 40
10.0
100
AcDbArc
 50
80.27254767748331
 51
9.727452322517107
1001
PHOENIX7010
1002
{
1070
    41
1040
1.0
1002
}
  0
LINE
  5
17043
102
{ACAD_REACTORS
330
17048
102
}
330
2
100
AcDbEntity
  8
0
  6
ACAD_ISO04W100
 62
     1
 48
0.9448818897637794
370
    25
100
AcDbLine
 10
193.9023071106361
 20
207.2927169475524
 30
0.0
 11
169.9023071106361
 21
207.2927169475524
 31
0.0
1001
PHOENIX7010
1002
{
1070
    41
1040
1.0
1002
}
  0
LINE
  5
17044
102
{ACAD_REACTORS
330
17048
102
}
330
2
100
AcDbEntity
  8
0
  6
ACAD_ISO04W100
 62
     1
 48
0.9448818897637794
370
    25
100
AcDbLine
 10
181.9023071106361
 20
219.2927169475524
 30
0.0
 11
181.9023071106361
 21
195.2927169475524
 31
0.0
1001
PHOENIX7010
1002
{
1070
    41
1040
1.0
1002
}
  0
CIRCLE
  5
17045
102
{ACAD_REACTORS
330
17048
102
}
330
2
100
AcDbEntity
  8
0
  6
Continuous
 62
     7
370
    50
100
AcDbCircle
 10
181.9023071106361
 20
207.2927169475524
 30
0.0
 40
9.25
1001
PHOENIX7010
1002
{
1070
    41
1040
1.0
1002
}
  0
INSERT
  5
17046
102
{ACAD_REACTORS
330
17048
102
}
330
2
100
AcDbEntity
  8
0
  6
ACAD_ISO04W100
 62
     1
370
    25
100
AcDbBlockReference
  2
PH_GRPBLK
 10
182.9160769726949
 20
213.2064527098926
 30
0.0
1001
PHOENIX7010
1002
{
1070
    41
1040
1.0
1002
}
  0
MTEXT
  5
17097
102
{ACAD_REACTORS
330
1709E
102
}
330
2
100
AcDbEntity
  8
0
  6
ACAD_ISO04W100
 62
     1
370
    25
100
AcDbMText
 10
190.5939352916169
 20
187.3965413180406
 30
0.0
 40
2.5
 41
0.0
 71
     7
 72
     5
  1
{\C5;M25x1.5}
 73
     1
 44
1.0
1001
PHOENIX7010
1002
{
1070
    41
1040
1.0
1002
}
1001
ACAD
1000
MTEXTBEGIN
1070
    73
1070
     1
1070
    44
1040
1.0
1070
    74
1070
     0
1000
MTEXTEND
  0
ARC
  5
17098
102
{ACAD_REACTORS
330
1709E
102
}
330
2
100
AcDbEntity
  8
0
  6
Continuous
 62
     1
370
    50
100
AcDbCircle
 10
181.9023071106361
 20
177.469407164401
 30
0.0
 40
12.5
100
AcDbArc
 50
80.27254767748331
 51
9.727452322517107
1001
PHOENIX7010
1002
{
1070
    41
1040
1.0
1002
}
  0
LINE
  5
17099
102
{ACAD_REACTORS
330
1709E
102
}
330
2
100
AcDbEntity
  8
0
  6
ACAD_ISO04W100
 62
     1
370
    25
100
AcDbLine
 10
195.9023071106361
 20
177.469407164401
 30
0.0
 11
167.9023071106361
 21
177.469407164401
 31
0.0
1001
PHOENIX7010
1002
{
1070
    41
1040
1.0
1002
}
  0
LINE
  5
1709A
102
{ACAD_REACTORS
330
1709E
102
}
330
2
100
AcDbEntity
  8
0
  6
ACAD_ISO04W100
 62
     1
370
    25
100
AcDbLine
 10
181.9023071106361
 20
191.9694071644009
 30
0.0
 11
181.9023071106361
 21
162.969407164401
 31
0.0
1001
PHOENIX7010
1002
{
1070
    41
1040
1.0
1002
}
  0
CIRCLE
  5
1709B
102
{ACAD_REACTORS
330
1709E
102
}
330
2
100
AcDbEntity
  8
0
  6
Continuous
 62
     7
370
    50
100
AcDbCircle
 10
181.9023071106361
 20
177.469407164401
 30
0.0
 40
11.75
1001
PHOENIX7010
1002
{
1070
    41
1040
1.0
1002
}
  0
INSERT
  5
1709C
102
{ACAD_REACTORS
330
1709E
102
}
330
2
100
AcDbEntity
  8
0
  6
ACAD_ISO04W100
 62
     1
370
    25
100
AcDbBlockReference
  2
PH_GRPBLK
 10
182.9160769726949
 20
183.3831429267411
 30
0.0
1001
PHOENIX7010
1002
{
1070
    41
1040
1.0
1002
}
  0
MTEXT
  5
170FC
102
{ACAD_REACTORS
330
17103
102
}
330
2
100
AcDbEntity
  8
0
  6
ACAD_ISO04W100
 62
     1
370
    25
100
AcDbMText
 10
193.0653056191289
 20
150.7379447662229
 30
0.0
 40
2.5
 41
0.0
 71
     7
 72
     5
  1
{\C5;M32x1.5}
 73
     1
 44
1.0
1001
PHOENIX7010
1002
{
1070
    41
1040
1.0
1002
}
1001
ACAD
1000
MTEXTBEGIN
1070
    73
1070
     1
1070
    44
1040
1.0
1070
    74
1070
     0
1000
MTEXTEND
  0
ARC
  5
170FD
102
{ACAD_REACTORS
330
17103
102
}
330
2
100
AcDbEntity
  8
0
  6
Continuous
 62
     1
370
    50
100
AcDbCircle
 10
181.9023071106361
 20
138.5886820594228
 30
0.0
 40
16.0
100
AcDbArc
 50
80.27254767748331
 51
9.727452322517107
1001
PHOENIX7010
1002
{
1070
    41
1040
1.0
1002
}
  0
LINE
  5
170FE
102
{ACAD_REACTORS
330
17103
102
}
330
2
100
AcDbEntity
  8
0
  6
ACAD_ISO04W100
 62
     1
370
    25
100
AcDbLine
 10
199.9023071106361
 20
138.5886820594228
 30
0.0
 11
163.9023071106361
 21
138.5886820594228
 31
0.0
1001
PHOENIX7010
1002
{
1070
    41
1040
1.0
1002
}
  0
LINE
  5
170FF
102
{ACAD_REACTORS
330
17103
102
}
330
2
100
AcDbEntity
  8
0
  6
ACAD_ISO04W100
 62
     1
370
    25
100
AcDbLine
 10
181.9023071106361
 20
156.5886820594228
 30
0.0
 11
181.9023071106361
 21
120.5886820594228
 31
0.0
1001
PHOENIX7010
1002
{
1070
    41
1040
1.0
1002
}
  0
CIRCLE
  5
17100
102
{ACAD_REACTORS
330
17103
102
}
330
2
100
AcDbEntity
  8
0
  6
Continuous
 62
     7
370
    50
100
AcDbCircle
 10
181.9023071106361
 20
138.5886820594228
 30
0.0
 40
15.25
1001
PHOENIX7010
1002
{
1070
    41
1040
1.0
1002
}
  0
INSERT
  5
17101
102
{ACAD_REACTORS
330
17103
102
}
330
2
100
AcDbEntity
  8
0
  6
ACAD_ISO04W100
 62
     1
370
    25
100
AcDbBlockReference
  2
PH_GRPBLK
 10
182.9160769726949
 20
144.5024178217629
 30
0.0
1001
PHOENIX7010
1002
{
1070
    41
1040
1.0
1002
}
  0
MTEXT
  5
17163
102
{ACAD_REACTORS
330
1716A
102
}
330
2
100
AcDbEntity
  8
0
  6
ACAD_ISO04W100
 62
     1
370
    25
100
AcDbMText
 10
195.1362652566307
 20
107.9495952657137
 30
0.0
 40
2.5
 41
0.0
 71
     7
 72
     5
  1
{\C5;M40x1.5}
 73
     1
 44
1.0
1001
PHOENIX7010
1002
{
1070
    41
1040
1.0
1002
}
1001
ACAD
1000
MTEXTBEGIN
1070
    73
1070
     1
1070
    44
1040
1.0
1070
    74
1070
     0
1000
MTEXTEND
  0
ARC
  5
17164
102
{ACAD_REACTORS
330
1716A
102
}
330
2
100
AcDbEntity
  8
0
  6
Continuous
 62
     1
370
    50
100
AcDbCircle
 10
181.9023071106361
 20
91.97268838753393
 30
0.0
 40
20.0
100
AcDbArc
 50
80.27254767748331
 51
9.727452322517107
1001
PHOENIX7010
1002
{
1070
    41
1040
1.0
1002
}
  0
LINE
  5
17165
102
{ACAD_REACTORS
330
1716A
102
}
330
2
100
AcDbEntity
  8
0
  6
ACAD_ISO04W100
 62
     1
370
    25
100
AcDbLine
 10
203.9023071106361
 20
91.97268838753393
 30
0.0
 11
159.9023071106361
 21
91.97268838753393
 31
0.0
1001
PHOENIX7010
1002
{
1070
    41
1040
1.0
1002
}
  0
LINE
  5
17166
102
{ACAD_REACTORS
330
1716A
102
}
330
2
100
AcDbEntity
  8
0
  6
ACAD_ISO04W100
 62
     1
370
    25
100
AcDbLine
 10
181.9023071106361
 20
113.9726883875339
 30
0.0
 11
181.9023071106361
 21
69.97268838753393
 31
0.0
1001
PHOENIX7010
1002
{
1070
    41
1040
1.0
1002
}
  0
CIRCLE
  5
17167
102
{ACAD_REACTORS
330
1716A
102
}
330
2
100
AcDbEntity
  8
0
  6
Continuous
 62
     7
370
    50
100
AcDbCircle
 10
181.9023071106361
 20
91.97268838753393
 30
0.0
 40
19.25
1001
PHOENIX7010
1002
{
1070
    41
1040
1.0
1002
}
  0
INSERT
  5
17168
102
{ACAD_REACTORS
330
1716A
102
}
330
2
100
AcDbEntity
  8
0
  6
ACAD_ISO04W100
 62
     1
370
    25
100
AcDbBlockReference
  2
PH_GRPBLK
 10
182.9160769726949
 20
97.88642414987407
 30
0.0
1001
PHOENIX7010
1002
{
1070
    41
1040
1.0
1002
}
  0
CIRCLE
  5
1719A
102
{ACAD_REACTORS
330
1800E
102
}
330
2
100
AcDbEntity
  8
0
  6
Continuous
 62
     7
370
    50
100
AcDbCircle
 10
118.0315088796684
 20
233.1186004912565
 30
0.0
 40
8.25
1001
PHOENIX7010
1002
{
1070
    41
1040
1.0
1002
}
  0
LINE
  5
1719B
330
2
100
AcDbEntity
  8
0
  6
ACAD_ISO04W100
 62
     1
 48
0.3516393442622949
370
    25
100
AcDbLine
 10
128.7565088796684
 20
233.1186004912565
 30
0.0
 11
107.3065088796684
 21
233.1186004912565
 31
0.0
1001
PHOENIX7010
1002
{
1070
    41
1040
1.0
1002
}
  0
LINE
  5
1719C
330
2
100
AcDbEntity
  8
0
  6
ACAD_ISO04W100
 62
     1
 48
0.3516393442622949
370
    25
100
AcDbLine
 10
118.0315088796684
 20
243.8436004912566
 30
0.0
 11
118.0315088796684
 21
222.3936004912565
 31
0.0
1001
PHOENIX7010
1002
{
1070
    41
1040
1.0
1002
}
  0
DIMENSION
  5
17C6E
102
{ACAD_REACTORS
330
1800F
102
}
330
2
100
AcDbEntity
  8
0
  6
Continuous
 62
     7
370
    35
100
AcDbDimension
  2
*D44
 10
109.7815088796684
 20
244.2747733649626
 30
0.0
 11
142.7457729483803
 21
244.2747733649626
 31
0.0
 70
   160
 71
     5
 42
16.5
  3
phoenix
100
AcDbAlignedDimension
 13
126.2815088796684
 23
233.1186004912565
 33
0.0
 14
109.7815088796684
 24
233.1186004912565
 34
0.0
100
AcDbRotatedDimension
1001
ACAD
1000
DSTYLE
1002
{
1070
   173
1070
     1
1070
   140
1040
5.0
1070
     3
1000
%%c<>
1002
}
  0
CIRCLE
  5
18031
102
{ACAD_REACTORS
330
18241
102
}
330
2
100
AcDbEntity
  8
0
  6
Continuous
 62
     7
370
    50
100
AcDbCircle
 10
118.0315088796684
 20
207.2927169475524
 30
0.0
 40
10.25
1001
PHOENIX7010
1002
{
1070
    41
1040
1.0
1002
}
  0
LINE
  5
18032
330
2
100
AcDbEntity
  8
0
  6
ACAD_ISO04W100
 62
     1
 48
0.4368852459016395
370
    25
100
AcDbLine
 10
131.3565088796684
 20
207.2927169475524
 30
0.0
 11
104.7065088796684
 21
207.2927169475524
 31
0.0
1001
PHOENIX7010
1002
{
1070
    41
1040
1.0
1002
}
  0
LINE
  5
18033
330
2
100
AcDbEntity
  8
0
  6
ACAD_ISO04W100
 62
     1
 48
0.436885245901639
370
    25
100
AcDbLine
 10
118.0315088796684
 20
220.6177169475524
 30
0.0
 11
118.0315088796684
 21
193.9677169475524
 31
0.0
1001
PHOENIX7010
1002
{
1070
    41
1040
1.0
1002
}
  0
CIRCLE
  5
18034
102
{ACAD_REACTORS
330
1851E
102
}
330
2
100
AcDbEntity
  8
0
  6
Continuous
 62
     7
370
    50
100
AcDbCircle
 10
118.0315088796684
 20
177.469407164401
 30
0.0
 40
12.75
1001
PHOENIX7010
1002
{
1070
    41
1040
1.0
1002
}
  0
LINE
  5
18035
330
2
100
AcDbEntity
  8
0
  6
ACAD_ISO04W100
 62
     1
 48
0.5434426229508198
370
    25
100
AcDbLine
 10
134.6065088796684
 20
177.469407164401
 30
0.0
 11
101.4565088796684
 21
177.469407164401
 31
0.0
1001
PHOENIX7010
1002
{
1070
    41
1040
1.0
1002
}
  0
LINE
  5
18036
330
2
100
AcDbEntity
  8
0
  6
ACAD_ISO04W100
 62
     1
 48
0.5434426229508196
370
    25
100
AcDbLine
 10
118.0315088796684
 20
194.044407164401
 30
0.0
 11
118.0315088796684
 21
160.894407164401
 31
0.0
1001
PHOENIX7010
1002
{
1070
    41
1040
1.0
1002
}
  0
CIRCLE
  5
18037
102
{ACAD_REACTORS
330
189AF
102
}
330
2
100
AcDbEntity
  8
0
  6
Continuous
 62
     7
370
    50
100
AcDbCircle
 10
118.0315088796684
 20
138.5886820594228
 30
0.0
 40
16.25
1001
PHOENIX7010
1002
{
1070
    41
1040
1.0
1002
}
  0
LINE
  5
18038
330
2
100
AcDbEntity
  8
0
  6
ACAD_ISO04W100
 62
     1
 48
0.6926229508196722
370
    25
100
AcDbLine
 10
139.1565088796684
 20
138.5886820594228
 30
0.0
 11
96.90650887966842
 21
138.5886820594228
 31
0.0
1001
PHOENIX7010
1002
{
1070
    41
1040
1.0
1002
}
  0
LINE
  5
18039
330
2
100
AcDbEntity
  8
0
  6
ACAD_ISO04W100
 62
     1
 48
0.6926229508196722
370
    25
100
AcDbLine
 10
118.0315088796684
 20
159.7136820594228
 30
0.0
 11
118.0315088796684
 21
117.4636820594228
 31
0.0
1001
PHOENIX7010
1002
{
1070
    41
1040
1.0
1002
}
  0
CIRCLE
  5
1803A
102
{ACAD_REACTORS
330
18D84
102
}
330
2
100
AcDbEntity
  8
0
  6
Continuous
 62
     7
370
    50
100
AcDbCircle
 10
118.0315088796684
 20
91.97268838753393
 30
0.0
 40
20.25
1001
PHOENIX7010
1002
{
1070
    41
1040
1.0
1002
}
  0
LINE
  5
1803B
330
2
100
AcDbEntity
  8
0
  6
ACAD_ISO04W100
 62
     1
 48
0.8631147540983608
370
    25
100
AcDbLine
 10
144.3565088796684
 20
91.97268838753393
 30
0.0
 11
91.70650887966841
 21
91.97268838753393
 31
0.0
1001
PHOENIX7010
1002
{
1070
    41
1040
1.0
1002
}
  0
LINE
  5
1803C
330
2
100
AcDbEntity
  8
0
  6
ACAD_ISO04W100
 62
     1
 48
0.8631147540983608
370
    25
100
AcDbLine
 10
118.0315088796684
 20
118.2976883875339
 30
0.0
 11
118.0315088796684
 21
65.64768838753394
 31
0.0
1001
PHOENIX7010
1002
{
1070
    41
1040
1.0
1002
}
  0
DIMENSION
  5
1803D
102
{ACAD_REACTORS
330
18242
102
}
330
2
100
AcDbEntity
  8
0
  6
Continuous
 62
     7
370
    35
100
AcDbDimension
  2
*D45
 10
107.7815088796684
 20
220.1740683411597
 30
0.0
 11
145.3457729483803
 21
220.1740683411597
 31
0.0
 70
   160
 71
     5
 42
20.5
  3
phoenix
100
AcDbAlignedDimension
 13
128.2815088796684
 23
207.2927169475524
 33
0.0
 14
107.7815088796684
 24
207.2927169475524
 34
0.0
100
AcDbRotatedDimension
1001
ACAD
1000
DSTYLE
1002
{
1070
   173
1070
     1
1070
   140
1040
5.0
1070
     3
1000
%%c<>
1002
}
  0
DIMENSION
  5
18264
102
{ACAD_REACTORS
330
1851F
102
}
330
2
100
AcDbEntity
  8
0
  6
Continuous
 62
     7
370
    35
100
AcDbDimension
  2
*D46
 10
105.2815088796684
 20
192.6166822731518
 30
0.0
 11
147.8457729483803
 21
192.6166822731518
 31
0.0
 70
   160
 71
     5
 42
25.5
  3
phoenix
100
AcDbAlignedDimension
 13
130.7815088796684
 23
177.469407164401
 33
0.0
 14
105.2815088796684
 24
177.469407164401
 34
0.0
100
AcDbRotatedDimension
1001
ACAD
1000
DSTYLE
1002
{
1070
   173
1070
     1
1070
   140
1040
5.0
1070
     3
1000
%%c<>
1002
}
  0
DIMENSION
  5
18541
102
{ACAD_REACTORS
330
189B0
102
}
330
2
100
AcDbEntity
  8
0
  6
Continuous
 62
     7
370
    35
100
AcDbDimension
  2
*D47
 10
101.7815088796684
 20
157.9611266161867
 30
0.0
 11
151.3457729483803
 21
157.9611266161867
 31
0.0
 70
   160
 71
     5
 42
32.5
  3
phoenix
100
AcDbAlignedDimension
 13
134.2815088796684
 23
138.5886820594228
 33
0.0
 14
101.7815088796684
 24
138.5886820594228
 34
0.0
100
AcDbRotatedDimension
1001
ACAD
1000
DSTYLE
1002
{
1070
   173
1070
     1
1070
   140
1040
5.0
1070
     3
1000
%%c<>
1002
}
  0
DIMENSION
  5
189D2
102
{ACAD_REACTORS
330
18D85
102
}
330
2
100
AcDbEntity
  8
0
  6
Continuous
 62
     7
370
    35
100
AcDbDimension
  2
*D48
 10
97.78150887966843
 20
116.6232491254225
 30
0.0
 11
155.6457729483803
 21
116.6232491254225
 31
0.0
 70
   160
 71
     5
 42
40.49999999999999
  3
phoenix
100
AcDbAlignedDimension
 13
138.2815088796684
 23
91.97268838753393
 33
0.0
 14
97.78150887966843
 24
91.97268838753393
 34
0.0
100
AcDbRotatedDimension
1001
ACAD
1000
DSTYLE
1002
{
1070
   173
1070
     1
1070
   140
1040
5.0
1070
     3
1000
%%c<>
1002
}
  0
MTEXT
  5
18EC6
102
{ACAD_XDICTIONARY
360
18EC7
102
}
330
2
100
AcDbEntity
  8
0
  6
Continuous
 62
     1
370
    20
100
AcDbMText
 10
168.6068189164168
 20
284.8248712988511
 30
0.0
 40
3.5
 41
0.0
 71
     7
 72
     5
  1
{\C5;Gewindebohrung f¸r \PDirektmontage.\P\Q20;Threaded hole for \Pmountings without \Pcounter nuts. }
 73
     1
 44
1.0
1001
PHOENIX7010
1002
{
1070
    41
1040
0.5
1002
}
1001
ACAD
1000
MTEXTBEGIN
1070
    73
1070
     1
1070
    44
1040
1.0
1070
    74
1070
     0
1000
MTEXTEND
  0
MTEXT
  5
18F80
102
{ACAD_XDICTIONARY
360
18F81
102
}
330
2
100
AcDbEntity
  8
0
  6
Continuous
 62
     1
370
    20
100
AcDbMText
 10
234.7483879276272
 20
283.8845451754348
 30
0.0
 40
3.5
 41
0.0
 71
     7
 72
     5
  1
{\L\C5;\PPg - Kabelverschraubungen\P\Q20;PG - cable glands\Q0;\P\P\lDurchgangsbohrung f¸r \PMontage mit Gegenmutter.\P\Q20;Through-hole for \Pmountings with counter nuts.}
 73
     1
 44
1.0
1001
PHOENIX7010
1002
{
1070
    41
1040
0.5
1002
}
1001
ACAD
1000
MTEXTBEGIN
1070
    73
1070
     1
1070
    44
1040
1.0
1070
    74
1070
     0
1000
MTEXTEND
  0
MTEXT
  5
18F92
102
{ACAD_XDICTIONARY
360
18F93
102
}
330
2
100
AcDbEntity
  8
0
  6
Continuous
 62
     1
370
    20
100
AcDbMText
 10
313.1116964732707
 20
284.9371392525235
 30
0.0
 40
3.5
 41
48.74636000869294
 71
     7
 72
     5
  1
{\C5;Gewindebohrung f¸r \PDirektmontage.\P\Q20;Threaded hole for \Pmountings without \Pcounter nuts. }
 73
     1
 44
1.0
1001
PHOENIX7010
1002
{
1070
    41
1040
0.5
1002
}
1001
ACAD
1000
MTEXTBEGIN
1070
    73
1070
     1
1070
    44
1040
1.0
1070
    74
1070
     0
1000
MTEXTEND
  0
LINE
  5
18FA3
102
{ACAD_REACTORS
330
18FAA
102
}
330
2
100
AcDbEntity
  8
0
  6
ACAD_ISO04W100
 62
     1
370
    50
100
AcDbLine
 10
356.4013814969992
 20
255.0637373236257
 30
0.0
 11
337.9013814969994
 21
255.0637373236257
 31
0.0
1001
PHOENIX7010
1002
{
1070
    62
1070
     1
1070
    41
1040
1.0
1002
}
  0
LINE
  5
18FA4
102
{ACAD_REACTORS
330
18FAA
102
}
330
2
100
AcDbEntity
  8
0
  6
ACAD_ISO04W100
 62
     1
370
    50
100
AcDbLine
 10
347.1513814969994
 20
245.8137373236257
 30
0.0
 11
347.1513814969994
 21
264.3137373236255
 31
0.0
1001
PHOENIX7010
1002
{
1070
    62
1070
     1
1070
    41
1040
1.0
1002
}
  0
ARC
  5
18FA5
102
{ACAD_REACTORS
330
18FAA
102
}
330
2
100
AcDbEntity
  8
0
  6
Continuous
 62
     1
370
    50
100
AcDbCircle
 10
347.1513814969994
 20
255.0637373236257
 30
0.0
 40
6.249999999999864
100
AcDbArc
 50
14.99999999999445
 51
284.9999999999945
1001
PHOENIX7010
1002
{
1070
    62
1070
     1
1070
    41
1040
1.0
1002
}
  0
TEXT
  5
18FA6
102
{ACAD_REACTORS
330
18FAA
102
}
330
2
100
AcDbEntity
  8
0
  6
Continuous
 62
     5
370
    50
100
AcDbText
 10
305.3226431142587
 20
226.2396374784721
 30
0.0
 40
2.5
  1

 41
1.228499994575977
  7
TZZCHN
100
AcDbText
1001
PHOENIX7010
1002
{
1070
    62
1070
     5
1070
    41
1040
1.0
1002
}
  0
TEXT
  5
18FA7
102
{ACAD_REACTORS
330
18FAA
102
}
330
2
100
AcDbEntity
  8
0
  6
Continuous
 62
     5
370
    50
100
AcDbText
 10
348.256520639634
 20
262.9184071686156
 30
0.0
 40
2.5
  1
PG 7
 41
1.199999999999999
100
AcDbText
1001
PHOENIX7010
1002
{
1070
    62
1070
     5
1070
    41
1040
1.0
1002
}
  0
CIRCLE
  5
18FA8
102
{ACAD_REACTORS
330
18FAA
102
}
330
2
100
AcDbEntity
  8
0
  6
Continuous
 62
     7
370
    50
100
AcDbCircle
 10
347.1513814969994
 20
255.0637373236257
 30
0.0
 40
5.639999999999986
1001
PHOENIX7010
1002
{
1070
    62
1070
     7
1070
    41
1040
1.0
1002
}
  0
TEXT
  5
18FAC
102
{ACAD_REACTORS
330
18FB2
102
}
330
2
100
AcDbEntity
  8
0
  6
Continuous
 62
     5
370
    50
100
AcDbText
 10
348.1513814969993
 20
242.2436004912564
 30
0.0
 40
2.5
  1
PG 9
 41
1.199999999999999
100
AcDbText
1001
PHOENIX7010
1002
{
1070
    62
1070
     5
1070
    41
1040
1.0
1002
}
  0
LINE
  5
18FAD
102
{ACAD_REACTORS
330
18FB2
102
}
330
2
100
AcDbEntity
  8
0
  6
ACAD_ISO04W100
 62
     1
370
    50
100
AcDbLine
 10
347.1513814969993
 20
245.3686004912564
 30
0.0
 11
347.1513814969993
 21
220.8686004912564
 31
0.0
1001
PHOENIX7010
1002
{
1070
    62
1070
     1
1070
    41
1040
1.0
1002
}
  0
LINE
  5
18FAE
102
{ACAD_REACTORS
330
18FB2
102
}
330
2
100
AcDbEntity
  8
0
  6
ACAD_ISO04W100
 62
     1
370
    50
100
AcDbLine
 10
359.4013814969993
 20
233.1186004912564
 30
0.0
 11
334.9013814969993
 21
233.1186004912564
 31
0.0
1001
PHOENIX7010
1002
{
1070
    62
1070
     1
1070
    41
1040
1.0
1002
}
  0
ARC
  5
18FAF
102
{ACAD_REACTORS
330
18FB2
102
}
330
2
100
AcDbEntity
  8
0
  6
Continuous
 62
     1
370
    50
100
AcDbCircle
 10
347.1513814969993
 20
233.1186004912564
 30
0.0
 40
7.59999872999997
100
AcDbArc
 50
15.00000470976225
 51
285.000004687723
1001
PHOENIX7010
1002
{
1070
    62
1070
     1
1070
    41
1040
1.0
1002
}
  0
CIRCLE
  5
18FB0
102
{ACAD_REACTORS
330
18FB2
102
}
330
2
100
AcDbEntity
  8
0
  6
Continuous
 62
     7
370
    50
100
AcDbCircle
 10
347.1513814969993
 20
233.1186004912564
 30
0.0
 40
6.929998399999999
1001
PHOENIX7010
1002
{
1070
    62
1070
     7
1070
    41
1040
1.0
1002
}
  0
LINE
  5
18FDE
102
{ACAD_REACTORS
330
18FE4
102
}
330
2
100
AcDbEntity
  8
0
  6
ACAD_ISO04W100
 62
     1
370
    50
100
AcDbLine
 10
347.1513814969993
 20
218.059678627491
 30
0.0
 11
347.1513814969993
 21
193.5596786274909
 31
0.0
1001
PHOENIX7010
1002
{
1070
    62
1070
     1
1070
    41
1040
1.0
1002
}
  0
LINE
  5
18FDF
102
{ACAD_REACTORS
330
18FE4
102
}
330
2
100
AcDbEntity
  8
0
  6
ACAD_ISO04W100
 62
     1
370
    50
100
AcDbLine
 10
359.4013814969993
 20
205.8096786274909
 30
0.0
 11
334.9013814969993
 21
205.8096786274909
 31
0.0
1001
PHOENIX7010
1002
{
1070
    62
1070
     1
1070
    41
1040
1.0
1002
}
  0
TEXT
  5
18FE0
102
{ACAD_REACTORS
330
18FE4
102
}
330
2
100
AcDbEntity
  8
0
  6
Continuous
 62
     5
370
    50
100
AcDbText
 10
348.1513812569992
 20
216.4346786274909
 30
0.0
 40
2.5
  1
PG 11
 41
1.199999999999999
100
AcDbText
1001
PHOENIX7010
1002
{
1070
    62
1070
     5
1070
    41
1040
1.0
1002
}
  0
ARC
  5
18FE1
102
{ACAD_REACTORS
330
18FE4
102
}
330
2
100
AcDbEntity
  8
0
  6
Continuous
 62
     1
370
    50
100
AcDbCircle
 10
347.1513814969993
 20
205.8096786274909
 30
0.0
 40
9.299998719999878
100
AcDbArc
 50
10.00001288011716
 51
280.00001285809
1001
PHOENIX7010
1002
{
1070
    62
1070
     1
1070
    41
1040
1.0
1002
}
  0
CIRCLE
  5
18FE2
102
{ACAD_REACTORS
330
18FE4
102
}
330
2
100
AcDbEntity
  8
0
  6
Continuous
 62
     7
370
    50
100
AcDbCircle
 10
347.1513814969993
 20
205.8096786274909
 30
0.0
 40
8.62999725
1001
PHOENIX7010
1002
{
1070
    62
1070
     7
1070
    41
1040
1.0
1002
}
  0
LINE
  5
18FEF
102
{ACAD_REACTORS
330
18FF6
102
}
330
2
100
AcDbEntity
  8
0
  6
ACAD_ISO04W100
 62
     1
370
    50
100
AcDbLine
 10
347.1513814969995
 20
189.5426953023067
 30
0.0
 11
347.1513814969995
 21
162.5426953023067
 31
0.0
1001
PHOENIX7010
1002
{
1070
    62
1070
     1
1070
    41
1040
1.0
1002
}
  0
LINE
  5
18FF0
102
{ACAD_REACTORS
330
18FF6
102
}
330
2
100
AcDbEntity
  8
0
  6
ACAD_ISO04W100
 62
     1
370
    50
100
AcDbLine
 10
360.6513814969995
 20
176.0426953023067
 30
0.0
 11
333.6513814969995
 21
176.0426953023067
 31
0.0
1001
PHOENIX7010
1002
{
1070
    62
1070
     1
1070
    41
1040
1.0
1002
}
  0
TEXT
  5
18FF1
102
{ACAD_REACTORS
330
18FF6
102
}
330
2
100
AcDbEntity
  8
0
  6
Continuous
 62
     5
370
    50
100
AcDbText
 10
301.4841220708263
 20
152.0593859863482
 30
0.0
 40
2.5
  1

 41
1.228499994575977
100
AcDbText
1001
PHOENIX7010
1002
{
1070
    62
1070
     5
1070
    41
1040
1.0
1002
}
  0
TEXT
  5
18FF2
102
{ACAD_REACTORS
330
18FF6
102
}
330
2
100
AcDbEntity
  8
0
  6
Continuous
 62
     5
370
    50
100
AcDbText
 10
348.1513814969995
 20
187.1676953023067
 30
0.0
 40
2.5
  1
PG 13.5
 41
1.199999999999999
100
AcDbText
1001
PHOENIX7010
1002
{
1070
    62
1070
     5
1070
    41
1040
1.0
1002
}
  0
ARC
  5
18FF3
102
{ACAD_REACTORS
330
18FF6
102
}
330
2
100
AcDbEntity
  8
0
  6
Continuous
 62
     1
370
    50
100
AcDbCircle
 10
347.1513814969995
 20
176.0426953023067
 30
0.0
 40
10.20000450000002
100
AcDbArc
 50
9.999985951104035
 51
279.9999859290641
1001
PHOENIX7010
1002
{
1070
    62
1070
     1
1070
    41
1040
1.0
1002
}
  0
CIRCLE
  5
18FF4
102
{ACAD_REACTORS
330
18FF6
102
}
330
2
100
AcDbEntity
  8
0
  6
Continuous
 62
     7
370
    50
100
AcDbCircle
 10
347.1513814969995
 20
176.0426953023067
 30
0.0
 40
9.524999619999999
1001
PHOENIX7010
1002
{
1070
    62
1070
     7
1070
    41
1040
1.0
1002
}
  0
TEXT
  5
18FFC
102
{ACAD_REACTORS
330
19003
102
}
330
2
100
AcDbEntity
  8
0
  6
Continuous
 62
     5
370
    50
100
AcDbText
 10
301.4841220708262
 20
120.791476474902
 30
0.0
 40
2.5
  1

 41
1.228499994575977
  7
TZZCHN
100
AcDbText
1001
PHOENIX7010
1002
{
1070
    62
1070
     5
1070
    41
1040
1.0
1002
}
  0
TEXT
  5
18FFD
102
{ACAD_REACTORS
330
19003
102
}
330
2
100
AcDbEntity
  8
0
  6
Continuous
 62
     5
370
    50
100
AcDbText
 10
348.1513814969994
 20
155.8997857908604
 30
0.0
 40
2.5
  1
PG 16
 41
1.199999999999999
100
AcDbText
1001
PHOENIX7010
1002
{
1070
    62
1070
     5
1070
    41
1040
1.0
1002
}
  0
LINE
  5
18FFE
102
{ACAD_REACTORS
330
19003
102
}
330
2
100
AcDbEntity
  8
0
  6
ACAD_ISO04W100
 62
     1
370
    50
100
AcDbLine
 10
347.1513814969994
 20
160.0247857908604
 30
0.0
 11
347.1513814969994
 21
126.5247857908604
 31
0.0
1001
PHOENIX7010
1002
{
1070
    62
1070
     1
1070
    41
1040
1.0
1002
}
  0
LINE
  5
18FFF
102
{ACAD_REACTORS
330
19003
102
}
330
2
100
AcDbEntity
  8
0
  6
ACAD_ISO04W100
 62
     1
370
    50
100
AcDbLine
 10
363.9013814969993
 20
143.2747857908604
 30
0.0
 11
330.4013814969994
 21
143.2747857908604
 31
0.0
1001
PHOENIX7010
1002
{
1070
    62
1070
     1
1070
    41
1040
1.0
1002
}
  0
ARC
  5
19000
102
{ACAD_REACTORS
330
19003
102
}
330
2
100
AcDbEntity
  8
0
  6
Continuous
 62
     1
370
    50
100
AcDbCircle
 10
347.1513814969994
 20
143.2747857908604
 30
0.0
 40
11.24999947000002
100
AcDbArc
 50
10.00001173420629
 51
280.00001171217
1001
PHOENIX7010
1002
{
1070
    62
1070
     1
1070
    41
1040
1.0
1002
}
  0
CIRCLE
  5
19001
102
{ACAD_REACTORS
330
19003
102
}
330
2
100
AcDbEntity
  8
0
  6
Continuous
 62
     7
370
    50
100
AcDbCircle
 10
347.1513814969994
 20
143.2747857908604
 30
0.0
 40
10.57999802
1001
PHOENIX7010
1002
{
1070
    62
1070
     7
1070
    41
1040
1.0
1002
}
  0
TEXT
  5
1900C
102
{ACAD_REACTORS
330
19013
102
}
330
2
100
AcDbEntity
  8
0
  6
Continuous
 62
     5
370
    50
100
AcDbText
 10
301.4841220708261
 20
73.00495650253925
 30
0.0
 40
2.5
  1

 41
1.228499994575977
  7
TZZCHN
100
AcDbText
1001
PHOENIX7010
1002
{
1070
    62
1070
     5
1070
    41
1040
1.0
1002
}
  0
TEXT
  5
1900D
102
{ACAD_REACTORS
330
19013
102
}
330
2
100
AcDbEntity
  8
0
  6
Continuous
 62
     5
370
    50
100
AcDbText
 10
348.804007003874
 20
121.8099153581049
 30
0.0
 40
2.5
  1
PG 21
 41
1.199999999999999
100
AcDbText
1001
PHOENIX7010
1002
{
1070
    62
1070
     5
1070
    41
1040
1.0
1002
}
  0
LINE
  5
1900E
102
{ACAD_REACTORS
330
19013
102
}
330
2
100
AcDbEntity
  8
0
  6
ACAD_ISO04W100
 62
     1
370
    50
100
AcDbLine
 10
347.1513814969993
 20
126.3632658184976
 30
0.0
 11
347.1513814969993
 21
86.86326581849767
 31
0.0
1001
PHOENIX7010
1002
{
1070
    62
1070
     1
1070
    41
1040
1.0
1002
}
  0
LINE
  5
1900F
102
{ACAD_REACTORS
330
19013
102
}
330
2
100
AcDbEntity
  8
0
  6
ACAD_ISO04W100
 62
     1
370
    50
100
AcDbLine
 10
366.9013814969992
 20
106.6132658184976
 30
0.0
 11
327.4013814969992
 21
106.6132658184976
 31
0.0
1001
PHOENIX7010
1002
{
1070
    62
1070
     1
1070
    41
1040
1.0
1002
}
  0
ARC
  5
19010
102
{ACAD_REACTORS
330
19013
102
}
330
2
100
AcDbEntity
  8
0
  6
Continuous
 62
     1
370
    50
100
AcDbCircle
 10
347.1513814969993
 20
106.6132658184976
 30
0.0
 40
14.14999883000001
100
AcDbArc
 50
10.00001116125414
 51
280.0000111392013
1001
PHOENIX7010
1002
{
1070
    62
1070
     1
1070
    41
1040
1.0
1002
}
  0
CIRCLE
  5
19011
102
{ACAD_REACTORS
330
19013
102
}
330
2
100
AcDbEntity
  8
0
  6
Continuous
 62
     7
370
    50
100
AcDbCircle
 10
347.1513814969993
 20
106.6132658184976
 30
0.0
 40
13.38999939
1001
PHOENIX7010
1002
{
1070
    62
1070
     7
1070
    41
1040
1.0
1002
}
  0
TEXT
  5
19016
102
{ACAD_REACTORS
330
1901D
102
}
330
2
100
AcDbEntity
  8
0
  6
Continuous
 62
     5
370
    50
100
AcDbText
 10
301.9841213508263
 20
28.32499419735734
 30
0.0
 40
2.5
  1

 41
1.228499994575977
100
AcDbText
1001
PHOENIX7010
1002
{
1070
    62
1070
     5
1070
    41
1040
1.0
1002
}
  0
TEXT
  5
19017
102
{ACAD_REACTORS
330
1901D
102
}
330
2
100
AcDbEntity
  8
0
  6
Continuous
 62
     5
370
    50
100
AcDbText
 10
488.4863062784385
 20
240.715399046686
 30
0.0
 40
2.5
  1
PG 29
 41
1.199999999999999
100
AcDbText
1001
PHOENIX7010
1002
{
1070
    62
1070
     5
1070
    41
1040
1.0
1002
}
  0
LINE
  5
19018
102
{ACAD_REACTORS
330
1901D
102
}
330
2
100
AcDbEntity
  8
0
  6
ACAD_ISO04W100
 62
     1
370
    50
100
AcDbLine
 10
486.9863061884386
 20
264.465399046686
 30
0.0
 11
486.9863078084385
 21
213.9653990466859
 31
0.0
1001
PHOENIX7010
1002
{
1070
    62
1070
     1
1070
    41
1040
1.0
1002
}
  0
LINE
  5
19019
102
{ACAD_REACTORS
330
1901D
102
}
330
2
100
AcDbEntity
  8
0
  6
ACAD_ISO04W100
 62
     1
370
    50
100
AcDbLine
 10
512.2363069984385
 20
239.215399856686
 30
0.0
 11
461.7363069984384
 21
239.215398236686
 31
0.0
1001
PHOENIX7010
1002
{
1070
    62
1070
     1
1070
    41
1040
1.0
1002
}
  0
ARC
  5
1901A
102
{ACAD_REACTORS
330
1901D
102
}
330
2
100
AcDbEntity
  8
0
  6
Continuous
 62
     1
370
    50
100
AcDbCircle
 10
486.9863069984385
 20
239.215399046686
 30
0.0
 40
18.50000179999998
100
AcDbArc
 50
10.00001173420629
 51
280.0000117121692
1001
PHOENIX7010
1002
{
1070
    62
1070
     1
1070
    41
1040
1.0
1002
}
  0
CIRCLE
  5
1901B
102
{ACAD_REACTORS
330
1901D
102
}
330
2
100
AcDbEntity
  8
0
  6
Continuous
 62
     7
370
    50
100
AcDbCircle
 10
486.9863069984385
 20
239.215399046686
 30
0.0
 40
17.73999786
1001
PHOENIX7010
1002
{
1070
    62
1070
     7
1070
    41
1040
1.0
1002
}
  0
TEXT
  5
19022
102
{ACAD_REACTORS
330
19029
102
}
330
2
100
AcDbEntity
  8
0
  6
Continuous
 62
     5
370
    50
100
AcDbText
 10
301.5674635208263
 20
-28.13418057782064
 30
0.0
 40
2.5
  1

 41
1.228499994575977
  7
TZZCHN
100
AcDbText
1001
PHOENIX7010
1002
{
1070
    62
1070
     5
1070
    41
1040
1.0
1002
}
  0
TEXT
  5
19023
102
{ACAD_REACTORS
330
19029
102
}
330
2
100
AcDbEntity
  8
0
  6
Continuous
 62
     5
370
    50
100
AcDbText
 10
488.0696484484385
 20
184.256224271508
 30
0.0
 40
2.5
  1
PG 36
 41
1.199999999999999
100
AcDbText
1001
PHOENIX7010
1002
{
1070
    62
1070
     5
1070
    41
1040
1.0
1002
}
  0
LINE
  5
19024
102
{ACAD_REACTORS
330
19029
102
}
330
2
100
AcDbEntity
  8
0
  6
ACAD_ISO04W100
 62
     1
370
    50
100
AcDbLine
 10
486.9863078084385
 20
216.006224271508
 30
0.0
 11
486.9863078084385
 21
149.506224271508
 31
0.0
1001
PHOENIX7010
1002
{
1070
    62
1070
     1
1070
    41
1040
1.0
1002
}
  0
LINE
  5
19025
102
{ACAD_REACTORS
330
19029
102
}
330
2
100
AcDbEntity
  8
0
  6
ACAD_ISO04W100
 62
     1
370
    50
100
AcDbLine
 10
520.2363078084386
 20
182.756224271508
 30
0.0
 11
453.7363078084385
 21
182.756224271508
 31
0.0
1001
PHOENIX7010
1002
{
1070
    62
1070
     1
1070
    41
1040
1.0
1002
}
  0
ARC
  5
19026
102
{ACAD_REACTORS
330
19029
102
}
330
2
100
AcDbEntity
  8
0
  6
Continuous
 62
     1
370
    50
100
AcDbCircle
 10
486.9863078084385
 20
182.756224271508
 30
0.0
 40
23.50000097000001
100
AcDbArc
 50
10.00000944237946
 51
280.0000094203275
1001
PHOENIX7010
1002
{
1070
    62
1070
     1
1070
    41
1040
1.0
1002
}
  0
CIRCLE
  5
19027
102
{ACAD_REACTORS
330
19029
102
}
330
2
100
AcDbEntity
  8
0
  6
Continuous
 62
     7
370
    50
100
AcDbCircle
 10
486.9863078084385
 20
182.756224271508
 30
0.0
 40
22.73999786
1001
PHOENIX7010
1002
{
1070
    62
1070
     7
1070
    41
1040
1.0
1002
}
  0
TEXT
  5
19031
102
{ACAD_REACTORS
330
19038
102
}
330
2
100
AcDbEntity
  8
0
  6
Continuous
 62
     5
370
    50
100
AcDbText
 10
301.9841228808264
 20
-95.24391089967002
 30
0.0
 40
2.5
  1

 41
1.228499994575977
100
AcDbText
1001
PHOENIX7010
1002
{
1070
    62
1070
     5
1070
    41
1040
1.0
1002
}
  0
TEXT
  5
19032
102
{ACAD_REACTORS
330
19038
102
}
330
2
100
AcDbEntity
  8
0
  6
Continuous
 62
     5
370
    50
100
AcDbText
 10
488.4863078084386
 20
117.1464939496586
 30
0.0
 40
2.5
  1
PG 42
 41
1.199999999999999
100
AcDbText
1001
PHOENIX7010
1002
{
1070
    62
1070
     5
1070
    41
1040
1.0
1002
}
  0
LINE
  5
19033
102
{ACAD_REACTORS
330
19038
102
}
330
2
100
AcDbEntity
  8
0
  6
ACAD_ISO04W100
 62
     1
370
    50
100
AcDbLine
 10
486.9863078084386
 20
152.3964939496586
 30
0.0
 11
486.9863078084386
 21
78.89649394965878
 31
0.0
1001
PHOENIX7010
1002
{
1070
    62
1070
     1
1070
    41
1040
1.0
1002
}
  0
LINE
  5
19034
102
{ACAD_REACTORS
330
19038
102
}
330
2
100
AcDbEntity
  8
0
  6
ACAD_ISO04W100
 62
     1
370
    50
100
AcDbLine
 10
523.7363078084386
 20
115.6464939496586
 30
0.0
 11
450.2363078084385
 21
115.6464939496586
 31
0.0
1001
PHOENIX7010
1002
{
1070
    62
1070
     1
1070
    41
1040
1.0
1002
}
  0
ARC
  5
19035
102
{ACAD_REACTORS
330
19038
102
}
330
2
100
AcDbEntity
  8
0
  6
Continuous
 62
     1
370
    50
100
AcDbCircle
 10
486.9863078084386
 20
115.6464939496586
 30
0.0
 40
27.00000100999995
100
AcDbArc
 50
10.00001116124088
 51
280.0000111392153
1001
PHOENIX7010
1002
{
1070
    62
1070
     1
1070
    41
1040
1.0
1002
}
  0
CIRCLE
  5
19036
102
{ACAD_REACTORS
330
19038
102
}
330
2
100
AcDbEntity
  8
0
  6
Continuous
 62
     7
370
    50
100
AcDbCircle
 10
486.9863078084386
 20
115.6464939496586
 30
0.0
 40
26.23999405
1001
PHOENIX7010
1002
{
1070
    62
1070
     7
1070
    41
1040
1.0
1002
}
  0
CIRCLE
  5
1C4E2
102
{ACAD_REACTORS
330
1CE1E
102
}
330
2
100
AcDbEntity
  8
0
  6
Continuous
 62
     7
370
    50
100
AcDbCircle
 10
262.7276578853265
 20
255.0637373236257
 30
0.0
 40
6.5
1001
PHOENIX7010
1002
{
1070
    41
1040
1.0
1002
}
  0
LINE
  5
1C4E3
330
2
100
AcDbEntity
  8
0
  6
ACAD_ISO04W100
 62
     1
 48
0.2770491803278685
370
    25
100
AcDbLine
 10
271.1776578853265
 20
255.0637373236257
 30
0.0
 11
254.2776578853265
 21
255.0637373236257
 31
0.0
1001
PHOENIX7010
1002
{
1070
    41
1040
1.0
1002
}
  0
LINE
  5
1C4E4
330
2
100
AcDbEntity
  8
0
  6
ACAD_ISO04W100
 62
     1
 48
0.2770491803278685
370
    25
100
AcDbLine
 10
262.7276578853265
 20
263.5137373236257
 30
0.0
 11
262.7276578853265
 21
246.6137373236257
 31
0.0
1001
PHOENIX7010
1002
{
1070
    41
1040
1.0
1002
}
  0
CIRCLE
  5
1C4E5
102
{ACAD_REACTORS
330
1D24D
102
}
330
2
100
AcDbEntity
  8
0
  6
Continuous
 62
     7
370
    50
100
AcDbCircle
 10
262.7276578853265
 20
233.1186004912565
 30
0.0
 40
7.849999999999994
1001
PHOENIX7010
1002
{
1070
    41
1040
1.0
1002
}
  0
LINE
  5
1C4E6
330
2
100
AcDbEntity
  8
0
  6
ACAD_ISO04W100
 62
     1
 48
0.3345901639344257
370
    25
100
AcDbLine
 10
272.9326578853265
 20
233.1186004912565
 30
0.0
 11
252.5226578853265
 21
233.1186004912565
 31
0.0
1001
PHOENIX7010
1002
{
1070
    41
1040
1.0
1002
}
  0
LINE
  5
1C4E7
330
2
100
AcDbEntity
  8
0
  6
ACAD_ISO04W100
 62
     1
 48
0.3345901639344257
370
    25
100
AcDbLine
 10
262.7276578853265
 20
243.3236004912565
 30
0.0
 11
262.7276578853265
 21
222.9136004912565
 31
0.0
1001
PHOENIX7010
1002
{
1070
    41
1040
1.0
1002
}
  0
CIRCLE
  5
1C4E8
102
{ACAD_REACTORS
330
1D4CE
102
}
330
2
100
AcDbEntity
  8
0
  6
Continuous
 62
     7
370
    50
100
AcDbCircle
 10
262.7276578853265
 20
205.5246027196326
 30
0.0
 40
9.5
1001
PHOENIX7010
1002
{
1070
    41
1040
1.0
1002
}
  0
LINE
  5
1C4E9
330
2
100
AcDbEntity
  8
0
  6
ACAD_ISO04W100
 62
     1
 48
0.404918032786885
370
    25
100
AcDbLine
 10
275.0776578853265
 20
205.5246027196326
 30
0.0
 11
250.3776578853265
 21
205.5246027196326
 31
0.0
1001
PHOENIX7010
1002
{
1070
    41
1040
1.0
1002
}
  0
LINE
  5
1C4EA
330
2
100
AcDbEntity
  8
0
  6
ACAD_ISO04W100
 62
     1
 48
0.404918032786885
370
    25
100
AcDbLine
 10
262.7276578853265
 20
217.8746027196327
 30
0.0
 11
262.7276578853265
 21
193.1746027196326
 31
0.0
1001
PHOENIX7010
1002
{
1070
    41
1040
1.0
1002
}
  0
CIRCLE
  5
1C4EB
102
{ACAD_REACTORS
330
1D6D9
102
}
330
2
100
AcDbEntity
  8
0
  6
Continuous
 62
     7
370
    50
100
AcDbCircle
 10
262.7276578853265
 20
176.0426953023067
 30
0.0
 40
10.5
1001
PHOENIX7010
1002
{
1070
    41
1040
1.0
1002
}
  0
LINE
  5
1C4EC
330
2
100
AcDbEntity
  8
0
  6
ACAD_ISO04W100
 62
     1
 48
0.4475409836065576
370
    25
100
AcDbLine
 10
276.3776578853265
 20
176.0426953023067
 30
0.0
 11
249.0776578853265
 21
176.0426953023067
 31
0.0
1001
PHOENIX7010
1002
{
1070
    41
1040
1.0
1002
}
  0
LINE
  5
1C4ED
330
2
100
AcDbEntity
  8
0
  6
ACAD_ISO04W100
 62
     1
 48
0.4475409836065576
370
    25
100
AcDbLine
 10
262.7276578853265
 20
189.6926953023067
 30
0.0
 11
262.7276578853265
 21
162.3926953023067
 31
0.0
1001
PHOENIX7010
1002
{
1070
    41
1040
1.0
1002
}
  0
CIRCLE
  5
1C4EE
102
{ACAD_REACTORS
330
1D8AE
102
}
330
2
100
AcDbEntity
  8
0
  6
Continuous
 62
     7
370
    50
100
AcDbCircle
 10
262.7276578853265
 20
143.2747857908604
 30
0.0
 40
11.5
1001
PHOENIX7010
1002
{
1070
    41
1040
1.0
1002
}
  0
LINE
  5
1C4EF
330
2
100
AcDbEntity
  8
0
  6
ACAD_ISO04W100
 62
     1
 48
0.4901639344262291
370
    25
100
AcDbLine
 10
277.6776578853265
 20
143.2747857908604
 30
0.0
 11
247.7776578853265
 21
143.2747857908604
 31
0.0
1001
PHOENIX7010
1002
{
1070
    41
1040
1.0
1002
}
  0
LINE
  5
1C4F0
330
2
100
AcDbEntity
  8
0
  6
ACAD_ISO04W100
 62
     1
 48
0.4901639344262296
370
    25
100
AcDbLine
 10
262.7276578853265
 20
158.2247857908604
 30
0.0
 11
262.7276578853265
 21
128.3247857908604
 31
0.0
1001
PHOENIX7010
1002
{
1070
    41
1040
1.0
1002
}
  0
CIRCLE
  5
1C4F1
102
{ACAD_REACTORS
330
1DC0B
102
}
330
2
100
AcDbEntity
  8
0
  6
Continuous
 62
     7
370
    50
100
AcDbCircle
 10
262.7276578853265
 20
106.6132658184976
 30
0.0
 40
14.4
1001
PHOENIX7010
1002
{
1070
    41
1040
1.0
1002
}
  0
LINE
  5
1C4F2
330
2
100
AcDbEntity
  8
0
  6
ACAD_ISO04W100
 62
     1
 48
0.6137704918032787
370
    25
100
AcDbLine
 10
281.4476578853265
 20
106.6132658184976
 30
0.0
 11
244.0076578853265
 21
106.6132658184976
 31
0.0
1001
PHOENIX7010
1002
{
1070
    41
1040
1.0
1002
}
  0
LINE
  5
1C4F3
330
2
100
AcDbEntity
  8
0
  6
ACAD_ISO04W100
 62
     1
 48
0.6137704918032792
370
    25
100
AcDbLine
 10
262.7276578853265
 20
125.3332658184977
 30
0.0
 11
262.7276578853265
 21
87.89326581849763
 31
0.0
1001
PHOENIX7010
1002
{
1070
    41
1040
1.0
1002
}
  0
CIRCLE
  5
1C4F4
102
{ACAD_REACTORS
330
1E074
102
}
330
2
100
AcDbEntity
  8
0
  6
Continuous
 62
     7
370
    50
100
AcDbCircle
 10
402.5625833867655
 20
239.2153969713148
 30
0.0
 40
18.75
1001
PHOENIX7010
1002
{
1070
    41
1040
1.0
1002
}
  0
LINE
  5
1C4F5
330
2
100
AcDbEntity
  8
0
  6
ACAD_ISO04W100
 62
     1
 48
0.7991803278688526
370
    25
100
AcDbLine
 10
426.9375833867655
 20
239.2153969713148
 30
0.0
 11
378.1875833867656
 21
239.2153969713148
 31
0.0
1001
PHOENIX7010
1002
{
1070
    41
1040
1.0
1002
}
  0
LINE
  5
1C4F6
330
2
100
AcDbEntity
  8
0
  6
ACAD_ISO04W100
 62
     1
 48
0.7991803278688526
370
    25
100
AcDbLine
 10
402.5625833867655
 20
263.5903969713148
 30
0.0
 11
402.5625833867655
 21
214.8403969713148
 31
0.0
1001
PHOENIX7010
1002
{
1070
    41
1040
1.0
1002
}
  0
CIRCLE
  5
1C4F7
102
{ACAD_REACTORS
330
1E3C1
102
}
330
2
100
AcDbEntity
  8
0
  6
Continuous
 62
     7
370
    50
100
AcDbCircle
 10
402.5625833867655
 20
182.5756788864287
 30
0.0
 40
23.75
1001
PHOENIX7010
1002
{
1070
    41
1040
1.0
1002
}
  0
LINE
  5
1C4F8
330
2
100
AcDbEntity
  8
0
  6
ACAD_ISO04W100
 62
     1
370
    25
100
AcDbLine
 10
433.4375833867656
 20
182.5756788864287
 30
0.0
 11
371.6875833867656
 21
182.5756788864287
 31
0.0
1001
PHOENIX7010
1002
{
1070
    41
1040
1.0
1002
}
  0
LINE
  5
1C4F9
330
2
100
AcDbEntity
  8
0
  6
ACAD_ISO04W100
 62
     1
370
    25
100
AcDbLine
 10
402.5625833867655
 20
213.4506788864287
 30
0.0
 11
402.5625833867655
 21
151.7006788864287
 31
0.0
1001
PHOENIX7010
1002
{
1070
    41
1040
1.0
1002
}
  0
CIRCLE
  5
1C4FA
102
{ACAD_REACTORS
330
1EE3C
102
}
330
2
100
AcDbEntity
  8
0
  6
Continuous
 62
     7
370
    50
100
AcDbCircle
 10
402.5625833867655
 20
115.6464939496586
 30
0.0
 40
27.25
1001
PHOENIX7010
1002
{
1070
    41
1040
1.0
1002
}
  0
LINE
  5
1C4FB
330
2
100
AcDbEntity
  8
0
  6
ACAD_ISO04W100
 62
     1
370
    25
100
AcDbLine
 10
437.9875833867655
 20
115.6464939496586
 30
0.0
 11
367.1375833867656
 21
115.6464939496586
 31
0.0
1001
PHOENIX7010
1002
{
1070
    41
1040
1.0
1002
}
  0
LINE
  5
1C4FC
330
2
100
AcDbEntity
  8
0
  6
ACAD_ISO04W100
 62
     1
370
    25
100
AcDbLine
 10
402.5625833867655
 20
151.0714939496587
 30
0.0
 11
402.5625833867655
 21
80.22149394965865
 31
0.0
1001
PHOENIX7010
1002
{
1070
    41
1040
1.0
1002
}
  0
DIMENSION
  5
1C4FD
102
{ACAD_REACTORS
330
1CE1F
102
}
330
2
100
AcDbEntity
  8
0
  6
Continuous
 62
     7
370
    35
100
AcDbDimension
  2
*D50
 10
256.2276578853265
 20
265.4101444897847
 30
0.0
 11
282.6919219540384
 21
265.4101444897847
 31
0.0
 70
   160
 71
     5
 42
13.0
  3
phoenix
100
AcDbAlignedDimension
 13
269.2276578853265
 23
255.0637373236257
 33
0.0
 14
256.2276578853265
 24
255.0637373236257
 34
0.0
100
AcDbRotatedDimension
1001
ACAD
1000
DSTYLE
1002
{
1070
   173
1070
     1
1070
   140
1040
5.0
1070
     3
1000
%%c<>
1002
}
  0
DIMENSION
  5
1CE41
102
{ACAD_REACTORS
330
1D24E
102
}
330
2
100
AcDbEntity
  8
0
  6
Continuous
 62
     7
370
    35
100
AcDbDimension
  2
*D51
 10
254.8776578853265
 20
244.0834145911046
 30
0.0
 11
286.9176578853265
 21
244.0834145911046
 31
0.0
 70
   160
 71
     5
 42
15.69999999999996
  3
phoenix
100
AcDbAlignedDimension
 13
270.5776578853265
 23
233.1186004912565
 33
0.0
 14
254.8776578853265
 24
233.1186004912565
 34
0.0
100
AcDbRotatedDimension
1001
ACAD
1000
DSTYLE
1002
{
1070
   173
1070
     1
1070
   140
1040
5.0
1070
     3
1000
%%c<>
1002
}
  0
DIMENSION
  5
1D270
102
{ACAD_REACTORS
330
1D4CF
102
}
330
2
100
AcDbEntity
  8
0
  6
Continuous
 62
     7
370
    35
100
AcDbDimension
  2
*D52
 10
253.2276578853265
 20
218.6655429658531
 30
0.0
 11
285.7824383223317
 21
218.6655429658531
 31
0.0
 70
   160
 71
     5
 42
19.0
  3
phoenix
100
AcDbAlignedDimension
 13
272.2276578853265
 23
205.5246027196326
 33
0.0
 14
253.2276578853265
 24
205.5246027196326
 34
0.0
100
AcDbRotatedDimension
1001
ACAD
1000
DSTYLE
1002
{
1070
   173
1070
     1
1070
   140
1040
5.0
1070
     3
1000
%%c<>
1002
}
  0
DIMENSION
  5
1D4F1
102
{ACAD_REACTORS
330
1D6DA
102
}
330
2
100
AcDbEntity
  8
0
  6
Continuous
 62
     7
370
    35
100
AcDbDimension
  2
*D53
 10
252.2276578853265
 20
189.7205879880037
 30
0.0
 11
286.5676578853265
 21
189.7205879880037
 31
0.0
 70
   160
 71
     5
 42
21.0
  3
phoenix
100
AcDbAlignedDimension
 13
273.2276578853265
 23
176.0426953023067
 33
0.0
 14
252.2276578853265
 24
176.0426953023067
 34
0.0
100
AcDbRotatedDimension
1001
ACAD
1000
DSTYLE
1002
{
1070
   173
1070
     1
1070
   140
1040
5.0
1070
     3
1000
%%c<>
1002
}
  0
DIMENSION
  5
1D6FC
102
{ACAD_REACTORS
330
1D8AF
102
}
330
2
100
AcDbEntity
  8
0
  6
Continuous
 62
     7
370
    35
100
AcDbDimension
  2
*D54
 10
251.2276578853265
 20
158.5599686612538
 30
0.0
 11
288.2919219540385
 21
158.5599686612538
 31
0.0
 70
   160
 71
     5
 42
23.0
  3
phoenix
100
AcDbAlignedDimension
 13
274.2276578853265
 23
143.2747857908604
 33
0.0
 14
251.2276578853265
 24
143.2747857908604
 34
0.0
100
AcDbRotatedDimension
1001
ACAD
1000
DSTYLE
1002
{
1070
   173
1070
     1
1070
   140
1040
5.0
1070
     3
1000
%%c<>
1002
}
  0
DIMENSION
  5
1D8D1
102
{ACAD_REACTORS
330
1DC0C
102
}
330
2
100
AcDbEntity
  8
0
  6
Continuous
 62
     7
370
    35
100
AcDbDimension
  2
*D55
 10
248.3276578853265
 20
125.2095261192203
 30
0.0
 11
294.0676578853266
 21
125.2095261192203
 31
0.0
 70
   160
 71
     5
 42
28.80000000000001
  3
phoenix
100
AcDbAlignedDimension
 13
277.1276578853265
 23
106.6132658184976
 33
0.0
 14
248.3276578853265
 24
106.6132658184976
 34
0.0
100
AcDbRotatedDimension
1001
ACAD
1000
DSTYLE
1002
{
1070
   173
1070
     1
1070
   140
1040
5.0
1070
     3
1000
%%c<>
1002
}
  0
DIMENSION
  5
1DC2E
102
{ACAD_REACTORS
330
1E075
102
}
330
2
100
AcDbEntity
  8
0
  6
Continuous
 62
     7
370
    35
100
AcDbDimension
  2
*D56
 10
383.8125833867656
 20
261.2495775316752
 30
0.0
 11
438.3768474554774
 21
261.2495775316752
 31
0.0
 70
   160
 71
     5
 42
37.5
  3
phoenix
100
AcDbAlignedDimension
 13
421.3125833867655
 23
239.2153969713148
 33
0.0
 14
383.8125833867656
 24
239.2153969713148
 34
0.0
100
AcDbRotatedDimension
1001
ACAD
1000
DSTYLE
1002
{
1070
   173
1070
     1
1070
   140
1040
5.0
1070
     3
1000
%%c<>
1002
}
  0
DIMENSION
  5
1E097
102
{ACAD_REACTORS
330
1E3C2
102
}
330
2
100
AcDbEntity
  8
0
  6
Continuous
 62
     7
370
    35
100
AcDbDimension
  2
*D57
 10
378.8125833867656
 20
211.658992869985
 30
0.0
 11
443.6768474554774
 21
211.658992869985
 31
0.0
 70
   160
 71
     5
 42
47.5
  3
phoenix
100
AcDbAlignedDimension
 13
426.3125833867656
 23
182.5756788864287
 33
0.0
 14
378.8125833867656
 24
182.5756788864287
 34
0.0
100
AcDbRotatedDimension
1001
ACAD
1000
DSTYLE
1002
{
1070
   173
1070
     1
1070
   140
1040
5.0
1070
     3
1000
%%c<>
1002
}
  0
DIMENSION
  5
1E3E4
102
{ACAD_REACTORS
330
1EE3D
102
}
330
2
100
AcDbEntity
  8
0
  6
Continuous
 62
     7
370
    35
100
AcDbDimension
  2
*D58
 10
375.3125833867656
 20
148.4296584748513
 30
0.0
 11
447.1768474554774
 21
148.4296584748513
 31
0.0
 70
   160
 71
     5
 42
54.5
  3
phoenix
100
AcDbAlignedDimension
 13
429.8125833867656
 23
115.6464939496586
 33
0.0
 14
375.3125833867656
 24
115.6464939496586
 34
0.0
100
AcDbRotatedDimension
1001
ACAD
1000
DSTYLE
1002
{
1070
   173
1070
     1
1070
   140
1040
5.0
1070
     3
1000
%%c<>
1002
}
  0
LINE
  5
1EE8A
330
2
100
AcDbEntity
  8
0
  6
Continuous
 62
     5
370
    25
100
AcDbLine
 10
182.4593535964836
 20
319.4365521541117
 30
0.0
 11
195.5321601477962
 21
319.4365521541117
 31
0.0
1001
PHOENIX7010
1002
{
1070
    62
1070
     5
1070
    41
1040
0.5
1002
}
  0
TEXT
  5
1EE8B
330
2
100
AcDbEntity
  8
0
  6
Continuous
 62
     5
370
    25
100
AcDbText
 10
183.7034826559001
 20
321.4365521541117
 30
0.0
 40
3.5
  1
M 1:1
 41
1.199999999999999
100
AcDbText
1001
PHOENIX7010
1002
{
1070
    62
1070
     5
1070
    41
1040
0.5
1002
}
  0
LINE
  5
1EE94
330
2
100
AcDbEntity
  8
0
  6
Continuous
 62
     5
370
    25
100
AcDbLine
 10
310.6846717684025
 20
319.6345893461878
 30
0.0
 11
323.757478319715
 21
319.6345893461878
 31
0.0
1001
PHOENIX7010
1002
{
1070
    62
1070
     5
1070
    41
1040
0.5
1002
}
  0
TEXT
  5
1EE95
330
2
100
AcDbEntity
  8
0
  6
Continuous
 62
     5
370
    25
100
AcDbText
 10
311.928800827819
 20
321.6345893461878
 30
0.0
 40
3.5
  1
M 1:1
 41
1.199999999999999
100
AcDbText
1001
PHOENIX7010
1002
{
1070
    62
1070
     5
1070
    41
1040
0.5
1002
}
  0
ARC
  5
1F017
330
2
100
AcDbEntity
  8
Sichtbar (ISO)
100
AcDbCircle
 10
578.4048912575294
 20
137.3101615035827
 30
0.0
 40
5.000000000000311
100
AcDbArc
 50
179.999890261022
 51
224.9998902587719
1001
PHOENIX7010
1002
{
1070
    41
1040
0.2
1002
}
  0
LINE
  5
1F018
102
{ACAD_REACTORS
330
1F06E
102
}
330
2
100
AcDbEntity
  8
Sichtbar (ISO)
100
AcDbLine
 10
573.4048912575381
 20
137.3101710803106
 30
0.0
 11
573.40489820897
 21
140.9395065490431
 31
0.0
1001
PHOENIX7010
1002
{
1070
    41
1040
0.2
1002
}
  0
ARC
  5
1F019
330
2
100
AcDbEntity
  8
Sichtbar (ISO)
100
AcDbCircle
 10
578.4048982089609
 20
140.9394969723152
 30
0.0
 40
5.000000000000023
100
AcDbArc
 50
89.99989025878125
 51
179.999890261022
1001
PHOENIX7010
1002
{
1070
    41
1040
0.2
1002
}
  0
LINE
  5
1F01A
102
{ACAD_REACTORS
330
1F06F
102
}
330
2
100
AcDbEntity
  8
Sichtbar (ISO)
100
AcDbLine
 10
578.4049077856889
 20
145.9394969723061
 30
0.0
 11
609.4049077855613
 21
145.939437596592
 31
0.0
1001
PHOENIX7010
1002
{
1070
    41
1040
0.2
1002
}
  0
ARC
  5
1F01B
102
{ACAD_REACTORS
330
1F070
102
}
330
2
100
AcDbEntity
  8
Sichtbar (ISO)
100
AcDbCircle
 10
609.4048982088325
 20
140.9394375966004
 30
0.0
 40
5.000000000000873
100
AcDbArc
 50
359.999890261022
 51
89.99989025876821
1001
PHOENIX7010
1002
{
1070
    41
1040
0.2
1002
}
  0
LINE
  5
1F01C
102
{ACAD_REACTORS
330
1F071
102
}
330
2
100
AcDbEntity
  8
Sichtbar (ISO)
100
AcDbLine
 10
614.404898208824
 20
140.939428019873
 30
0.0
 11
614.4048912560283
 21
137.3093804673518
 31
0.0
1001
PHOENIX7010
1002
{
1070
    41
1040
0.2
1002
}
  0
ARC
  5
1F01D
102
{ACAD_REACTORS
330
1F072
102
}
330
2
100
AcDbEntity
  8
Sichtbar (ISO)
100
AcDbCircle
 10
609.404891256039
 20
137.3093900440798
 30
0.0
 40
4.99999999999864
100
AcDbArc
 50
315.2767890521638
 51
359.9998902576999
1001
PHOENIX7010
1002
{
1070
    41
1040
0.2
1002
}
  0
LINE
  5
1F01E
330
2
100
AcDbEntity
  8
Sichtbar (ISO)
100
AcDbLine
 10
612.9574635816002
 20
133.7909770678013
 30
0.0
 11
612.5536106345048
 21
133.3832032183064
 31
0.0
1001
PHOENIX7010
1002
{
1070
    41
1040
0.2
1002
}
  0
ARC
  5
1F01F
102
{ACAD_REACTORS
330
1F073
102
}
330
2
100
AcDbEntity
  8
Sichtbar (ISO)
100
AcDbCircle
 10
614.3298967972889
 20
131.6239967301661
 30
0.0
 40
2.500000000002699
100
AcDbArc
 50
135.2767890522003
 51
179.999890261022
1001
PHOENIX7010
1002
{
1070
    41
1040
0.2
1002
}
  0
LINE
  5
1F020
102
{ACAD_REACTORS
330
1F074
102
}
330
2
100
AcDbEntity
  8
Sichtbar (ISO)
100
AcDbLine
 10
611.8298967972905
 20
131.6240015185317
 30
0.0
 11
611.8298916553899
 21
128.9394203106335
 31
0.0
1001
PHOENIX7010
1002
{
1070
    41
1040
0.2
1002
}
  0
ARC
  5
1F021
102
{ACAD_REACTORS
330
1F075
102
}
330
2
100
AcDbEntity
  8
Sichtbar (ISO)
100
AcDbCircle
 10
606.829891655399
 20
128.9394298873614
 30
0.0
 40
4.999999999999971
100
AcDbArc
 50
269.9998902587812
 51
359.9998902576999
1001
PHOENIX7010
1002
{
1070
    41
1040
0.2
1002
}
  0
LINE
  5
1F022
102
{ACAD_REACTORS
330
1F076
102
}
330
2
100
AcDbEntity
  8
Sichtbar (ISO)
100
AcDbLine
 10
606.8298820786708
 20
123.9394298873711
 30
0.0
 11
580.9798820787793
 21
123.9394793990552
 31
0.0
1001
PHOENIX7010
1002
{
1070
    41
1040
0.2
1002
}
  0
ARC
  5
1F023
330
2
100
AcDbEntity
  8
Sichtbar (ISO)
100
AcDbCircle
 10
580.9798916555077
 20
128.9394793990461
 30
0.0
 40
5.000000000000171
100
AcDbArc
 50
179.999890261022
 51
269.9998902587747
1001
PHOENIX7010
1002
{
1070
    41
1040
0.2
1002
}
  0
LINE
  5
1F024
102
{ACAD_REACTORS
330
1F077
102
}
330
2
100
AcDbEntity
  8
Sichtbar (ISO)
100
AcDbLine
 10
575.9798916555166
 20
128.9394889757741
 30
0.0
 11
575.979896805994
 21
131.6285479997534
 31
0.0
1001
PHOENIX7010
1002
{
1070
    41
1040
0.2
1002
}
  0
ARC
  5
1F025
330
2
100
AcDbEntity
  8
Sichtbar (ISO)
100
AcDbCircle
 10
573.4798968059965
 20
131.6285527881174
 30
0.0
 40
2.500000000002289
100
AcDbArc
 50
359.999890261022
 51
44.99989025875345
1001
PHOENIX7010
1002
{
1070
    41
1040
0.2
1002
}
  0
LINE
  5
1F026
330
2
100
AcDbEntity
  8
Sichtbar (ISO)
100
AcDbLine
 10
575.2476671448467
 20
133.3963163551962
 30
0.0
 11
574.8693505798333
 21
133.7746343694263
 31
0.0
1001
PHOENIX7010
1002
{
1070
    41
1040
0.2
1002
}
  0
LINE
  5
1F027
102
{ACAD_REACTORS
330
1F078
102
}
330
2
100
AcDbEntity
  8
Skizziergeometrie (ISO)
 62
     1
370
    18
100
AcDbLine
 10
573.4048912575381
 20
137.3101710803108
 30
0.0
 11
573.4048872907278
 21
135.2391032684504
 31
0.0
1001
PHOENIX7010
1002
{
1070
    41
1040
0.2
1002
}
  0
LINE
  5
1F028
102
{ACAD_REACTORS
330
1F053
330
1F054
102
}
330
2
100
AcDbEntity
  8
Skizziergeometrie (ISO)
 62
     1
370
    18
100
AcDbLine
 10
575.2476671448467
 20
133.3963163551959
 30
0.0
 11
573.4048872907278
 21
135.2391032684504
 31
0.0
1001
PHOENIX7010
1002
{
1070
    41
1040
0.2
1002
}
  0
DIMENSION
  5
1F02B
102
{ACAD_REACTORS
330
1F055
102
}
330
2
100
AcDbEntity
  8
0
  6
Continuous
 62
     1
370
    35
100
AcDbDimension
  2
*D59
 10
562.97819282682
 20
145.9394672844176
 30
0.0
 11
561.2281928268199
 21
134.9394609638152
 31
0.0
 70
    32
 71
     5
 42
4.400002528240887
  3
phoenix
100
AcDbAlignedDimension
 13
593.9048820787251
 23
123.9394546432131
 33
0.0
 14
593.904924216353
 24
145.9394672844176
 34
0.0
 50
90.0
100
AcDbRotatedDimension
1001
ACAD
1000
DSTYLE
1002
{
1070
   144
1040
0.2
1070
   173
1070
     1
1070
   271
1070
     3
1070
   272
1070
     3
1070
   179
1070
     3
1002
}
1001
PHOENIX7010
1002
{
1070
    41
1040
0.2
1002
}
  0
DIMENSION
  5
1F02C
102
{ACAD_REACTORS
330
1F056
102
}
330
2
100
AcDbEntity
  8
0
  6
Continuous
 62
     1
370
    35
100
AcDbDimension
  2
*D60
 10
568.1197144276368
 20
135.2391032684504
 30
0.0
 11
566.3694683646446
 21
140.5893001203781
 31
0.0
 70
    32
 71
     5
 42
2.140078740771144
  3
phoenix
100
AcDbAlignedDimension
 13
578.4049077856889
 23
145.9394969723061
 33
0.0
 14
573.4048872907278
 24
135.2391032684504
 34
0.0
 50
90.0
100
AcDbRotatedDimension
1001
ACAD
1000
DSTYLE
1002
{
1070
   144
1040
0.2
1070
   173
1070
     1
1070
   271
1070
     3
1070
   272
1070
     3
1070
   179
1070
     3
1002
}
1001
PHOENIX7010
1002
{
1070
    41
1040
0.2
1002
}
  0
DIMENSION
  5
1F02D
102
{ACAD_REACTORS
330
1F057
102
}
330
2
100
AcDbEntity
  8
0
  6
Continuous
 62
     1
370
    35
100
AcDbDimension
  2
*D61
 10
614.4048947324262
 20
155.8732641707667
 30
0.0
 11
593.9048947328401
 21
157.6235102337588
 31
0.0
 70
    32
 71
     5
 42
8.199999999834426
  3
phoenix
100
AcDbAlignedDimension
 13
573.404894733254
 23
139.1248388146768
 33
0.0
 14
614.4048947324262
 24
139.1244042436124
 34
0.0
100
AcDbRotatedDimension
1001
ACAD
1000
DSTYLE
1002
{
1070
   144
1040
0.2
1070
   173
1070
     1
1070
   271
1070
     3
1070
   272
1070
     3
1070
   179
1070
     3
1002
}
1001
PHOENIX7010
1002
{
1070
    41
1040
0.2
1002
}
  0
DIMENSION
  5
1F02E
102
{ACAD_REACTORS
330
1F058
102
}
330
2
100
AcDbEntity
  8
0
  6
Continuous
 62
     1
370
    35
100
AcDbDimension
  2
*D62
 10
611.8298942263402
 20
113.7014442325308
 30
0.0
 11
593.9048942285478
 21
115.4514442325308
 31
0.0
 70
    32
 71
     5
 42
7.169999999116976
  3
phoenix
100
AcDbAlignedDimension
 13
575.9798942307553
 23
130.2840184877638
 33
0.0
 14
611.8298942263402
 24
130.2817109145826
 34
0.0
100
AcDbRotatedDimension
1001
ACAD
1000
DSTYLE
1002
{
1070
   144
1040
0.2
1070
   173
1070
     1
1070
   271
1070
     3
1070
   272
1070
     3
1070
   179
1070
     3
1002
}
1001
PHOENIX7010
1002
{
1070
    41
1040
0.2
1002
}
  0
DIMENSION
  5
1F02F
102
{ACAD_REACTORS
330
1F059
102
}
330
2
100
AcDbEntity
  8
0
  6
Continuous
 62
     1
370
    35
100
AcDbDimension
  2
*D63
 10
573.4048872907278
 20
135.2391032684504
 30
0.0
 11
585.1394018055901
 21
140.5417951142749
 31
0.0
 70
   162
 71
     5
 42
2.356194490192992
  3
phoenix
100
AcDb2LineAngularDimension
 13
575.2476671448467
 23
133.3963163551959
 33
0.0
 14
573.4048872907278
 24
135.2391032684504
 34
0.0
 15
573.4048912575381
 25
137.3101710803108
 35
0.0
 16
586.2818967149178
 26
135.2390786045241
 36
0.0
1001
PHOENIX7010
1002
{
1070
    41
1040
0.2
1002
}
1001
ACAD
1000
DSTYLE
1002
{
1070
   173
1070
     1
1070
   271
1070
     3
1070
   272
1070
     3
1070
   179
1070
     3
1070
   144
1040
0.2
1002
}
  0
DIMENSION
  5
1F030
102
{ACAD_REACTORS
330
1F05A
102
}
330
2
100
AcDbEntity
  8
0
  6
Continuous
 62
     1
370
    35
100
AcDbDimension
  2
*D64
 10
606.8298916553989
 20
128.9394298873616
 30
0.0
 11
620.0599726766848
 21
117.5939323754168
 31
0.0
 70
   164
 71
     5
 42
1.000000000000034
  3
phoenix$4
100
AcDbRadialDimension
 15
610.6254051056984
 25
125.6845754131038
 35
0.0
 40
0.0
1001
PHOENIX7010
1002
{
1070
    41
1040
0.2
1002
}
1001
ACAD
1000
DSTYLE
1002
{
1070
   279
1070
     1
1070
   144
1040
0.2
1070
   173
1070
     1
1070
   147
1040
0.5
1070
   271
1070
     3
1070
   272
1070
     3
1070
   179
1070
     3
1070
    79
1070
     2
1070
   140
1040
2.5
1002
}
  0
DIMENSION
  5
1F031
102
{ACAD_REACTORS
330
1F05B
102
}
330
2
100
AcDbEntity
  8
0
  6
Continuous
 62
     1
370
    35
100
AcDbDimension
  2
*D65
 10
614.3298967972886
 20
131.6239967301662
 30
0.0
 11
623.630213547889
 21
127.3476408220884
 31
0.0
 70
   164
 71
     5
 42
0.5000000000004775
  3
phoenix$4
100
AcDbRadialDimension
 15
612.0585047367937
 25
132.6683999605004
 35
0.0
 40
0.0
1001
PHOENIX7010
1002
{
1070
    41
1040
0.2
1002
}
1001
ACAD
1000
DSTYLE
1002
{
1070
   279
1070
     1
1070
   144
1040
0.2
1070
   173
1070
     1
1070
   147
1040
0.5
1070
   271
1070
     3
1070
   272
1070
     3
1070
   179
1070
     3
1070
    79
1070
     2
1070
   140
1040
2.5
1002
}
  0
DIMENSION
  5
1F032
102
{ACAD_REACTORS
330
1F05C
102
}
330
2
100
AcDbEntity
  8
0
  6
Continuous
 62
     1
370
    35
100
AcDbDimension
  2
*D66
 10
609.404891256039
 20
137.3093900440796
 30
0.0
 11
624.9789731423115
 21
134.0087094281991
 31
0.0
 70
   164
 71
     5
 42
0.9999999999997044
  3
phoenix$4
100
AcDbRadialDimension
 15
614.2962474828282
 25
136.2727443656361
 35
0.0
 40
0.0
1001
PHOENIX7010
1002
{
1070
    41
1040
0.2
1002
}
1001
ACAD
1000
DSTYLE
1002
{
1070
   279
1070
     1
1070
   144
1040
0.2
1070
   173
1070
     1
1070
   147
1040
0.5
1070
   271
1070
     3
1070
   272
1070
     3
1070
   179
1070
     3
1070
    79
1070
     2
1070
   140
1040
2.5
1002
}
  0
DIMENSION
  5
1F033
102
{ACAD_REACTORS
330
1F05D
102
}
330
2
100
AcDbEntity
  8
0
  6
Continuous
 62
     1
370
    35
100
AcDbDimension
  2
*D67
 10
609.4048982088319
 20
140.9394375966004
 30
0.0
 11
623.2335214977487
 21
151.1371722340483
 31
0.0
 70
   164
 71
     5
 42
1.00000000000025
  3
phoenix$4
100
AcDbRadialDimension
 15
613.42903438498
 25
143.9069833899841
 35
0.0
 40
0.0
1001
PHOENIX7010
1002
{
1070
    41
1040
0.2
1002
}
1001
ACAD
1000
DSTYLE
1002
{
1070
   279
1070
     1
1070
   144
1040
0.2
1070
   173
1070
     1
1070
   147
1040
0.5
1070
   271
1070
     3
1070
   272
1070
     3
1070
   179
1070
     3
1070
    79
1070
     2
1070
   140
1040
2.5
1002
}
  0
LINE
  5
1F034
330
2
100
AcDbEntity
  8
0
  6
ACAD_ISO04W100
 62
     1
 48
0.4286342903334276
370
    25
100
AcDbLine
 10
593.9049121672785
 20
148.2271239641605
 30
0.0
 11
593.9048612663348
 21
121.6517979635367
 31
0.0
1001
PHOENIX7010
1002
{
1070
    41
1040
0.2
1002
}
  0
LINE
  5
1F035
102
{ACAD_REACTORS
330
1F05E
102
}
330
2
100
AcDbEntity
  8
0
  6
Continuous
 62
     7
370
    50
100
AcDbLine
 10
588.5405723964888
 20
279.5223180267573
 30
0.0
 11
599.5405723964888
 21
279.5223180267573
 31
0.0
1001
PHOENIX7010
1002
{
1070
    41
1040
1.0
1002
}
  0
ARC
  5
1F036
330
2
100
AcDbEntity
  8
0
  6
Continuous
 62
     7
370
    50
100
AcDbCircle
 10
599.5405723964888
 20
278.5223180267573
 30
0.0
 40
1.0
100
AcDbArc
 50
0.0
 51
90.0
1001
PHOENIX7010
1002
{
1070
    41
1040
1.0
1002
}
  0
ARC
  5
1F037
330
2
100
AcDbEntity
  8
0
  6
Continuous
 62
     7
370
    50
100
AcDbCircle
 10
588.5405723964888
 20
278.5223180267573
 30
0.0
 40
1.0
100
AcDbArc
 50
90.0
 51
180.0
1001
PHOENIX7010
1002
{
1070
    41
1040
1.0
1002
}
  0
LINE
  5
1F038
102
{ACAD_REACTORS
330
1F05F
102
}
330
2
100
AcDbEntity
  8
0
  6
Continuous
 62
     7
370
    50
100
AcDbLine
 10
587.5405723964888
 20
278.5223180267573
 30
0.0
 11
587.5405723964888
 21
275.0223180267573
 31
0.0
1001
PHOENIX7010
1002
{
1070
    41
1040
1.0
1002
}
  0
ARC
  5
1F039
102
{ACAD_REACTORS
330
1F060
102
}
330
2
100
AcDbEntity
  8
0
  6
Continuous
 62
     7
370
    50
100
AcDbCircle
 10
588.5405723964888
 20
275.0223180267573
 30
0.0
 40
1.0
100
AcDbArc
 50
180.0
 51
270.0
1001
PHOENIX7010
1002
{
1070
    41
1040
1.0
1002
}
  0
LINE
  5
1F03A
102
{ACAD_REACTORS
330
1F061
102
}
330
2
100
AcDbEntity
  8
0
  6
Continuous
 62
     7
370
    50
100
AcDbLine
 10
588.5405723964888
 20
274.0223180267573
 30
0.0
 11
599.5405723964888
 21
274.0223180267573
 31
0.0
1001
PHOENIX7010
1002
{
1070
    41
1040
1.0
1002
}
  0
LINE
  5
1F03B
102
{ACAD_REACTORS
330
1F062
102
}
330
2
100
AcDbEntity
  8
0
  6
Continuous
 62
     7
370
    50
100
AcDbLine
 10
600.5405723964888
 20
278.5223180267573
 30
0.0
 11
600.5405723964888
 21
275.0223180267573
 31
0.0
1001
PHOENIX7010
1002
{
1070
    41
1040
1.0
1002
}
  0
ARC
  5
1F03C
330
2
100
AcDbEntity
  8
0
  6
Continuous
 62
     7
370
    50
100
AcDbCircle
 10
599.5405723964888
 20
275.0223180267573
 30
0.0
 40
1.0
100
AcDbArc
 50
270.0
 51
0.0
1001
PHOENIX7010
1002
{
1070
    41
1040
1.0
1002
}
  0
MTEXT
  5
1F03D
102
{ACAD_XDICTIONARY
360
1F03E
102
}
330
2
100
AcDbEntity
  8
0
  6
Continuous
 62
     1
370
    20
100
AcDbMText
 10
594.0405723964889
 20
301.6993269023737
 30
0.0
 40
3.5
 41
0.0
 71
     7
 72
     5
  1
{\L\C5;USB - Typ A\P\Q20;USB - Type A }
 73
     1
 44
1.0
1001
PHOENIX7010
1002
{
1070
    41
1040
0.5
1002
}
1001
ACAD
1000
MTEXTBEGIN
1070
    73
1070
     1
1070
    44
1040
1.0
1070
    74
1070
     0
1000
MTEXTEND
  0
DIMENSION
  5
1F03F
102
{ACAD_REACTORS
330
1F063
102
}
330
2
100
AcDbEntity
  8
0
  6
Continuous
 62
     7
370
    35
100
AcDbDimension
  2
*D68
 10
600.5405723964888
 20
265.0325709194833
 30
0.0
 11
594.0405723964889
 21
268.0325709194832
 31
0.0
 70
    32
 71
     5
 42
13.0
  3
phoenix
100
AcDbAlignedDimension
 13
587.5405723964888
 23
275.0223180267573
 33
0.0
 14
600.5405723964888
 24
275.0223180267573
 34
0.0
100
AcDbRotatedDimension
1001
ACAD
1000
DSTYLE
1002
{
1070
   173
1070
     1
1070
   140
1040
5.0
1002
}
  0
DIMENSION
  5
1F040
102
{ACAD_REACTORS
330
1F064
102
}
330
2
100
AcDbEntity
  8
0
  6
Continuous
 62
     7
370
    35
100
AcDbDimension
  2
*D69
 10
609.4245029654853
 20
279.5223180267574
 30
0.0
 11
606.4245029654853
 21
291.7865820954692
 31
0.0
 70
    32
 71
     5
 42
5.5
  3
phoenix
100
AcDbAlignedDimension
 13
599.5405723964888
 23
274.0223180267573
 33
0.0
 14
599.5405723964888
 24
279.5223180267573
 34
0.0
 50
90.0
100
AcDbRotatedDimension
1001
ACAD
1000
DSTYLE
1002
{
1070
   173
1070
     1
1070
   140
1040
5.0
1002
}
  0
DIMENSION
  5
1F041
102
{ACAD_REACTORS
330
1F065
102
}
330
2
100
AcDbEntity
  8
0
  6
Continuous
 62
     7
370
    35
100
AcDbDimension
  2
*D70
 10
588.540572396489
 20
275.0223180267572
 30
0.0
 11
577.6225016214684
 21
266.1200245315941
 31
0.0
 70
   164
 71
     5
  3
phoenix$4
100
AcDbRadialDimension
 15
587.7655490693626
 25
274.3903854018595
 35
0.0
 40
0.0
1001
ACAD
1000
DSTYLE
1002
{
1070
   279
1070
     1
1070
   173
1070
     1
1070
   147
1040
0.5
1070
   271
1070
     6
1070
   272
1070
     6
1070
   179
1070
     4
1070
    79
1070
     2
1070
   140
1040
5.0
1002
}
  0
LINE
  5
1F042
330
2
100
AcDbEntity
  8
0
  6
ACAD_ISO04W100
 62
     1
 48
0.1557377049180323
370
    25
100
AcDbLine
 10
594.0405723964889
 20
272.0223180267573
 30
0.0
 11
594.0405723964889
 21
281.5223180267573
 31
0.0
1001
PHOENIX7010
1002
{
1070
    41
1040
1.0
1002
}
  0
LINE
  5
1F043
330
2
100
AcDbEntity
  8
0
  6
ACAD_ISO04W100
 62
     1
 48
0.2786885245901639
370
    25
100
AcDbLine
 10
585.5405723964889
 20
276.7723180267573
 30
0.0
 11
602.5405723964889
 21
276.7723180267573
 31
0.0
1001
PHOENIX7010
1002
{
1070
    41
1040
1.0
1002
}
  0
TEXT
  5
1F2EE
330
2
100
AcDbEntity
  8
0
  6
Continuous
 62
     5
370
    25
100
AcDbText
 10
618.088051218549
 20
275.9466261582079
 30
0.0
 40
3.5
  1
M 1:1
 41
1.199999999999999
100
AcDbText
1001
PHOENIX7010
1002
{
1070
    62
1070
     5
1070
    41
1040
0.5
1002
}
  0
LINE
  5
1F2EF
330
2
100
AcDbEntity
  8
0
  6
Continuous
 62
     5
370
    25
100
AcDbLine
 10
616.8439221591325
 20
273.9466261582079
 30
0.0
 11
629.9167287104449
 21
273.9466261582079
 31
0.0
1001
PHOENIX7010
1002
{
1070
    62
1070
     5
1070
    41
1040
0.5
1002
}
  0
MTEXT
  5
1F32D
102
{ACAD_XDICTIONARY
360
1F32E
102
}
330
2
100
AcDbEntity
  8
0
  6
Continuous
 62
     1
370
    20
100
AcDbMText
 10
594.9921315111342
 20
242.5836461674594
 30
0.0
 40
3.5
 41
0.0
 71
     7
 72
     5
  1
{\L\C5;USB - Typ B\P\Q20;USB - Type B  }
 73
     1
 44
1.0
1001
PHOENIX7010
1002
{
1070
    41
1040
0.5
1002
}
1001
ACAD
1000
MTEXTBEGIN
1070
    73
1070
     1
1070
    44
1040
1.0
1070
    74
1070
     0
1000
MTEXTEND
  0
LINE
  5
1F32F
102
{ACAD_REACTORS
330
1F33C
102
}
330
2
100
AcDbEntity
  8
0
  6
Continuous
 62
     7
370
    50
100
AcDbLine
 10
585.0405723964889
 20
227.508391720021
 30
0.0
 11
585.0405723964889
 21
214.9883917200211
 31
0.0
1001
PHOENIX7010
1002
{
1070
    41
1040
0.5
1002
}
  0
ARC
  5
1F330
102
{ACAD_REACTORS
330
1F33D
102
}
330
2
100
AcDbEntity
  8
0
  6
Continuous
 62
     7
370
    50
100
AcDbCircle
 10
587.0405723964888
 20
214.9883917200211
 30
0.0
 40
2.0
100
AcDbArc
 50
180.0
 51
270.0
1001
PHOENIX7010
1002
{
1070
    41
1040
0.5
1002
}
  0
LINE
  5
1F331
102
{ACAD_REACTORS
330
1F33E
102
}
330
2
100
AcDbEntity
  8
0
  6
Continuous
 62
     7
370
    50
100
AcDbLine
 10
587.0405723964888
 20
229.508391720021
 30
0.0
 11
601.0405723964888
 21
229.508391720021
 31
0.0
1001
PHOENIX7010
1002
{
1070
    41
1040
0.5
1002
}
  0
ARC
  5
1F332
330
2
100
AcDbEntity
  8
0
  6
Continuous
 62
     7
370
    50
100
AcDbCircle
 10
601.0405723964888
 20
227.508391720021
 30
0.0
 40
2.0
100
AcDbArc
 50
0.0
 51
90.0
1001
PHOENIX7010
1002
{
1070
    41
1040
0.5
1002
}
  0
ARC
  5
1F333
330
2
100
AcDbEntity
  8
0
  6
Continuous
 62
     7
370
    50
100
AcDbCircle
 10
587.0405723964888
 20
227.508391720021
 30
0.0
 40
2.0
100
AcDbArc
 50
90.0
 51
180.0
1001
PHOENIX7010
1002
{
1070
    41
1040
0.5
1002
}
  0
LINE
  5
1F334
102
{ACAD_REACTORS
330
1F33F
102
}
330
2
100
AcDbEntity
  8
0
  6
Continuous
 62
     7
370
    50
100
AcDbLine
 10
587.0405723964888
 20
212.9883917200211
 30
0.0
 11
601.0405723964888
 21
212.9883917200211
 31
0.0
1001
PHOENIX7010
1002
{
1070
    41
1040
0.5
1002
}
  0
ARC
  5
1F335
330
2
100
AcDbEntity
  8
0
  6
Continuous
 62
     7
370
    50
100
AcDbCircle
 10
601.0405723964888
 20
214.9883917200211
 30
0.0
 40
2.0
100
AcDbArc
 50
270.0
 51
0.0
1001
PHOENIX7010
1002
{
1070
    41
1040
0.5
1002
}
  0
LINE
  5
1F336
102
{ACAD_REACTORS
330
1F340
102
}
330
2
100
AcDbEntity
  8
0
  6
Continuous
 62
     7
370
    50
100
AcDbLine
 10
603.0405723964888
 20
214.9883917200211
 30
0.0
 11
603.0405723964888
 21
227.508391720021
 31
0.0
1001
PHOENIX7010
1002
{
1070
    41
1040
0.5
1002
}
  0
DIMENSION
  5
1F337
102
{ACAD_REACTORS
330
1F341
102
}
330
2
100
AcDbEntity
  8
0
  6
Continuous
 62
     7
370
    35
100
AcDbDimension
  2
*D71
 10
603.0405723964888
 20
202.1539239576279
 30
0.0
 11
594.0405723964889
 21
205.1539239576279
 31
0.0
 70
    32
 71
     5
 42
9.0
  3
phoenix
100
AcDbAlignedDimension
 13
585.0405723964889
 23
214.9883917200211
 33
0.0
 14
603.0405723964888
 24
214.9883917200211
 34
0.0
100
AcDbRotatedDimension
1001
ACAD
1000
DSTYLE
1002
{
1070
   144
1040
0.5
1070
   173
1070
     1
1070
   140
1040
5.0
1002
}
1001
PHOENIX7010
1002
{
1070
    41
1040
0.5
1002
}
  0
DIMENSION
  5
1F338
102
{ACAD_REACTORS
330
1F342
102
}
330
2
100
AcDbEntity
  8
0
  6
Continuous
 62
     7
370
    35
100
AcDbDimension
  2
*D72
 10
613.4052502980448
 20
229.5083917200212
 30
0.0
 11
610.4047581720605
 21
221.2483917200209
 31
0.0
 70
    32
 71
     5
 42
8.25999999999999
  3
phoenix
100
AcDbAlignedDimension
 13
601.0405723964888
 23
212.9883917200211
 33
0.0
 14
601.0405723964888
 24
229.508391720021
 34
0.0
 50
90.0
100
AcDbRotatedDimension
1001
ACAD
1000
DSTYLE
1002
{
1070
   144
1040
0.5
1070
   173
1070
     1
1070
   140
1040
5.0
1002
}
1001
PHOENIX7010
1002
{
1070
    41
1040
0.5
1002
}
  0
DIMENSION
  5
1F339
102
{ACAD_REACTORS
330
1F343
102
}
330
2
100
AcDbEntity
  8
0
  6
Continuous
 62
     7
370
    35
100
AcDbDimension
  2
*D73
 10
587.0405723964884
 20
214.9883917200213
 30
0.0
 11
576.4936500384122
 21
203.8058584386705
 31
0.0
 70
   164
 71
     5
 42
0.9999999999998863
  3
phoenix$4
100
AcDbRadialDimension
 15
585.6683131115483
 25
213.5334331450458
 35
0.0
 40
0.0
1001
PHOENIX7010
1002
{
1070
    41
1040
0.5
1002
}
1001
ACAD
1000
DSTYLE
1002
{
1070
   279
1070
     1
1070
   144
1040
0.5
1070
   173
1070
     1
1070
   147
1040
0.5
1070
   271
1070
     6
1070
   272
1070
     6
1070
   179
1070
     4
1070
    79
1070
     2
1070
   140
1040
5.0
1002
}
  0
LINE
  5
1F33A
330
2
100
AcDbEntity
  8
0
  6
ACAD_ISO04W100
 62
     1
 48
0.4019672131147541
370
    25
100
AcDbLine
 10
594.0405723964889
 20
208.9883917200211
 30
0.0
 11
594.0405723964889
 21
233.508391720021
 31
0.0
1001
PHOENIX7010
1002
{
1070
    41
1040
0.5
1002
}
  0
LINE
  5
1F33B
330
2
100
AcDbEntity
  8
0
  6
ACAD_ISO04W100
 62
     1
 48
0.4262295081967213
370
    25
100
AcDbLine
 10
581.0405723964889
 20
221.2483917200211
 30
0.0
 11
607.0405723964888
 21
221.2483917200211
 31
0.0
1001
PHOENIX7010
1002
{
1070
    41
1040
0.5
1002
}
  0
TEXT
  5
1F5BC
330
2
100
AcDbEntity
  8
0
  6
Continuous
 62
     5
370
    25
100
AcDbText
 10
622.087821403007
 20
214.7496317845567
 30
0.0
 40
3.5
  1
M 1:1
 41
1.199999999999999
100
AcDbText
1001
PHOENIX7010
1002
{
1070
    62
1070
     5
1070
    41
1040
0.5
1002
}
  0
LINE
  5
1F5BD
330
2
100
AcDbEntity
  8
0
  6
Continuous
 62
     5
370
    25
100
AcDbLine
 10
620.8436923435904
 20
212.7496317845567
 30
0.0
 11
633.916498894903
 21
212.7496317845567
 31
0.0
1001
PHOENIX7010
1002
{
1070
    62
1070
     5
1070
    41
1040
0.5
1002
}
  0
ARC
  5
1F5D7
330
2
100
AcDbEntity
  8
Sichtbar (ISO)
100
AcDbCircle
 10
590.9405742322497
 20
168.5539623540966
 30
0.0
 40
1.000000000000062
100
AcDbArc
 50
179.999890261022
 51
224.9998902587719
1001
PHOENIX7010
1002
{
1070
    41
1040
1.0
1002
}
  0
LINE
  5
1F5D8
330
2
100
AcDbEntity
  8
Sichtbar (ISO)
100
AcDbLine
 10
589.9405742322515
 20
168.5539642694423
 30
0.0
 11
589.9405756225378
 21
169.2798313631887
 31
0.0
1001
PHOENIX7010
1002
{
1070
    41
1040
1.0
1002
}
  0
ARC
  5
1F5D9
330
2
100
AcDbEntity
  8
Sichtbar (ISO)
100
AcDbCircle
 10
590.940575622536
 20
169.2798294478431
 30
0.0
 40
1.000000000000003
100
AcDbArc
 50
89.99989025878125
 51
179.999890261022
1001
PHOENIX7010
1002
{
1070
    41
1040
1.0
1002
}
  0
LINE
  5
1F5DA
330
2
100
AcDbEntity
  8
Sichtbar (ISO)
100
AcDbLine
 10
590.9405775378815
 20
170.2798294478414
 30
0.0
 11
597.1405775378562
 21
170.2798175726985
 31
0.0
1001
PHOENIX7010
1002
{
1070
    41
1040
1.0
1002
}
  0
ARC
  5
1F5DB
330
2
100
AcDbEntity
  8
Sichtbar (ISO)
100
AcDbCircle
 10
597.1405756225103
 20
169.2798175727002
 30
0.0
 40
1.000000000000174
100
AcDbArc
 50
359.999890261022
 51
89.99989025876821
1001
PHOENIX7010
1002
{
1070
    41
1040
1.0
1002
}
  0
LINE
  5
1F5DC
330
2
100
AcDbEntity
  8
Sichtbar (ISO)
100
AcDbLine
 10
598.1405756225087
 20
169.2798156573547
 30
0.0
 11
598.1405742319496
 21
168.5538061468506
 31
0.0
1001
PHOENIX7010
1002
{
1070
    41
1040
1.0
1002
}
  0
ARC
  5
1F5DD
330
2
100
AcDbEntity
  8
Sichtbar (ISO)
100
AcDbCircle
 10
597.1405742319516
 20
168.5538080621961
 30
0.0
 40
0.999999999999728
100
AcDbArc
 50
315.2767890521638
 51
359.999890261022
1001
PHOENIX7010
1002
{
1070
    41
1040
1.0
1002
}
  0
LINE
  5
1F5DE
330
2
100
AcDbEntity
  8
Sichtbar (ISO)
100
AcDbLine
 10
597.8510886970639
 20
167.8501254669405
 30
0.0
 11
597.7703181076449
 21
167.7685706970414
 31
0.0
1001
PHOENIX7010
1002
{
1070
    41
1040
1.0
1002
}
  0
ARC
  5
1F5DF
330
2
100
AcDbEntity
  8
Sichtbar (ISO)
100
AcDbCircle
 10
598.1255753402015
 20
167.4167293994135
 30
0.0
 40
0.5000000000005396
100
AcDbArc
 50
135.2767890522003
 51
179.999890261022
1001
PHOENIX7010
1002
{
1070
    41
1040
1.0
1002
}
  0
LINE
  5
1F5E0
330
2
100
AcDbEntity
  8
Sichtbar (ISO)
100
AcDbLine
 10
597.6255753402019
 20
167.4167303570865
 30
0.0
 11
597.6255743118217
 21
166.8798141155069
 31
0.0
1001
PHOENIX7010
1002
{
1070
    41
1040
1.0
1002
}
  0
ARC
  5
1F5E1
330
2
100
AcDbEntity
  8
Sichtbar (ISO)
100
AcDbCircle
 10
596.6255743118235
 20
166.8798160308524
 30
0.0
 40
0.9999999999999939
100
AcDbArc
 50
269.9998902587812
 51
359.999890261022
1001
PHOENIX7010
1002
{
1070
    41
1040
1.0
1002
}
  0
LINE
  5
1F5E2
330
2
100
AcDbEntity
  8
Sichtbar (ISO)
100
AcDbLine
 10
596.6255723964779
 20
165.8798160308545
 30
0.0
 11
591.4555723964997
 21
165.8798259331911
 31
0.0
1001
PHOENIX7010
1002
{
1070
    41
1040
1.0
1002
}
  0
ARC
  5
1F5E3
330
2
100
AcDbEntity
  8
Sichtbar (ISO)
100
AcDbCircle
 10
591.4555743118453
 20
166.8798259331894
 30
0.0
 40
1.000000000000034
100
AcDbArc
 50
179.999890261022
 51
269.9998902587747
1001
PHOENIX7010
1002
{
1070
    41
1040
1.0
1002
}
  0
LINE
  5
1F5E4
330
2
100
AcDbEntity
  8
Sichtbar (ISO)
100
AcDbLine
 10
590.4555743118471
 20
166.879827848535
 30
0.0
 11
590.4555753419426
 21
167.4176396533309
 31
0.0
1001
PHOENIX7010
1002
{
1070
    41
1040
1.0
1002
}
  0
ARC
  5
1F5E5
330
2
100
AcDbEntity
  8
Sichtbar (ISO)
100
AcDbCircle
 10
589.9555753419431
 20
167.4176406110035
 30
0.0
 40
0.5000000000004575
100
AcDbArc
 50
359.999890261022
 51
44.99989025875345
1001
PHOENIX7010
1002
{
1070
    41
1040
1.0
1002
}
  0
LINE
  5
1F5E6
330
2
100
AcDbEntity
  8
Sichtbar (ISO)
100
AcDbLine
 10
590.3091294097132
 20
167.7711933244194
 30
0.0
 11
590.2334660967105
 21
167.8468569272653
 31
0.0
1001
PHOENIX7010
1002
{
1070
    41
1040
1.0
1002
}
  0
MTEXT
  5
1F5E7
102
{ACAD_XDICTIONARY
360
1F5E8
102
}
330
2
100
AcDbEntity
  8
0
  6
Continuous
 62
     1
370
    20
100
AcDbMText
 10
593.9048934884315
 20
177.400179833581
 30
0.0
 40
3.5
 41
0.0
 71
     7
 72
     5
  1
{\L\C5;MINI USB\P\Q20;Mini USB}
 73
     1
 44
1.0
1001
PHOENIX7010
1002
{
1070
    41
1040
0.5
1002
}
1001
ACAD
1000
MTEXTBEGIN
1070
    73
1070
     1
1070
    44
1040
1.0
1070
    74
1070
     0
1000
MTEXTEND
  0
LINE
  5
1F5E9
330
2
100
AcDbEntity
  8
0
  6
ACAD_ISO04W100
 62
     1
 48
0.1354839117460798
370
    25
100
AcDbLine
 10
594.0405723964889
 20
163.8798209820228
 30
0.0
 11
594.0405723964889
 21
172.2798235102798
 31
0.0
1001
PHOENIX7010
1002
{
1070
    41
1040
1.0
1002
}
  0
TEXT
  5
1F5FC
330
2
100
AcDbEntity
  8
0
  6
Continuous
 62
     5
370
    25
100
AcDbText
 10
603.6686781403289
 20
167.3849413215343
 30
0.0
 40
3.5
  1
M 1:1
 41
1.199999999999999
100
AcDbText
1001
PHOENIX7010
1002
{
1070
    62
1070
     5
1070
    41
1040
0.5
1002
}
  0
LINE
  5
1F5FD
330
2
100
AcDbEntity
  8
0
  6
Continuous
 62
     5
370
    25
100
AcDbLine
 10
602.4245490809123
 20
165.3849413215344
 30
0.0
 11
615.4973556322249
 21
165.3849413215344
 31
0.0
1001
PHOENIX7010
1002
{
1070
    62
1070
     5
1070
    41
1040
0.5
1002
}
  0
TEXT
  5
1F6EA
330
2
100
AcDbEntity
  8
0
  6
Continuous
 62
     5
370
    25
100
AcDbText
 10
635.9549550252734
 20
125.8781327878037
 30
0.0
 40
3.5
  1
M 5:1
 41
1.199999999999999
100
AcDbText
1001
PHOENIX7010
1002
{
1070
    62
1070
     5
1070
    41
1040
0.5
1002
}
  0
LINE
  5
1F6EB
330
2
100
AcDbEntity
  8
0
  6
Continuous
 62
     5
370
    25
100
AcDbLine
 10
634.7108259658568
 20
123.8781327878037
 30
0.0
 11
647.7836325171694
 21
123.8781327878037
 31
0.0
1001
PHOENIX7010
1002
{
1070
    62
1070
     5
1070
    41
1040
0.5
1002
}
  0
LINE
  5
1F96A
102
{ACAD_REACTORS
330
1F997
102
}
330
2
100
AcDbEntity
  8
0
  6
Continuous
 62
     7
370
    50
100
AcDbLine
 10
706.0832588422827
 20
170.1542253127423
 30
0.0
 11
721.0832588422826
 21
170.1542253127423
 31
0.0
1001
PHOENIX7010
1002
{
1070
    41
1040
1.0
1002
}
  0
LINE
  5
1F96B
102
{ACAD_REACTORS
330
1F998
102
}
330
2
100
AcDbEntity
  8
0
  6
Continuous
 62
     7
370
    50
100
AcDbLine
 10
705.0832588422827
 20
169.1542253127424
 30
0.0
 11
705.0832588422827
 21
156.8242253127423
 31
0.0
1001
PHOENIX7010
1002
{
1070
    41
1040
1.0
1002
}
  0
ARC
  5
1F96C
102
{ACAD_REACTORS
330
1F999
102
}
330
2
100
AcDbEntity
  8
0
  6
Continuous
 62
     7
370
    50
100
AcDbCircle
 10
706.0832588422827
 20
156.8242253127423
 30
0.0
 40
1.0
100
AcDbArc
 50
180.0
 51
270.0
1001
PHOENIX7010
1002
{
1070
    41
1040
1.0
1002
}
  0
ARC
  5
1F96D
330
2
100
AcDbEntity
  8
0
  6
Continuous
 62
     7
370
    50
100
AcDbCircle
 10
706.0832588422827
 20
169.1542253127424
 30
0.0
 40
1.0
100
AcDbArc
 50
90.0
 51
180.0
1001
PHOENIX7010
1002
{
1070
    41
1040
1.0
1002
}
  0
LINE
  5
1F96E
102
{ACAD_REACTORS
330
1F99A
102
}
330
2
100
AcDbEntity
  8
0
  6
Continuous
 62
     7
370
    50
100
AcDbLine
 10
706.0832588422827
 20
155.8242253127423
 30
0.0
 11
721.0832588422826
 21
155.8242253127423
 31
0.0
1001
PHOENIX7010
1002
{
1070
    41
1040
1.0
1002
}
  0
ARC
  5
1F96F
330
2
100
AcDbEntity
  8
0
  6
Continuous
 62
     7
370
    50
100
AcDbCircle
 10
721.0832588422826
 20
156.8242253127423
 30
0.0
 40
1.0
100
AcDbArc
 50
270.0
 51
0.0
1001
PHOENIX7010
1002
{
1070
    41
1040
1.0
1002
}
  0
LINE
  5
1F970
102
{ACAD_REACTORS
330
1F99B
102
}
330
2
100
AcDbEntity
  8
0
  6
Continuous
 62
     7
370
    50
100
AcDbLine
 10
722.0832588422827
 20
156.8242253127423
 30
0.0
 11
722.0832588422827
 21
169.1542253127424
 31
0.0
1001
PHOENIX7010
1002
{
1070
    41
1040
1.0
1002
}
  0
ARC
  5
1F971
330
2
100
AcDbEntity
  8
0
  6
Continuous
 62
     7
370
    50
100
AcDbCircle
 10
721.0832588422826
 20
169.1542253127424
 30
0.0
 40
1.0
100
AcDbArc
 50
0.0
 51
90.0
1001
PHOENIX7010
1002
{
1070
    41
1040
1.0
1002
}
  0
DIMENSION
  5
1F972
102
{ACAD_REACTORS
330
1F99C
102
}
330
2
100
AcDbEntity
  8
0
  6
Continuous
 62
     7
370
    35
100
AcDbDimension
  2
*D75
 10
734.0448546991488
 20
170.1542253127424
 30
0.0
 11
734.0448546991487
 21
139.6599612440302
 31
0.0
 70
   160
 71
     5
 42
14.33000000000004
  3
phoenix
100
AcDbAlignedDimension
 13
721.0832588422826
 23
155.8242253127423
 33
0.0
 14
721.0832588422826
 24
170.1542253127423
 34
0.0
 50
90.0
100
AcDbRotatedDimension
1001
ACAD
1000
DSTYLE
1002
{
1070
   173
1070
     1
1070
   140
1040
5.0
1002
}
  0
DIMENSION
  5
1F973
102
{ACAD_REACTORS
330
1F99D
102
}
330
2
100
AcDbEntity
  8
0
  6
Continuous
 62
     7
370
    35
100
AcDbDimension
  2
*D76
 10
705.0832588422827
 20
138.0003091421384
 30
0.0
 11
713.5832588422827
 21
141.0003091421384
 31
0.0
 70
    32
 71
     5
 42
17.0
  3
phoenix
100
AcDbAlignedDimension
 13
722.0832588422827
 23
156.8242253127423
 33
0.0
 14
705.0832588422827
 24
156.8242253127423
 34
0.0
100
AcDbRotatedDimension
1001
ACAD
1000
DSTYLE
1002
{
1070
   173
1070
     1
1070
   140
1040
5.0
1002
}
  0
MTEXT
  5
1F974
102
{ACAD_XDICTIONARY
360
1F975
102
}
330
2
100
AcDbEntity
  8
0
  6
Continuous
 62
     1
370
    20
100
AcDbMText
 10
713.5832588422827
 20
177.720442028354
 30
0.0
 40
3.5
 41
0.0
 71
     7
 72
     5
  1
{\L\C5;RJ45\P\Q20;RJ45}
 73
     1
 44
1.0
1001
PHOENIX7010
1002
{
1070
    41
1040
0.5
1002
}
1001
ACAD
1000
MTEXTBEGIN
1070
    73
1070
     1
1070
    44
1040
1.0
1070
    74
1070
     0
1000
MTEXTEND
  0
DIMENSION
  5
1F976
102
{ACAD_REACTORS
330
1F99E
102
}
330
2
100
AcDbEntity
  8
0
  6
Continuous
 62
     7
370
    35
100
AcDbDimension
  2
*D77
 10
706.0832588422822
 20
156.8242253127422
 30
0.0
 11
696.2078870318073
 21
147.2972641491159
 31
0.0
 70
   164
 71
     5
 42
0.9999999999996589
  3
phoenix$4
100
AcDbRadialDimension
 15
705.3635704627415
 25
156.1299280879506
 35
0.0
 40
0.0
1001
ACAD
1000
DSTYLE
1002
{
1070
   279
1070
     1
1070
   173
1070
     1
1070
   147
1040
0.5
1070
   271
1070
     6
1070
   272
1070
     6
1070
   179
1070
     4
1070
    79
1070
     2
1070
   140
1040
5.0
1002
}
  0
LINE
  5
1F977
330
2
100
AcDbEntity
  8
0
  6
ACAD_ISO04W100
 62
     1
 48
0.3004918032786887
370
    25
100
AcDbLine
 10
713.5832588422827
 20
172.1542253127424
 30
0.0
 11
713.5832588422827
 21
153.8242253127423
 31
0.0
1001
PHOENIX7010
1002
{
1070
    41
1040
1.0
1002
}
  0
LINE
  5
1F978
330
2
100
AcDbEntity
  8
0
  6
ACAD_ISO04W100
 62
     1
 48
0.3442622950819677
370
    25
100
AcDbLine
 10
724.0832588422827
 20
162.9892253127424
 30
0.0
 11
703.0832588422827
 21
162.9892253127424
 31
0.0
1001
PHOENIX7010
1002
{
1070
    41
1040
1.0
1002
}
  0
MTEXT
  5
1F979
102
{ACAD_XDICTIONARY
360
1F97A
102
}
330
2
100
AcDbEntity
  8
0
  6
Continuous
 62
     1
370
    20
100
AcDbMText
 10
713.8191994373983
 20
301.6982741895664
 30
0.0
 40
3.5
 41
0.0
 71
     7
 72
     5
  1
{\L\C5;HDMI - Typ A\P\Q20;HDMI - Type A }
 73
     1
 44
1.0
1001
PHOENIX7010
1002
{
1070
    41
1040
0.5
1002
}
1001
ACAD
1000
MTEXTBEGIN
1070
    73
1070
     1
1070
    44
1040
1.0
1070
    74
1070
     0
1000
MTEXTEND
  0
MTEXT
  5
1F97B
102
{ACAD_XDICTIONARY
360
1F97C
102
}
330
2
100
AcDbEntity
  8
0
  6
Continuous
 62
     1
370
    20
100
AcDbMText
 10
715.2766859805836
 20
226.4597171576235
 30
0.0
 40
3.5
 41
0.0
 71
     7
 72
     5
  1
{\L\C5;HDMI - 1.3\P\Q20;HDMI - 1.3\P\Q0;Mini-Stecker Typ C\P\Q20;Mini-plug type C }
 73
     1
 44
1.0
1001
PHOENIX7010
1002
{
1070
    41
1040
0.5
1002
}
1001
ACAD
1000
MTEXTBEGIN
1070
    73
1070
     1
1070
    44
1040
1.0
1070
    74
1070
     0
1000
MTEXTEND
  0
LINE
  5
1F97D
102
{ACAD_REACTORS
330
1F99F
102
}
330
2
100
AcDbEntity
  8
0
  6
Continuous
 62
     7
370
    50
100
AcDbLine
 10
702.8755092546573
 20
215.8165198805369
 30
0.0
 11
721.7155092546573
 21
215.8165198805369
 31
0.0
1001
PHOENIX7010
1002
{
1070
    41
1040
0.5
1002
}
  0
ARC
  5
1F97E
330
2
100
AcDbEntity
  8
0
  6
Continuous
 62
     7
370
    50
100
AcDbCircle
 10
721.7155092546573
 20
213.8165198805369
 30
0.0
 40
2.0
100
AcDbArc
 50
0.0
 51
90.0
1001
PHOENIX7010
1002
{
1070
    41
1040
0.5
1002
}
  0
LINE
  5
1F97F
102
{ACAD_REACTORS
330
1F9A0
102
}
330
2
100
AcDbEntity
  8
0
  6
Continuous
 62
     7
370
    50
100
AcDbLine
 10
702.8755092546573
 20
209.0165198805368
 30
0.0
 11
721.7155092546573
 21
209.0165198805368
 31
0.0
1001
PHOENIX7010
1002
{
1070
    41
1040
0.5
1002
}
  0
ARC
  5
1F980
102
{ACAD_REACTORS
330
1F9A1
102
}
330
2
100
AcDbEntity
  8
0
  6
Continuous
 62
     7
370
    50
100
AcDbCircle
 10
702.8755092546573
 20
211.0165198805368
 30
0.0
 40
2.0
100
AcDbArc
 50
180.0
 51
270.0
1001
PHOENIX7010
1002
{
1070
    41
1040
0.5
1002
}
  0
ARC
  5
1F981
330
2
100
AcDbEntity
  8
0
  6
Continuous
 62
     7
370
    50
100
AcDbCircle
 10
721.7155092546573
 20
211.0165198805368
 30
0.0
 40
2.0
100
AcDbArc
 50
270.0
 51
0.0
1001
PHOENIX7010
1002
{
1070
    41
1040
0.5
1002
}
  0
LINE
  5
1F982
102
{ACAD_REACTORS
330
1F9A2
102
}
330
2
100
AcDbEntity
  8
0
  6
Continuous
 62
     7
370
    50
100
AcDbLine
 10
700.8755092546573
 20
211.0165198805368
 30
0.0
 11
700.8755092546573
 21
213.8165198805369
 31
0.0
1001
PHOENIX7010
1002
{
1070
    41
1040
0.5
1002
}
  0
ARC
  5
1F983
330
2
100
AcDbEntity
  8
0
  6
Continuous
 62
     7
370
    50
100
AcDbCircle
 10
702.8755092546573
 20
213.8165198805369
 30
0.0
 40
2.0
100
AcDbArc
 50
90.0
 51
180.0
1001
PHOENIX7010
1002
{
1070
    41
1040
0.5
1002
}
  0
LINE
  5
1F984
102
{ACAD_REACTORS
330
1F9A3
102
}
330
2
100
AcDbEntity
  8
0
  6
Continuous
 62
     7
370
    50
100
AcDbLine
 10
723.7155092546572
 20
213.8165198805369
 30
0.0
 11
723.7155092546572
 21
211.0165198805368
 31
0.0
1001
PHOENIX7010
1002
{
1070
    41
1040
0.5
1002
}
  0
DIMENSION
  5
1F985
102
{ACAD_REACTORS
330
1F9A4
102
}
330
2
100
AcDbEntity
  8
0
  6
Continuous
 62
     7
370
    35
100
AcDbDimension
  2
*D78
 10
723.7155092546572
 20
197.6046557568729
 30
0.0
 11
712.2955092546573
 21
200.6051478828572
 31
0.0
 70
    32
 71
     5
 42
11.41999999999996
  3
phoenix
100
AcDbAlignedDimension
 13
700.8755092546573
 23
213.8165198805369
 33
0.0
 14
723.7155092546572
 24
211.0165198805368
 34
0.0
100
AcDbRotatedDimension
1001
ACAD
1000
DSTYLE
1002
{
1070
   144
1040
0.5
1070
   173
1070
     1
1070
   140
1040
5.0
1002
}
1001
PHOENIX7010
1002
{
1070
    41
1040
0.5
1002
}
  0
DIMENSION
  5
1F986
102
{ACAD_REACTORS
330
1F9A5
102
}
330
2
100
AcDbEntity
  8
0
  6
Continuous
 62
     7
370
    35
100
AcDbDimension
  2
*D79
 10
733.4171148679858
 20
215.816519880537
 30
0.0
 11
733.4171148679857
 21
196.5765198805367
 31
0.0
 70
   160
 71
     5
 42
3.400000000000005
  3
phoenix
100
AcDbAlignedDimension
 13
721.7155092546573
 23
209.0165198805368
 33
0.0
 14
721.7155092546573
 24
215.8165198805369
 34
0.0
 50
90.0
100
AcDbRotatedDimension
1001
ACAD
1000
DSTYLE
1002
{
1070
   144
1040
0.5
1070
   173
1070
     1
1070
   140
1040
5.0
1002
}
1001
PHOENIX7010
1002
{
1070
    41
1040
0.5
1002
}
  0
DIMENSION
  5
1F987
102
{ACAD_REACTORS
330
1F9A6
102
}
330
2
100
AcDbEntity
  8
0
  6
Continuous
 62
     7
370
    35
100
AcDbDimension
  2
*D80
 10
702.8755092546572
 20
211.0165198805364
 30
0.0
 11
690.048724404995
 21
201.2152971131982
 31
0.0
 70
   164
 71
     5
 42
0.9999999999998863
  3
phoenix$4
100
AcDbRadialDimension
 15
701.2863456197561
 25
209.8022056948715
 35
0.0
 40
0.0
1001
PHOENIX7010
1002
{
1070
    41
1040
0.5
1002
}
1001
ACAD
1000
DSTYLE
1002
{
1070
   279
1070
     1
1070
   144
1040
0.5
1070
   173
1070
     1
1070
   147
1040
0.5
1070
   271
1070
     6
1070
   272
1070
     6
1070
   179
1070
     4
1070
    79
1070
     2
1070
   140
1040
5.0
1002
}
  0
LINE
  5
1F988
330
2
100
AcDbEntity
  8
0
  6
ACAD_ISO04W100
 62
     1
 48
0.3114754098360665
370
    25
100
AcDbLine
 10
713.8191994373983
 20
269.448950470478
 30
0.0
 11
713.8191994373983
 21
278.9489504704779
 31
0.0
1001
PHOENIX7010
1002
{
1070
    41
1040
1.0
1002
}
  0
LINE
  5
1F989
330
2
100
AcDbEntity
  8
0
  6
Continuous
 62
     7
370
    50
100
AcDbLine
 10
721.8191994373983
 20
271.948950470478
 30
0.0
 11
721.8191994373983
 21
276.4489504704779
 31
0.0
1001
PHOENIX7010
1002
{
1070
    41
1040
1.0
1002
}
  0
ARC
  5
1F98A
102
{ACAD_REACTORS
330
1F9A7
102
}
330
2
100
AcDbEntity
  8
0
  6
Continuous
 62
     7
370
    50
100
AcDbCircle
 10
720.8191994373983
 20
276.4489504704779
 30
0.0
 40
1.0
100
AcDbArc
 50
0.0
 51
90.0
1001
PHOENIX7010
1002
{
1070
    41
1040
1.0
1002
}
  0
LINE
  5
1F98B
102
{ACAD_REACTORS
330
1F9A8
102
}
330
2
100
AcDbEntity
  8
0
  6
Continuous
 62
     7
370
    50
100
AcDbLine
 10
705.8191994373983
 20
271.948950470478
 30
0.0
 11
705.8191994373983
 21
276.4489504704779
 31
0.0
1001
PHOENIX7010
1002
{
1070
    41
1040
1.0
1002
}
  0
ARC
  5
1F98C
330
2
100
AcDbEntity
  8
0
  6
Continuous
 62
     7
370
    50
100
AcDbCircle
 10
706.8191994373982
 20
276.4489504704779
 30
0.0
 40
1.0
100
AcDbArc
 50
90.0
 51
180.0
1001
PHOENIX7010
1002
{
1070
    41
1040
1.0
1002
}
  0
LINE
  5
1F98D
330
2
100
AcDbEntity
  8
0
  6
ACAD_ISO04W100
 62
     1
 48
0.6196721311475394
370
    25
100
AcDbLine
 10
723.2691994373984
 20
274.1989504704779
 30
0.0
 11
704.3691994373983
 21
274.1989504704779
 31
0.0
1001
PHOENIX7010
1002
{
1070
    41
1040
1.0
1002
}
  0
LINE
  5
1F98E
102
{ACAD_REACTORS
330
1F9A9
102
}
330
2
100
AcDbEntity
  8
0
  6
Continuous
 62
     7
370
    50
100
AcDbLine
 10
720.8191994373983
 20
270.9489504704779
 30
0.0
 11
706.8191994373982
 21
270.9489504704779
 31
0.0
1001
PHOENIX7010
1002
{
1070
    41
1040
1.0
1002
}
  0
ARC
  5
1F98F
102
{ACAD_REACTORS
330
1F9AA
102
}
330
2
100
AcDbEntity
  8
0
  6
Continuous
 62
     7
370
    50
100
AcDbCircle
 10
720.8191994373983
 20
271.948950470478
 30
0.0
 40
1.0
100
AcDbArc
 50
270.0
 51
0.0
1001
PHOENIX7010
1002
{
1070
    41
1040
1.0
1002
}
  0
ARC
  5
1F990
330
2
100
AcDbEntity
  8
0
  6
Continuous
 62
     7
370
    50
100
AcDbCircle
 10
706.8191994373982
 20
271.948950470478
 30
0.0
 40
1.0
100
AcDbArc
 50
180.0
 51
270.0
1001
PHOENIX7010
1002
{
1070
    41
1040
1.0
1002
}
  0
LINE
  5
1F991
102
{ACAD_REACTORS
330
1F9AB
102
}
330
2
100
AcDbEntity
  8
0
  6
Continuous
 62
     7
370
    50
100
AcDbLine
 10
720.8191994373983
 20
277.4489504704779
 30
0.0
 11
706.8191994373982
 21
277.4489504704779
 31
0.0
1001
PHOENIX7010
1002
{
1070
    41
1040
1.0
1002
}
  0
LINE
  5
1F992
330
2
100
AcDbEntity
  8
0
  6
ACAD_ISO04W100
 62
     1
 48
0.2426229508196723
370
    25
100
AcDbLine
 10
712.2955092546572
 20
205.0165198805369
 30
0.0
 11
712.2955092546572
 21
219.8165198805369
 31
0.0
1001
PHOENIX7010
1002
{
1070
    41
1040
0.5
1002
}
  0
LINE
  5
1F993
330
2
100
AcDbEntity
  8
0
  6
ACAD_ISO04W100
 62
     1
 48
0.5055737704918029
370
    25
100
AcDbLine
 10
727.7155092546572
 20
212.4165198805369
 30
0.0
 11
696.8755092546573
 21
212.4165198805369
 31
0.0
1001
PHOENIX7010
1002
{
1070
    41
1040
0.5
1002
}
  0
DIMENSION
  5
1F994
102
{ACAD_REACTORS
330
1F9AC
102
}
330
2
100
AcDbEntity
  8
0
  6
Continuous
 62
     7
370
    35
100
AcDbDimension
  2
*D81
 10
733.0590455328024
 20
277.4489504704781
 30
0.0
 11
733.0590455328024
 21
258.5051588427107
 31
0.0
 70
   160
 71
     5
 42
6.5
  3
phoenix
100
AcDbAlignedDimension
 13
720.8191994373983
 23
270.9489504704779
 33
0.0
 14
720.8191994373983
 24
277.4489504704779
 34
0.0
 50
90.0
100
AcDbRotatedDimension
1001
PHOENIX7010
1002
{
1070
    41
1040
1.0
1002
}
1001
ACAD
1000
DSTYLE
1002
{
1070
   173
1070
     1
1070
   140
1040
5.0
1002
}
  0
DIMENSION
  5
1F995
102
{ACAD_REACTORS
330
1F9AD
102
}
330
2
100
AcDbEntity
  8
0
  6
Continuous
 62
     7
370
    35
100
AcDbDimension
  2
*D82
 10
721.8191994373983
 20
262.8543580652758
 30
0.0
 11
718.1920791661309
 21
262.8543580652758
 31
0.0
 70
   160
 71
     5
 42
16.0
  3
phoenix
100
AcDbAlignedDimension
 13
705.8191994373983
 23
271.948950470478
 33
0.0
 14
721.8191994373983
 24
271.948950470478
 34
0.0
100
AcDbRotatedDimension
1001
PHOENIX7010
1002
{
1070
    41
1040
1.0
1002
}
1001
ACAD
1000
DSTYLE
1002
{
1070
   173
1070
     1
1070
   140
1040
5.0
1002
}
  0
DIMENSION
  5
1F996
102
{ACAD_REACTORS
330
1F9AE
102
}
330
2
100
AcDbEntity
  8
0
  6
Continuous
 62
     7
370
    35
100
AcDbDimension
  2
*D83
 10
720.8191994373987
 20
276.4489504704779
 30
0.0
 11
732.4081574963318
 21
289.3769553587036
 31
0.0
 70
   164
 71
     5
 42
0.9999999999995452
  3
phoenix$4
100
AcDbRadialDimension
 15
721.4866912221139
 25
277.1935676320696
 35
0.0
 40
0.0
1001
PHOENIX7010
1002
{
1070
    41
1040
1.0
1002
}
1001
ACAD
1000
DSTYLE
1002
{
1070
   279
1070
     1
1070
   173
1070
     1
1070
   147
1040
0.5
1070
   271
1070
     6
1070
   272
1070
     6
1070
   179
1070
     4
1070
    79
1070
     2
1070
   140
1040
5.0
1002
}
  0
TEXT
  5
211C9
330
2
100
AcDbEntity
  8
0
  6
Continuous
 62
     5
370
    25
100
AcDbText
 10
743.4245418268024
 20
272.7844501694567
 30
0.0
 40
3.5
  1
M 1:1
 41
1.199999999999999
100
AcDbText
1001
PHOENIX7010
1002
{
1070
    62
1070
     5
1070
    41
1040
0.5
1002
}
  0
LINE
  5
211CA
330
2
100
AcDbEntity
  8
0
  6
Continuous
 62
     5
370
    25
100
AcDbLine
 10
742.1804127673858
 20
270.7844501694567
 30
0.0
 11
755.2532193186984
 21
270.7844501694567
 31
0.0
1001
PHOENIX7010
1002
{
1070
    62
1070
     5
1070
    41
1040
0.5
1002
}
  0
TEXT
  5
211D3
330
2
100
AcDbEntity
  8
0
  6
Continuous
 62
     5
370
    25
100
AcDbText
 10
741.9008516440612
 20
210.8707086077845
 30
0.0
 40
3.5
  1
M 1:1
 41
1.199999999999999
100
AcDbText
1001
PHOENIX7010
1002
{
1070
    62
1070
     5
1070
    41
1040
0.5
1002
}
  0
LINE
  5
211D4
330
2
100
AcDbEntity
  8
0
  6
Continuous
 62
     5
370
    25
100
AcDbLine
 10
740.6567225846447
 20
208.8707086077845
 30
0.0
 11
753.7295291359574
 21
208.8707086077845
 31
0.0
1001
PHOENIX7010
1002
{
1070
    62
1070
     5
1070
    41
1040
0.5
1002
}
  0
TEXT
  5
213E5
330
2
100
AcDbEntity
  8
0
  6
Continuous
 62
     5
370
    25
100
AcDbText
 10
743.1886012316867
 20
157.8169948819742
 30
0.0
 40
3.5
  1
M 1:1
 41
1.199999999999999
100
AcDbText
1001
PHOENIX7010
1002
{
1070
    62
1070
     5
1070
    41
1040
0.5
1002
}
  0
LINE
  5
213E6
330
2
100
AcDbEntity
  8
0
  6
Continuous
 62
     5
370
    25
100
AcDbLine
 10
741.9444721722702
 20
155.8169948819742
 30
0.0
 11
755.0172787235829
 21
155.8169948819742
 31
0.0
1001
PHOENIX7010
1002
{
1070
    62
1070
     5
1070
    41
1040
0.5
1002
}
  0
MTEXT
  5
21CDF
102
{ACAD_XDICTIONARY
360
21CE0
102
}
330
2
100
AcDbEntity
  8
0
  6
Continuous
 62
     1
370
    20
100
AcDbMText
 10
374.0678887242868
 20
283.8898183819176
 30
0.0
 40
3.5
 41
0.0
 71
     7
 72
     5
  1
{\L\C5;\P\P\lDurchgangsbohrung f¸r \PMontage mit Gegenmutter.\P\Q20;Through-hole for \Pmountings with counter nuts.}
 73
     1
 44
1.0
1001
PHOENIX7010
1002
{
1070
    41
1040
0.5
1002
}
1001
ACAD
1000
MTEXTBEGIN
1070
    73
1070
     1
1070
    44
1040
1.0
1070
    74
1070
     0
1000
MTEXTEND
  0
MTEXT
  5
21CE1
102
{ACAD_XDICTIONARY
360
21CE2
102
}
330
2
100
AcDbEntity
  8
0
  6
Continuous
 62
     1
370
    20
100
AcDbMText
 10
452.6713453056721
 20
284.9372666979522
 30
0.0
 40
3.5
 41
0.0
 71
     7
 72
     5
  1
{\C5;Gewindebohrung f¸r \PDirektmontage.\P\Q20;Threaded hole for \Pmountings without \Pcounter nuts. }
 73
     1
 44
1.0
1001
PHOENIX7010
1002
{
1070
    41
1040
0.5
1002
}
1001
ACAD
1000
MTEXTBEGIN
1070
    73
1070
     1
1070
    44
1040
1.0
1070
    74
1070
     0
1000
MTEXTEND
  0
LINE
  5
22015
330
2
100
AcDbEntity
  8
0
  6
Continuous
 62
     1
370
    25
100
AcDbLine
 10
71.66725942617302
 20
332.5195474434277
 30
0.0
 11
778.7699904159112
 21
332.5195474434277
 31
0.0
1001
PHOENIX7010
1002
{
1070
    41
1040
1.0
1002
}
  0
LINE
  5
2201B
330
2
100
AcDbEntity
  8
0
  6
Continuous
 62
     1
370
    25
100
AcDbLine
 10
224.2935405965905
 20
332.5195474434277
 30
0.0
 11
224.2935405965905
 21
60.39153755740426
 31
0.0
1001
PHOENIX7010
1002
{
1070
    41
1040
1.0
1002
}
  0
LINE
  5
2201C
330
2
100
AcDbEntity
  8
0
  6
Continuous
 62
     1
370
    25
100
AcDbLine
 10
531.3298901213297
 20
332.5195474434277
 30
0.0
 11
531.3298901213297
 21
60.39153755740426
 31
0.0
1001
PHOENIX7010
1002
{
1070
    41
1040
1.0
1002
}
  0
LINE
  5
2201E
330
2
100
AcDbEntity
  8
0
  6
Continuous
 62
     1
370
    25
100
AcDbLine
 10
659.1222945206086
 20
60.39153755740426
 30
0.0
 11
659.1222945206086
 21
332.5195474434277
 31
0.0
1001
PHOENIX7010
1002
{
1070
    41
1040
1.0
1002
}
  0
HATCH
  5
227AF
330
2
100
AcDbEntity
  8
0
  6
Continuous
 62
     1
370
    25
100
AcDbHatch
 10
0.0
 20
0.0
 30
0.0
210
0.0
220
0.0
230
1.0
  2
_U
 70
     0
 71
     1
 91
        1
 92
        0
 93
        5
 72
     1
 10
828.4334749940255
 20
35.16453811398039
 11
821.7334749940254
 21
27.36453811398032
 72
     1
 10
821.7334749940254
 20
27.36453811398032
 11
833.7334749940255
 21
27.36453811398032
 72
     1
 10
833.7334749940255
 20
27.36453811398032
 11
833.7334749940255
 21
35.16453811398033
 72
     1
 10
833.7334749940255
 20
35.16453811398028
 11
828.4334749940255
 21
28.26453811398039
 72
     1
 10
828.4334749940255
 20
28.26453811398041
 11
828.4334749940255
 21
35.16453811398039
 97
        0
 75
     0
 76
     0
 52
45.0
 41
0.1
 77
     0
 78
     1
 53
45.0
 43
421.0
 44
-32.0888529720705
 45
-0.0707106781186548
 46
0.0707106781186548
 79
     0
 98
        1
 10
421.0
 20
-32.0888529720705
1001
PHOENIX7010
1002
{
1070
    41
1040
1.0
1002
}
  0
HATCH
  5
227B0
330
2
100
AcDbEntity
  8
0
  6
Continuous
 62
     1
370
    25
100
AcDbHatch
 10
0.0
 20
0.0
 30
0.0
210
0.0
220
0.0
230
1.0
  2
_U
 70
     0
 71
     1
 91
        1
 92
        0
 93
        3
 72
     1
 10
820.8834749940255
 20
27.36453811398032
 11
820.8834749940255
 21
31.51453811398033
 72
     1
 10
820.8834749940255
 20
31.5145381139803
 11
825.0334749940254
 21
31.5145381139803
 72
     2
 10
820.8834749940255
 20
31.5145381139803
 40
4.149999999999977
 50
0.0000000000001962
 51
270.0
 73
     1
 97
        0
 75
     0
 76
     0
 52
45.0
 41
0.65
 77
     0
 78
     1
 53
45.0
 43
421.0
 44
-32.0888529720705
 45
-0.4596194077712559
 46
0.459619407771256
 79
     0
 98
        1
 10
421.0
 20
-32.0888529720705
1001
PHOENIX7010
1002
{
1070
    41
1040
1.0
1002
}
  0
LINE
  5
227B1
330
2
100
AcDbEntity
  8
0
  6
Continuous
 62
     7
370
    50
100
AcDbLine
 10
821.7334749940254
 20
27.36453811398032
 30
0.0
 11
833.7334749940255
 21
27.36453811398032
 31
0.0
1001
PHOENIX7010
1002
{
1070
    41
1040
1.0
1002
}
  0
LINE
  5
227B2
330
2
100
AcDbEntity
  8
0
  6
Continuous
 62
     7
370
    50
100
AcDbLine
 10
833.7334749940255
 20
27.36453811398032
 30
0.0
 11
833.7334749940255
 21
35.16453811398028
 31
0.0
1001
PHOENIX7010
1002
{
1070
    41
1040
1.0
1002
}
  0
LINE
  5
227B3
330
2
100
AcDbEntity
  8
0
  6
Continuous
 62
     7
370
    50
100
AcDbLine
 10
828.4334749940255
 20
28.2645381139803
 30
0.0
 11
828.4334749940255
 21
35.16453811398028
 31
0.0
1001
PHOENIX7010
1002
{
1070
    41
1040
1.0
1002
}
  0
LINE
  5
227B4
330
2
100
AcDbEntity
  8
0
  6
Continuous
 62
     7
370
    50
100
AcDbLine
 10
828.4334749940255
 20
35.16453811398028
 30
0.0
 11
821.7334749940254
 21
27.36453811398032
 31
0.0
1001
PHOENIX7010
1002
{
1070
    41
1040
1.0
1002
}
  0
LINE
  5
227B5
330
2
100
AcDbEntity
  8
0
  6
Continuous
 62
     7
370
    50
100
AcDbLine
 10
833.7334749940255
 20
35.16453811398028
 30
0.0
 11
828.4334749940255
 21
28.2645381139803
 31
0.0
1001
PHOENIX7010
1002
{
1070
    41
1040
1.0
1002
}
  0
INSERT
  5
227B6
330
2
100
AcDbEntity
  8
0
  6
Continuous
 62
     1
370
    25
100
AcDbBlockReference
  2
PH_GRPBLK
 10
821.7334749940254
 20
27.36453811398032
 30
0.0
1001
PHOENIX7010
1002
{
1070
    41
1040
1.0
1002
}
  0
MTEXT
  5
227B7
330
2
100
AcDbEntity
  8
0
  6
Continuous
 62
     7
370
    50
100
AcDbMText
 10
802.0842366554656
 20
17.88346060003143
 30
0.0
 40
1.6
 41
0.0
 71
     7
 72
     5
  1
{\fArial|b0|i0|c0|p34;\W1.1;\C1;A Phoenix Mecano Company}
 73
     1
 44
1.0
1001
PHOENIX7010
1002
{
1070
    41
1040
1.0
1002
}
1001
ACAD
1000
MTEXTBEGIN
1070
    73
1070
     1
1070
    44
1040
1.0
1070
    74
1070
     0
1000
MTEXTEND
  0
MTEXT
  5
227B8
102
{ACAD_XDICTIONARY
360
227B9
102
}
330
2
100
AcDbEntity
  8
0
  6
Continuous
 62
     7
370
    50
100
AcDbMText
 10
814.5658807175857
 20
21.46517927327729
 30
0.0
 40
3.7
 41
0.0
 71
     7
 72
     5
  1
{\fArial|b1|i0|c0|p34;\W1.1;BOPLA}
 73
     1
 44
1.135135135135135
1001
PHOENIX7010
1002
{
1070
    41
1040
1.0
1002
}
1001
ACAD
1000
MTEXTBEGIN
1070
    73
1070
     1
1070
    44
1040
1.135135135135135
1070
    74
1070
     0
1000
MTEXTEND
  0
INSERT
  5
227BA
330
2
100
AcDbEntity
  8
0
  6
Continuous
 62
     7
370
    50
100
AcDbBlockReference
  2
PH_GRPBLK
 10
821.7334749940254
 20
27.36453811398032
 30
0.0
1001
PHOENIX7010
1002
{
1070
    41
1040
1.0
1002
}
  0
MTEXT
  5
227BB
330
2
100
AcDbEntity
  8
0
  6
Continuous
 62
     5
370
    35
100
AcDbMText
 10
739.9304981780733
 20
52.18090043987118
 30
0.0
 40
4.0
 41
0.0
 71
     7
 72
     5
  1
{\Q20;\C7;Standard-openings (milling)}
 73
     1
 44
1.0
1001
PHOENIX7010
1002
{
1070
    41
1040
1.0
1002
}
1001
ACAD
1000
MTEXTBEGIN
1070
    73
1070
     1
1070
    44
1040
1.0
1070
    74
1070
     0
1000
MTEXTEND
  0
MTEXT
  5
227BC
330
2
100
AcDbEntity
  8
0
  6
Continuous
 62
     5
370
    35
100
AcDbMText
 10
739.9304981780733
 20
59.18090043987117
 30
0.0
 40
4.0
 41
92.88800429368718
 71
     7
 72
     5
  1
{\C7;Standards-Fr‰skonturen}
 73
     1
 44
1.0
1001
PHOENIX7010
1002
{
1070
    41
1040
1.0
1002
}
1001
ACAD
1000
MTEXTBEGIN
1070
    73
1070
     1
1070
    44
1040
1.0
1070
    74
1070
     0
1000
MTEXTEND
  0
MTEXT
  5
227BD
330
2
100
AcDbEntity
  8
0
  6
Continuous
 62
     5
370
    35
100
AcDbMText
 10
739.9304981780733
 20
66.18090043987118
 30
0.0
 40
4.0
 41
0.0
 71
     7
 72
     5
  1
{\C7;Bearbeitung / \Q20;machining }
 73
     1
 44
1.0
1001
PHOENIX7010
1002
{
1070
    41
1040
1.0
1002
}
1001
ACAD
1000
MTEXTBEGIN
1070
    73
1070
     1
1070
    44
1040
1.0
1070
    74
1070
     0
1000
MTEXTEND
  0
MTEXT
  5
227BE
330
2
100
AcDbEntity
  8
0
  6
Continuous
 62
     5
370
    35
100
AcDbMText
 10
761.3074630969179
 20
95.19875800682362
 30
0.0
 40
4.0
 41
0.0
 71
     7
 72
     5
  1
{\C7;1:1 (2:1 , 5:1) }
 73
     1
 44
1.0
1001
PHOENIX7010
1002
{
1070
    41
1040
1.0
1002
}
1001
ACAD
1000
MTEXTBEGIN
1070
    73
1070
     1
1070
    44
1040
1.0
1070
    74
1070
     0
1000
MTEXTEND
  0
MTEXT
  5
227BF
330
2
100
AcDbEntity
  8
0
  6
Continuous
 62
     5
370
    35
100
AcDbMText
 10
740.2942762589884
 20
94.24669079255105
 30
0.0
 40
2.5
 41
0.0
 71
     7
 72
     5
  1
{\C1;Maﬂstab/\P\Q20;Scale:}
 73
     1
 44
1.0
1001
PHOENIX7010
1002
{
1070
    41
1040
1.0
1002
}
1001
ACAD
1000
MTEXTBEGIN
1070
    73
1070
     1
1070
    44
1040
1.0
1070
    74
1070
     0
1000
MTEXTEND
  0
MTEXT
  5
227C0
330
2
100
AcDbEntity
  8
0
  6
Continuous
 62
     5
370
    35
100
AcDbMText
 10
740.5702130763931
 20
86.57846179300591
 30
0.0
 40
3.0
 41
0.0
 71
     7
 72
     5
  1
Zeichnungs-Nr. / {\Q20;Drawing-No.:}
 73
     1
 44
1.0
1001
PHOENIX7010
1002
{
1070
    41
1040
1.0
1002
}
1001
ACAD
1000
MTEXTBEGIN
1070
    73
1070
     1
1070
    44
1040
1.0
1070
    74
1070
     0
1000
MTEXTEND
  0
MTEXT
  5
227C1
330
2
100
AcDbEntity
  8
0
  6
Continuous
 62
     5
370
    35
100
AcDbMText
 10
761.6810942169352
 20
80.43630467405561
 30
0.0
 40
4.0
 41
0.0
 71
     7
 72
     5
  1
{\C7;1K 9999.7341.01}
 73
     1
 44
1.0
1001
PHOENIX7010
1002
{
1070
    41
1040
1.0
1002
}
1001
ACAD
1000
MTEXTBEGIN
1070
    73
1070
     1
1070
    44
1040
1.0
1070
    74
1070
     0
1000
MTEXTEND
1000
ACAD_MTEXT_DEFINED_HEIGHT_BEGIN
1070
    46
1040
5.047826469082997
1000
ACAD_MTEXT_DEFINED_HEIGHT_END
  0
MTEXT
  5
227C2
330
2
100
AcDbEntity
  8
0
  6
Continuous
 62
     5
370
    35
100
AcDbMText
 10
739.8800602381664
 20
72.42896167163704
 30
0.0
 40
4.0
 41
0.0
 71
     7
 72
     5
  1
{\C7;Artikel / \Q20;Article:}
 73
     1
 44
1.0
1001
PHOENIX7010
1002
{
1070
    41
1040
1.0
1002
}
1001
ACAD
1000
MTEXTBEGIN
1070
    73
1070
     1
1070
    44
1040
1.0
1070
    74
1070
     0
1000
MTEXTEND
  0
MTEXT
  5
227C3
330
2
100
AcDbEntity
  8
0
  6
Continuous
 62
     5
370
    35
100
AcDbMText
 10
750.5918340418986
 20
15.3230427919108
 30
0.0
 40
2.0
 41
0.0
 71
     7
 72
     5
  1
{\C1;Datum/\P\Q20;Date:}
 73
     1
 44
1.0
1001
PHOENIX7010
1002
{
1070
    41
1040
1.0
1002
}
1001
ACAD
1000
MTEXTBEGIN
1070
    73
1070
     1
1070
    44
1040
1.0
1070
    74
1070
     0
1000
MTEXTEND
  0
MTEXT
  5
227C4
330
2
100
AcDbEntity
  8
0
  6
Continuous
 62
     5
370
    35
100
AcDbMText
 10
737.167758256943
 20
15.32303913053615
 30
0.0
 40
2.0
 41
0.0
 71
     7
 72
     5
  1
{\C1;ƒ.Nr/\P\Q20;Alt-No.:}
 73
     1
 44
1.0
1001
PHOENIX7010
1002
{
1070
    41
1040
1.0
1002
}
1001
ACAD
1000
MTEXTBEGIN
1070
    73
1070
     1
1070
    44
1040
1.0
1070
    74
1070
     0
1000
MTEXTEND
  0
MTEXT
  5
227C5
330
2
100
AcDbEntity
  8
0
  6
Continuous
 62
     5
370
    35
100
AcDbMText
 10
763.2178658257173
 20
10.60592166613926
 30
0.0
 40
2.5
 41
0.0
 71
     7
 72
     5
  1
2 804 192 
 73
     1
 44
1.0
1001
PHOENIX7010
1002
{
1070
    41
1040
1.0
1002
}
1001
ACAD
1000
MTEXTBEGIN
1070
    73
1070
     1
1070
    44
1040
1.0
1070
    74
1070
     0
1000
MTEXTEND
  0
MTEXT
  5
227C6
330
2
100
AcDbEntity
  8
0
  6
Continuous
 62
     5
370
    35
100
AcDbMText
 10
737.5289912646938
 20
10.49475527098106
 30
0.0
 40
2.5
 41
0.0
 71
     7
 72
     5
  1
DISK:
 73
     1
 44
1.0
1001
PHOENIX7010
1002
{
1070
    41
1040
1.0
1002
}
1001
ACAD
1000
MTEXTBEGIN
1070
    73
1070
     1
1070
    44
1040
1.0
1070
    74
1070
     0
1000
MTEXTEND
  0
MTEXT
  5
227C7
330
2
100
AcDbEntity
  8
0
  6
Continuous
 62
     5
370
    35
100
AcDbMText
 10
763.2178658257173
 20
6.248887523187612
 30
0.0
 40
2.5
 41
0.0
 71
     7
 72
     5
  1
26.07.2018 JL 
 73
     1
 44
1.0
1001
PHOENIX7010
1002
{
1070
    41
1040
1.0
1002
}
1001
ACAD
1000
MTEXTBEGIN
1070
    73
1070
     1
1070
    44
1040
1.0
1070
    74
1070
     0
1000
MTEXTEND
  0
MTEXT
  5
227C8
330
2
100
AcDbEntity
  8
0
  6
Continuous
 62
     5
370
    35
100
AcDbMText
 10
737.5289912646938
 20
6.248887523187612
 30
0.0
 40
2.5
 41
0.0
 71
     7
 72
     5
  1
Datum/{\Q20;Date:}
 73
     1
 44
1.0
1001
PHOENIX7010
1002
{
1070
    41
1040
1.0
1002
}
1001
ACAD
1000
MTEXTBEGIN
1070
    73
1070
     1
1070
    44
1040
1.0
1070
    74
1070
     0
1000
MTEXTEND
  0
LINE
  5
227C9
330
2
100
AcDbEntity
  8
0
  6
Continuous
 62
     5
370
    35
100
AcDbLine
 10
735.9999999999997
 20
14.50000000000013
 30
0.0
 11
836.0
 21
14.50000000000013
 31
0.0
1001
PHOENIX7010
1002
{
1070
    41
1040
1.0
1002
}
  0
LINE
  5
227CA
330
2
100
AcDbEntity
  8
0
  6
Continuous
 62
     5
100
AcDbLine
 10
826.4999999999997
 20
92.50000000000003
 30
0.0
 11
826.4999999999997
 21
99.50000000000002
 31
0.0
1001
PHOENIX7010
1002
{
1070
    62
1070
     5
1070
    41
1040
1.0
1002
}
  0
LINE
  5
227CB
330
2
100
AcDbEntity
  8
0
  6
ACAD_ISO04W100
 62
     1
 48
0.1451612903225806
100
AcDbLine
 10
831.4999999999997
 20
91.50000000000003
 30
0.0
 11
831.4999999999997
 21
100.5
 31
0.0
1001
PHOENIX7010
1002
{
1070
    62
1070
     1
1070
    41
1040
1.0
1002
}
  0
CIRCLE
  5
227CC
330
2
100
AcDbEntity
  8
0
  6
Continuous
 62
     5
100
AcDbCircle
 10
831.4999999999997
 20
96.00000000000003
 30
0.0
 40
1.75
1001
PHOENIX7010
1002
{
1070
    62
1070
     5
1070
    41
1040
1.0
1002
}
  0
CIRCLE
  5
227CD
330
2
100
AcDbEntity
  8
0
  6
Continuous
 62
     5
100
AcDbCircle
 10
831.4999999999997
 20
96.00000000000003
 30
0.0
 40
3.5
1001
PHOENIX7010
1002
{
1070
    62
1070
     5
1070
    41
1040
1.0
1002
}
  0
LINE
  5
227CE
330
2
100
AcDbEntity
  8
0
  6
Continuous
 62
     5
100
AcDbLine
 10
819.4999999999998
 20
94.25000000000002
 30
0.0
 11
819.4999999999998
 21
97.75000000000003
 31
0.0
1001
PHOENIX7010
1002
{
1070
    62
1070
     5
1070
    41
1040
1.0
1002
}
  0
LINE
  5
227CF
330
2
100
AcDbEntity
  8
0
  6
ACAD_ISO04W100
 62
     1
 48
0.282258064516129
100
AcDbLine
 10
835.9999999999997
 20
96.00000000000003
 30
0.0
 11
818.4999999999998
 21
96.00000000000003
 31
0.0
1001
PHOENIX7010
1002
{
1070
    62
1070
     1
1070
    41
1040
1.0
1002
}
  0
LINE
  5
227D0
330
2
100
AcDbEntity
  8
0
  6
Continuous
 62
     5
100
AcDbLine
 10
826.4999999999997
 20
92.50000000000003
 30
0.0
 11
819.4999999999998
 21
94.25000000000002
 31
0.0
1001
PHOENIX7010
1002
{
1070
    62
1070
     5
1070
    41
1040
1.0
1002
}
  0
LINE
  5
227D1
330
2
100
AcDbEntity
  8
0
  6
Continuous
 62
     5
100
AcDbLine
 10
826.4999999999997
 20
99.50000000000002
 30
0.0
 11
819.4999999999998
 21
97.75000000000003
 31
0.0
1001
PHOENIX7010
1002
{
1070
    62
1070
     5
1070
    41
1040
1.0
1002
}
  0
ARC
  5
227D2
330
2
100
AcDbEntity
  8
0
  6
Continuous
 62
     5
100
AcDbCircle
 10
738.4999999999998
 20
89.00000000000003
 30
0.0
 40
2.5
100
AcDbArc
 50
90.0
 51
180.0
1001
PHOENIX7010
1002
{
1070
    62
1070
     5
1070
    41
1040
1.0
1002
}
  0
ARC
  5
227D3
330
2
100
AcDbEntity
  8
0
  6
Continuous
 62
     5
100
AcDbCircle
 10
738.4999999999998
 20
100.0
 30
0.0
 40
2.5
100
AcDbArc
 50
90.0
 51
180.0
1001
PHOENIX7010
1002
{
1070
    62
1070
     5
1070
    41
1040
1.0
1002
}
  0
LINE
  5
227D4
330
2
100
AcDbEntity
  8
0
  6
Continuous
 62
     5
100
AcDbLine
 10
836.0
 20
91.50000000000003
 30
0.0
 11
738.4999999999998
 21
91.50000000000003
 31
0.0
1001
PHOENIX7010
1002
{
1070
    62
1070
     5
1070
    41
1040
1.0
1002
}
  0
LINE
  5
227D5
330
2
100
AcDbEntity
  8
0
  6
Continuous
 62
     5
100
AcDbLine
 10
836.0
 20
102.5
 30
0.0
 11
738.4999999999998
 21
102.5
 31
0.0
1001
PHOENIX7010
1002
{
1070
    62
1070
     5
1070
    41
1040
1.0
1002
}
  0
LINE
  5
227D6
330
2
100
AcDbEntity
  8
0
  6
Continuous
 62
     5
100
AcDbLine
 10
771.0
 20
48.00000000000014
 30
0.0
 11
771.0
 21
14.50000000000013
 31
0.0
1001
PHOENIX7010
1002
{
1070
    62
1070
     5
1070
    41
1040
1.0
1002
}
  0
TEXT
  5
227D7
330
2
100
AcDbEntity
  8
0
  6
Continuous
 62
     1
100
AcDbText
 10
749.9999996997323
 20
42.74999981501357
 30
0.0
 40
2.0
  1
-
 41
1.5
100
AcDbText
1001
PHOENIX7010
1002
{
1070
    62
1070
     1
1070
    41
1040
1.0
1002
}
  0
TEXT
  5
227D8
330
2
100
AcDbEntity
  8
0
  6
Continuous
 62
     1
100
AcDbText
 10
749.9999996997323
 20
40.24999981501357
 30
0.0
 40
2.0
  1
-
 41
1.5
100
AcDbText
1001
PHOENIX7010
1002
{
1070
    62
1070
     1
1070
    41
1040
1.0
1002
}
  0
TEXT
  5
227D9
330
2
100
AcDbEntity
  8
0
  6
Continuous
 62
     1
100
AcDbText
 10
749.9999996997323
 20
45.24999981501357
 30
0.0
 40
2.0
  1
-
 41
1.5
100
AcDbText
1001
PHOENIX7010
1002
{
1070
    62
1070
     1
1070
    41
1040
1.0
1002
}
  0
TEXT
  5
227DA
330
2
100
AcDbEntity
  8
0
  6
Continuous
 62
     1
100
AcDbText
 10
736.9999996997323
 20
42.74999981501357
 30
0.0
 40
2.0
  1
-
 41
1.5
100
AcDbText
1001
PHOENIX7010
1002
{
1070
    62
1070
     1
1070
    41
1040
1.0
1002
}
  0
TEXT
  5
227DB
330
2
100
AcDbEntity
  8
0
  6
Continuous
 62
     1
100
AcDbText
 10
736.9999996997323
 20
40.24999981501357
 30
0.0
 40
2.0
  1
-
 41
1.5
100
AcDbText
1001
PHOENIX7010
1002
{
1070
    62
1070
     1
1070
    41
1040
1.0
1002
}
  0
TEXT
  5
227DC
330
2
100
AcDbEntity
  8
0
  6
Continuous
 62
     1
100
AcDbText
 10
736.9999996997323
 20
45.24999981501357
 30
0.0
 40
2.0
  1
-
 41
1.5
100
AcDbText
1001
PHOENIX7010
1002
{
1070
    62
1070
     1
1070
    41
1040
1.0
1002
}
  0
ARC
  5
227DD
330
2
100
AcDbEntity
  8
0
  6
Continuous
 62
     5
100
AcDbCircle
 10
738.4999999999998
 20
45.50000000000014
 30
0.0
 40
2.5
100
AcDbArc
 50
90.0
 51
180.0
1001
PHOENIX7010
1002
{
1070
    62
1070
     5
1070
    41
1040
1.0
1002
}
  0
ARC
  5
227DE
330
2
100
AcDbEntity
  8
0
  6
Continuous
 62
     5
100
AcDbCircle
 10
738.4999999999998
 20
76.00000000000014
 30
0.0
 40
2.5
100
AcDbArc
 50
90.0
 51
180.0
1001
PHOENIX7010
1002
{
1070
    62
1070
     5
1070
    41
1040
1.0
1002
}
  0
TEXT
  5
227DF
330
2
100
AcDbEntity
  8
0
  6
Continuous
 62
     1
100
AcDbText
 10
749.9999996997323
 20
25.24999981501358
 30
0.0
 40
2.0
  1
-
 41
1.5
100
AcDbText
1001
PHOENIX7010
1002
{
1070
    62
1070
     1
1070
    41
1040
1.0
1002
}
  0
TEXT
  5
227E0
330
2
100
AcDbEntity
  8
0
  6
Continuous
 62
     1
100
AcDbText
 10
749.9999996997323
 20
22.74999981501357
 30
0.0
 40
2.0
  1
-
 41
1.5
100
AcDbText
1001
PHOENIX7010
1002
{
1070
    62
1070
     1
1070
    41
1040
1.0
1002
}
  0
TEXT
  5
227E1
330
2
100
AcDbEntity
  8
0
  6
Continuous
 62
     1
100
AcDbText
 10
749.9999996997323
 20
30.24999981501358
 30
0.0
 40
2.0
  1
-
 41
1.5
100
AcDbText
1001
PHOENIX7010
1002
{
1070
    62
1070
     1
1070
    41
1040
1.0
1002
}
  0
TEXT
  5
227E2
330
2
100
AcDbEntity
  8
0
  6
Continuous
 62
     1
100
AcDbText
 10
749.9999996997323
 20
27.74999981501358
 30
0.0
 40
2.0
  1
-
 41
1.5
100
AcDbText
1001
PHOENIX7010
1002
{
1070
    62
1070
     1
1070
    41
1040
1.0
1002
}
  0
TEXT
  5
227E3
330
2
100
AcDbEntity
  8
0
  6
Continuous
 62
     1
100
AcDbText
 10
749.9999996997323
 20
32.74999981501358
 30
0.0
 40
2.0
  1
-
 41
1.5
100
AcDbText
1001
PHOENIX7010
1002
{
1070
    62
1070
     1
1070
    41
1040
1.0
1002
}
  0
TEXT
  5
227E4
330
2
100
AcDbEntity
  8
0
  6
Continuous
 62
     1
100
AcDbText
 10
749.9999996997323
 20
35.24999981501358
 30
0.0
 40
2.0
  1
-
 41
1.5
100
AcDbText
1001
PHOENIX7010
1002
{
1070
    62
1070
     1
1070
    41
1040
1.0
1002
}
  0
TEXT
  5
227E5
330
2
100
AcDbEntity
  8
0
  6
Continuous
 62
     1
100
AcDbText
 10
749.9999996997323
 20
37.74999981501358
 30
0.0
 40
2.0
  1
-
 41
1.5
100
AcDbText
1001
PHOENIX7010
1002
{
1070
    62
1070
     1
1070
    41
1040
1.0
1002
}
  0
TEXT
  5
227E6
330
2
100
AcDbEntity
  8
0
  6
Continuous
 62
     1
100
AcDbText
 10
736.9999996997323
 20
25.24999981501358
 30
0.0
 40
2.0
  1
-
 41
1.5
100
AcDbText
1001
PHOENIX7010
1002
{
1070
    62
1070
     1
1070
    41
1040
1.0
1002
}
  0
TEXT
  5
227E7
330
2
100
AcDbEntity
  8
0
  6
Continuous
 62
     1
100
AcDbText
 10
736.9999996997323
 20
22.74999981501357
 30
0.0
 40
2.0
  1
-
 41
1.5
100
AcDbText
1001
PHOENIX7010
1002
{
1070
    62
1070
     1
1070
    41
1040
1.0
1002
}
  0
TEXT
  5
227E8
330
2
100
AcDbEntity
  8
0
  6
Continuous
 62
     1
100
AcDbText
 10
736.9999996997323
 20
30.24999981501358
 30
0.0
 40
2.0
  1
-
 41
1.5
100
AcDbText
1001
PHOENIX7010
1002
{
1070
    62
1070
     1
1070
    41
1040
1.0
1002
}
  0
TEXT
  5
227E9
330
2
100
AcDbEntity
  8
0
  6
Continuous
 62
     1
100
AcDbText
 10
736.9999996997323
 20
27.74999981501358
 30
0.0
 40
2.0
  1
-
 41
1.5
100
AcDbText
1001
PHOENIX7010
1002
{
1070
    62
1070
     1
1070
    41
1040
1.0
1002
}
  0
TEXT
  5
227EA
330
2
100
AcDbEntity
  8
0
  6
Continuous
 62
     1
100
AcDbText
 10
736.9999996997323
 20
32.74999981501358
 30
0.0
 40
2.0
  1
-
 41
1.5
100
AcDbText
1001
PHOENIX7010
1002
{
1070
    62
1070
     1
1070
    41
1040
1.0
1002
}
  0
TEXT
  5
227EB
330
2
100
AcDbEntity
  8
0
  6
Continuous
 62
     1
100
AcDbText
 10
736.9999996997323
 20
35.24999981501358
 30
0.0
 40
2.0
  1
-
 41
1.5
100
AcDbText
1001
PHOENIX7010
1002
{
1070
    62
1070
     1
1070
    41
1040
1.0
1002
}
  0
TEXT
  5
227EC
330
2
100
AcDbEntity
  8
0
  6
Continuous
 62
     1
100
AcDbText
 10
736.9999996997323
 20
37.74999981501358
 30
0.0
 40
2.0
  1
-
 41
1.5
100
AcDbText
1001
PHOENIX7010
1002
{
1070
    62
1070
     1
1070
    41
1040
1.0
1002
}
  0
LINE
  5
227ED
330
2
100
AcDbEntity
  8
0
  6
Continuous
 62
     1
100
AcDbLine
 10
748.9999999999997
 20
48.00000000000014
 30
0.0
 11
748.9999999999997
 21
14.50000000000013
 31
0.0
1001
PHOENIX7010
1002
{
1070
    62
1070
     1
1070
    41
1040
1.0
1002
}
  0
LINE
  5
227EE
330
2
100
AcDbEntity
  8
0
  6
Continuous
 62
     1
100
AcDbLine
 10
735.9999999999997
 20
21.50000000000014
 30
0.0
 11
771.0
 21
21.50000000000014
 31
0.0
1001
PHOENIX7010
1002
{
1070
    62
1070
     1
1070
    41
1040
1.0
1002
}
  0
LINE
  5
227EF
330
2
100
AcDbEntity
  8
0
  6
Continuous
 62
     5
100
AcDbLine
 10
836.0
 20
78.50000000000014
 30
0.0
 11
738.4999999999998
 21
78.50000000000014
 31
0.0
1001
PHOENIX7010
1002
{
1070
    62
1070
     5
1070
    41
1040
1.0
1002
}
  0
LINE
  5
227F0
330
2
100
AcDbEntity
  8
0
  6
Continuous
 62
     5
100
AcDbLine
 10
836.0
 20
48.00000000000014
 30
0.0
 11
738.4999999999998
 21
48.00000000000014
 31
0.0
1001
PHOENIX7010
1002
{
1070
    62
1070
     5
1070
    41
1040
1.0
1002
}
  0
LINE
  5
227F1
330
2
100
AcDbEntity
  8
0
  6
Continuous
 62
     5
100
AcDbLine
 10
735.9999999999997
 20
100.0
 30
0.0
 11
735.9999999999997
 21
5.000000000000135
 31
0.0
1001
PHOENIX7010
1002
{
1070
    62
1070
     5
1070
    41
1040
1.0
1002
}
  0
INSERT
  5
227F2
330
2
100
AcDbEntity
  8
0
  6
Continuous
 62
     5
370
    35
100
AcDbBlockReference
  2
PH_GRPBLK
 10
735.9999999999997
 20
14.50000000000013
 30
0.0
1001
PHOENIX7010
1002
{
1070
    41
1040
1.0
1002
}
  0
LINE
  5
22A3F
102
{ACAD_REACTORS
330
22A56
102
}
330
2
100
AcDbEntity
  8
0
  6
Continuous
 62
     1
370
    50
100
AcDbLine
 10
835.9999999999995
 20
417.0000000000003
 30
0.0
 11
839.9999999999996
 21
417.0000000000003
 31
0.0
1001
PHOENIX7010
1002
{
1070
    62
1070
     1
1070
    41
1040
1.0
1002
}
  0
LINE
  5
22A40
102
{ACAD_REACTORS
330
22A56
102
}
330
2
100
AcDbEntity
  8
0
  6
Continuous
 62
     1
370
    50
100
AcDbLine
 10
570.9999999999998
 20
5.000000000000113
 30
0.0
 11
570.9999999999998
 21
1.000000000000113
 31
0.0
1001
PHOENIX7010
1002
{
1070
    62
1070
     1
1070
    41
1040
1.0
1002
}
  0
LINE
  5
22A41
102
{ACAD_REACTORS
330
22A57
102
}
330
2
100
AcDbEntity
  8
0
  6
Continuous
 62
     1
370
    50
100
AcDbLine
 10
336.0
 20
1.000000000000113
 30
0.0
 11
336.0
 21
5.000000000000113
 31
0.0
1001
PHOENIX7010
1002
{
1070
    62
1070
     1
1070
    41
1040
1.0
1002
}
  0
LINE
  5
22A42
102
{ACAD_REACTORS
330
22A57
102
}
330
2
100
AcDbEntity
  8
0
  6
Continuous
 62
     3
370
    50
100
AcDbLine
 10
20.0
 20
5.000000000000113
 30
0.0
 11
19.99999999999988
 21
589.0000000000001
 31
0.0
1001
PHOENIX7010
1002
{
1070
    62
1070
     3
1070
    41
1040
1.0
1002
}
  0
LINE
  5
22A43
102
{ACAD_REACTORS
330
22A57
102
}
330
2
100
AcDbEntity
  8
0
  6
Continuous
 62
     1
370
    50
100
AcDbLine
 10
336.0
 20
589.0000000000002
 30
0.0
 11
336.0
 21
593.0000000000002
 31
0.0
1001
PHOENIX7010
1002
{
1070
    62
1070
     1
1070
    41
1040
1.0
1002
}
  0
LINE
  5
22A44
102
{ACAD_REACTORS
330
22A57
102
}
330
2
100
AcDbEntity
  8
0
  6
Continuous
 62
     1
370
    50
100
AcDbLine
 10
836.0
 20
297.0000000000001
 30
0.0
 11
840.0
 21
297.0000000000001
 31
0.0
1001
PHOENIX7010
1002
{
1070
    62
1070
     1
1070
    41
1040
1.0
1002
}
  0
LINE
  5
22A45
102
{ACAD_REACTORS
330
22A57
102
}
330
2
100
AcDbEntity
  8
0
  6
Continuous
 62
     1
370
    50
100
AcDbLine
 10
840.0
 20
593.0000000000001
 30
0.0
 11
840.0
 21
1.000000000000113
 31
0.0
1001
PHOENIX7010
1002
{
1070
    62
1070
     1
1070
    41
1040
1.0
1002
}
  0
LINE
  5
22A46
102
{ACAD_REACTORS
330
22A57
102
}
330
2
100
AcDbEntity
  8
0
  6
Continuous
 62
     1
370
    50
100
AcDbLine
 10
210.9999999999999
 20
589.0000000000001
 30
0.0
 11
210.9999999999999
 21
593.0000000000001
 31
0.0
1001
PHOENIX7010
1002
{
1070
    62
1070
     1
1070
    41
1040
1.0
1002
}
  0
LINE
  5
22A47
102
{ACAD_REACTORS
330
22A57
102
}
330
2
100
AcDbEntity
  8
0
  6
Continuous
 62
     1
370
    50
100
AcDbLine
 10
1.0
 20
1.000000000000113
 30
0.0
 11
0.9999999999998863
 21
593.0000000000001
 31
0.0
1001
PHOENIX7010
1002
{
1070
    62
1070
     1
1070
    41
1040
1.0
1002
}
  0
LINE
  5
22A48
102
{ACAD_REACTORS
330
22A57
102
}
330
2
100
AcDbEntity
  8
0
  6
Continuous
 62
     1
370
    50
100
AcDbLine
 10
211.0
 20
5.000000000000113
 30
0.0
 11
211.0
 21
1.000000000000113
 31
0.0
1001
PHOENIX7010
1002
{
1070
    62
1070
     1
1070
    41
1040
1.0
1002
}
  0
LINE
  5
22A49
102
{ACAD_REACTORS
330
22A57
102
}
330
2
100
AcDbEntity
  8
0
  6
Continuous
 62
     1
370
    50
100
AcDbLine
 10
461.0000000000001
 20
5.000000000000113
 30
0.0
 11
461.0000000000001
 21
1.000000000000113
 31
0.0
1001
PHOENIX7010
1002
{
1070
    62
1070
     1
1070
    41
1040
1.0
1002
}
  0
LINE
  5
22A4A
102
{ACAD_REACTORS
330
22A57
102
}
330
2
100
AcDbEntity
  8
0
  6
Continuous
 62
     1
370
    50
100
AcDbLine
 10
651.0000000000001
 20
5.000000000000113
 30
0.0
 11
651.0000000000001
 21
1.000000000000113
 31
0.0
1001
PHOENIX7010
1002
{
1070
    62
1070
     1
1070
    41
1040
1.0
1002
}
  0
LINE
  5
22A4B
102
{ACAD_REACTORS
330
22A57
102
}
330
2
100
AcDbEntity
  8
0
  6
Continuous
 62
     1
370
    50
100
AcDbLine
 10
461.0
 20
589.0000000000001
 30
0.0
 11
461.0
 21
593.0000000000001
 31
0.0
1001
PHOENIX7010
1002
{
1070
    62
1070
     1
1070
    41
1040
1.0
1002
}
  0
LINE
  5
22A4C
102
{ACAD_REACTORS
330
22A57
102
}
330
2
100
AcDbEntity
  8
0
  6
Continuous
 62
     1
370
    50
100
AcDbLine
 10
651.0
 20
589.0000000000001
 30
0.0
 11
651.0
 21
593.0000000000001
 31
0.0
1001
PHOENIX7010
1002
{
1070
    62
1070
     1
1070
    41
1040
1.0
1002
}
  0
LINE
  5
22A4D
102
{ACAD_REACTORS
330
22A57
102
}
330
2
100
AcDbEntity
  8
0
  6
Continuous
 62
     3
370
    50
100
AcDbLine
 10
19.99999999999988
 20
589.0000000000001
 30
0.0
 11
836.0
 21
589.0000000000001
 31
0.0
1001
PHOENIX7010
1002
{
1070
    62
1070
     3
1070
    41
1040
1.0
1002
}
  0
LINE
  5
22A4E
102
{ACAD_REACTORS
330
22A57
102
}
330
2
100
AcDbEntity
  8
0
  6
Continuous
 62
     3
370
    50
100
AcDbLine
 10
836.0
 20
589.0000000000001
 30
0.0
 11
836.0
 21
5.000000000000113
 31
0.0
1001
PHOENIX7010
1002
{
1070
    62
1070
     3
1070
    41
1040
1.0
1002
}
  0
LINE
  5
22A4F
102
{ACAD_REACTORS
330
22A57
102
}
330
2
100
AcDbEntity
  8
0
  6
Continuous
 62
     3
370
    50
100
AcDbLine
 10
836.0
 20
5.000000000000113
 30
0.0
 11
20.0
 21
5.000000000000113
 31
0.0
1001
PHOENIX7010
1002
{
1070
    62
1070
     3
1070
    41
1040
1.0
1002
}
  0
LINE
  5
22A50
102
{ACAD_REACTORS
330
22A57
102
}
330
2
100
AcDbEntity
  8
0
  6
Continuous
 62
     1
370
    50
100
AcDbLine
 10
0.9999999999998863
 20
593.0000000000001
 30
0.0
 11
840.0
 21
593.0000000000001
 31
0.0
1001
PHOENIX7010
1002
{
1070
    62
1070
     1
1070
    41
1040
1.0
1002
}
  0
LINE
  5
22A51
102
{ACAD_REACTORS
330
22A57
102
}
330
2
100
AcDbEntity
  8
0
  6
Continuous
 62
     1
370
    50
100
AcDbLine
 10
840.0
 20
1.000000000000113
 30
0.0
 11
1.0
 21
1.000000000000113
 31
0.0
1001
PHOENIX7010
1002
{
1070
    62
1070
     1
1070
    41
1040
1.0
1002
}
  0
MTEXT
  5
22A52
102
{ACAD_REACTORS
330
22A57
102
}
330
2
100
AcDbEntity
  8
0
  6
Continuous
 62
     7
370
    50
100
AcDbMText
 10
19.70248718641096
 20
55.39351207913353
 30
0.0
 40
2.0
 41
0.0
 71
     7
 72
     5
  1
{\T1.1;\C1;"Schutzvermerk nach DIN ISO 16016 beachten" \Q20;"Please pay attention to copyright note DIN ISO 16016"}
 11
0.0000000000000002
 21
1.0
 31
0.0
 73
     1
 44
1.0
1001
PHOENIX7010
1002
{
1070
    41
1040
1.0
1002
}
1001
ACAD
1000
MTEXTBEGIN
1070
    73
1070
     1
1070
    44
1040
1.0
1070
    74
1070
     0
1000
MTEXTEND
  0
INSERT
  5
22A53
102
{ACAD_REACTORS
330
22A57
102
}
330
2
100
AcDbEntity
  8
0
  6
Continuous
 62
     1
370
    50
100
AcDbBlockReference
  2
PH_GRPBLK
 10
336.0
 20
1.000000000000113
 30
0.0
1001
PHOENIX7010
1002
{
1070
    41
1040
1.0
1002
}
  0
LINE
  5
27D69
330
2
100
AcDbEntity
  8
0
  6
Continuous
 62
     5
370
    25
100
AcDbLine
 10
732.2951116566521
 20
422.563575801107
 30
0.0
 11
745.3679182079647
 21
422.563575801107
 31
0.0
1001
PHOENIX7010
1002
{
1070
    62
1070
     5
1070
    41
1040
0.5
1002
}
  0
TEXT
  5
27D6A
330
2
100
AcDbEntity
  8
0
  6
Continuous
 62
     5
370
    25
100
AcDbText
 10
733.5392407160687
 20
424.563575801107
 30
0.0
 40
3.5
  1
M 1:1
 41
1.199999999999999
100
AcDbText
1001
PHOENIX7010
1002
{
1070
    62
1070
     5
1070
    41
1040
0.5
1002
}
  0
LINE
  5
27D6B
330
2
100
AcDbEntity
  8
0
  6
Continuous
 62
     5
370
    25
100
AcDbLine
 10
556.0058023405836
 20
422.5635758011207
 30
0.0
 11
569.078608891896
 21
422.5635758011207
 31
0.0
1001
PHOENIX7010
1002
{
1070
    62
1070
     5
1070
    41
1040
0.5
1002
}
  0
TEXT
  5
27D6C
330
2
100
AcDbEntity
  8
0
  6
Continuous
 62
     5
370
    25
100
AcDbText
 10
557.2499314000001
 20
424.5635758011206
 30
0.0
 40
3.5
  1
M 1:1
 41
1.199999999999999
100
AcDbText
1001
PHOENIX7010
1002
{
1070
    62
1070
     5
1070
    41
1040
0.5
1002
}
  0
LINE
  5
27D6D
330
2
100
AcDbEntity
  8
0
  6
Continuous
 62
     5
370
    25
100
AcDbLine
 10
380.2710484312158
 20
422.5635758011207
 30
0.0
 11
393.3438549825283
 21
422.5635758011207
 31
0.0
1001
PHOENIX7010
1002
{
1070
    62
1070
     5
1070
    41
1040
0.5
1002
}
  0
TEXT
  5
27D6E
330
2
100
AcDbEntity
  8
0
  6
Continuous
 62
     5
370
    25
100
AcDbText
 10
381.5151774906323
 20
424.5635758011206
 30
0.0
 40
3.5
  1
M 1:1
 41
1.199999999999999
100
AcDbText
1001
PHOENIX7010
1002
{
1070
    62
1070
     5
1070
    41
1040
0.5
1002
}
  0
LINE
  5
27D6F
330
2
100
AcDbEntity
  8
0
  6
Continuous
 62
     5
370
    25
100
AcDbLine
 10
248.8694528158442
 20
422.5635758011208
 30
0.0
 11
261.9422593671568
 21
422.5635758011208
 31
0.0
1001
PHOENIX7010
1002
{
1070
    62
1070
     5
1070
    41
1040
0.5
1002
}
  0
TEXT
  5
27D70
330
2
100
AcDbEntity
  8
0
  6
Continuous
 62
     5
370
    25
100
AcDbText
 10
250.1135818752608
 20
424.5635758011208
 30
0.0
 40
3.5
  1
M 1:1
 41
1.199999999999999
100
AcDbText
1001
PHOENIX7010
1002
{
1070
    62
1070
     5
1070
    41
1040
0.5
1002
}
  0
TEXT
  5
27D71
330
2
100
AcDbEntity
  8
0
  6
Continuous
 62
     5
370
    25
100
AcDbText
 10
140.6881091388595
 20
424.5635758011206
 30
0.0
 40
3.5
  1
M 1:1
 41
1.199999999999999
100
AcDbText
1001
PHOENIX7010
1002
{
1070
    62
1070
     5
1070
    41
1040
0.5
1002
}
  0
LINE
  5
27D72
330
2
100
AcDbEntity
  8
0
  6
Continuous
 62
     5
370
    25
100
AcDbLine
 10
139.4439800794429
 20
422.5635758011207
 30
0.0
 11
152.5167866307555
 21
422.5635758011207
 31
0.0
1001
PHOENIX7010
1002
{
1070
    62
1070
     5
1070
    41
1040
0.5
1002
}
  0
LINE
  5
27D73
330
2
100
AcDbEntity
  8
0
  6
ACAD_ISO04W100
 62
     1
 48
0.1596774193548393
370
    25
100
AcDbLine
 10
724.3691994373985
 20
427.5135758011207
 30
0.0
 11
724.3691994373982
 21
417.6135758011207
 31
0.0
1001
PHOENIX7010
1002
{
1070
    41
1040
1.0
1002
}
  0
CIRCLE
  5
27D74
330
2
100
AcDbEntity
  8
0
  6
Continuous
 62
     7
370
    50
100
AcDbCircle
 10
724.3691994373982
 20
422.5635758011207
 30
0.0
 40
1.599999999999994
1001
PHOENIX7010
1002
{
1070
    41
1040
1.0
1002
}
  0
LINE
  5
27D75
330
2
100
AcDbEntity
  8
0
  6
Continuous
 62
     7
370
    50
100
AcDbLine
 10
721.5655835828195
 20
425.6231719970531
 30
0.0
 11
720.2783966236477
 21
418.3231719970532
 31
0.0
1001
PHOENIX7010
1002
{
1070
    41
1040
1.0
1002
}
  0
ARC
  5
27D76
330
2
100
AcDbEntity
  8
0
  6
Continuous
 62
     7
370
    50
100
AcDbCircle
 10
718.2172372225779
 20
426.2135758011208
 30
0.0
 40
3.399999999999999
100
AcDbArc
 50
349.9999999999931
 51
90.0
1001
PHOENIX7010
1002
{
1070
    41
1040
1.0
1002
}
  0
ARC
  5
27D77
330
2
100
AcDbEntity
  8
0
  6
Continuous
 62
     7
370
    50
100
AcDbCircle
 10
716.9300502634062
 20
418.9135758011208
 30
0.0
 40
3.399999999999999
100
AcDbArc
 50
270.0
 51
349.9999999999931
1001
PHOENIX7010
1002
{
1070
    41
1040
1.0
1002
}
  0
LINE
  5
27D78
330
2
100
AcDbEntity
  8
0
  6
ACAD_ISO04W100
 62
     1
 48
0.2919354838709681
370
    25
100
AcDbLine
 10
693.8191994373982
 20
431.6135758011208
 30
0.0
 11
693.8191994373982
 21
413.5135758011208
 31
0.0
1001
PHOENIX7010
1002
{
1070
    41
1040
1.0
1002
}
  0
LINE
  5
27D79
330
2
100
AcDbEntity
  8
0
  6
ACAD_ISO04W100
 62
     1
 48
0.1596774193548393
370
    25
100
AcDbLine
 10
663.2691994373983
 20
427.5135758011207
 30
0.0
 11
663.2691994373983
 21
417.6135758011207
 31
0.0
1001
PHOENIX7010
1002
{
1070
    41
1040
1.0
1002
}
  0
CIRCLE
  5
27D7A
330
2
100
AcDbEntity
  8
0
  6
Continuous
 62
     7
370
    50
100
AcDbCircle
 10
663.2691994373983
 20
422.5635758011207
 30
0.0
 40
1.599999999999994
1001
PHOENIX7010
1002
{
1070
    41
1040
1.0
1002
}
  0
ARC
  5
27D7B
330
2
100
AcDbEntity
  8
0
  6
Continuous
 62
     7
370
    50
100
AcDbCircle
 10
669.4211616522186
 20
426.2135758011209
 30
0.0
 40
3.399999999999999
100
AcDbArc
 50
90.0
 51
190.0000000000068
1001
PHOENIX7010
1002
{
1070
    41
1040
1.0
1002
}
  0
LINE
  5
27D7C
330
2
100
AcDbEntity
  8
0
  6
Continuous
 62
     7
370
    50
100
AcDbLine
 10
666.0728152919771
 20
425.6231719970533
 30
0.0
 11
667.3600022511489
 21
418.3231719970532
 31
0.0
1001
PHOENIX7010
1002
{
1070
    41
1040
1.0
1002
}
  0
ARC
  5
27D7D
330
2
100
AcDbEntity
  8
0
  6
Continuous
 62
     7
370
    50
100
AcDbCircle
 10
670.7083486113904
 20
418.9135758011208
 30
0.0
 40
3.399999999999999
100
AcDbArc
 50
190.0000000000068
 51
270.0
1001
PHOENIX7010
1002
{
1070
    41
1040
1.0
1002
}
  0
LINE
  5
27D7E
330
2
100
AcDbEntity
  8
0
  6
ACAD_ISO04W100
 62
     1
370
    25
100
AcDbLine
 10
659.6691994373984
 20
422.5635758011207
 30
0.0
 11
728.0191994373983
 21
422.5635758011207
 31
0.0
1001
PHOENIX7010
1002
{
1070
    41
1040
1.0
1002
}
  0
LINE
  5
27D7F
330
2
100
AcDbEntity
  8
0
  6
Continuous
 62
     7
370
    50
100
AcDbLine
 10
669.4211616522186
 20
429.6135758011208
 30
0.0
 11
718.2172372225779
 21
429.6135758011208
 31
0.0
1001
PHOENIX7010
1002
{
1070
    41
1040
1.0
1002
}
  0
LINE
  5
27D80
330
2
100
AcDbEntity
  8
0
  6
Continuous
 62
     7
370
    50
100
AcDbLine
 10
670.7083486113904
 20
415.5135758011208
 30
0.0
 11
716.9300502634062
 21
415.5135758011208
 31
0.0
1001
PHOENIX7010
1002
{
1070
    41
1040
1.0
1002
}
  0
INSERT
  5
27D81
330
2
100
AcDbEntity
  8
0
  6
Continuous
 62
     7
370
    25
100
AcDbBlockReference
  2
PH_GRPBLK
 10
490.58185233615
 20
428.2635758011206
 30
0.0
1001
PHOENIX7010
1002
{
1070
    41
1040
1.0
1002
}
  0
LINE
  5
27D82
330
2
100
AcDbEntity
  8
0
  6
ACAD_ISO04W100
 62
     1
370
    25
100
AcDbLine
 10
548.0798901213297
 20
426.1635758011206
 30
0.0
 11
548.0798901213297
 21
418.9635758011205
 31
0.0
1001
PHOENIX7010
1002
{
1070
    41
1040
1.0
1002
}
  0
CIRCLE
  5
27D83
330
2
100
AcDbEntity
  8
0
  6
Continuous
 62
     7
370
    50
100
AcDbCircle
 10
548.0798901213297
 20
422.5635758011206
 30
0.0
 40
1.599999999999994
1001
PHOENIX7010
1002
{
1070
    41
1040
1.0
1002
}
  0
ARC
  5
27D84
330
2
100
AcDbEntity
  8
0
  6
Continuous
 62
     7
370
    50
100
AcDbCircle
 10
542.0779279065097
 20
424.8635758011205
 30
0.0
 40
3.399999999999999
100
AcDbArc
 50
350.0000000000081
 51
90.0
1001
PHOENIX7010
1002
{
1070
    41
1040
1.0
1002
}
  0
LINE
  5
27D85
330
2
100
AcDbEntity
  8
0
  6
Continuous
 62
     7
370
    50
100
AcDbLine
 10
545.4262742667515
 20
424.2731719970534
 30
0.0
 11
544.6151701554931
 21
419.6731719970535
 31
0.0
1001
PHOENIX7010
1002
{
1070
    41
1040
1.0
1002
}
  0
LINE
  5
27D86
330
2
100
AcDbEntity
  8
0
  6
ACAD_ISO04W100
 62
     1
370
    25
100
AcDbLine
 10
516.3298901213296
 20
430.2635758011207
 30
0.0
 11
516.3298901213296
 21
414.8635758011207
 31
0.0
1001
PHOENIX7010
1002
{
1070
    41
1040
1.0
1002
}
  0
ARC
  5
27D87
330
2
100
AcDbEntity
  8
0
  6
Continuous
 62
     7
370
    50
100
AcDbCircle
 10
541.2668237952516
 20
420.2635758011206
 30
0.0
 40
3.399999999999999
100
AcDbArc
 50
270.0
 51
350.0000000000081
1001
PHOENIX7010
1002
{
1070
    41
1040
1.0
1002
}
  0
LINE
  5
27D88
330
2
100
AcDbEntity
  8
0
  6
ACAD_ISO04W100
 62
     1
370
    25
100
AcDbLine
 10
484.5798901213296
 20
426.1635758011207
 30
0.0
 11
484.5798901213296
 21
418.9635758011207
 31
0.0
1001
PHOENIX7010
1002
{
1070
    41
1040
1.0
1002
}
  0
CIRCLE
  5
27D89
330
2
100
AcDbEntity
  8
0
  6
Continuous
 62
     7
370
    50
100
AcDbCircle
 10
484.5798901213296
 20
422.5635758011207
 30
0.0
 40
1.599999999999994
1001
PHOENIX7010
1002
{
1070
    41
1040
1.0
1002
}
  0
ARC
  5
27D8A
330
2
100
AcDbEntity
  8
0
  6
Continuous
 62
     7
370
    50
100
AcDbCircle
 10
491.3929564474086
 20
420.2635758011206
 30
0.0
 40
3.399999999999999
100
AcDbArc
 50
190.0000000000051
 51
270.0
1001
PHOENIX7010
1002
{
1070
    41
1040
1.0
1002
}
  0
LINE
  5
27D8B
330
2
100
AcDbEntity
  8
0
  6
Continuous
 62
     7
370
    50
100
AcDbLine
 10
487.2335059759085
 20
424.2731719970532
 30
0.0
 11
488.0446100871671
 21
419.673171997053
 31
0.0
1001
PHOENIX7010
1002
{
1070
    41
1040
1.0
1002
}
  0
ARC
  5
27D8C
330
2
100
AcDbEntity
  8
0
  6
Continuous
 62
     7
370
    50
100
AcDbCircle
 10
490.58185233615
 20
424.8635758011205
 30
0.0
 40
3.399999999999999
100
AcDbArc
 50
90.0
 51
190.0000000000051
1001
PHOENIX7010
1002
{
1070
    41
1040
1.0
1002
}
  0
LINE
  5
27D8D
330
2
100
AcDbEntity
  8
0
  6
ACAD_ISO04W100
 62
     1
370
    25
100
AcDbLine
 10
480.9798901213297
 20
422.5635758011207
 30
0.0
 11
551.7298901213298
 21
422.5635758011206
 31
0.0
1001
PHOENIX7010
1002
{
1070
    41
1040
1.0
1002
}
  0
LINE
  5
27D8E
330
2
100
AcDbEntity
  8
0
  6
Continuous
 62
     7
370
    50
100
AcDbLine
 10
491.3929564474086
 20
416.8635758011205
 30
0.0
 11
541.2668237952516
 21
416.8635758011205
 31
0.0
1001
PHOENIX7010
1002
{
1070
    41
1040
1.0
1002
}
  0
LINE
  5
27D8F
330
2
100
AcDbEntity
  8
0
  6
Continuous
 62
     7
370
    50
100
AcDbLine
 10
490.58185233615
 20
428.2635758011206
 30
0.0
 11
542.0779279065097
 21
428.2635758011206
 31
0.0
1001
PHOENIX7010
1002
{
1070
    41
1040
1.0
1002
}
  0
LINE
  5
27D90
330
2
100
AcDbEntity
  8
0
  6
ACAD_ISO04W100
 62
     1
 48
0.2322580645161305
370
    25
100
AcDbLine
 10
372.3451362119621
 20
426.1635758011208
 30
0.0
 11
372.3451362119621
 21
418.9635758011207
 31
0.0
1001
PHOENIX7010
1002
{
1070
    41
1040
1.0
1002
}
  0
CIRCLE
  5
27D91
330
2
100
AcDbEntity
  8
0
  6
Continuous
 62
     7
370
    50
100
AcDbCircle
 10
372.3451362119621
 20
422.5635758011207
 30
0.0
 40
1.599999999999994
1001
PHOENIX7010
1002
{
1070
    41
1040
1.0
1002
}
  0
ARC
  5
27D92
330
2
100
AcDbEntity
  8
0
  6
Continuous
 62
     7
370
    50
100
AcDbCircle
 10
365.5320698858826
 20
420.2635758011207
 30
0.0
 40
3.399999999999999
100
AcDbArc
 50
270.0
 51
349.9999999999948
1001
PHOENIX7010
1002
{
1070
    41
1040
1.0
1002
}
  0
LINE
  5
27D93
330
2
100
AcDbEntity
  8
0
  6
Continuous
 62
     7
370
    50
100
AcDbLine
 10
369.6915203573832
 20
424.2731719970532
 30
0.0
 11
368.8804162461241
 21
419.6731719970531
 31
0.0
1001
PHOENIX7010
1002
{
1070
    41
1040
1.0
1002
}
  0
ARC
  5
27D94
330
2
100
AcDbEntity
  8
0
  6
Continuous
 62
     7
370
    50
100
AcDbCircle
 10
366.3431739971417
 20
424.8635758011207
 30
0.0
 40
3.399999999999999
100
AcDbArc
 50
349.9999999999948
 51
90.0
1001
PHOENIX7010
1002
{
1070
    41
1040
1.0
1002
}
  0
LINE
  5
27D95
330
2
100
AcDbEntity
  8
0
  6
ACAD_ISO04W100
 62
     1
370
    25
100
AcDbLine
 10
348.8451362119621
 20
430.2635758011207
 30
0.0
 11
348.8451362119621
 21
414.8635758011206
 31
0.0
1001
PHOENIX7010
1002
{
1070
    41
1040
1.0
1002
}
  0
LINE
  5
27D96
330
2
100
AcDbEntity
  8
0
  6
ACAD_ISO04W100
 62
     1
 48
0.2322580645161305
370
    25
100
AcDbLine
 10
325.3451362119621
 20
426.1635758011208
 30
0.0
 11
325.3451362119621
 21
418.9635758011207
 31
0.0
1001
PHOENIX7010
1002
{
1070
    41
1040
1.0
1002
}
  0
CIRCLE
  5
27D97
330
2
100
AcDbEntity
  8
0
  6
Continuous
 62
     7
370
    50
100
AcDbCircle
 10
325.3451362119621
 20
422.5635758011207
 30
0.0
 40
1.599999999999994
1001
PHOENIX7010
1002
{
1070
    41
1040
1.0
1002
}
  0
LINE
  5
27D98
330
2
100
AcDbEntity
  8
0
  6
Continuous
 62
     7
370
    50
100
AcDbLine
 10
327.9987520665408
 20
424.2731719970532
 30
0.0
 11
328.8098561777997
 21
419.6731719970531
 31
0.0
1001
PHOENIX7010
1002
{
1070
    41
1040
1.0
1002
}
  0
ARC
  5
27D99
330
2
100
AcDbEntity
  8
0
  6
Continuous
 62
     7
370
    50
100
AcDbCircle
 10
331.3470984267823
 20
424.8635758011207
 30
0.0
 40
3.399999999999999
100
AcDbArc
 50
90.0
 51
190.0000000000051
1001
PHOENIX7010
1002
{
1070
    41
1040
1.0
1002
}
  0
ARC
  5
27D9A
330
2
100
AcDbEntity
  8
0
  6
Continuous
 62
     7
370
    50
100
AcDbCircle
 10
332.1582025380412
 20
420.2635758011206
 30
0.0
 40
3.399999999999999
100
AcDbArc
 50
190.0000000000051
 51
270.0
1001
PHOENIX7010
1002
{
1070
    41
1040
1.0
1002
}
  0
LINE
  5
27D9B
330
2
100
AcDbEntity
  8
0
  6
ACAD_ISO04W100
 62
     1
370
    25
100
AcDbLine
 10
321.7451362119622
 20
422.5635758011207
 30
0.0
 11
375.9451362119622
 21
422.5635758011207
 31
0.0
1001
PHOENIX7010
1002
{
1070
    41
1040
1.0
1002
}
  0
LINE
  5
27D9C
330
2
100
AcDbEntity
  8
0
  6
Continuous
 62
     7
370
    50
100
AcDbLine
 10
332.1582025380412
 20
416.8635758011206
 30
0.0
 11
365.5320698858826
 21
416.8635758011207
 31
0.0
1001
PHOENIX7010
1002
{
1070
    41
1040
1.0
1002
}
  0
LINE
  5
27D9D
330
2
100
AcDbEntity
  8
0
  6
Continuous
 62
     7
370
    50
100
AcDbLine
 10
331.3470984267823
 20
428.2635758011207
 30
0.0
 11
366.3431739971417
 21
428.2635758011207
 31
0.0
1001
PHOENIX7010
1002
{
1070
    41
1040
1.0
1002
}
  0
LINE
  5
27D9E
330
2
100
AcDbEntity
  8
0
  6
ACAD_ISO04W100
 62
     1
 48
0.2322580645161268
370
    25
100
AcDbLine
 10
240.9435405965905
 20
426.1635758011206
 30
0.0
 11
240.9435405965905
 21
418.9635758011207
 31
0.0
1001
PHOENIX7010
1002
{
1070
    41
1040
1.0
1002
}
  0
ARC
  5
27D9F
330
2
100
AcDbEntity
  8
0
  6
Continuous
 62
     7
370
    50
100
AcDbCircle
 10
234.1304742705112
 20
420.2635758011206
 30
0.0
 40
3.399999999999999
100
AcDbArc
 50
270.0
 51
349.9999999999931
1001
PHOENIX7010
1002
{
1070
    41
1040
1.0
1002
}
  0
LINE
  5
27DA0
330
2
100
AcDbEntity
  8
0
  6
Continuous
 62
     7
370
    50
100
AcDbLine
 10
238.2899247420117
 20
424.2731719970531
 30
0.0
 11
237.4788206307527
 21
419.6731719970531
 31
0.0
1001
PHOENIX7010
1002
{
1070
    41
1040
1.0
1002
}
  0
ARC
  5
27DA1
330
2
100
AcDbEntity
  8
0
  6
Continuous
 62
     7
370
    50
100
AcDbCircle
 10
234.9415783817702
 20
424.8635758011206
 30
0.0
 40
3.399999999999999
100
AcDbArc
 50
349.9999999999931
 51
90.0
1001
PHOENIX7010
1002
{
1070
    41
1040
1.0
1002
}
  0
CIRCLE
  5
27DA2
330
2
100
AcDbEntity
  8
0
  6
Continuous
 62
     7
370
    50
100
AcDbCircle
 10
240.9435405965905
 20
422.5635758011207
 30
0.0
 40
1.599999999999994
1001
PHOENIX7010
1002
{
1070
    41
1040
1.0
1002
}
  0
LINE
  5
27DA3
330
2
100
AcDbEntity
  8
0
  6
ACAD_ISO04W100
 62
     1
 48
0.4967741935483864
370
    25
100
AcDbLine
 10
224.2935405965905
 20
430.2635758011207
 30
0.0
 11
224.2935405965905
 21
414.8635758011207
 31
0.0
1001
PHOENIX7010
1002
{
1070
    41
1040
1.0
1002
}
  0
CIRCLE
  5
27DA4
330
2
100
AcDbEntity
  8
0
  6
Continuous
 62
     7
370
    50
100
AcDbCircle
 10
207.6435405965905
 20
422.5635758011207
 30
0.0
 40
1.599999999999994
1001
PHOENIX7010
1002
{
1070
    41
1040
1.0
1002
}
  0
LINE
  5
27DA5
330
2
100
AcDbEntity
  8
0
  6
ACAD_ISO04W100
 62
     1
 48
0.2322580645161305
370
    25
100
AcDbLine
 10
207.6435405965905
 20
426.1635758011207
 30
0.0
 11
207.6435405965905
 21
418.9635758011207
 31
0.0
1001
PHOENIX7010
1002
{
1070
    41
1040
1.0
1002
}
  0
LINE
  5
27DA6
330
2
100
AcDbEntity
  8
0
  6
Continuous
 62
     7
370
    50
100
AcDbLine
 10
210.2971564511693
 20
424.2731719970532
 30
0.0
 11
211.1082605624281
 21
419.6731719970531
 31
0.0
1001
PHOENIX7010
1002
{
1070
    41
1040
1.0
1002
}
  0
ARC
  5
27DA7
330
2
100
AcDbEntity
  8
0
  6
Continuous
 62
     7
370
    50
100
AcDbCircle
 10
213.6455028114108
 20
424.8635758011206
 30
0.0
 40
3.399999999999999
100
AcDbArc
 50
90.0
 51
190.0000000000051
1001
PHOENIX7010
1002
{
1070
    41
1040
1.0
1002
}
  0
ARC
  5
27DA8
330
2
100
AcDbEntity
  8
0
  6
Continuous
 62
     7
370
    50
100
AcDbCircle
 10
214.4566069226696
 20
420.2635758011206
 30
0.0
 40
3.399999999999999
100
AcDbArc
 50
190.0000000000051
 51
270.0
1001
PHOENIX7010
1002
{
1070
    41
1040
1.0
1002
}
  0
LINE
  5
27DA9
330
2
100
AcDbEntity
  8
0
  6
ACAD_ISO04W100
 62
     1
370
    25
100
AcDbLine
 10
204.0435405965906
 20
422.5635758011207
 30
0.0
 11
244.5435405965906
 21
422.5635758011207
 31
0.0
1001
PHOENIX7010
1002
{
1070
    41
1040
1.0
1002
}
  0
LINE
  5
27DAA
330
2
100
AcDbEntity
  8
0
  6
Continuous
 62
     7
370
    50
100
AcDbLine
 10
214.4566069226696
 20
416.8635758011206
 30
0.0
 11
234.1304742705112
 21
416.8635758011206
 31
0.0
1001
PHOENIX7010
1002
{
1070
    41
1040
1.0
1002
}
  0
LINE
  5
27DAB
330
2
100
AcDbEntity
  8
0
  6
Continuous
 62
     7
370
    50
100
AcDbLine
 10
213.6455028114108
 20
428.2635758011206
 30
0.0
 11
234.9415783817702
 21
428.2635758011206
 31
0.0
1001
PHOENIX7010
1002
{
1070
    41
1040
1.0
1002
}
  0
INSERT
  5
27DAC
330
2
100
AcDbEntity
  8
0
  6
Continuous
 62
     7
370
    50
100
AcDbBlockReference
  2
PH_GRPBLK
 10
112.5700300750095
 20
428.2635758011206
 30
0.0
1001
PHOENIX7010
1002
{
1070
    41
1040
1.0
1002
}
  0
LINE
  5
27DAD
330
2
100
AcDbEntity
  8
0
  6
ACAD_ISO04W100
 62
     1
370
    25
100
AcDbLine
 10
131.5180678601892
 20
426.1635758011205
 30
0.0
 11
131.5180678601892
 21
418.9635758011206
 31
0.0
1001
PHOENIX7010
1002
{
1070
    41
1040
1.0
1002
}
  0
CIRCLE
  5
27DAE
330
2
100
AcDbEntity
  8
0
  6
Continuous
 62
     7
370
    50
100
AcDbCircle
 10
131.5180678601892
 20
422.5635758011207
 30
0.0
 40
1.599999999999994
1001
PHOENIX7010
1002
{
1070
    41
1040
1.0
1002
}
  0
LINE
  5
27DAF
330
2
100
AcDbEntity
  8
0
  6
Continuous
 62
     7
370
    50
100
AcDbLine
 10
128.8144520056103
 20
424.273171997053
 30
0.0
 11
128.0033478943514
 21
419.6731719970531
 31
0.0
1001
PHOENIX7010
1002
{
1070
    41
1040
1.0
1002
}
  0
LINE
  5
27DB0
330
2
100
AcDbEntity
  8
0
  6
Continuous
 62
     7
370
    50
100
AcDbLine
 10
113.3811341862683
 20
416.8635758011206
 30
0.0
 11
124.6550015341099
 21
416.8635758011206
 31
0.0
1001
PHOENIX7010
1002
{
1070
    41
1040
1.0
1002
}
  0
LINE
  5
27DB1
330
2
100
AcDbEntity
  8
0
  6
Continuous
 62
     7
370
    50
100
AcDbLine
 10
112.5700300750095
 20
428.2635758011206
 30
0.0
 11
125.4661056453687
 21
428.2635758011206
 31
0.0
1001
PHOENIX7010
1002
{
1070
    41
1040
1.0
1002
}
  0
ARC
  5
27DB2
330
2
100
AcDbEntity
  8
0
  6
Continuous
 62
     7
370
    50
100
AcDbCircle
 10
125.4661056453687
 20
424.8635758011206
 30
0.0
 40
3.399999999999999
100
AcDbArc
 50
350.0000000000081
 51
90.0
1001
PHOENIX7010
1002
{
1070
    41
1040
1.0
1002
}
  0
ARC
  5
27DB3
330
2
100
AcDbEntity
  8
0
  6
Continuous
 62
     7
370
    50
100
AcDbCircle
 10
124.6550015341099
 20
420.2635758011206
 30
0.0
 40
3.399999999999999
100
AcDbArc
 50
270.0
 51
349.9999999999931
1001
PHOENIX7010
1002
{
1070
    41
1040
1.0
1002
}
  0
LINE
  5
27DB4
330
2
100
AcDbEntity
  8
0
  6
ACAD_ISO04W100
 62
     1
370
    25
100
AcDbLine
 10
119.0180678601892
 20
430.2635758011206
 30
0.0
 11
119.0180678601892
 21
414.8635758011206
 31
0.0
1001
PHOENIX7010
1002
{
1070
    41
1040
1.0
1002
}
  0
LINE
  5
27DB5
330
2
100
AcDbEntity
  8
0
  6
ACAD_ISO04W100
 62
     1
370
    25
100
AcDbLine
 10
106.5180678601892
 20
426.1635758011207
 30
0.0
 11
106.5180678601892
 21
418.9635758011206
 31
0.0
1001
PHOENIX7010
1002
{
1070
    41
1040
1.0
1002
}
  0
CIRCLE
  5
27DB6
330
2
100
AcDbEntity
  8
0
  6
Continuous
 62
     7
370
    50
100
AcDbCircle
 10
106.5180678601892
 20
422.5635758011207
 30
0.0
 40
1.599999999999994
1001
PHOENIX7010
1002
{
1070
    41
1040
1.0
1002
}
  0
LINE
  5
27DB7
330
2
100
AcDbEntity
  8
0
  6
Continuous
 62
     7
370
    50
100
AcDbLine
 10
109.221683714768
 20
424.2731719970532
 30
0.0
 11
110.0327878260268
 21
419.6731719970531
 31
0.0
1001
PHOENIX7010
1002
{
1070
    41
1040
1.0
1002
}
  0
LINE
  5
27DB8
330
2
100
AcDbEntity
  8
0
  6
ACAD_ISO04W100
 62
     1
370
    25
100
AcDbLine
 10
102.9180678601892
 20
422.5635758011207
 30
0.0
 11
135.1180678601893
 21
422.5635758011207
 31
0.0
1001
PHOENIX7010
1002
{
1070
    41
1040
1.0
1002
}
  0
ARC
  5
27DB9
330
2
100
AcDbEntity
  8
0
  6
Continuous
 62
     7
370
    50
100
AcDbCircle
 10
113.3811341862683
 20
420.2635758011206
 30
0.0
 40
3.399999999999999
100
AcDbArc
 50
190.0000000000051
 51
270.0
1001
PHOENIX7010
1002
{
1070
    41
1040
1.0
1002
}
  0
ARC
  5
27DBA
330
2
100
AcDbEntity
  8
0
  6
Continuous
 62
     7
370
    50
100
AcDbCircle
 10
112.5700300750095
 20
424.8635758011206
 30
0.0
 40
3.399999999999999
100
AcDbArc
 50
90.0
 51
190.0000000000051
1001
PHOENIX7010
1002
{
1070
    41
1040
1.0
1002
}
  0
LINE
  5
27EB6
330
2
100
AcDbEntity
  8
0
  6
Continuous
 62
     5
370
    25
100
AcDbLine
 10
732.2951116566521
 20
372.563575801107
 30
0.0
 11
745.3679182079647
 21
372.563575801107
 31
0.0
1001
PHOENIX7010
1002
{
1070
    62
1070
     5
1070
    41
1040
0.5
1002
}
  0
TEXT
  5
27EB7
330
2
100
AcDbEntity
  8
0
  6
Continuous
 62
     5
370
    25
100
AcDbText
 10
733.5392407160687
 20
374.563575801107
 30
0.0
 40
3.5
  1
M 1:1
 41
1.199999999999999
100
AcDbText
1001
PHOENIX7010
1002
{
1070
    62
1070
     5
1070
    41
1040
0.5
1002
}
  0
LINE
  5
27EB8
330
2
100
AcDbEntity
  8
0
  6
Continuous
 62
     5
370
    25
100
AcDbLine
 10
556.0058023405836
 20
372.5635758011207
 30
0.0
 11
569.078608891896
 21
372.5635758011207
 31
0.0
1001
PHOENIX7010
1002
{
1070
    62
1070
     5
1070
    41
1040
0.5
1002
}
  0
TEXT
  5
27EB9
330
2
100
AcDbEntity
  8
0
  6
Continuous
 62
     5
370
    25
100
AcDbText
 10
557.2499314000001
 20
374.5635758011207
 30
0.0
 40
3.5
  1
M 1:1
 41
1.199999999999999
100
AcDbText
1001
PHOENIX7010
1002
{
1070
    62
1070
     5
1070
    41
1040
0.5
1002
}
  0
LINE
  5
27EBA
330
2
100
AcDbEntity
  8
0
  6
Continuous
 62
     5
370
    25
100
AcDbLine
 10
380.2710484312158
 20
372.5635758011207
 30
0.0
 11
393.3438549825283
 21
372.5635758011207
 31
0.0
1001
PHOENIX7010
1002
{
1070
    62
1070
     5
1070
    41
1040
0.5
1002
}
  0
TEXT
  5
27EBB
330
2
100
AcDbEntity
  8
0
  6
Continuous
 62
     5
370
    25
100
AcDbText
 10
381.5151774906323
 20
374.5635758011207
 30
0.0
 40
3.5
  1
M 1:1
 41
1.199999999999999
100
AcDbText
1001
PHOENIX7010
1002
{
1070
    62
1070
     5
1070
    41
1040
0.5
1002
}
  0
LINE
  5
27EBC
330
2
100
AcDbEntity
  8
0
  6
Continuous
 62
     5
370
    25
100
AcDbLine
 10
248.8694528158442
 20
372.5635758011208
 30
0.0
 11
261.9422593671568
 21
372.5635758011208
 31
0.0
1001
PHOENIX7010
1002
{
1070
    62
1070
     5
1070
    41
1040
0.5
1002
}
  0
TEXT
  5
27EBD
330
2
100
AcDbEntity
  8
0
  6
Continuous
 62
     5
370
    25
100
AcDbText
 10
250.1135818752608
 20
374.5635758011208
 30
0.0
 40
3.5
  1
M 1:1
 41
1.199999999999999
100
AcDbText
1001
PHOENIX7010
1002
{
1070
    62
1070
     5
1070
    41
1040
0.5
1002
}
  0
TEXT
  5
27EBE
330
2
100
AcDbEntity
  8
0
  6
Continuous
 62
     5
370
    25
100
AcDbText
 10
140.6881091388595
 20
374.5635758011207
 30
0.0
 40
3.5
  1
M 1:1
 41
1.199999999999999
100
AcDbText
1001
PHOENIX7010
1002
{
1070
    62
1070
     5
1070
    41
1040
0.5
1002
}
  0
LINE
  5
27EBF
330
2
100
AcDbEntity
  8
0
  6
Continuous
 62
     5
370
    25
100
AcDbLine
 10
139.4439800794429
 20
372.5635758011207
 30
0.0
 11
152.5167866307555
 21
372.5635758011207
 31
0.0
1001
PHOENIX7010
1002
{
1070
    62
1070
     5
1070
    41
1040
0.5
1002
}
  0
LINE
  5
27EC0
330
2
100
AcDbEntity
  8
0
  6
ACAD_ISO04W100
 62
     1
 48
0.1596774193548393
370
    25
100
AcDbLine
 10
724.3691994373985
 20
377.5135758011207
 30
0.0
 11
724.3691994373982
 21
367.6135758011207
 31
0.0
1001
PHOENIX7010
1002
{
1070
    41
1040
1.0
1002
}
  0
ARC
  5
27EC3
330
2
100
AcDbEntity
  8
0
  6
Continuous
 62
     7
370
    50
100
AcDbCircle
 10
718.2172372225779
 20
376.2135758011208
 30
0.0
 40
3.399999999999999
100
AcDbArc
 50
349.9999999999931
 51
90.0
1001
PHOENIX7010
1002
{
1070
    41
1040
1.0
1002
}
  0
ARC
  5
27EC4
330
2
100
AcDbEntity
  8
0
  6
Continuous
 62
     7
370
    50
100
AcDbCircle
 10
716.9300502634062
 20
368.9135758011208
 30
0.0
 40
3.399999999999999
100
AcDbArc
 50
270.0
 51
349.9999999999931
1001
PHOENIX7010
1002
{
1070
    41
1040
1.0
1002
}
  0
LINE
  5
27EC5
330
2
100
AcDbEntity
  8
0
  6
ACAD_ISO04W100
 62
     1
 48
0.2919354838709681
370
    25
100
AcDbLine
 10
693.8191994373982
 20
381.6135758011209
 30
0.0
 11
693.8191994373982
 21
363.5135758011208
 31
0.0
1001
PHOENIX7010
1002
{
1070
    41
1040
1.0
1002
}
  0
LINE
  5
27EC6
330
2
100
AcDbEntity
  8
0
  6
ACAD_ISO04W100
 62
     1
 48
0.1596774193548393
370
    25
100
AcDbLine
 10
663.2691994373983
 20
377.5135758011207
 30
0.0
 11
663.2691994373983
 21
367.6135758011207
 31
0.0
1001
PHOENIX7010
1002
{
1070
    41
1040
1.0
1002
}
  0
ARC
  5
27EC8
330
2
100
AcDbEntity
  8
0
  6
Continuous
 62
     7
370
    50
100
AcDbCircle
 10
669.4211616522186
 20
376.2135758011209
 30
0.0
 40
3.399999999999999
100
AcDbArc
 50
90.0
 51
190.0000000000068
1001
PHOENIX7010
1002
{
1070
    41
1040
1.0
1002
}
  0
ARC
  5
27ECA
330
2
100
AcDbEntity
  8
0
  6
Continuous
 62
     7
370
    50
100
AcDbCircle
 10
670.7083486113904
 20
368.9135758011208
 30
0.0
 40
3.399999999999999
100
AcDbArc
 50
190.0000000000068
 51
270.0
1001
PHOENIX7010
1002
{
1070
    41
1040
1.0
1002
}
  0
LINE
  5
27ECB
330
2
100
AcDbEntity
  8
0
  6
ACAD_ISO04W100
 62
     1
370
    25
100
AcDbLine
 10
659.6691994373984
 20
372.5635758011207
 30
0.0
 11
728.0191994373983
 21
372.5635758011207
 31
0.0
1001
PHOENIX7010
1002
{
1070
    41
1040
1.0
1002
}
  0
LINE
  5
27ECC
330
2
100
AcDbEntity
  8
0
  6
Continuous
 62
     7
370
    50
100
AcDbLine
 10
669.4211616522186
 20
379.6135758011209
 30
0.0
 11
718.2172372225779
 21
379.6135758011208
 31
0.0
1001
PHOENIX7010
1002
{
1070
    41
1040
1.0
1002
}
  0
LINE
  5
27ECD
330
2
100
AcDbEntity
  8
0
  6
Continuous
 62
     7
370
    50
100
AcDbLine
 10
670.7083486113904
 20
365.5135758011208
 30
0.0
 11
716.9300502634062
 21
365.5135758011208
 31
0.0
1001
PHOENIX7010
1002
{
1070
    41
1040
1.0
1002
}
  0
INSERT
  5
27ECE
330
2
100
AcDbEntity
  8
0
  6
Continuous
 62
     7
370
    25
100
AcDbBlockReference
  2
PH_GRPBLK
 10
490.58185233615
 20
378.2635758011207
 30
0.0
1001
PHOENIX7010
1002
{
1070
    41
1040
1.0
1002
}
  0
LINE
  5
27ECF
330
2
100
AcDbEntity
  8
0
  6
ACAD_ISO04W100
 62
     1
370
    25
100
AcDbLine
 10
548.0798901213297
 20
376.1635758011207
 30
0.0
 11
548.0798901213297
 21
368.9635758011206
 31
0.0
1001
PHOENIX7010
1002
{
1070
    41
1040
1.0
1002
}
  0
LINE
  5
27ED3
330
2
100
AcDbEntity
  8
0
  6
ACAD_ISO04W100
 62
     1
370
    25
100
AcDbLine
 10
516.3298901213296
 20
380.2635758011207
 30
0.0
 11
516.3298901213296
 21
364.8635758011207
 31
0.0
1001
PHOENIX7010
1002
{
1070
    41
1040
1.0
1002
}
  0
LINE
  5
27ED5
330
2
100
AcDbEntity
  8
0
  6
ACAD_ISO04W100
 62
     1
370
    25
100
AcDbLine
 10
484.5798901213296
 20
376.1635758011208
 30
0.0
 11
484.5798901213296
 21
368.9635758011207
 31
0.0
1001
PHOENIX7010
1002
{
1070
    41
1040
1.0
1002
}
  0
ARC
  5
27ED7
330
2
100
AcDbEntity
  8
0
  6
Continuous
 62
     7
370
    50
100
AcDbCircle
 10
491.3929564474086
 20
370.2635758011207
 30
0.0
 40
3.399999999999999
100
AcDbArc
 50
191.8811560210095
 51
270.0
1001
PHOENIX7010
1002
{
1070
    41
1040
1.0
1002
}
  0
LINE
  5
27EDA
330
2
100
AcDbEntity
  8
0
  6
ACAD_ISO04W100
 62
     1
370
    25
100
AcDbLine
 10
480.9798901213297
 20
372.5635758011208
 30
0.0
 11
551.7298901213298
 21
372.5635758011206
 31
0.0
1001
PHOENIX7010
1002
{
1070
    41
1040
1.0
1002
}
  0
LINE
  5
27EDB
330
2
100
AcDbEntity
  8
0
  6
Continuous
 62
     7
370
    50
100
AcDbLine
 10
491.3929564474086
 20
366.8635758011206
 30
0.0
 11
541.2668237952516
 21
366.8635758011206
 31
0.0
1001
PHOENIX7010
1002
{
1070
    41
1040
1.0
1002
}
  0
LINE
  5
27EDC
330
2
100
AcDbEntity
  8
0
  6
Continuous
 62
     7
370
    50
100
AcDbLine
 10
490.58185233615
 20
378.2635758011207
 30
0.0
 11
542.0779279065097
 21
378.2635758011207
 31
0.0
1001
PHOENIX7010
1002
{
1070
    41
1040
1.0
1002
}
  0
LINE
  5
27EDD
330
2
100
AcDbEntity
  8
0
  6
ACAD_ISO04W100
 62
     1
 48
0.2322580645161305
370
    25
100
AcDbLine
 10
372.3451362119621
 20
376.1635758011208
 30
0.0
 11
372.3451362119621
 21
368.9635758011208
 31
0.0
1001
PHOENIX7010
1002
{
1070
    41
1040
1.0
1002
}
  0
ARC
  5
27EDF
330
2
100
AcDbEntity
  8
0
  6
Continuous
 62
     7
370
    50
100
AcDbCircle
 10
365.5320698858826
 20
370.2635758011207
 30
0.0
 40
3.399999999999999
100
AcDbArc
 50
270.0
 51
348.1188439789905
1001
PHOENIX7010
1002
{
1070
    41
1040
1.0
1002
}
  0
LINE
  5
27EE2
330
2
100
AcDbEntity
  8
0
  6
ACAD_ISO04W100
 62
     1
370
    25
100
AcDbLine
 10
348.8451362119621
 20
380.2635758011208
 30
0.0
 11
348.8451362119621
 21
364.8635758011206
 31
0.0
1001
PHOENIX7010
1002
{
1070
    41
1040
1.0
1002
}
  0
LINE
  5
27EE3
330
2
100
AcDbEntity
  8
0
  6
ACAD_ISO04W100
 62
     1
 48
0.2322580645161305
370
    25
100
AcDbLine
 10
325.3451362119621
 20
376.1635758011208
 30
0.0
 11
325.3451362119621
 21
368.9635758011208
 31
0.0
1001
PHOENIX7010
1002
{
1070
    41
1040
1.0
1002
}
  0
LINE
  5
27EE8
330
2
100
AcDbEntity
  8
0
  6
ACAD_ISO04W100
 62
     1
370
    25
100
AcDbLine
 10
321.7451362119622
 20
372.5635758011207
 30
0.0
 11
375.9451362119622
 21
372.5635758011207
 31
0.0
1001
PHOENIX7010
1002
{
1070
    41
1040
1.0
1002
}
  0
LINE
  5
27EE9
330
2
100
AcDbEntity
  8
0
  6
Continuous
 62
     7
370
    50
100
AcDbLine
 10
332.1582025380412
 20
366.8635758011206
 30
0.0
 11
365.5320698858826
 21
366.8635758011208
 31
0.0
1001
PHOENIX7010
1002
{
1070
    41
1040
1.0
1002
}
  0
LINE
  5
27EEA
330
2
100
AcDbEntity
  8
0
  6
Continuous
 62
     7
370
    50
100
AcDbLine
 10
331.3470984267823
 20
378.2635758011207
 30
0.0
 11
366.3431739971417
 21
378.2635758011207
 31
0.0
1001
PHOENIX7010
1002
{
1070
    41
1040
1.0
1002
}
  0
LINE
  5
27EEB
330
2
100
AcDbEntity
  8
0
  6
ACAD_ISO04W100
 62
     1
 48
0.2322580645161268
370
    25
100
AcDbLine
 10
240.9435405965905
 20
376.1635758011207
 30
0.0
 11
240.9435405965905
 21
368.9635758011207
 31
0.0
1001
PHOENIX7010
1002
{
1070
    41
1040
1.0
1002
}
  0
LINE
  5
27EF0
330
2
100
AcDbEntity
  8
0
  6
ACAD_ISO04W100
 62
     1
 48
0.4967741935483864
370
    25
100
AcDbLine
 10
224.2935405965905
 20
380.2635758011207
 30
0.0
 11
224.2935405965905
 21
364.8635758011207
 31
0.0
1001
PHOENIX7010
1002
{
1070
    41
1040
1.0
1002
}
  0
LINE
  5
27EF2
330
2
100
AcDbEntity
  8
0
  6
ACAD_ISO04W100
 62
     1
 48
0.2322580645161305
370
    25
100
AcDbLine
 10
207.6435405965905
 20
376.1635758011208
 30
0.0
 11
207.6435405965905
 21
368.9635758011207
 31
0.0
1001
PHOENIX7010
1002
{
1070
    41
1040
1.0
1002
}
  0
ARC
  5
27EF5
330
2
100
AcDbEntity
  8
0
  6
Continuous
 62
     7
370
    50
100
AcDbCircle
 10
214.4566069226696
 20
370.2635758011207
 30
0.0
 40
3.399999999999999
100
AcDbArc
 50
191.8811560210095
 51
270.0
1001
PHOENIX7010
1002
{
1070
    41
1040
1.0
1002
}
  0
LINE
  5
27EF6
330
2
100
AcDbEntity
  8
0
  6
ACAD_ISO04W100
 62
     1
370
    25
100
AcDbLine
 10
204.0435405965906
 20
372.5635758011208
 30
0.0
 11
244.5435405965906
 21
372.5635758011208
 31
0.0
1001
PHOENIX7010
1002
{
1070
    41
1040
1.0
1002
}
  0
LINE
  5
27EF7
330
2
100
AcDbEntity
  8
0
  6
Continuous
 62
     7
370
    50
100
AcDbLine
 10
214.4566069226696
 20
366.8635758011207
 30
0.0
 11
234.1304742705112
 21
366.8635758011207
 31
0.0
1001
PHOENIX7010
1002
{
1070
    41
1040
1.0
1002
}
  0
LINE
  5
27EF8
330
2
100
AcDbEntity
  8
0
  6
Continuous
 62
     7
370
    50
100
AcDbLine
 10
213.6455028114108
 20
378.2635758011207
 30
0.0
 11
234.9415783817702
 21
378.2635758011207
 31
0.0
1001
PHOENIX7010
1002
{
1070
    41
1040
1.0
1002
}
  0
INSERT
  5
27EF9
330
2
100
AcDbEntity
  8
0
  6
Continuous
 62
     7
370
    50
100
AcDbBlockReference
  2
PH_GRPBLK
 10
112.5700300750095
 20
378.2635758011206
 30
0.0
1001
PHOENIX7010
1002
{
1070
    41
1040
1.0
1002
}
  0
LINE
  5
27EFA
330
2
100
AcDbEntity
  8
0
  6
ACAD_ISO04W100
 62
     1
370
    25
100
AcDbLine
 10
131.5180678601892
 20
376.1635758011206
 30
0.0
 11
131.5180678601892
 21
368.9635758011207
 31
0.0
1001
PHOENIX7010
1002
{
1070
    41
1040
1.0
1002
}
  0
LINE
  5
27EFD
330
2
100
AcDbEntity
  8
0
  6
Continuous
 62
     7
370
    50
100
AcDbLine
 10
113.3811341862683
 20
366.8635758011206
 30
0.0
 11
124.6550015341099
 21
366.8635758011206
 31
0.0
1001
PHOENIX7010
1002
{
1070
    41
1040
1.0
1002
}
  0
LINE
  5
27EFE
330
2
100
AcDbEntity
  8
0
  6
Continuous
 62
     7
370
    50
100
AcDbLine
 10
112.5700300750095
 20
378.2635758011206
 30
0.0
 11
125.4661056453687
 21
378.2635758011206
 31
0.0
1001
PHOENIX7010
1002
{
1070
    41
1040
1.0
1002
}
  0
LINE
  5
27F01
330
2
100
AcDbEntity
  8
0
  6
ACAD_ISO04W100
 62
     1
370
    25
100
AcDbLine
 10
119.0180678601892
 20
380.2635758011206
 30
0.0
 11
119.0180678601892
 21
364.8635758011206
 31
0.0
1001
PHOENIX7010
1002
{
1070
    41
1040
1.0
1002
}
  0
LINE
  5
27F02
330
2
100
AcDbEntity
  8
0
  6
ACAD_ISO04W100
 62
     1
370
    25
100
AcDbLine
 10
106.5180678601892
 20
376.1635758011207
 30
0.0
 11
106.5180678601892
 21
368.9635758011207
 31
0.0
1001
PHOENIX7010
1002
{
1070
    41
1040
1.0
1002
}
  0
LINE
  5
27F05
330
2
100
AcDbEntity
  8
0
  6
ACAD_ISO04W100
 62
     1
370
    25
100
AcDbLine
 10
102.9180678601892
 20
372.5635758011207
 30
0.0
 11
135.1180678601893
 21
372.5635758011207
 31
0.0
1001
PHOENIX7010
1002
{
1070
    41
1040
1.0
1002
}
  0
LINE
  5
27F0E
330
2
100
AcDbEntity
  8
0
  6
Continuous
 62
     7
370
    50
100
AcDbLine
 10
106.5180678601892
 20
419.5635758011206
 30
0.0
 11
110.0539732343455
 21
419.5635758011206
 31
0.0
1001
PHOENIX7010
1002
{
1070
    41
1040
1.0
1002
}
  0
LINE
  5
27F0F
330
2
100
AcDbEntity
  8
0
  6
Continuous
 62
     7
370
    50
100
AcDbLine
 10
106.5180678601892
 20
425.5635758011207
 30
0.0
 11
109.2428691230867
 21
425.5635758011207
 31
0.0
1001
PHOENIX7010
1002
{
1070
    41
1040
1.0
1002
}
  0
LINE
  5
27F10
330
2
100
AcDbEntity
  8
0
  6
Continuous
 62
     7
370
    50
100
AcDbLine
 10
131.5180678601892
 20
425.5635758011206
 30
0.0
 11
128.7932665972916
 21
425.5635758011206
 31
0.0
1001
PHOENIX7010
1002
{
1070
    41
1040
1.0
1002
}
  0
LINE
  5
27F11
330
2
100
AcDbEntity
  8
0
  6
Continuous
 62
     7
370
    50
100
AcDbLine
 10
131.5180678601892
 20
419.5635758011206
 30
0.0
 11
127.9821624860327
 21
419.5635758011206
 31
0.0
1001
PHOENIX7010
1002
{
1070
    41
1040
1.0
1002
}
  0
ARC
  5
27F14
330
2
100
AcDbEntity
  8
0
  6
Continuous
 62
     7
370
    50
100
AcDbCircle
 10
131.5180678601892
 20
422.5635758011206
 30
0.0
 40
3.0
100
AcDbArc
 50
270.0
 51
90.0
1001
PHOENIX7010
1002
{
1070
    41
1040
1.0
1002
}
  0
ARC
  5
27F17
330
2
100
AcDbEntity
  8
0
  6
Continuous
 62
     7
370
    50
100
AcDbCircle
 10
131.5180678601892
 20
422.5635758011206
 30
0.0
 40
3.0
100
AcDbArc
 50
179.4357576563879
 51
179.9999999999989
1001
PHOENIX7010
1002
{
1070
    41
1040
1.0
1002
}
  0
ARC
  5
27F1C
330
2
100
AcDbEntity
  8
0
  6
Continuous
 62
     7
370
    50
100
AcDbCircle
 10
106.5180678601892
 20
422.5635758011207
 30
0.0
 40
3.0
100
AcDbArc
 50
0.0
 51
0.5642423435860062
1001
PHOENIX7010
1002
{
1070
    41
1040
1.0
1002
}
  0
ARC
  5
27F1F
102
{ACAD_REACTORS
330
289CD
330
2CB6A
102
}
330
2
100
AcDbEntity
  8
0
  6
Continuous
 62
     7
370
    50
100
AcDbCircle
 10
106.5180678601892
 20
422.5635758011207
 30
0.0
 40
3.0
100
AcDbArc
 50
90.0
 51
270.0
1001
PHOENIX7010
1002
{
1070
    41
1040
1.0
1002
}
  0
LEADER
  5
289F0
330
2
100
AcDbEntity
  8
0
  6
Continuous
 62
     7
370
    50
100
AcDbLeader
  3
phoenix
 73
     0
 74
     0
 75
     1
 40
22.24249999999999
 41
96.45698123482384
 76
     3
 10
108.4138207152987
 20
424.4074287232958
 30
0.0
 10
105.6470789441016
 20
437.3828757437593
 30
0.0
 10
109.3670789441016
 20
437.3828757437593
 30
0.0
340
289F3
1001
ACAD
1000
DSTYLE
1002
{
1070
     3
1000
%%c<>
1070
   140
1040
5.0
1002
}
  0
MTEXT
  5
289F3
102
{ACAD_REACTORS
330
289F0
102
}
330
2
100
AcDbEntity
  8
0
  6
Continuous
 62
     5
370
    50
100
AcDbMText
 10
109.8670789441016
 20
437.8828757437593
 30
0.0
 40
3.5
 41
0.0
 71
     7
 72
     1
  1
Tieferfr‰sung auf \PRestwandst‰rke (Kundenvorgabe)\P{\Q20;Recessed area to special remaining \Pwall thickness (customer specification)  }
 73
     1
 44
1.0
1001
ACAD
1000
MTEXTBEGIN
1070
    73
1070
     1
1070
    44
1040
1.0
1070
    74
1070
     0
1000
MTEXTEND
  0
ARC
  5
289F4
102
{ACAD_REACTORS
330
289F7
102
}
330
2
100
AcDbEntity
  8
0
  6
Continuous
 62
     7
370
    50
100
AcDbCircle
 10
207.6435405965905
 20
422.5635758011207
 30
0.0
 40
3.0
100
AcDbArc
 50
90.0
 51
270.0
1001
PHOENIX7010
1002
{
1070
    41
1040
1.0
1002
}
  0
LINE
  5
289F5
330
2
100
AcDbEntity
  8
0
  6
Continuous
 62
     7
370
    50
100
AcDbLine
 10
207.6435405965905
 20
419.5635758011207
 30
0.0
 11
211.127585328754
 21
419.5635758011207
 31
0.0
1001
PHOENIX7010
1002
{
1070
    41
1040
1.0
1002
}
  0
LINE
  5
289F6
330
2
100
AcDbEntity
  8
0
  6
Continuous
 62
     7
370
    50
100
AcDbLine
 10
207.6435405965905
 20
425.5635758011207
 30
0.0
 11
210.318341859488
 21
425.5635758011207
 31
0.0
1001
PHOENIX7010
1002
{
1070
    41
1040
1.0
1002
}
  0
ARC
  5
289F8
102
{ACAD_REACTORS
330
289FB
102
}
330
2
100
AcDbEntity
  8
0
  6
Continuous
 62
     7
370
    50
100
AcDbCircle
 10
240.9435405965905
 20
422.5635758011208
 30
0.0
 40
3.0
100
AcDbArc
 50
270.0
 51
90.0
1001
PHOENIX7010
1002
{
1070
    41
1040
1.0
1002
}
  0
LINE
  5
289F9
330
2
100
AcDbEntity
  8
0
  6
Continuous
 62
     7
370
    50
100
AcDbLine
 10
240.9435405965905
 20
425.5635758011208
 30
0.0
 11
238.268739333693
 21
425.5635758011208
 31
0.0
1001
PHOENIX7010
1002
{
1070
    41
1040
1.0
1002
}
  0
LINE
  5
289FA
330
2
100
AcDbEntity
  8
0
  6
Continuous
 62
     7
370
    50
100
AcDbLine
 10
240.9435405965905
 20
419.5635758011207
 30
0.0
 11
237.457635222434
 21
419.5635758011207
 31
0.0
1001
PHOENIX7010
1002
{
1070
    41
1040
1.0
1002
}
  0
ARC
  5
289FC
102
{ACAD_REACTORS
330
289FF
102
}
330
2
100
AcDbEntity
  8
0
  6
Continuous
 62
     7
370
    50
100
AcDbCircle
 10
325.3451362119621
 20
422.5635758011207
 30
0.0
 40
3.0
100
AcDbArc
 50
90.0
 51
270.0
1001
PHOENIX7010
1002
{
1070
    41
1040
1.0
1002
}
  0
LINE
  5
289FD
330
2
100
AcDbEntity
  8
0
  6
Continuous
 62
     7
370
    50
100
AcDbLine
 10
325.3451362119621
 20
419.5635758011206
 30
0.0
 11
328.8310415861184
 21
419.5635758011206
 31
0.0
1001
PHOENIX7010
1002
{
1070
    41
1040
1.0
1002
}
  0
LINE
  5
289FE
330
2
100
AcDbEntity
  8
0
  6
Continuous
 62
     7
370
    50
100
AcDbLine
 10
325.3451362119621
 20
425.5635758011207
 30
0.0
 11
328.0199374748594
 21
425.5635758011207
 31
0.0
1001
PHOENIX7010
1002
{
1070
    41
1040
1.0
1002
}
  0
ARC
  5
28A00
102
{ACAD_REACTORS
330
28A03
102
}
330
2
100
AcDbEntity
  8
0
  6
Continuous
 62
     7
370
    50
100
AcDbCircle
 10
372.345136211962
 20
422.5635758011208
 30
0.0
 40
3.0
100
AcDbArc
 50
270.0
 51
90.0
1001
PHOENIX7010
1002
{
1070
    41
1040
1.0
1002
}
  0
LINE
  5
28A01
330
2
100
AcDbEntity
  8
0
  6
Continuous
 62
     7
370
    50
100
AcDbLine
 10
372.345136211962
 20
425.5635758011208
 30
0.0
 11
369.6703349490645
 21
425.5635758011208
 31
0.0
1001
PHOENIX7010
1002
{
1070
    41
1040
1.0
1002
}
  0
LINE
  5
28A02
330
2
100
AcDbEntity
  8
0
  6
Continuous
 62
     7
370
    50
100
AcDbLine
 10
372.345136211962
 20
419.5635758011207
 30
0.0
 11
368.8610914797982
 21
419.5635758011207
 31
0.0
1001
PHOENIX7010
1002
{
1070
    41
1040
1.0
1002
}
  0
ARC
  5
28A06
102
{ACAD_REACTORS
330
28A09
102
}
330
2
100
AcDbEntity
  8
0
  6
Continuous
 62
     7
370
    50
100
AcDbCircle
 10
484.5798901213296
 20
422.5635758011207
 30
0.0
 40
3.0
100
AcDbArc
 50
90.0
 51
270.0
1001
PHOENIX7010
1002
{
1070
    41
1040
1.0
1002
}
  0
LINE
  5
28A07
330
2
100
AcDbEntity
  8
0
  6
Continuous
 62
     7
370
    50
100
AcDbLine
 10
484.5798901213296
 20
419.5635758011207
 30
0.0
 11
488.063934853493
 21
419.5635758011207
 31
0.0
1001
PHOENIX7010
1002
{
1070
    41
1040
1.0
1002
}
  0
LINE
  5
28A08
330
2
100
AcDbEntity
  8
0
  6
Continuous
 62
     7
370
    50
100
AcDbLine
 10
484.5798901213296
 20
425.5635758011207
 30
0.0
 11
487.2546913842272
 21
425.5635758011207
 31
0.0
1001
PHOENIX7010
1002
{
1070
    41
1040
1.0
1002
}
  0
ARC
  5
28A0C
102
{ACAD_REACTORS
330
28A0F
102
}
330
2
100
AcDbEntity
  8
0
  6
Continuous
 62
     7
370
    50
100
AcDbCircle
 10
548.0798901213297
 20
422.5635758011207
 30
0.0
 40
3.0
100
AcDbArc
 50
270.0
 51
90.0
1001
PHOENIX7010
1002
{
1070
    41
1040
1.0
1002
}
  0
LINE
  5
28A0D
330
2
100
AcDbEntity
  8
0
  6
Continuous
 62
     7
370
    50
100
AcDbLine
 10
548.0798901213297
 20
425.5635758011207
 30
0.0
 11
545.4050888584324
 21
425.5635758011207
 31
0.0
1001
PHOENIX7010
1002
{
1070
    41
1040
1.0
1002
}
  0
LINE
  5
28A0E
330
2
100
AcDbEntity
  8
0
  6
Continuous
 62
     7
370
    50
100
AcDbLine
 10
548.0798901213297
 20
419.5635758011206
 30
0.0
 11
544.5958453891671
 21
419.5635758011206
 31
0.0
1001
PHOENIX7010
1002
{
1070
    41
1040
1.0
1002
}
  0
ARC
  5
28A10
102
{ACAD_REACTORS
330
28A13
102
}
330
2
100
AcDbEntity
  8
0
  6
Continuous
 62
     7
370
    50
100
AcDbCircle
 10
663.2691994373983
 20
422.5635758011207
 30
0.0
 40
3.0
100
AcDbArc
 50
90.0
 51
270.0
1001
PHOENIX7010
1002
{
1070
    41
1040
1.0
1002
}
  0
LINE
  5
28A11
330
2
100
AcDbEntity
  8
0
  6
Continuous
 62
     7
370
    50
100
AcDbLine
 10
663.2691994373983
 20
419.5635758011207
 30
0.0
 11
667.1412855935184
 21
419.5635758011207
 31
0.0
1001
PHOENIX7010
1002
{
1070
    41
1040
1.0
1002
}
  0
LINE
  5
28A12
330
2
100
AcDbEntity
  8
0
  6
Continuous
 62
     7
370
    50
100
AcDbLine
 10
663.2691994373983
 20
425.5635758011207
 30
0.0
 11
666.0833237092675
 21
425.5635758011207
 31
0.0
1001
PHOENIX7010
1002
{
1070
    41
1040
1.0
1002
}
  0
ARC
  5
28A14
102
{ACAD_REACTORS
330
28A17
102
}
330
2
100
AcDbEntity
  8
0
  6
Continuous
 62
     7
370
    50
100
AcDbCircle
 10
724.3691994373982
 20
422.5635758011207
 30
0.0
 40
3.0
100
AcDbArc
 50
270.0
 51
90.0
1001
PHOENIX7010
1002
{
1070
    41
1040
1.0
1002
}
  0
LINE
  5
28A15
330
2
100
AcDbEntity
  8
0
  6
Continuous
 62
     7
370
    50
100
AcDbLine
 10
724.3691994373982
 20
425.5635758011207
 30
0.0
 11
721.5545265417709
 21
425.5635758011207
 31
0.0
1001
PHOENIX7010
1002
{
1070
    41
1040
1.0
1002
}
  0
LINE
  5
28A16
330
2
100
AcDbEntity
  8
0
  6
Continuous
 62
     7
370
    50
100
AcDbLine
 10
724.3691994373982
 20
419.5635758011206
 30
0.0
 11
720.4971132812781
 21
419.5635758011206
 31
0.0
1001
PHOENIX7010
1002
{
1070
    41
1040
1.0
1002
}
  0
LINE
  5
28A19
330
2
100
AcDbEntity
  8
0
  6
Continuous
 62
     7
370
    50
100
AcDbLine
 10
106.5180678601892
 20
369.5635758011207
 30
0.0
 11
110.0539732343455
 21
369.5635758011207
 31
0.0
1001
PHOENIX7010
1002
{
1070
    41
1040
1.0
1002
}
  0
ARC
  5
28A1A
102
{ACAD_REACTORS
330
28A37
330
29DD3
330
2B49D
102
}
330
2
100
AcDbEntity
  8
0
  6
Continuous
 62
     7
370
    50
100
AcDbCircle
 10
106.5180678601892
 20
372.5635758011207
 30
0.0
 40
3.0
100
AcDbArc
 50
90.0
 51
270.0
1001
PHOENIX7010
1002
{
1070
    41
1040
1.0
1002
}
  0
LINE
  5
28A1B
102
{ACAD_REACTORS
330
29DD4
330
2B49E
102
}
330
2
100
AcDbEntity
  8
0
  6
Continuous
 62
     7
370
    50
100
AcDbLine
 10
106.5180678601892
 20
375.5635758011207
 30
0.0
 11
109.2428691230867
 21
375.5635758011207
 31
0.0
1001
PHOENIX7010
1002
{
1070
    41
1040
1.0
1002
}
  0
LINE
  5
28A1C
330
2
100
AcDbEntity
  8
0
  6
Continuous
 62
     7
370
    50
100
AcDbLine
 10
131.5180678601892
 20
375.5635758011206
 30
0.0
 11
128.7932665972916
 21
375.5635758011206
 31
0.0
1001
PHOENIX7010
1002
{
1070
    41
1040
1.0
1002
}
  0
ARC
  5
28A1D
330
2
100
AcDbEntity
  8
0
  6
Continuous
 62
     7
370
    50
100
AcDbCircle
 10
131.5180678601892
 20
372.5635758011206
 30
0.0
 40
3.0
100
AcDbArc
 50
270.0
 51
90.0
1001
PHOENIX7010
1002
{
1070
    41
1040
1.0
1002
}
  0
LINE
  5
28A1E
330
2
100
AcDbEntity
  8
0
  6
Continuous
 62
     7
370
    50
100
AcDbLine
 10
131.5180678601892
 20
369.5635758011206
 30
0.0
 11
127.9821624860327
 21
369.5635758011206
 31
0.0
1001
PHOENIX7010
1002
{
1070
    41
1040
1.0
1002
}
  0
ARC
  5
28A1F
102
{ACAD_REACTORS
330
28A3D
102
}
330
2
100
AcDbEntity
  8
0
  6
Continuous
 62
     7
370
    50
100
AcDbCircle
 10
207.6435405965905
 20
372.5635758011208
 30
0.0
 40
3.0
100
AcDbArc
 50
90.0
 51
270.0
1001
PHOENIX7010
1002
{
1070
    41
1040
1.0
1002
}
  0
LINE
  5
28A20
330
2
100
AcDbEntity
  8
0
  6
Continuous
 62
     7
370
    50
100
AcDbLine
 10
207.6435405965905
 20
375.5635758011207
 30
0.0
 11
210.318341859488
 21
375.5635758011207
 31
0.0
1001
PHOENIX7010
1002
{
1070
    41
1040
1.0
1002
}
  0
LINE
  5
28A21
330
2
100
AcDbEntity
  8
0
  6
Continuous
 62
     7
370
    50
100
AcDbLine
 10
207.6435405965905
 20
369.5635758011207
 30
0.0
 11
211.1294459707468
 21
369.5635758011207
 31
0.0
1001
PHOENIX7010
1002
{
1070
    41
1040
1.0
1002
}
  0
LINE
  5
28A22
330
2
100
AcDbEntity
  8
0
  6
Continuous
 62
     7
370
    50
100
AcDbLine
 10
240.9435405965905
 20
369.5635758011208
 30
0.0
 11
237.457635222434
 21
369.5635758011208
 31
0.0
1001
PHOENIX7010
1002
{
1070
    41
1040
1.0
1002
}
  0
ARC
  5
28A23
102
{ACAD_REACTORS
330
28A3E
102
}
330
2
100
AcDbEntity
  8
0
  6
Continuous
 62
     7
370
    50
100
AcDbCircle
 10
240.9435405965905
 20
372.5635758011208
 30
0.0
 40
3.0
100
AcDbArc
 50
270.0
 51
90.0
1001
PHOENIX7010
1002
{
1070
    41
1040
1.0
1002
}
  0
LINE
  5
28A24
330
2
100
AcDbEntity
  8
0
  6
Continuous
 62
     7
370
    50
100
AcDbLine
 10
240.9435405965905
 20
375.5635758011208
 30
0.0
 11
238.268739333693
 21
375.5635758011208
 31
0.0
1001
PHOENIX7010
1002
{
1070
    41
1040
1.0
1002
}
  0
ARC
  5
28A25
102
{ACAD_REACTORS
330
28A3F
102
}
330
2
100
AcDbEntity
  8
0
  6
Continuous
 62
     7
370
    50
100
AcDbCircle
 10
325.3451362119621
 20
372.5635758011207
 30
0.0
 40
3.0
100
AcDbArc
 50
90.0
 51
270.0
1001
PHOENIX7010
1002
{
1070
    41
1040
1.0
1002
}
  0
LINE
  5
28A26
330
2
100
AcDbEntity
  8
0
  6
Continuous
 62
     7
370
    50
100
AcDbLine
 10
325.3451362119621
 20
375.5635758011207
 30
0.0
 11
328.0199374748594
 21
375.5635758011207
 31
0.0
1001
PHOENIX7010
1002
{
1070
    41
1040
1.0
1002
}
  0
LINE
  5
28A27
330
2
100
AcDbEntity
  8
0
  6
Continuous
 62
     7
370
    50
100
AcDbLine
 10
325.3451362119621
 20
369.5635758011207
 30
0.0
 11
328.8310415861184
 21
369.5635758011207
 31
0.0
1001
PHOENIX7010
1002
{
1070
    41
1040
1.0
1002
}
  0
LINE
  5
28A28
330
2
100
AcDbEntity
  8
0
  6
Continuous
 62
     7
370
    50
100
AcDbLine
 10
372.345136211962
 20
369.5635758011208
 30
0.0
 11
368.8592308378054
 21
369.5635758011208
 31
0.0
1001
PHOENIX7010
1002
{
1070
    41
1040
1.0
1002
}
  0
LINE
  5
28A29
330
2
100
AcDbEntity
  8
0
  6
Continuous
 62
     7
370
    50
100
AcDbLine
 10
372.345136211962
 20
375.5635758011208
 30
0.0
 11
369.6703349490645
 21
375.5635758011208
 31
0.0
1001
PHOENIX7010
1002
{
1070
    41
1040
1.0
1002
}
  0
ARC
  5
28A2A
102
{ACAD_REACTORS
330
28A38
102
}
330
2
100
AcDbEntity
  8
0
  6
Continuous
 62
     7
370
    50
100
AcDbCircle
 10
372.345136211962
 20
372.5635758011208
 30
0.0
 40
3.0
100
AcDbArc
 50
270.0
 51
90.0
1001
PHOENIX7010
1002
{
1070
    41
1040
1.0
1002
}
  0
LINE
  5
28A2B
330
2
100
AcDbEntity
  8
0
  6
Continuous
 62
     7
370
    50
100
AcDbLine
 10
484.5798901213296
 20
375.5635758011207
 30
0.0
 11
487.2546913842272
 21
375.5635758011207
 31
0.0
1001
PHOENIX7010
1002
{
1070
    41
1040
1.0
1002
}
  0
ARC
  5
28A2C
102
{ACAD_REACTORS
330
28A39
102
}
330
2
100
AcDbEntity
  8
0
  6
Continuous
 62
     7
370
    50
100
AcDbCircle
 10
484.5798901213296
 20
372.5635758011208
 30
0.0
 40
3.0
100
AcDbArc
 50
90.0
 51
270.0
1001
PHOENIX7010
1002
{
1070
    41
1040
1.0
1002
}
  0
LINE
  5
28A2D
330
2
100
AcDbEntity
  8
0
  6
Continuous
 62
     7
370
    50
100
AcDbLine
 10
484.5798901213296
 20
369.5635758011207
 30
0.0
 11
488.0657954954858
 21
369.5635758011207
 31
0.0
1001
PHOENIX7010
1002
{
1070
    41
1040
1.0
1002
}
  0
LINE
  5
28A2E
330
2
100
AcDbEntity
  8
0
  6
Continuous
 62
     7
370
    50
100
AcDbLine
 10
548.0798901213297
 20
375.5635758011207
 30
0.0
 11
545.4050888584324
 21
375.5635758011207
 31
0.0
1001
PHOENIX7010
1002
{
1070
    41
1040
1.0
1002
}
  0
ARC
  5
28A2F
102
{ACAD_REACTORS
330
28A3A
102
}
330
2
100
AcDbEntity
  8
0
  6
Continuous
 62
     7
370
    50
100
AcDbCircle
 10
548.0798901213297
 20
372.5635758011207
 30
0.0
 40
3.0
100
AcDbArc
 50
270.0
 51
90.0
1001
PHOENIX7010
1002
{
1070
    41
1040
1.0
1002
}
  0
LINE
  5
28A30
330
2
100
AcDbEntity
  8
0
  6
Continuous
 62
     7
370
    50
100
AcDbLine
 10
548.0798901213297
 20
369.5635758011207
 30
0.0
 11
544.5939847471744
 21
369.5635758011207
 31
0.0
1001
PHOENIX7010
1002
{
1070
    41
1040
1.0
1002
}
  0
LINE
  5
28A31
330
2
100
AcDbEntity
  8
0
  6
Continuous
 62
     7
370
    50
100
AcDbLine
 10
663.2691994373983
 20
369.5635758011207
 30
0.0
 11
667.1412855935184
 21
369.5635758011207
 31
0.0
1001
PHOENIX7010
1002
{
1070
    41
1040
1.0
1002
}
  0
LINE
  5
28A32
330
2
100
AcDbEntity
  8
0
  6
Continuous
 62
     7
370
    50
100
AcDbLine
 10
663.2691994373983
 20
375.5635758011207
 30
0.0
 11
666.0833237092675
 21
375.5635758011207
 31
0.0
1001
PHOENIX7010
1002
{
1070
    41
1040
1.0
1002
}
  0
ARC
  5
28A33
102
{ACAD_REACTORS
330
28A3B
102
}
330
2
100
AcDbEntity
  8
0
  6
Continuous
 62
     7
370
    50
100
AcDbCircle
 10
663.2691994373983
 20
372.5635758011208
 30
0.0
 40
3.0
100
AcDbArc
 50
90.0
 51
270.0
1001
PHOENIX7010
1002
{
1070
    41
1040
1.0
1002
}
  0
LINE
  5
28A34
330
2
100
AcDbEntity
  8
0
  6
Continuous
 62
     7
370
    50
100
AcDbLine
 10
724.3691994373982
 20
375.5635758011207
 30
0.0
 11
721.5545265417709
 21
375.5635758011207
 31
0.0
1001
PHOENIX7010
1002
{
1070
    41
1040
1.0
1002
}
  0
ARC
  5
28A35
102
{ACAD_REACTORS
330
28A3C
102
}
330
2
100
AcDbEntity
  8
0
  6
Continuous
 62
     7
370
    50
100
AcDbCircle
 10
724.3691994373982
 20
372.5635758011207
 30
0.0
 40
3.0
100
AcDbArc
 50
270.0
 51
90.0
1001
PHOENIX7010
1002
{
1070
    41
1040
1.0
1002
}
  0
LINE
  5
28A36
330
2
100
AcDbEntity
  8
0
  6
Continuous
 62
     7
370
    50
100
AcDbLine
 10
724.3691994373982
 20
369.5635758011207
 30
0.0
 11
720.4971132812781
 21
369.5635758011207
 31
0.0
1001
PHOENIX7010
1002
{
1070
    41
1040
1.0
1002
}
  0
ARC
  5
28A46
330
2
100
AcDbEntity
  8
0
  6
Continuous
 62
     7
370
    50
100
AcDbCircle
 10
112.5700300750095
 20
374.8635758011206
 30
0.0
 40
3.399999999999999
100
AcDbArc
 50
90.0
 51
168.1188439789885
1001
PHOENIX7010
1002
{
1070
    41
1040
1.0
1002
}
  0
ARC
  5
28A48
330
2
100
AcDbEntity
  8
0
  6
Continuous
 62
     7
370
    50
100
AcDbCircle
 10
113.3811341862683
 20
370.2635758011206
 30
0.0
 40
3.399999999999999
100
AcDbArc
 50
191.8811560210095
 51
270.0
1001
PHOENIX7010
1002
{
1070
    41
1040
1.0
1002
}
  0
ARC
  5
28A4D
330
2
100
AcDbEntity
  8
0
  6
Continuous
 62
     7
370
    50
100
AcDbCircle
 10
125.4661056453687
 20
374.8635758011206
 30
0.0
 40
3.399999999999999
100
AcDbArc
 50
11.88115602101055
 51
90.0
1001
PHOENIX7010
1002
{
1070
    41
1040
1.0
1002
}
  0
ARC
  5
28A4F
330
2
100
AcDbEntity
  8
0
  6
Continuous
 62
     7
370
    50
100
AcDbCircle
 10
124.6550015341099
 20
370.2635758011206
 30
0.0
 40
3.399999999999999
100
AcDbArc
 50
270.0
 51
348.1188439789895
1001
PHOENIX7010
1002
{
1070
    41
1040
1.0
1002
}
  0
ARC
  5
28A54
330
2
100
AcDbEntity
  8
0
  6
Continuous
 62
     7
370
    50
100
AcDbCircle
 10
213.6455028114108
 20
374.8635758011207
 30
0.0
 40
3.399999999999999
100
AcDbArc
 50
90.0
 51
168.1188439789885
1001
PHOENIX7010
1002
{
1070
    41
1040
1.0
1002
}
  0
ARC
  5
28A58
330
2
100
AcDbEntity
  8
0
  6
Continuous
 62
     7
370
    50
100
AcDbCircle
 10
234.1304742705112
 20
370.2635758011207
 30
0.0
 40
3.399999999999999
100
AcDbArc
 50
270.0
 51
348.1188439789914
1001
PHOENIX7010
1002
{
1070
    41
1040
1.0
1002
}
  0
ARC
  5
28A5B
330
2
100
AcDbEntity
  8
0
  6
Continuous
 62
     7
370
    50
100
AcDbCircle
 10
234.9415783817702
 20
374.8635758011207
 30
0.0
 40
3.399999999999999
100
AcDbArc
 50
11.88115602101253
 51
90.0
1001
PHOENIX7010
1002
{
1070
    41
1040
1.0
1002
}
  0
ARC
  5
28A5F
330
2
100
AcDbEntity
  8
0
  6
Continuous
 62
     7
370
    50
100
AcDbCircle
 10
331.3470984267823
 20
374.8635758011208
 30
0.0
 40
3.399999999999999
100
AcDbArc
 50
90.0
 51
168.1188439789905
1001
PHOENIX7010
1002
{
1070
    41
1040
1.0
1002
}
  0
ARC
  5
28A62
330
2
100
AcDbEntity
  8
0
  6
Continuous
 62
     7
370
    50
100
AcDbCircle
 10
332.1582025380412
 20
370.2635758011206
 30
0.0
 40
3.399999999999999
100
AcDbArc
 50
191.8811560210095
 51
270.0
1001
PHOENIX7010
1002
{
1070
    41
1040
1.0
1002
}
  0
ARC
  5
28A66
330
2
100
AcDbEntity
  8
0
  6
Continuous
 62
     7
370
    50
100
AcDbCircle
 10
366.3431739971417
 20
374.8635758011208
 30
0.0
 40
3.399999999999999
100
AcDbArc
 50
11.88115602101155
 51
90.0
1001
PHOENIX7010
1002
{
1070
    41
1040
1.0
1002
}
  0
ARC
  5
28A6E
330
2
100
AcDbEntity
  8
0
  6
Continuous
 62
     7
370
    50
100
AcDbCircle
 10
541.2668237952516
 20
370.2635758011207
 30
0.0
 40
3.399999999999999
100
AcDbArc
 50
270.0
 51
348.1188439789895
1001
PHOENIX7010
1002
{
1070
    41
1040
1.0
1002
}
  0
ARC
  5
28A71
330
2
100
AcDbEntity
  8
0
  6
Continuous
 62
     7
370
    50
100
AcDbCircle
 10
542.0779279065097
 20
374.8635758011206
 30
0.0
 40
3.399999999999999
100
AcDbArc
 50
11.88115602101253
 51
90.0
1001
PHOENIX7010
1002
{
1070
    41
1040
1.0
1002
}
  0
ARC
  5
28A76
330
2
100
AcDbEntity
  8
0
  6
Continuous
 62
     7
370
    50
100
AcDbCircle
 10
490.58185233615
 20
374.8635758011206
 30
0.0
 40
3.399999999999999
100
AcDbArc
 50
90.0
 51
168.1188439789865
1001
PHOENIX7010
1002
{
1070
    41
1040
1.0
1002
}
  0
LINE
  5
28A79
330
2
100
AcDbEntity
  8
0
  6
Continuous
 62
     7
370
    50
100
AcDbLine
 10
667.1412855935184
 20
369.5635758011207
 30
0.0
 11
667.3600022511489
 21
368.3231719970532
 31
0.0
1001
PHOENIX7010
1002
{
1070
    41
1040
1.0
1002
}
  0
LINE
  5
28A7B
330
2
100
AcDbEntity
  8
0
  6
Continuous
 62
     7
370
    50
100
AcDbLine
 10
666.0728152919771
 20
375.6231719970533
 30
0.0
 11
666.0833237092675
 21
375.5635758011207
 31
0.0
1001
PHOENIX7010
1002
{
1070
    41
1040
1.0
1002
}
  0
LINE
  5
28A7D
330
2
100
AcDbEntity
  8
0
  6
Continuous
 62
     7
370
    50
100
AcDbLine
 10
721.5655835828195
 20
375.6231719970532
 30
0.0
 11
721.555075165529
 21
375.5635758011207
 31
0.0
1001
PHOENIX7010
1002
{
1070
    41
1040
1.0
1002
}
  0
LINE
  5
28A80
330
2
100
AcDbEntity
  8
0
  6
Continuous
 62
     7
370
    50
100
AcDbLine
 10
720.4971132812781
 20
369.5635758011207
 30
0.0
 11
720.2783966236477
 21
368.3231719970532
 31
0.0
1001
PHOENIX7010
1002
{
1070
    41
1040
1.0
1002
}
  0
DIMENSION
  5
2A3ED
102
{ACAD_REACTORS
330
2B49F
102
}
330
2
100
AcDbEntity
  8
0
  6
Continuous
 62
     7
370
    35
100
AcDbDimension
  2
*D87
 10
96.77701008725287
 20
375.5635758011208
 30
0.0
 11
96.77701008725296
 21
385.0319222578137
 31
0.0
 70
   160
 71
     5
 42
6.0
  3
phoenix
100
AcDbAlignedDimension
 13
106.5180678601892
 23
369.5635758011207
 33
0.0
 14
106.5180678601892
 24
375.5635758011207
 34
0.0
 50
90.0
100
AcDbRotatedDimension
1001
ACAD
1000
DSTYLE
1002
{
1070
   173
1070
     1
1070
   140
1040
5.0
1002
}
  0
DIMENSION
  5
2B4CC
102
{ACAD_REACTORS
330
2CB6B
102
}
330
2
100
AcDbEntity
  8
0
  6
Continuous
 62
     7
370
    35
100
AcDbDimension
  2
*D88
 10
96.77701008725279
 20
425.5635758011209
 30
0.0
 11
96.77701008725287
 21
435.0319222578137
 31
0.0
 70
   160
 71
     5
 42
6.000000000000056
  3
phoenix
100
AcDbAlignedDimension
 13
106.5180678601892
 23
419.5635758011206
 33
0.0
 14
106.5180678601892
 24
425.5635758011207
 34
0.0
 50
90.0
100
AcDbRotatedDimension
1001
ACAD
1000
DSTYLE
1002
{
1070
   173
1070
     1
1070
   140
1040
5.0
1002
}
  0
ENDSEC
  0
SECTION
  2
OBJECTS
  0
DICTIONARY
  5
9
330
0
100
AcDbDictionary
281
     1
  3
ACAD_2007HEADERVARS_RT
350
2EA6D
  3
ACAD_CIP_PREVIOUS_PRODUCT_INFO
350
11582
  3
ACAD_COLOR
350
37
  3
ACAD_DETAILVIEWSTYLE
350
1157A
  3
ACAD_GROUP
350
32
  3
ACAD_LAYOUT
350
F
  3
ACAD_MATERIAL
350
B
  3
ACAD_MLEADERSTYLE
350
77
  3
ACAD_MLINESTYLE
350
33
  3
ACAD_PLOTSETTINGS
350
34
  3
ACAD_PLOTSTYLENAME
350
8
  3
ACAD_SCALELIST
350
65
  3
ACAD_SECTIONVIEWSTYLE
350
11578
  3
ACAD_TABLESTYLE
350
38
  3
ACAD_VISUALSTYLE
350
25
  3
ACDB_RECOMPOSE_DATA
350
2EA6B
  3
AcDbVariableDictionary
350
52
  3
AcDsDecomposeData
350
2EA74
  3
DWGPROPS
350
2EA6C
  3
PH_OBJREACTOR_DICT
350
4C
  3
PH_ROOTGROUP_DICT
350
4D
  3
PH_VARS
350
50
  0
DICTIONARY
  5
15
330
14
100
AcDbDictionary
280
     1
281
     1
  3
ACAD_LAYERFILTERS
360
16
  3
ACAD_LAYERSTATES
360
17
  3
ACLYDICTIONARY
360
18
  0
DICTIONARY
  5
18F3
330
6
100
AcDbDictionary
280
     1
281
     1
  3
ADSK_XREC_LAYER_RECONCILED
360
18F4
  0
DICTIONARY
  5
18F5
330
18EE
100
AcDbDictionary
280
     1
281
     1
  3
ADSK_XREC_LAYER_RECONCILED
360
18F6
  0
DICTIONARY
  5
3
330
2
100
AcDbDictionary
280
     1
281
     1
  3
ACAD_SORTENTS
360
4B
  0
DICTIONARY
  5
6FD8
330
6FD6
100
AcDbDictionary
280
     1
281
     1
  3
ACAD_SORTENTS
360
6FD9
  0
DICTIONARY
  5
7268
330
7266
100
AcDbDictionary
280
     1
281
     1
  3
ACAD_SORTENTS
360
7269
  0
DICTIONARY
  5
726E
330
726C
100
AcDbDictionary
280
     1
281
     1
  3
ACAD_SORTENTS
360
726F
  0
DICTIONARY
  5
727C
330
727A
100
AcDbDictionary
280
     1
281
     1
  3
ACAD_SORTENTS
360
727D
  0
DICTIONARY
  5
14620
330
1461D
100
AcDbDictionary
280
     1
281
     1
  3
ACAD_SORTENTS
360
14621
  0
DICTIONARY
  5
14632
330
1462F
100
AcDbDictionary
280
     1
281
     1
  3
ACAD_SORTENTS
360
14633
  0
DICTIONARY
  5
18EBA
330
18EB7
100
AcDbDictionary
280
     1
281
     1
  3
ACAD_SORTENTS
360
18EBB
  0
DICTIONARY
  5
1F5AF
330
1F5AC
100
AcDbDictionary
280
     1
281
     1
  3
ACAD_SORTENTS
360
1F5B0
  0
DICTIONARY
  5
1FC28
330
1FC25
100
AcDbDictionary
280
     1
281
     1
  3
ACAD_SORTENTS
360
1FC29
  0
DICTIONARY
  5
11553
330
6FD7
100
AcDbDictionary
280
     1
281
     1
  3
ACAD_MTEXT_2008_RT
360
2EA54
  3
ACAD_MTEXT_RT
360
2EAA6
  0
DICTIONARY
  5
11557
330
7267
100
AcDbDictionary
280
     1
281
     1
  3
ACAD_MTEXT_2008_RT
360
2EA56
  3
ACAD_MTEXT_RT
360
2EAA8
  0
DICTIONARY
  5
11559
330
726D
100
AcDbDictionary
280
     1
281
     1
  3
ACAD_MTEXT_2008_RT
360
2EA57
  3
ACAD_MTEXT_RT
360
2EAA9
  0
DICTIONARY
  5
1155B
330
727B
100
AcDbDictionary
280
     1
281
     1
  3
ACAD_MTEXT_2008_RT
360
2EA58
  3
ACAD_MTEXT_RT
360
2EAAA
  0
DICTIONARY
  5
18EB9
330
18EB8
100
AcDbDictionary
280
     1
281
     1
  3
ACAD_MTEXT_2008_RT
360
2EA5E
  0
DICTIONARY
  5
11555
330
6FDD
100
AcDbDictionary
280
     1
281
     1
  3
ACAD_MTEXT_2008_RT
360
2EA55
  3
ACAD_MTEXT_RT
360
2EAA7
  0
DICTIONARY
  5
1155D
330
7287
100
AcDbDictionary
280
     1
281
     1
  3
ACAD_MTEXT_2008_RT
360
2EA59
  3
ACAD_MTEXT_RT
360
2EAAB
  0
DICTIONARY
  5
1155F
330
8603
100
AcDbDictionary
280
     1
281
     1
  3
ACAD_MTEXT_2008_RT
360
2EA5A
  3
ACAD_MTEXT_RT
360
2EAAC
  0
DICTIONARY
  5
11561
330
89C9
100
AcDbDictionary
280
     1
281
     1
  3
ACAD_MTEXT_2008_RT
360
2EA5B
  3
ACAD_MTEXT_RT
360
2EAAD
  0
DICTIONARY
  5
11563
330
8DFA
100
AcDbDictionary
280
     1
281
     1
  3
ACAD_MTEXT_2008_RT
360
2EA5C
  3
ACAD_MTEXT_RT
360
2EAAE
  0
DICTIONARY
  5
147F3
330
147F2
100
AcDbDictionary
280
     1
281
     1
  3
ACAD_MTEXT_2008_RT
360
2EA5D
  0
DICTIONARY
  5
18EC7
330
18EC6
100
AcDbDictionary
280
     1
281
     1
  3
ACAD_MTEXT_2008_RT
360
2EA5F
  0
DICTIONARY
  5
18F81
330
18F80
100
AcDbDictionary
280
     1
281
     1
  3
ACAD_MTEXT_2008_RT
360
2EA60
  0
DICTIONARY
  5
18F93
330
18F92
100
AcDbDictionary
280
     1
281
     1
  3
ACAD_MTEXT_2008_RT
360
2EA61
  0
DICTIONARY
  5
1F03E
330
1F03D
100
AcDbDictionary
280
     1
281
     1
  3
ACAD_MTEXT_2008_RT
360
2EA62
  3
ACAD_MTEXT_RT
360
2EAC5
  0
DICTIONARY
  5
1F32E
330
1F32D
100
AcDbDictionary
280
     1
281
     1
  3
ACAD_MTEXT_2008_RT
360
2EA63
  3
ACAD_MTEXT_RT
360
2EAC6
  0
DICTIONARY
  5
1F5E8
330
1F5E7
100
AcDbDictionary
280
     1
281
     1
  3
ACAD_MTEXT_2008_RT
360
2EA64
  3
ACAD_MTEXT_RT
360
2EAC7
  0
DICTIONARY
  5
1F975
330
1F974
100
AcDbDictionary
280
     1
281
     1
  3
ACAD_MTEXT_2008_RT
360
2EA65
  3
ACAD_MTEXT_RT
360
2EAC8
  0
DICTIONARY
  5
1F97A
330
1F979
100
AcDbDictionary
280
     1
281
     1
  3
ACAD_MTEXT_2008_RT
360
2EA66
  3
ACAD_MTEXT_RT
360
2EAC9
  0
DICTIONARY
  5
1F97C
330
1F97B
100
AcDbDictionary
280
     1
281
     1
  3
ACAD_MTEXT_2008_RT
360
2EA67
  3
ACAD_MTEXT_RT
360
2EACA
  0
DICTIONARY
  5
21CE0
330
21CDF
100
AcDbDictionary
280
     1
281
     1
  3
ACAD_MTEXT_2008_RT
360
2EA68
  0
DICTIONARY
  5
21CE2
330
21CE1
100
AcDbDictionary
280
     1
281
     1
  3
ACAD_MTEXT_2008_RT
360
2EA69
  0
DICTIONARY
  5
227B9
330
227B8
100
AcDbDictionary
280
     1
281
     1
  3
ACAD_MTEXT_2008_RT
360
2EA6A
  0
DICTIONARY
  5
2EA6D
102
{ACAD_REACTORS
330
9
102
}
330
9
100
AcDbDictionary
281
     1
  3
INTERFEREVPVS
350
2EA6E
  0
XRECORD
  5
11582
102
{ACAD_REACTORS
330
9
102
}
330
9
100
AcDbXrecord
280
     1
300
AMECH_PP
300
2018
300
AMECH_PP_F_S
  0
DICTIONARY
  5
37
102
{ACAD_REACTORS
330
9
102
}
330
9
100
AcDbDictionary
281
     1
  0
DICTIONARY
  5
1157A
102
{ACAD_REACTORS
330
9
102
}
330
9
100
AcDbDictionary
281
     1
  3
Imperial24
350
1574D
  3
Metric50
350
1157B
  0
DICTIONARY
  5
32
102
{ACAD_REACTORS
330
9
102
}
330
9
100
AcDbDictionary
281
     1
  0
DICTIONARY
  5
F
102
{ACAD_REACTORS
330
9
102
}
330
9
100
AcDbDictionary
281
     1
  3
Layout1
350
13
  3
Model
350
E
  0
DICTIONARY
  5
B
102
{ACAD_REACTORS
330
9
102
}
330
9
100
AcDbDictionary
281
     1
  3
ByBlock
350
36
  3
ByLayer
350
35
  3
Global
350
A
  0
DICTIONARY
  5
77
102
{ACAD_REACTORS
330
9
102
}
330
9
100
AcDbDictionary
281
     1
  3
Standard
350
78
  0
DICTIONARY
  5
33
102
{ACAD_REACTORS
330
9
102
}
330
9
100
AcDbDictionary
281
     1
  3
Standard
350
39
  0
DICTIONARY
  5
34
102
{ACAD_REACTORS
330
9
102
}
330
9
100
AcDbDictionary
281
     1
  0
ACDBDICTIONARYWDFLT
  5
8
102
{ACAD_REACTORS
330
9
102
}
330
9
100
AcDbDictionary
281
     1
  3
Normal
350
7
100
AcDbDictionaryWithDefault
340
7
  0
DICTIONARY
  5
65
102
{ACAD_REACTORS
330
9
102
}
330
9
100
AcDbDictionary
281
     1
  3
A0
350
66
  3
A1
350
67
  3
A2
350
68
  3
A3
350
69
  3
A4
350
6A
  3
A5
350
6B
  3
A6
350
6C
  3
A7
350
6D
  3
A8
350
6E
  3
A9
350
6F
  3
B0
350
70
  3
B1
350
71
  3
B2
350
72
  3
B3
350
73
  3
B4
350
74
  3
B5
350
75
  3
B6
350
76
  0
DICTIONARY
  5
11578
102
{ACAD_REACTORS
330
9
102
}
330
9
100
AcDbDictionary
281
     1
  3
Imperial24
350
1574C
  3
Metric50
350
11579
  0
DICTIONARY
  5
38
102
{ACAD_REACTORS
330
9
102
}
330
9
100
AcDbDictionary
281
     1
  3
Standard
350
3A
  0
DICTIONARY
  5
25
102
{ACAD_REACTORS
330
9
102
}
330
9
100
AcDbDictionary
281
     1
  3
2dWireframe
350
24
  3
3D Hidden
350
5A
  3
3dWireframe
350
3C
  3
Basic
350
59
  3
Brighten
350
5D
  3
ColorChange
350
61
  3
Conceptual
350
5B
  3
Dim
350
5C
  3
EdgeColorOff
350
64
  3
Facepattern
350
60
  3
Flat
350
55
  3
FlatWithEdges
350
56
  3
Gouraud
350
57
  3
GouraudWithEdges
350
58
  3
Hidden
350
11572
  3
JitterOff
350
62
  3
Linepattern
350
5F
  3
OverhangOff
350
63
  3
Realistic
350
3B
  3
Shaded
350
11577
  3
Shaded with edges
350
11576
  3
Shades of Gray
350
11573
  3
Sketchy
350
11574
  3
Thicken
350
5E
  3
Wireframe
350
11571
  3
X-Ray
350
11575
  0
XRECORD
  5
2EA6B
102
{ACAD_REACTORS
330
9
102
}
330
9
100
AcDbXrecord
280
     1
 90
        1
330
3A
330
6FD7
330
6FDD
330
7267
330
726D
330
727B
330
7287
330
8603
330
89C9
330
8DFA
330
147F2
330
18EB8
330
18EC6
330
18F80
330
18F92
330
1F03D
330
1F32D
330
1F5E7
330
1F974
330
1F979
330
1F97B
330
21CDF
330
21CE1
330
227B8
  0
DICTIONARY
  5
52
102
{ACAD_REACTORS
330
9
102
}
330
9
100
AcDbDictionary
281
     1
  3
CANNOSCALE
350
191E
  3
CMLEADERSTYLE
350
191C
  3
CTABLESTYLE
350
53
  3
CVIEWDETAILSTYLE
350
115A6
  3
CVIEWSECTIONSTYLE
350
115A7
  3
DIMASSOC
350
2EA50
  3
HIDETEXT
350
2EA4E
  3
INDEXCTL
350
2EA4D
  3
LAYEREVAL
350
1920
  3
LAYERNOTIFY
350
1921
  3
LIGHTINGUNITS
350
191F
  3
MSLTSCALE
350
191D
  3
SOLIDHIST
350
2EA51
  3
SORTENTS
350
2EA4C
  3
XCLIPFRAME
350
2EA4F
  0
DICTIONARY
  5
2EA74
102
{ACAD_REACTORS
330
9
102
}
330
9
100
AcDbDictionary
281
     1
  3
AcDsRecords
350
2EA76
  3
AcDsSchemas
350
2EA75
1001
ACAD
1070
     2
  0
XRECORD
  5
2EA6C
102
{ACAD_REACTORS
330
9
102
}
330
9
100
AcDbXrecord
280
     1
  1
DWGPROPS COOKIE
  2

  3

  4

  6

  7

  8
luedemann
  9

300
=
301
=
302
=
303
=
304
=
305
=
306
=
307
=
308
=
309
=
 40
0.8249923379629629
 41
2456695.327569445
 42
2458330.314398148
  1

 90
        0
  0
DICTIONARY
  5
4C
102
{ACAD_REACTORS
330
9
102
}
330
9
100
AcDbDictionary
281
     1
  3
*A1
350
74F4
  3
*A10
350
7CB3
  3
*A100
350
1F064
  3
*A101
350
7F72
  3
*A102
350
1F065
  3
*A103
350
6DEC
  3
*A104
350
74F8
  3
*A105
350
7F70
  3
*A106
350
1F06E
  3
*A107
350
1F06F
  3
*A108
350
1F070
  3
*A109
350
1F071
  3
*A11
350
7CB4
  3
*A110
350
1F072
  3
*A111
350
1F073
  3
*A112
350
1F074
  3
*A113
350
1F075
  3
*A114
350
1F076
  3
*A115
350
7F73
  3
*A116
350
6DEB
  3
*A117
350
1F077
  3
*A118
350
1F078
  3
*A119
350
7F74
  3
*A12
350
74F9
  3
*A120
350
1F33C
  3
*A121
350
1F33D
  3
*A122
350
1F33E
  3
*A123
350
1F33F
  3
*A124
350
1F340
  3
*A125
350
1F341
  3
*A126
350
1F342
  3
*A127
350
7F71
  3
*A128
350
1F343
  3
*A129
350
7F75
  3
*A13
350
1F057
  3
*A130
350
6DEA
  3
*A131
350
1F997
  3
*A132
350
1F998
  3
*A133
350
1F999
  3
*A134
350
1F99A
  3
*A135
350
1F99B
  3
*A136
350
1F99C
  3
*A137
350
1F99D
  3
*A138
350
77A7
  3
*A139
350
1F99E
  3
*A14
350
7CB5
  3
*A140
350
1F99F
  3
*A141
350
1F9A0
  3
*A142
350
1F9A1
  3
*A143
350
1F9A2
  3
*A144
350
1F9A3
  3
*A145
350
1F9A4
  3
*A146
350
1F9A5
  3
*A147
350
1F9A6
  3
*A148
350
1F9A7
  3
*A149
350
1F053
  3
*A15
350
7CB6
  3
*A150
350
1F9A8
  3
*A151
350
1F9A9
  3
*A152
350
1F9AA
  3
*A153
350
1F9AB
  3
*A154
350
1F9AC
  3
*A155
350
1F9AD
  3
*A156
350
1F9AE
  3
*A157
350
7CAE
  3
*A158
350
74FD
  3
*A159
350
74FB
  3
*A16
350
77A6
  3
*A160
350
1F054
  3
*A161
350
74FF
  3
*A162
350
6DED
  3
*A163
350
6DEE
  3
*A164
350
6DEF
  3
*A165
350
6DF0
  3
*A166
350
74FE
  3
*A167
350
6DF1
  3
*A168
350
77A4
  3
*A169
350
77A8
  3
*A17
350
7CB7
  3
*A170
350
6DF2
  3
*A171
350
1F055
  3
*A172
350
6DF3
  3
*A173
350
6DF4
  3
*A174
350
7CAF
  3
*A175
350
6DF5
  3
*A176
350
779C
  3
*A177
350
779D
  3
*A178
350
779E
  3
*A179
350
779F
  3
*A18
350
7CB8
  3
*A180
350
77A0
  3
*A181
350
77A1
  3
*A19
350
7CB9
  3
*A2
350
1F056
  3
*A20
350
7CBA
  3
*A21
350
74F7
  3
*A22
350
7F69
  3
*A23
350
77A2
  3
*A24
350
1F058
  3
*A25
350
7F6A
  3
*A26
350
7500
  3
*A27
350
7F6C
  3
*A28
350
77A5
  3
*A29
350
1800E
  3
*A3
350
74F5
  3
*A30
350
1800F
  3
*A31
350
18241
  3
*A32
350
7F6D
  3
*A33
350
18242
  3
*A34
350
1851E
  3
*A35
350
1F059
  3
*A36
350
1851F
  3
*A37
350
189AF
  3
*A38
350
189B0
  3
*A39
350
18D84
  3
*A4
350
7F6B
  3
*A40
350
18D85
  3
*A41
350
1CE1E
  3
*A42
350
74FC
  3
*A43
350
1CE1F
  3
*A44
350
1D24D
  3
*A45
350
1D24E
  3
*A46
350
1F05A
  3
*A47
350
1D4CE
  3
*A48
350
1D4CF
  3
*A49
350
1D6D9
  3
*A5
350
74FA
  3
*A50
350
1D6DA
  3
*A51
350
1D8AE
  3
*A52
350
1D8AF
  3
*A53
350
1DC0B
  3
*A54
350
7F6E
  3
*A55
350
1DC0C
  3
*A56
350
1E074
  3
*A57
350
1F05B
  3
*A58
350
1E075
  3
*A59
350
1E3C1
  3
*A6
350
7CB0
  3
*A60
350
1E3C2
  3
*A61
350
1EE3C
  3
*A62
350
1EE3D
  3
*A68
350
77A3
  3
*A7
350
74F6
  3
*A79
350
1F05C
  3
*A8
350
7CB1
  3
*A87
350
2B49D
  3
*A88
350
2B49E
  3
*A89
350
2B49F
  3
*A9
350
7CB2
  3
*A90
350
1F05D
  3
*A91
350
2CB6A
  3
*A92
350
2CB6B
  3
*A93
350
1F05E
  3
*A94
350
7F6F
  3
*A95
350
1F05F
  3
*A96
350
1F060
  3
*A97
350
1F061
  3
*A98
350
1F062
  3
*A99
350
1F063
  0
DICTIONARY
  5
4D
102
{ACAD_REACTORS
330
9
102
}
330
9
100
AcDbDictionary
281
     1
  3
$PH$AAAG11711_1
350
6DF6
  3
$PH$AAAJ11711_2
350
7501
  3
$PH$AAAK11711_3
350
77A9
  3
$PH$AAAL11711_4
350
7CBB
  3
$PH$AAAM11711_5
350
7F76
  3
$PH$AAAPM12x1_5
350
16FA7
  3
$PH$AAAQM16x1_5
350
16FF6
  3
$PH$AAARM20x1_5
350
17047
  3
$PH$AAASM25x1_5
350
1709D
  3
$PH$AAATM32x1_5
350
17102
  3
$PH$AAAUM40x1_5
350
17169
  3
$PH$AAAV0001
350
18FA9
  3
$PH$AAAW0002
350
18FB1
  3
$PH$AABC0003
350
18FE3
  3
$PH$AABD0004
350
18FF5
  3
$PH$AABE0005
350
19002
  3
$PH$AABF0006
350
19012
  3
$PH$AABG0007
350
1901C
  3
$PH$AABH0008
350
19028
  3
$PH$AABI0009
350
19037
  3
$PH$AABO1H
350
22A54
  0
PH_VARS
  5
50
102
{ACAD_REACTORS
330
9
102
}
330
9
  0
DICTIONARY
  5
16
102
{ACAD_REACTORS
330
15
102
}
330
15
100
AcDbDictionary
281
     1
  0
DICTIONARY
  5
17
102
{ACAD_REACTORS
330
15
102
}
330
15
100
AcDbDictionary
281
     1
  0
DICTIONARY
  5
18
102
{ACAD_REACTORS
330
15
102
}
330
15
100
AcDbDictionary
281
     1
1001
ACAD
1000
<All
  0
XRECORD
  5
18F4
102
{ACAD_REACTORS
330
18F3
102
}
330
18F3
100
AcDbXrecord
280
     1
290
     1
  0
XRECORD
  5
18F6
102
{ACAD_REACTORS
330
18F5
102
}
330
18F5
100
AcDbXrecord
280
     1
290
     1
  0
SORTENTSTABLE
  5
4B
102
{ACAD_REACTORS
330
3
102
}
330
3
100
AcDbSortentsTable
330
2
331
7779
  5
7779
331
7CA1
  5
7CA1
331
777D
  5
777D
331
11FA6
  5
125D8
331
6DBF
  5
6DBF
331
74CA
  5
74CA
331
6DC3
  5
6DC3
331
74CE
  5
74CE
331
7783
  5
7783
331
6DC7
  5
6DC7
331
74D2
  5
74D2
331
7CAB
  5
7CAB
331
7787
  5
7787
331
74D6
  5
74D6
331
778B
  5
778B
331
18E3
  5
18E3
331
7F3F
  5
7F3F
331
778F
  5
778F
331
7F43
  5
7F43
331
7F47
  5
7F47
331
1207E
  5
125FB
331
12146
  5
12603
331
6DCB
  5
6DCB
331
6DCF
  5
6DCF
331
74DA
  5
74DA
331
6DD3
  5
6DD3
331
74DE
  5
74DE
331
6DD7
  5
6DD7
331
7793
  5
7793
331
7C82
  5
7C82
331
7797
  5
7797
331
74E6
  5
74E6
331
7C86
  5
7C86
331
7F4B
  5
7F4B
331
7C8A
  5
7C8A
331
779B
  5
779B
331
7F4F
  5
7F4F
331
7C8E
  5
7C8E
331
7F53
  5
7F53
331
121DA
  5
1310D
331
7F57
  5
7F57
331
6DDB
  5
6DDB
331
6DDF
  5
6DDF
331
74EA
  5
74EA
331
6DE3
  5
6DE3
331
74EE
  5
74EE
331
7C92
  5
7C92
331
6DE7
  5
6DE7
331
74F2
  5
74F2
331
7C96
  5
7C96
331
7287
  5
7287
331
7772
  5
7772
331
7C9A
  5
7C9A
331
7776
  5
7776
331
7F5F
  5
7F5F
331
7C9E
  5
7C9E
331
8DFA
  5
8DFA
331
7F63
  5
7F63
331
7F67
  5
7F67
331
777A
  5
777A
331
7CA2
  5
7CA2
331
777E
  5
777E
331
74C7
  5
74C7
331
74CB
  5
74CB
331
6DC0
  5
6DC0
331
7780
  5
7780
331
74CF
  5
74CF
331
6DC4
  5
6DC4
331
7CA8
  5
7CA8
331
74D3
  5
74D3
331
7CAC
  5
7CAC
331
7788
  5
7788
331
74D7
  5
74D7
331
778C
  5
778C
331
7F40
  5
7F40
331
18E4
  5
18E4
331
7F44
  5
7F44
331
6DC8
  5
6DC8
331
6DCC
  5
6DCC
331
74DB
  5
74DB
331
6DD0
  5
6DD0
331
7790
  5
7790
331
74DF
  5
74DF
331
6DD4
  5
6DD4
331
7794
  5
7794
331
7F48
  5
7F48
331
7C87
  5
7C87
331
7798
  5
7798
331
74E7
  5
74E7
331
7F4C
  5
7F4C
331
7C8B
  5
7C8B
331
7F50
  5
7F50
331
7C8F
  5
7C8F
331
8603
  5
8603
331
7F54
  5
7F54
331
6DD8
  5
6DD8
331
6DDC
  5
6DDC
331
74EB
  5
74EB
331
6DE0
  5
6DE0
331
74EF
  5
74EF
331
6DE4
  5
6DE4
331
7C93
  5
7C93
331
776F
  5
776F
331
74F3
  5
74F3
331
7F58
  5
7F58
331
7C97
  5
7C97
331
7773
  5
7773
331
7C9B
  5
7C9B
331
7777
  5
7777
331
7F60
  5
7F60
331
7C9F
  5
7C9F
331
7F64
  5
7F64
331
6DE8
  5
6DE8
331
777B
  5
777B
331
7CA3
  5
7CA3
331
777F
  5
777F
331
7F68
  5
7F68
331
7CA7
  5
7CA7
331
74C8
  5
74C8
331
6DBD
  5
6DBD
331
74CC
  5
74CC
331
6FDD
  5
6FDD
331
6DC1
  5
6DC1
331
7781
  5
7781
331
74D0
  5
74D0
331
6DC5
  5
6DC5
331
7CA9
  5
7CA9
331
74D4
  5
74D4
331
7CAD
  5
7CAD
331
7789
  5
7789
331
7F3D
  5
7F3D
331
778D
  5
778D
331
7F41
  5
7F41
331
7F45
  5
7F45
331
6DC9
  5
6DC9
331
74D8
  5
74D8
331
6DCD
  5
6DCD
331
74DC
  5
74DC
331
6DD1
  5
6DD1
331
7791
  5
7791
331
74E0
  5
74E0
331
6DD5
  5
6DD5
331
7795
  5
7795
331
74E4
  5
74E4
331
7C84
  5
7C84
331
7F49
  5
7F49
331
7799
  5
7799
331
7C88
  5
7C88
331
7F4D
  5
7F4D
331
7C8C
  5
7C8C
331
7F51
  5
7F51
331
7F55
  5
7F55
331
6DD9
  5
6DD9
331
74E8
  5
74E8
331
6DE1
  5
6DE1
331
7C90
  5
7C90
331
74F0
  5
74F0
331
7C94
  5
7C94
331
7770
  5
7770
331
7F59
  5
7F59
331
7C98
  5
7C98
331
7774
  5
7774
331
7F5D
  5
7F5D
331
7C9C
  5
7C9C
331
7F61
  5
7F61
331
7F65
  5
7F65
331
6DE9
  5
6DE9
331
7778
  5
7778
331
7CA0
  5
7CA0
331
777C
  5
777C
331
11FA5
  5
1243D
331
74C9
  5
74C9
331
6DBE
  5
6DBE
331
74CD
  5
74CD
331
6DC2
  5
6DC2
331
7782
  5
7782
331
74D1
  5
74D1
331
6DC6
  5
6DC6
331
7CAA
  5
7CAA
331
74D5
  5
74D5
331
778E
  5
778E
331
7F3E
  5
7F3E
331
7F42
  5
7F42
331
1207D
  5
125FA
331
7F46
  5
7F46
331
12145
  5
12602
331
6DCA
  5
6DCA
331
74D9
  5
74D9
331
6DCE
  5
6DCE
331
74DD
  5
74DD
331
6DD2
  5
6DD2
331
7792
  5
7792
331
7C81
  5
7C81
331
6DD6
  5
6DD6
331
74E5
  5
74E5
331
7796
  5
7796
331
7C85
  5
7C85
331
779A
  5
779A
331
7C89
  5
7C89
331
7F4A
  5
7F4A
331
7C8D
  5
7C8D
331
7F4E
  5
7F4E
331
7F52
  5
7F52
331
121D9
  5
12631
331
7F56
  5
7F56
331
6DDA
  5
6DDA
331
74E9
  5
74E9
331
6DDE
  5
6DDE
331
74ED
  5
74ED
331
6DE2
  5
6DE2
331
7C91
  5
7C91
331
74F1
  5
74F1
331
6DE6
  5
6DE6
331
7C95
  5
7C95
331
7771
  5
7771
331
7C99
  5
7C99
331
7775
  5
7775
331
89C9
  5
89C9
331
7C9D
  5
7C9D
331
7F5E
  5
7F5E
331
7F62
  5
7F62
331
7F66
  5
7F66
  0
SORTENTSTABLE
  5
6FD9
102
{ACAD_REACTORS
330
6FD8
102
}
330
6FD8
100
AcDbSortentsTable
330
6FD6
  0
SORTENTSTABLE
  5
7269
102
{ACAD_REACTORS
330
7268
102
}
330
7268
100
AcDbSortentsTable
330
7266
  0
SORTENTSTABLE
  5
726F
102
{ACAD_REACTORS
330
726E
102
}
330
726E
100
AcDbSortentsTable
330
726C
  0
SORTENTSTABLE
  5
727D
102
{ACAD_REACTORS
330
727C
102
}
330
727C
100
AcDbSortentsTable
330
727A
  0
SORTENTSTABLE
  5
14621
102
{ACAD_REACTORS
330
14620
102
}
330
14620
100
AcDbSortentsTable
330
1461D
  0
SORTENTSTABLE
  5
14633
102
{ACAD_REACTORS
330
14632
102
}
330
14632
100
AcDbSortentsTable
330
1462F
  0
SORTENTSTABLE
  5
18EBB
102
{ACAD_REACTORS
330
18EBA
102
}
330
18EBA
100
AcDbSortentsTable
330
18EB7
  0
SORTENTSTABLE
  5
1F5B0
102
{ACAD_REACTORS
330
1F5AF
102
}
330
1F5AF
100
AcDbSortentsTable
330
1F5AC
  0
SORTENTSTABLE
  5
1FC29
102
{ACAD_REACTORS
330
1FC28
102
}
330
1FC28
100
AcDbSortentsTable
330
1FC25
  0
XRECORD
  5
2EA54
102
{ACAD_REACTORS
330
11553
102
}
330
11553
100
AcDbXrecord
280
     1
 40
145003.0
  1
\pxqc;{\L\C5;X ( 1 : 1 )\PBearbeitung RJ45}
  0
XRECORD
  5
2EAA6
102
{ACAD_REACTORS
330
11553
102
}
330
11553
100
AcDbXrecord
280
     1
 40
55642.0
  1
\pi-9.86917;{\L\C5;X ( 1 : 1 )\P\pi-21.50698;Bearbeitung RJ45}
  0
XRECORD
  5
2EA56
102
{ACAD_REACTORS
330
11557
102
}
330
11557
100
AcDbXrecord
280
     1
 40
145003.0
  1
\pxqc;{\L\C5;X ( 1 : 1 )\PBearbeitung RJ45}
  0
XRECORD
  5
2EAA8
102
{ACAD_REACTORS
330
11557
102
}
330
11557
100
AcDbXrecord
280
     1
 40
55642.0
  1
\pi-9.86917;{\L\C5;X ( 1 : 1 )\P\pi-21.50698;Bearbeitung RJ45}
  0
XRECORD
  5
2EA57
102
{ACAD_REACTORS
330
11559
102
}
330
11559
100
AcDbXrecord
280
     1
 40
145003.0
  1
\pxqc;{\L\C5;X ( 1 : 1 )\PBearbeitung RJ45}
  0
XRECORD
  5
2EAA9
102
{ACAD_REACTORS
330
11559
102
}
330
11559
100
AcDbXrecord
280
     1
 40
55642.0
  1
\pi-9.86917;{\L\C5;X ( 1 : 1 )\P\pi-21.50698;Bearbeitung RJ45}
  0
XRECORD
  5
2EA58
102
{ACAD_REACTORS
330
1155B
102
}
330
1155B
100
AcDbXrecord
280
     1
 40
145003.0
  1
\pxqc;{\L\C5;X ( 1 : 1 )\PBearbeitung RJ45}
  0
XRECORD
  5
2EAAA
102
{ACAD_REACTORS
330
1155B
102
}
330
1155B
100
AcDbXrecord
280
     1
 40
55642.0
  1
\pi-9.86917;{\L\C5;X ( 1 : 1 )\P\pi-21.50698;Bearbeitung RJ45}
  0
XRECORD
  5
2EA5E
102
{ACAD_REACTORS
330
18EB9
102
}
330
18EB9
100
AcDbXrecord
280
     1
 40
140311.0
  1
\pxql;{\L\C5;Bearbeitung \PMetrische Kabelverschraubungen}
  0
XRECORD
  5
2EA55
102
{ACAD_REACTORS
330
11555
102
}
330
11555
100
AcDbXrecord
280
     1
 40
232328.0
  1
\pxqc;{\L\C5;Sub-D 9-Polig\P\Q20;9 pin D-sub connector}
  0
XRECORD
  5
2EAA7
102
{ACAD_REACTORS
330
11555
102
}
330
11555
100
AcDbXrecord
280
     1
 40
108828.0
  1
\pi-17.17662;{\L\C5;Sub-D 9-Polig\P\pi-27.06666;\Q20;9 pin D-sub connector}
  0
XRECORD
  5
2EA59
102
{ACAD_REACTORS
330
1155D
102
}
330
1155D
100
AcDbXrecord
280
     1
 40
242108.0
  1
\pxqc;{\L\C5;Sub-D 15-Polig\P\Q20;15 pin D-sub connector}
  0
XRECORD
  5
2EAAB
102
{ACAD_REACTORS
330
1155D
102
}
330
1155D
100
AcDbXrecord
280
     1
 40
115904.0
  1
\pi-18.21928;{\L\C5;Sub-D 15-Polig\P\pi-27.89901;\Q20;15 pin D-sub connector}
  0
XRECORD
  5
2EA5A
102
{ACAD_REACTORS
330
1155F
102
}
330
1155F
100
AcDbXrecord
280
     1
 40
241968.0
  1
\pxqc;{\L\C5;Sub-D 25-Polig\P\Q20;25 pin D-sub connector}
  0
XRECORD
  5
2EAAC
102
{ACAD_REACTORS
330
1155F
102
}
330
1155F
100
AcDbXrecord
280
     1
 40
115947.0
  1
\pi-18.63928;{\L\C5;Sub-D 25-Polig\P\pi-28.73901;\Q20;25 pin D-sub connector}
  0
XRECORD
  5
2EA5B
102
{ACAD_REACTORS
330
11561
102
}
330
11561
100
AcDbXrecord
280
     1
 40
242218.0
  1
\pxqc;{\L\C5;Sub-D 37-Polig\P\Q20;37 pin D-sub connector}
  0
XRECORD
  5
2EAAD
102
{ACAD_REACTORS
330
11561
102
}
330
11561
100
AcDbXrecord
280
     1
 40
116080.0
  1
\pi-18.63928;{\L\C5;Sub-D 37-Polig\P\pi-28.73901;\Q20;37 pin D-sub connector}
  0
XRECORD
  5
2EA5C
102
{ACAD_REACTORS
330
11563
102
}
330
11563
100
AcDbXrecord
280
     1
 40
241794.0
  1
\pxqc;{\L\C5;Sub-D 50-Polig\P\Q20;50 pin D-sub connector}
  0
XRECORD
  5
2EAAE
102
{ACAD_REACTORS
330
11563
102
}
330
11563
100
AcDbXrecord
280
     1
 40
115851.0
  1
\pi-18.63928;{\L\C5;Sub-D 50-Polig\P\pi-28.73901;\Q20;50 pin D-sub connector}
  0
XRECORD
  5
2EA5D
102
{ACAD_REACTORS
330
147F3
102
}
330
147F3
100
AcDbXrecord
280
     1
 40
1512193.0
  1
\pxql;{\L\C5;Metrische Kabelverschraubungen\P\Q20;Metric cable glands\Q0; \l\P\PDurchgangsbohrung f¸r \PMontage mit Gegenmutter.\P\Q20;Through-hole for \Pmountings with counter nuts. }
  0
XRECORD
  5
2EA5F
102
{ACAD_REACTORS
330
18EC7
102
}
330
18EC7
100
AcDbXrecord
280
     1
 40
502121.0
  1
\pxql;{\C5;Gewindebohrung f¸r \PDirektmontage.\P\Q20;Threaded hole for \Pmountings without \Pcounter nuts. }
  0
XRECORD
  5
2EA60
102
{ACAD_REACTORS
330
18F81
102
}
330
18F81
100
AcDbXrecord
280
     1
 40
1399547.0
  1
\pxql;{\L\C5;\PPg - Kabelverschraubungen\P\Q20;PG - cable glands\Q0;\P\P\lDurchgangsbohrung f¸r \PMontage mit Gegenmutter.\P\Q20;Through-hole for \Pmountings with counter nuts.}
  0
XRECORD
  5
2EA61
102
{ACAD_REACTORS
330
18F93
102
}
330
18F93
100
AcDbXrecord
280
     1
 40
502121.0
  1
\pxql;{\C5;Gewindebohrung f¸r \PDirektmontage.\P\Q20;Threaded hole for \Pmountings without \Pcounter nuts. }
  0
XRECORD
  5
2EA62
102
{ACAD_REACTORS
330
1F03E
102
}
330
1F03E
100
AcDbXrecord
280
     1
 40
124202.0
  1
\pxqc;{\L\C5;USB - Typ A\P\Q20;USB - Type A }
  0
XRECORD
  5
2EAC5
102
{ACAD_REACTORS
330
1F03E
102
}
330
1F03E
100
AcDbXrecord
280
     1
 40
55941.0
  1
\pi-14.91;{\L\C5;USB - Typ A\P\pi-16.38;\Q20;USB - Type A }
  0
XRECORD
  5
2EA63
102
{ACAD_REACTORS
330
1F32E
102
}
330
1F32E
100
AcDbXrecord
280
     1
 40
132834.0
  1
\pxqc;{\L\C5;USB - Typ B\P\Q20;USB - Type B  }
  0
XRECORD
  5
2EAC6
102
{ACAD_REACTORS
330
1F32E
102
}
330
1F32E
100
AcDbXrecord
280
     1
 40
57369.0
  1
\pi-14.7;{\L\C5;USB - Typ B\P\pi-16.63825;\Q20;USB - Type B  }
  0
XRECORD
  5
2EA64
102
{ACAD_REACTORS
330
1F5E8
102
}
330
1F5E8
100
AcDbXrecord
280
     1
 40
108049.0
  1
\pxqc;{\L\C5;MINI USB\P\Q20;Mini USB}
  0
XRECORD
  5
2EAC7
102
{ACAD_REACTORS
330
1F5E8
102
}
330
1F5E8
100
AcDbXrecord
280
     1
 40
39076.0
  1
\pi-10.08;{\L\C5;MINI USB\P\pi-10.33825;\Q20;Mini USB}
  0
XRECORD
  5
2EA65
102
{ACAD_REACTORS
330
1F975
102
}
330
1F975
100
AcDbXrecord
280
     1
 40
77429.0
  1
\pxqc;{\L\C5;RJ45\P\Q20;RJ45}
  0
XRECORD
  5
2EAC8
102
{ACAD_REACTORS
330
1F975
102
}
330
1F975
100
AcDbXrecord
280
     1
 40
19890.0
  1
\pi-5.54698;{\L\C5;RJ45\P\pi-5.92825;\Q20;RJ45}
  0
XRECORD
  5
2EA66
102
{ACAD_REACTORS
330
1F97A
102
}
330
1F97A
100
AcDbXrecord
280
     1
 40
131568.0
  1
\pxqc;{\L\C5;HDMI - Typ A\P\Q20;HDMI - Type A }
  0
XRECORD
  5
2EAC9
102
{ACAD_REACTORS
330
1F97A
102
}
330
1F97A
100
AcDbXrecord
280
     1
 40
61174.0
  1
\pi-15.75;{\L\C5;HDMI - Typ A\P\pi-17.22;\Q20;HDMI - Type A }
  0
XRECORD
  5
2EA67
102
{ACAD_REACTORS
330
1F97C
102
}
330
1F97C
100
AcDbXrecord
280
     1
 40
649508.0
  1
\pxqc;{\L\C5;HDMI - 1.3\P\Q20;HDMI - 1.3\P\Q0;Mini-Stecker Typ C\P\Q20;Mini-plug type C }
  0
XRECORD
  5
2EACA
102
{ACAD_REACTORS
330
1F97C
102
}
330
1F97C
100
AcDbXrecord
280
     1
 40
281662.0
  1
\pi-11.63698;{\L\C5;HDMI - 1.3\P\pi-12.12325;\Q20;HDMI - 1.3\P\pi-23.1;\Q0;Mini-Stecker Typ C\P\pi-20.10325;\Q20;Mini-plug type C }
  0
XRECORD
  5
2EA68
102
{ACAD_REACTORS
330
21CE0
102
}
330
21CE0
100
AcDbXrecord
280
     1
 40
653968.0
  1
\pxql;{\L\C5;\P\P\lDurchgangsbohrung f¸r \PMontage mit Gegenmutter.\P\Q20;Through-hole for \Pmountings with counter nuts.}
  0
XRECORD
  5
2EA69
102
{ACAD_REACTORS
330
21CE2
102
}
330
21CE2
100
AcDbXrecord
280
     1
 40
502121.0
  1
\pxql;{\C5;Gewindebohrung f¸r \PDirektmontage.\P\Q20;Threaded hole for \Pmountings without \Pcounter nuts. }
  0
XRECORD
  5
2EA6A
102
{ACAD_REACTORS
330
227B9
102
}
330
227B9
100
AcDbXrecord
280
     1
 40
46997.0
  1
\pxql;{\fArial|b1|i0|c0|p34;\W1.1;BOPLA}
  0
XRECORD
  5
2EA6E
102
{ACAD_REACTORS
330
2EA6D
102
}
330
2EA6D
100
AcDbXrecord
280
     1
340
3C
  0
ACDBDETAILVIEWSTYLE
  5
1574D
102
{ACAD_XDICTIONARY
360
2EAC3
102
}
102
{ACAD_REACTORS
330
1157A
102
}
330
1157A
100
AcDbModelDocViewStyle
 70
     0
  3
Imperial24
290
     0
100
AcDbDetailViewStyle
 70
     0
 71
     0
 90
        3
 71
     1
340
1B
 40
0.24
340
0
 40
0.24
300

 40
0.36
280
     3
 71
     2
340
C
 90
       25
 71
     3
340
1B
 40
0.24
 90
        1
 40
0.75
 90
        1
300
%<\AcVar ViewType \f "%tc1">% %<\AcVar ViewDetailId>%\PVARIA %<\AcVar ViewScale \f "%sn">%
 71
     4
340
C
 90
       25
340
C
 90
       25
280
     0
  0
ACDBDETAILVIEWSTYLE
  5
1157B
102
{ACAD_XDICTIONARY
360
2EABF
102
}
102
{ACAD_REACTORS
330
1157A
102
}
330
1157A
100
AcDbModelDocViewStyle
 70
     0
  3
Metric50
290
     0
100
AcDbDetailViewStyle
 70
     0
 71
     0
 90
        3
 71
     1
340
1B
 40
5.0
340
0
 40
5.0
300

 40
0.0
280
     1
 71
     2
340
C
 90
       25
 71
     3
340
1B
 40
5.0
 90
        0
 40
15.0
 90
        1
300
%<\AcVar ViewDetailId>% (%<\AcVar ViewScale \f "%sn">%)
 71
     4
340
C
 90
       25
340
C
 90
       25
280
     0
  0
LAYOUT
  5
13
102
{ACAD_XDICTIONARY
360
2EA79
102
}
102
{ACAD_REACTORS
330
F
102
}
330
F
100
AcDbPlotSettings
  1

  2

  4

  6

 40
0.0
 41
0.0
 42
0.0
 43
0.0
 44
0.0
 45
0.0
 46
0.0
 47
0.0
 48
0.0
 49
0.0
140
0.0
141
0.0
142
1.0
143
1.0
 70
   688
 72
     0
 73
     0
 74
     5
  7
HP_SW.ctb
 75
    16
147
1.0
148
0.0
149
0.0
100
AcDbLayout
  1
Layout1
 70
     1
 71
     1
 10
0.0
 20
0.0
 11
420.0
 21
297.0
 12
0.0
 22
0.0
 32
0.0
 14
1.000000000000000E+20
 24
1.000000000000000E+20
 34
1.000000000000000E+20
 15
-1.000000000000000E+20
 25
-1.000000000000000E+20
 35
-1.000000000000000E+20
146
0.0
 13
0.0
 23
0.0
 33
0.0
 16
1.0
 26
0.0
 36
0.0
 17
0.0
 27
1.0
 37
0.0
 76
     0
330
10
  0
LAYOUT
  5
E
102
{ACAD_XDICTIONARY
360
18FE
102
}
102
{ACAD_REACTORS
330
F
102
}
330
F
100
AcDbPlotSettings
  1

  2
\\boplaprint3\dev_konstuktion
  4
A4
  6

 40
5.027082920074462
 41
5.027099609375
 42
5.027069091796875
 43
5.027069091796875
 44
209.8886566162109
 45
297.0530090332031
 46
0.0
 47
0.0
 48
0.0
 49
0.0
140
0.0
141
0.0
142
1.0
143
2.040853128665871
 70
 11952
 72
     1
 73
     1
 74
     0
  7
HP_SW.ctb
 75
     0
147
0.4899911639666648
148
82.86124060755145
149
0.1448900388098195
100
AcDbLayout
  1
Model
 70
     1
 71
     0
 10
0.0
 20
0.0
 11
12.0
 21
9.0
 12
0.0
 22
0.0
 32
0.0
 14
0.0
 24
0.0
 34
0.0
 15
0.0
 25
0.0
 35
0.0
146
0.0
 13
0.0
 23
0.0
 33
0.0
 16
1.0
 26
0.0
 36
0.0
 17
0.0
 27
1.0
 37
0.0
 76
     0
330
2
331
23
1001
ACAD_PSEXT
1000
\\boplaprint3\dev_konstuktion
1000
Generic 35C-4 Series PS
1000
Flur Konstruktion
1000
F-Ineo
1070
     0
  0
MATERIAL
  5
36
102
{ACAD_XDICTIONARY
360
2EA7F
102
}
102
{ACAD_REACTORS
330
B
102
}
330
B
100
AcDbMaterial
  1
ByBlock
 73
     1
 78
     1
172
     1
176
     1
270
     1
274
     1
  0
MATERIAL
  5
35
102
{ACAD_XDICTIONARY
360
2EA7D
102
}
102
{ACAD_REACTORS
330
B
102
}
330
B
100
AcDbMaterial
  1
ByLayer
 73
     1
 78
     1
172
     1
176
     1
270
     1
274
     1
  0
MATERIAL
  5
A
102
{ACAD_XDICTIONARY
360
2254E
102
}
102
{ACAD_REACTORS
330
B
102
}
330
B
100
AcDbMaterial
  1
Global
 73
     1
 78
     1
172
     1
176
     1
270
     1
274
     1
  0
MLEADERSTYLE
  5
78
102
{ACAD_REACTORS
330
77
102
}
330
77
100
AcDbMLeaderStyle
170
     2
171
     1
172
     0
 90
        2
 40
0.0
 41
0.0
173
     1
 91
-1056964608
340
1E
 92
       -2
290
     1
 42
2.0
291
     1
 43
0.36
  3
Standard
 44
4.0
300

342
1B
174
     1
178
     6
175
     1
176
     0
 93
-1056964608
 45
4.0
292
     0
297
     0
 46
4.0
 94
-1056964608
 47
1.0
 49
1.0
140
1.0
293
     1
141
0.0
294
     1
177
     0
142
1.0
295
     0
296
     0
143
0.125
1001
ACAD_MLEADERVER
1070
     2
  0
MLINESTYLE
  5
39
102
{ACAD_REACTORS
330
33
102
}
330
33
100
AcDbMlineStyle
  2
STANDARD
 70
     0
  3

 62
   256
 51
90.0
 52
90.0
 71
     2
 49
0.5
 62
   256
  6
BYLAYER
 49
-0.5
 62
   256
  6
BYLAYER
  0
ACDBPLACEHOLDER
  5
7
102
{ACAD_REACTORS
330
8
102
}
330
8
  0
SCALE
  5
66
102
{ACAD_REACTORS
330
65
102
}
330
65
100
AcDbScale
 70
     0
300
1:1
140
1.0
141
1.0
290
     1
  0
SCALE
  5
67
102
{ACAD_REACTORS
330
65
102
}
330
65
100
AcDbScale
 70
     0
300
1:2
140
1.0
141
2.0
290
     0
  0
SCALE
  5
68
102
{ACAD_REACTORS
330
65
102
}
330
65
100
AcDbScale
 70
     0
300
1:4
140
1.0
141
4.0
290
     0
  0
SCALE
  5
69
102
{ACAD_REACTORS
330
65
102
}
330
65
100
AcDbScale
 70
     0
300
1:5
140
1.0
141
5.0
290
     0
  0
SCALE
  5
6A
102
{ACAD_REACTORS
330
65
102
}
330
65
100
AcDbScale
 70
     0
300
1:8
140
1.0
141
8.0
290
     0
  0
SCALE
  5
6B
102
{ACAD_REACTORS
330
65
102
}
330
65
100
AcDbScale
 70
     0
300
1:10
140
1.0
141
10.0
290
     0
  0
SCALE
  5
6C
102
{ACAD_REACTORS
330
65
102
}
330
65
100
AcDbScale
 70
     0
300
1:16
140
1.0
141
16.0
290
     0
  0
SCALE
  5
6D
102
{ACAD_REACTORS
330
65
102
}
330
65
100
AcDbScale
 70
     0
300
1:20
140
1.0
141
20.0
290
     0
  0
SCALE
  5
6E
102
{ACAD_REACTORS
330
65
102
}
330
65
100
AcDbScale
 70
     0
300
1:30
140
1.0
141
30.0
290
     0
  0
SCALE
  5
6F
102
{ACAD_REACTORS
330
65
102
}
330
65
100
AcDbScale
 70
     0
300
1:40
140
1.0
141
40.0
290
     0
  0
SCALE
  5
70
102
{ACAD_REACTORS
330
65
102
}
330
65
100
AcDbScale
 70
     0
300
1:50
140
1.0
141
50.0
290
     0
  0
SCALE
  5
71
102
{ACAD_REACTORS
330
65
102
}
330
65
100
AcDbScale
 70
     0
300
1:100
140
1.0
141
100.0
290
     0
  0
SCALE
  5
72
102
{ACAD_REACTORS
330
65
102
}
330
65
100
AcDbScale
 70
     0
300
2:1
140
2.0
141
1.0
290
     0
  0
SCALE
  5
73
102
{ACAD_REACTORS
330
65
102
}
330
65
100
AcDbScale
 70
     0
300
4:1
140
4.0
141
1.0
290
     0
  0
SCALE
  5
74
102
{ACAD_REACTORS
330
65
102
}
330
65
100
AcDbScale
 70
     0
300
8:1
140
8.0
141
1.0
290
     0
  0
SCALE
  5
75
102
{ACAD_REACTORS
330
65
102
}
330
65
100
AcDbScale
 70
     0
300
10:1
140
10.0
141
1.0
290
     0
  0
SCALE
  5
76
102
{ACAD_REACTORS
330
65
102
}
330
65
100
AcDbScale
 70
     0
300
100:1
140
100.0
141
1.0
290
     0
  0
ACDBSECTIONVIEWSTYLE
  5
1574C
102
{ACAD_XDICTIONARY
360
2EAC1
102
}
102
{ACAD_REACTORS
330
11578
102
}
330
11578
100
AcDbModelDocViewStyle
 70
     0
  3
Imperial24
290
     0
100
AcDbSectionViewStyle
 70
     0
 71
     0
 90
       78
 71
     1
340
1B
 40
0.24
340
0
340
0
 40
0.24
300
I, O, Q, S, X, Z
 40
0.48
 90
        3
 40
0.18
 90
        1
 71
     2
340
C
 90
       25
340
C
 90
       50
 40
0.24
 40
0.0
 40
0.24
 71
     3
340
1B
 40
0.24
 90
        1
 40
0.75
 90
        1
300
%<\AcVar ViewType \f "%tc1">% %<\AcVar ViewSectionStartId>%-%<\AcVar ViewSectionEndId>%\PVARIA %<\AcVar ViewScale \f "%sn">%
 71
     4
300
ANSI31
 40
1.0
 90
        0
290
     0
290
     0
 90
        6
 40
0.0
 40
1.570796326794896
 40
0.2617993877991494
 40
1.308996938995747
 40
-0.2617993877991494
 40
1.832595714594046
  0
ACDBSECTIONVIEWSTYLE
  5
11579
102
{ACAD_XDICTIONARY
360
2EABD
102
}
102
{ACAD_REACTORS
330
11578
102
}
330
11578
100
AcDbModelDocViewStyle
 70
     0
  3
Metric50
290
     0
100
AcDbSectionViewStyle
 70
     0
 71
     0
 90
      102
 71
     1
340
1B
 40
5.0
340
0
340
0
 40
5.0
300
I, O, Q, S, X, Z
 40
10.0
 90
        0
 40
2.5
 90
        0
 71
     2
340
C
 90
       25
340
C
 90
       50
 40
5.0
 40
2.5
 40
5.0
 71
     3
340
1B
 40
5.0
 90
        0
 40
15.0
 90
        1
300
%<\AcVar ViewSectionStartId>%-%<\AcVar ViewSectionEndId>% (%<\AcVar ViewScale \f "%sn">%)
 71
     4
300
ANSI31
 40
1.0
 90
        0
290
     0
290
     0
 90
        6
 40
0.0
 40
1.570796326794896
 40
0.2617993877991494
 40
1.308996938995747
 40
-0.2617993877991494
 40
1.832595714594046
  0
TABLESTYLE
  5
3A
102
{ACAD_XDICTIONARY
360
2EA52
102
}
102
{ACAD_REACTORS
330
38
102
}
330
38
100
AcDbTableStyle
  3
Standard
 70
     0
 71
     0
 40
1.5
 41
1.5
280
     0
281
     0
  7
Standard
140
4.5
170
     2
 62
     0
 63
     7
283
     0
274
    -2
284
     1
 64
     0
275
    -2
285
     1
 65
     0
276
    -2
286
     1
 66
     0
277
    -2
287
     1
 67
     0
278
    -2
288
     1
 68
     0
279
    -2
289
     1
 69
     0
  7
Standard
140
6.0
170
     5
 62
     0
 63
     7
283
     0
274
    -2
284
     1
 64
     0
275
    -2
285
     1
 65
     0
276
    -2
286
     1
 66
     0
277
    -2
287
     1
 67
     0
278
    -2
288
     1
 68
     0
279
    -2
289
     1
 69
     0
  7
Standard
140
4.5
170
     5
 62
     0
 63
     7
283
     0
274
    -2
284
     1
 64
     0
275
    -2
285
     1
 65
     0
276
    -2
286
     1
 66
     0
277
    -2
287
     1
 67
     0
278
    -2
288
     1
 68
     0
279
    -2
289
     1
 69
     0
  0
VISUALSTYLE
  5
24
102
{ACAD_XDICTIONARY
360
2EA7B
102
}
102
{ACAD_REACTORS
330
25
102
}
330
25
100
AcDbVisualStyle
  2
2dWireframe
 70
     4
 71
     0
 72
     2
 73
     0
 90
        0
 40
-0.6
 41
-30.0
 62
     5
 63
     7
 74
     1
 91
        4
 64
     7
 65
   257
 75
     1
175
     1
 42
1.0
 92
        0
 66
   257
 43
1.0
 76
     1
 77
     6
 78
     2
 67
     7
 79
     5
170
     0
171
     0
290
     0
174
     0
 93
        1
 44
0.0
173
     0
291
     0
 45
0.0
1001
ACAD
1000
AcDbSavedByObjectVersion
1070
     0
  0
VISUALSTYLE
  5
5A
102
{ACAD_XDICTIONARY
360
2EA90
102
}
102
{ACAD_REACTORS
330
25
102
}
330
25
100
AcDbVisualStyle
  2
3D Hidden
 70
     6
 71
     1
 72
     2
 73
     2
 90
        0
 40
-0.6
 41
-30.0
 62
     5
 63
     7
 74
     2
 91
        2
 64
     7
 65
   257
 75
     2
175
     1
 42
179.0
 92
        0
 66
   257
 43
1.0
 76
     1
 77
     6
 78
     2
 67
     7
 79
     3
170
     0
171
     0
290
     0
174
     0
 93
        1
 44
0.0
173
     0
291
     0
 45
0.0
1001
ACAD
1000
AcDbSavedByObjectVersion
1070
     0
  0
VISUALSTYLE
  5
3C
102
{ACAD_XDICTIONARY
360
2EA84
102
}
102
{ACAD_REACTORS
330
25
102
}
330
25
100
AcDbVisualStyle
  2
3dWireframe
 70
     5
 71
     0
 72
     2
 73
     0
 90
        0
 40
-0.6
 41
-30.0
 62
     5
 63
     7
 74
     1
 91
        4
 64
     7
 65
   257
 75
     1
175
     1
 42
1.0
 92
        0
 66
   257
 43
1.0
 76
     1
 77
     6
 78
     2
 67
     7
 79
     5
170
     0
171
     0
290
     0
174
     0
 93
        1
 44
0.0
173
     0
291
     0
 45
0.0
1001
ACAD
1000
AcDbSavedByObjectVersion
1070
     0
  0
VISUALSTYLE
  5
59
102
{ACAD_XDICTIONARY
360
2EA8E
102
}
102
{ACAD_REACTORS
330
25
102
}
330
25
100
AcDbVisualStyle
  2
Basic
 70
     7
 71
     1
 72
     0
 73
     1
 90
        0
 40
-0.6
 41
-30.0
 62
     5
 63
     7
 74
     0
 91
        4
 64
     7
 65
   257
 75
     1
175
     1
 42
1.0
 92
        8
 66
     7
 43
1.0
 76
     1
 77
     6
 78
     2
 67
     7
 79
     5
170
     0
171
     0
290
     0
174
     0
 93
        1
 44
0.0
173
     0
291
     1
 45
0.0
1001
ACAD
1000
AcDbSavedByObjectVersion
1070
     0
  0
VISUALSTYLE
  5
5D
102
{ACAD_XDICTIONARY
360
2EA96
102
}
102
{ACAD_REACTORS
330
25
102
}
330
25
100
AcDbVisualStyle
  2
Brighten
 70
    12
 71
     2
 72
     2
 73
     0
 90
        0
 40
-0.6
 41
-30.0
 62
     5
 63
     7
 74
     1
 91
        4
 64
     7
 65
   257
 75
     1
175
     1
 42
1.0
 92
        8
 66
     7
 43
1.0
 76
     1
 77
     6
 78
     2
 67
     7
 79
     5
170
     0
171
     0
290
     0
174
     0
 93
        1
 44
50.0
173
     0
291
     1
 45
0.0
1001
ACAD
1000
AcDbSavedByObjectVersion
1070
     0
  0
VISUALSTYLE
  5
61
102
{ACAD_XDICTIONARY
360
2EA9E
102
}
102
{ACAD_REACTORS
330
25
102
}
330
25
100
AcDbVisualStyle
  2
ColorChange
 70
    16
 71
     2
 72
     2
 73
     3
 90
        0
 40
-0.6
 41
-30.0
 62
     5
 63
     8
 74
     1
 91
        4
 64
     7
 65
   257
 75
     1
175
     1
 42
1.0
 92
        8
 66
     8
 43
1.0
 76
     1
 77
     6
 78
     2
 67
     7
 79
     5
170
     0
171
     0
290
     0
174
     0
 93
        1
 44
0.0
173
     0
291
     1
 45
0.0
1001
ACAD
1000
AcDbSavedByObjectVersion
1070
     0
  0
VISUALSTYLE
  5
5B
102
{ACAD_XDICTIONARY
360
2EA92
102
}
102
{ACAD_REACTORS
330
25
102
}
330
25
100
AcDbVisualStyle
  2
Conceptual
 70
     9
 71
     3
 72
     2
 73
     0
 90
        0
 40
-0.6
 41
-30.0
 62
     5
 63
     7
 74
     2
 91
        2
 64
     7
 65
   257
 75
     1
175
     1
 42
179.0
 92
        8
 66
     7
 43
1.0
 76
     1
 77
     6
 78
     2
 67
     7
 79
     3
170
     0
171
     0
290
     0
174
     0
 93
        1
 44
0.0
173
     0
291
     0
 45
0.0
1001
ACAD
1000
AcDbSavedByObjectVersion
1070
     0
  0
VISUALSTYLE
  5
5C
102
{ACAD_XDICTIONARY
360
2EA94
102
}
102
{ACAD_REACTORS
330
25
102
}
330
25
100
AcDbVisualStyle
  2
Dim
 70
    11
 71
     2
 72
     2
 73
     0
 90
        0
 40
-0.6
 41
-30.0
 62
     5
 63
     7
 74
     1
 91
        4
 64
     7
 65
   257
 75
     1
175
     1
 42
1.0
 92
        8
 66
     7
 43
1.0
 76
     1
 77
     6
 78
     2
 67
     7
 79
     5
170
     0
171
     0
290
     0
174
     0
 93
        1
 44
-50.0
173
     0
291
     1
 45
0.0
1001
ACAD
1000
AcDbSavedByObjectVersion
1070
     0
  0
VISUALSTYLE
  5
64
102
{ACAD_XDICTIONARY
360
2EAA4
102
}
102
{ACAD_REACTORS
330
25
102
}
330
25
100
AcDbVisualStyle
  2
EdgeColorOff
 70
    22
 71
     2
 72
     2
 73
     0
 90
        0
 40
-0.6
 41
-30.0
 62
     5
 63
     7
 74
     1
 91
        4
 64
     7
 65
   257
 75
     1
175
     1
 42
1.0
 92
        8
 66
     7
 43
1.0
 76
     1
 77
     6
 78
     2
 67
     7
 79
     5
170
     0
171
     0
290
     0
174
     0
 93
        1
 44
0.0
173
     0
291
     1
 45
0.0
1001
ACAD
1000
AcDbSavedByObjectVersion
1070
     0
  0
VISUALSTYLE
  5
60
102
{ACAD_XDICTIONARY
360
2EA9C
102
}
102
{ACAD_REACTORS
330
25
102
}
330
25
100
AcDbVisualStyle
  2
Facepattern
 70
    15
 71
     2
 72
     2
 73
     0
 90
        0
 40
-0.6
 41
-30.0
 62
     5
 63
     7
 74
     1
 91
        4
 64
     7
 65
   257
 75
     1
175
     1
 42
1.0
 92
        8
 66
     7
 43
1.0
 76
     1
 77
     6
 78
     2
 67
     7
 79
     5
170
     0
171
     0
290
     0
174
     0
 93
        1
 44
0.0
173
     0
291
     1
 45
0.0
1001
ACAD
1000
AcDbSavedByObjectVersion
1070
     0
  0
VISUALSTYLE
  5
55
102
{ACAD_XDICTIONARY
360
2EA86
102
}
102
{ACAD_REACTORS
330
25
102
}
330
25
100
AcDbVisualStyle
  2
Flat
 70
     0
 71
     2
 72
     1
 73
     1
 90
        2
 40
-0.6
 41
30.0
 62
     5
 63
     7
 74
     0
 91
        4
 64
     7
 65
   257
 75
     1
175
     1
 42
1.0
 92
        8
 66
     7
 43
1.0
 76
     1
 77
     6
 78
     2
 67
     7
 79
     5
170
     0
171
     0
290
     0
174
     0
 93
       13
 44
0.0
173
     0
291
     1
 45
0.0
1001
ACAD
1000
AcDbSavedByObjectVersion
1070
     0
  0
VISUALSTYLE
  5
56
102
{ACAD_XDICTIONARY
360
2EA88
102
}
102
{ACAD_REACTORS
330
25
102
}
330
25
100
AcDbVisualStyle
  2
FlatWithEdges
 70
     1
 71
     2
 72
     1
 73
     1
 90
        2
 40
-0.6
 41
30.0
 62
     5
 63
     7
 74
     1
 91
        4
 64
     7
 65
   257
 75
     1
175
     1
 42
1.0
 92
        0
 66
   257
 43
1.0
 76
     1
 77
     6
 78
     2
 67
     7
 79
     5
170
     0
171
     0
290
     0
174
     0
 93
       13
 44
0.0
173
     0
291
     1
 45
0.0
1001
ACAD
1000
AcDbSavedByObjectVersion
1070
     0
  0
VISUALSTYLE
  5
57
102
{ACAD_XDICTIONARY
360
2EA8A
102
}
102
{ACAD_REACTORS
330
25
102
}
330
25
100
AcDbVisualStyle
  2
Gouraud
 70
     2
 71
     2
 72
     2
 73
     1
 90
        2
 40
-0.6
 41
30.0
 62
     5
 63
     7
 74
     0
 91
        4
 64
     7
 65
   257
 75
     1
175
     1
 42
1.0
 92
        0
 66
     7
 43
1.0
 76
     1
 77
     6
 78
     2
 67
     7
 79
     5
170
     0
171
     0
290
     0
174
     0
 93
       13
 44
0.0
173
     0
291
     1
 45
0.0
1001
ACAD
1000
AcDbSavedByObjectVersion
1070
     0
  0
VISUALSTYLE
  5
58
102
{ACAD_XDICTIONARY
360
2EA8C
102
}
102
{ACAD_REACTORS
330
25
102
}
330
25
100
AcDbVisualStyle
  2
GouraudWithEdges
 70
     3
 71
     2
 72
     2
 73
     1
 90
        2
 40
-0.6
 41
30.0
 62
     5
 63
     7
 74
     1
 91
        4
 64
     7
 65
   257
 75
     1
175
     1
 42
1.0
 92
        0
 66
   257
 43
1.0
 76
     1
 77
     6
 78
     2
 67
     7
 79
     5
170
     0
171
     0
290
     0
174
     0
 93
       13
 44
0.0
173
     0
291
     1
 45
0.0
1001
ACAD
1000
AcDbSavedByObjectVersion
1070
     0
  0
VISUALSTYLE
  5
11572
102
{ACAD_XDICTIONARY
360
2EAB1
102
}
102
{ACAD_REACTORS
330
25
102
}
330
25
100
AcDbVisualStyle
  2
Hidden
 70
     6
 71
     1
 72
     2
 73
     2
 90
        0
 40
-0.6
 41
-30.0
 62
     5
 63
     7
 74
     2
 91
        2
 64
     7
 65
   257
 75
     2
175
     1
 42
40.0
 92
        0
 66
   257
 43
1.0
 76
     1
 77
     6
 78
     2
 67
     7
 79
     3
170
     0
171
     0
290
     0
174
     0
 93
        1
 44
0.0
173
     0
291
     0
 45
0.0
1001
ACAD
1000
AcDbSavedByObjectVersion
1070
     0
  0
VISUALSTYLE
  5
62
102
{ACAD_XDICTIONARY
360
2EAA0
102
}
102
{ACAD_REACTORS
330
25
102
}
330
25
100
AcDbVisualStyle
  2
JitterOff
 70
    20
 71
     2
 72
     2
 73
     0
 90
        0
 40
-0.6
 41
-30.0
 62
     5
 63
     7
 74
     1
 91
        4
 64
     7
 65
   257
 75
     1
175
     1
 42
1.0
 92
       10
 66
     7
 43
1.0
 76
     1
 77
     6
 78
     2
 67
     7
 79
     5
170
     0
171
     0
290
     0
174
     0
 93
        1
 44
0.0
173
     0
291
     1
 45
0.0
1001
ACAD
1000
AcDbSavedByObjectVersion
1070
     0
  0
VISUALSTYLE
  5
5F
102
{ACAD_XDICTIONARY
360
2EA9A
102
}
102
{ACAD_REACTORS
330
25
102
}
330
25
100
AcDbVisualStyle
  2
Linepattern
 70
    14
 71
     2
 72
     2
 73
     0
 90
        0
 40
-0.6
 41
-30.0
 62
     5
 63
     7
 74
     1
 91
        4
 64
     7
 65
   257
 75
     7
175
     7
 42
1.0
 92
        8
 66
     7
 43
1.0
 76
     1
 77
     6
 78
     2
 67
     7
 79
     5
170
     0
171
     0
290
     0
174
     0
 93
        1
 44
0.0
173
     0
291
     1
 45
0.0
1001
ACAD
1000
AcDbSavedByObjectVersion
1070
     0
  0
VISUALSTYLE
  5
63
102
{ACAD_XDICTIONARY
360
2EAA2
102
}
102
{ACAD_REACTORS
330
25
102
}
330
25
100
AcDbVisualStyle
  2
OverhangOff
 70
    21
 71
     2
 72
     2
 73
     0
 90
        0
 40
-0.6
 41
-30.0
 62
     5
 63
     7
 74
     1
 91
        4
 64
     7
 65
   257
 75
     1
175
     1
 42
1.0
 92
        9
 66
     7
 43
1.0
 76
     1
 77
     6
 78
     2
 67
     7
 79
     5
170
     0
171
     0
290
     0
174
     0
 93
        1
 44
0.0
173
     0
291
     1
 45
0.0
1001
ACAD
1000
AcDbSavedByObjectVersion
1070
     0
  0
VISUALSTYLE
  5
3B
102
{ACAD_XDICTIONARY
360
2EA82
102
}
102
{ACAD_REACTORS
330
25
102
}
330
25
100
AcDbVisualStyle
  2
Realistic
 70
     8
 71
     2
 72
     2
 73
     0
 90
        0
 40
-0.6
 41
-30.0
 62
     5
 63
     7
 74
     1
 91
        0
 64
     7
 65
   257
 75
     1
175
     1
 42
1.0
 92
        8
 66
     8
 43
1.0
 76
     1
 77
     6
 78
     2
 67
     7
 79
     5
170
     0
171
     0
290
     0
174
     0
 93
       13
 44
0.0
173
     0
291
     0
 45
0.0
1001
ACAD
1000
AcDbSavedByObjectVersion
1070
     0
  0
VISUALSTYLE
  5
11577
102
{ACAD_XDICTIONARY
360
2EABB
102
}
102
{ACAD_REACTORS
330
25
102
}
330
25
100
AcDbVisualStyle
  2
Shaded
 70
    27
 71
     2
 72
     2
 73
     1
 90
        2
 40
-0.6
 41
30.0
 62
     5
 63
     7
 74
     0
 91
        4
 64
     7
 65
   257
 75
     1
175
     1
 42
1.0
 92
        8
 66
   257
 43
1.0
 76
     1
 77
     6
 78
     2
 67
     8
 79
     3
170
     0
171
     0
290
     0
174
     0
 93
        5
 44
0.0
173
     0
291
     0
 45
0.0
1001
ACAD
1000
AcDbSavedByObjectVersion
1070
     0
  0
VISUALSTYLE
  5
11576
102
{ACAD_XDICTIONARY
360
2EAB9
102
}
102
{ACAD_REACTORS
330
25
102
}
330
25
100
AcDbVisualStyle
  2
Shaded with edges
 70
    26
 71
     2
 72
     2
 73
     1
 90
        2
 40
-0.6
 41
30.0
 62
     5
 63
     7
 74
     1
 91
        2
 64
     7
 65
   257
 75
     2
175
     1
 42
1.0
 92
        8
 66
   257
 43
1.0
 76
     1
 77
     6
 78
     2
 67
     7
 79
     3
170
     0
171
     0
290
     0
174
     0
 93
        5
 44
0.0
173
     0
291
     0
 45
0.0
1001
ACAD
1000
AcDbSavedByObjectVersion
1070
     0
  0
VISUALSTYLE
  5
11573
102
{ACAD_XDICTIONARY
360
2EAB3
102
}
102
{ACAD_REACTORS
330
25
102
}
330
25
100
AcDbVisualStyle
  2
Shades of Gray
 70
    23
 71
     2
 72
     2
 73
     3
 90
        0
 40
-0.6
 41
-30.0
 62
     5
 63
     7
 74
     2
 91
        2
 64
     7
 65
     7
 75
     1
175
     1
 42
40.0
 92
        8
 66
     7
 43
1.0
 76
     1
 77
     6
 78
     2
 67
     7
 79
     3
170
     0
171
     0
290
     0
174
     0
 93
        1
 44
0.0
173
     0
291
     0
 45
0.0
1001
ACAD
1000
AcDbSavedByObjectVersion
1070
     0
  0
VISUALSTYLE
  5
11574
102
{ACAD_XDICTIONARY
360
2EAB5
102
}
102
{ACAD_REACTORS
330
25
102
}
330
25
100
AcDbVisualStyle
  2
Sketchy
 70
    24
 71
     1
 72
     2
 73
     2
 90
        0
 40
-0.6
 41
-30.0
 62
     5
 63
     7
 74
     2
 91
        2
 64
     7
 65
     7
 75
     1
175
     1
 42
40.0
 92
       11
 66
     7
 43
1.0
 76
     1
 77
     6
 78
     2
 67
     7
 79
     6
170
     0
171
     0
290
     0
174
     0
 93
        1
 44
0.0
173
     0
291
     0
 45
0.0
1001
ACAD
1000
AcDbSavedByObjectVersion
1070
     0
  0
VISUALSTYLE
  5
5E
102
{ACAD_XDICTIONARY
360
2EA98
102
}
102
{ACAD_REACTORS
330
25
102
}
330
25
100
AcDbVisualStyle
  2
Thicken
 70
    13
 71
     2
 72
     2
 73
     0
 90
        0
 40
-0.6
 41
-30.0
 62
     5
 63
     7
 74
     1
 91
        4
 64
     7
 65
   257
 75
     1
175
     1
 42
1.0
 92
       12
 66
     7
 43
1.0
 76
     1
 77
     6
 78
     2
 67
     7
 79
     5
170
     0
171
     0
290
     0
174
     0
 93
        1
 44
0.0
173
     0
291
     1
 45
0.0
1001
ACAD
1000
AcDbSavedByObjectVersion
1070
     0
  0
VISUALSTYLE
  5
11571
102
{ACAD_XDICTIONARY
360
2EAAF
102
}
102
{ACAD_REACTORS
330
25
102
}
330
25
100
AcDbVisualStyle
  2
Wireframe
 70
     5
 71
     0
 72
     2
 73
     0
 90
        0
 40
-0.6
 41
-30.0
 62
     5
 63
     7
 74
     1
 91
        4
 64
     7
 65
   257
 75
     1
175
     1
 42
1.0
 92
        0
 66
   257
 43
1.0
 76
     1
 77
     6
 78
     2
 67
     7
 79
     3
170
     0
171
     0
290
     0
174
     0
 93
        1
 44
0.0
173
     0
291
     0
 45
0.0
1001
ACAD
1000
AcDbSavedByObjectVersion
1070
     0
  0
VISUALSTYLE
  5
11575
102
{ACAD_XDICTIONARY
360
2EAB7
102
}
102
{ACAD_REACTORS
330
25
102
}
330
25
100
AcDbVisualStyle
  2
X-Ray
 70
    25
 71
     2
 72
     2
 73
     1
 90
        1
 40
0.5
 41
-30.0
 62
     5
 63
     7
 74
     1
 91
        0
 64
     7
 65
   257
 75
     1
175
     1
 42
1.0
 92
        8
 66
     7
 43
1.0
 76
     1
 77
     6
 78
     2
 67
     7
 79
     3
170
     0
171
     0
290
     0
174
     0
 93
       13
 44
0.0
173
     0
291
     0
 45
0.0
1001
ACAD
1000
AcDbSavedByObjectVersion
1070
     0
  0
DICTIONARYVAR
  5
191E
102
{ACAD_REACTORS
330
52
102
}
330
52
100
DictionaryVariables
280
     0
  1
1:1
  0
DICTIONARYVAR
  5
191C
102
{ACAD_REACTORS
330
52
102
}
330
52
100
DictionaryVariables
280
     0
  1
STANDARD
  0
DICTIONARYVAR
  5
53
102
{ACAD_REACTORS
330
52
102
}
330
52
100
DictionaryVariables
280
     0
  1
STANDARD
  0
DICTIONARYVAR
  5
115A6
102
{ACAD_REACTORS
330
52
102
}
330
52
100
DictionaryVariables
280
     0
  1
Metric50
  0
DICTIONARYVAR
  5
115A7
102
{ACAD_REACTORS
330
52
102
}
330
52
100
DictionaryVariables
280
     0
  1
Metric50
  0
DICTIONARYVAR
  5
2EA50
102
{ACAD_REACTORS
330
52
102
}
330
52
100
DictionaryVariables
280
     0
  1
1
  0
DICTIONARYVAR
  5
2EA4E
102
{ACAD_REACTORS
330
52
102
}
330
52
100
DictionaryVariables
280
     0
  1
1
  0
DICTIONARYVAR
  5
2EA4D
102
{ACAD_REACTORS
330
52
102
}
330
52
100
DictionaryVariables
280
     0
  1
0
  0
DICTIONARYVAR
  5
1920
102
{ACAD_REACTORS
330
52
102
}
330
52
100
DictionaryVariables
280
     0
  1
1
  0
DICTIONARYVAR
  5
1921
102
{ACAD_REACTORS
330
52
102
}
330
52
100
DictionaryVariables
280
     0
  1
15
  0
DICTIONARYVAR
  5
191F
102
{ACAD_REACTORS
330
52
102
}
330
52
100
DictionaryVariables
280
     0
  1
0
  0
DICTIONARYVAR
  5
191D
102
{ACAD_REACTORS
330
52
102
}
330
52
100
DictionaryVariables
280
     0
  1
0
  0
DICTIONARYVAR
  5
2EA51
102
{ACAD_REACTORS
330
52
102
}
330
52
100
DictionaryVariables
280
     0
  1
1
  0
DICTIONARYVAR
  5
2EA4C
102
{ACAD_REACTORS
330
52
102
}
330
52
100
DictionaryVariables
280
     0
  1
127
  0
DICTIONARYVAR
  5
2EA4F
102
{ACAD_REACTORS
330
52
102
}
330
52
100
DictionaryVariables
280
     0
  1
0
  0
DICTIONARY
  5
2EA76
102
{ACAD_REACTORS
330
2EA74
102
}
330
2EA74
100
AcDbDictionary
281
     1
  0
DICTIONARY
  5
2EA75
102
{ACAD_REACTORS
330
2EA74
102
}
330
2EA74
100
AcDbDictionary
281
     1
  3
1156303984
350
2EA6F
  3
1156304000
350
2EA70
  3
1156304016
350
2EA71
  3
1156304032
350
2EA72
  3
1156304048
350
2EA73
  0
PH_DIMENTREACTOR
  5
74F4
102
{ACAD_REACTORS
330
4C
102
}
330
4C
  0
PH_ENTDIMREACTOR
  5
7CB3
102
{ACAD_REACTORS
330
4C
102
}
330
4C
  0
PH_DIMENTREACTOR
  5
1F064
102
{ACAD_REACTORS
330
4C
102
}
330
4C
  0
PH_ENTDIMREACTOR
  5
7F72
102
{ACAD_REACTORS
330
4C
102
}
330
4C
  0
PH_DIMENTREACTOR
  5
1F065
102
{ACAD_REACTORS
330
4C
102
}
330
4C
  0
PH_DIMENTREACTOR
  5
6DEC
102
{ACAD_REACTORS
330
4C
102
}
330
4C
  0
PH_ENTDIMREACTOR
  5
74F8
102
{ACAD_REACTORS
330
4C
102
}
330
4C
  0
PH_DIMENTREACTOR
  5
7F70
102
{ACAD_REACTORS
330
4C
102
}
330
4C
  0
PH_ENTDIMREACTOR
  5
1F06E
102
{ACAD_REACTORS
330
4C
102
}
330
4C
  0
PH_ENTDIMREACTOR
  5
1F06F
102
{ACAD_REACTORS
330
4C
102
}
330
4C
  0
PH_ENTDIMREACTOR
  5
1F070
102
{ACAD_REACTORS
330
4C
102
}
330
4C
  0
PH_ENTDIMREACTOR
  5
1F071
102
{ACAD_REACTORS
330
4C
102
}
330
4C
  0
PH_ENTDIMREACTOR
  5
7CB4
102
{ACAD_REACTORS
330
4C
102
}
330
4C
  0
PH_ENTDIMREACTOR
  5
1F072
102
{ACAD_REACTORS
330
4C
102
}
330
4C
  0
PH_ENTDIMREACTOR
  5
1F073
102
{ACAD_REACTORS
330
4C
102
}
330
4C
  0
PH_ENTDIMREACTOR
  5
1F074
102
{ACAD_REACTORS
330
4C
102
}
330
4C
  0
PH_ENTDIMREACTOR
  5
1F075
102
{ACAD_REACTORS
330
4C
102
}
330
4C
  0
PH_ENTDIMREACTOR
  5
1F076
102
{ACAD_REACTORS
330
4C
102
}
330
4C
  0
PH_ENTDIMREACTOR
  5
7F73
102
{ACAD_REACTORS
330
4C
102
}
330
4C
  0
PH_DIMENTREACTOR
  5
6DEB
102
{ACAD_REACTORS
330
4C
102
}
330
4C
  0
PH_ENTDIMREACTOR
  5
1F077
102
{ACAD_REACTORS
330
4C
102
}
330
4C
  0
PH_ENTDIMREACTOR
  5
1F078
102
{ACAD_REACTORS
330
4C
102
}
330
4C
  0
PH_ENTDIMREACTOR
  5
7F74
102
{ACAD_REACTORS
330
4C
102
}
330
4C
  0
PH_ENTDIMREACTOR
  5
74F9
102
{ACAD_REACTORS
330
4C
102
}
330
4C
  0
PH_ENTDIMREACTOR
  5
1F33C
102
{ACAD_REACTORS
330
4C
102
}
330
4C
  0
PH_ENTDIMREACTOR
  5
1F33D
102
{ACAD_REACTORS
330
4C
102
}
330
4C
  0
PH_ENTDIMREACTOR
  5
1F33E
102
{ACAD_REACTORS
330
4C
102
}
330
4C
  0
PH_ENTDIMREACTOR
  5
1F33F
102
{ACAD_REACTORS
330
4C
102
}
330
4C
  0
PH_ENTDIMREACTOR
  5
1F340
102
{ACAD_REACTORS
330
4C
102
}
330
4C
  0
PH_DIMENTREACTOR
  5
1F341
102
{ACAD_REACTORS
330
4C
102
}
330
4C
  0
PH_DIMENTREACTOR
  5
1F342
102
{ACAD_REACTORS
330
4C
102
}
330
4C
  0
PH_DIMENTREACTOR
  5
7F71
102
{ACAD_REACTORS
330
4C
102
}
330
4C
  0
PH_DIMENTREACTOR
  5
1F343
102
{ACAD_REACTORS
330
4C
102
}
330
4C
  0
PH_ENTDIMREACTOR
  5
7F75
102
{ACAD_REACTORS
330
4C
102
}
330
4C
  0
PH_DIMENTREACTOR
  5
1F057
102
{ACAD_REACTORS
330
4C
102
}
330
4C
  0
PH_ENTDIMREACTOR
  5
6DEA
102
{ACAD_REACTORS
330
4C
102
}
330
4C
  0
PH_ENTDIMREACTOR
  5
1F997
102
{ACAD_REACTORS
330
4C
102
}
330
4C
  0
PH_ENTDIMREACTOR
  5
1F998
102
{ACAD_REACTORS
330
4C
102
}
330
4C
  0
PH_ENTDIMREACTOR
  5
1F999
102
{ACAD_REACTORS
330
4C
102
}
330
4C
  0
PH_ENTDIMREACTOR
  5
1F99A
102
{ACAD_REACTORS
330
4C
102
}
330
4C
  0
PH_ENTDIMREACTOR
  5
1F99B
102
{ACAD_REACTORS
330
4C
102
}
330
4C
  0
PH_DIMENTREACTOR
  5
1F99C
102
{ACAD_REACTORS
330
4C
102
}
330
4C
  0
PH_DIMENTREACTOR
  5
1F99D
102
{ACAD_REACTORS
330
4C
102
}
330
4C
  0
PH_ENTDIMREACTOR
  5
77A7
102
{ACAD_REACTORS
330
4C
102
}
330
4C
  0
PH_DIMENTREACTOR
  5
1F99E
102
{ACAD_REACTORS
330
4C
102
}
330
4C
  0
PH_ENTDIMREACTOR
  5
7CB5
102
{ACAD_REACTORS
330
4C
102
}
330
4C
  0
PH_ENTDIMREACTOR
  5
1F99F
102
{ACAD_REACTORS
330
4C
102
}
330
4C
  0
PH_ENTDIMREACTOR
  5
1F9A0
102
{ACAD_REACTORS
330
4C
102
}
330
4C
  0
PH_ENTDIMREACTOR
  5
1F9A1
102
{ACAD_REACTORS
330
4C
102
}
330
4C
  0
PH_ENTDIMREACTOR
  5
1F9A2
102
{ACAD_REACTORS
330
4C
102
}
330
4C
  0
PH_ENTDIMREACTOR
  5
1F9A3
102
{ACAD_REACTORS
330
4C
102
}
330
4C
  0
PH_DIMENTREACTOR
  5
1F9A4
102
{ACAD_REACTORS
330
4C
102
}
330
4C
  0
PH_DIMENTREACTOR
  5
1F9A5
102
{ACAD_REACTORS
330
4C
102
}
330
4C
  0
PH_DIMENTREACTOR
  5
1F9A6
102
{ACAD_REACTORS
330
4C
102
}
330
4C
  0
PH_ENTDIMREACTOR
  5
1F9A7
102
{ACAD_REACTORS
330
4C
102
}
330
4C
  0
PH_ENTDIMREACTOR
  5
1F053
102
{ACAD_REACTORS
330
4C
102
}
330
4C
  0
PH_ENTDIMREACTOR
  5
7CB6
102
{ACAD_REACTORS
330
4C
102
}
330
4C
  0
PH_ENTDIMREACTOR
  5
1F9A8
102
{ACAD_REACTORS
330
4C
102
}
330
4C
  0
PH_ENTDIMREACTOR
  5
1F9A9
102
{ACAD_REACTORS
330
4C
102
}
330
4C
  0
PH_ENTDIMREACTOR
  5
1F9AA
102
{ACAD_REACTORS
330
4C
102
}
330
4C
  0
PH_ENTDIMREACTOR
  5
1F9AB
102
{ACAD_REACTORS
330
4C
102
}
330
4C
  0
PH_DIMENTREACTOR
  5
1F9AC
102
{ACAD_REACTORS
330
4C
102
}
330
4C
  0
PH_DIMENTREACTOR
  5
1F9AD
102
{ACAD_REACTORS
330
4C
102
}
330
4C
  0
PH_DIMENTREACTOR
  5
1F9AE
102
{ACAD_REACTORS
330
4C
102
}
330
4C
  0
PH_ENTDIMREACTOR
  5
7CAE
102
{ACAD_REACTORS
330
4C
102
}
330
4C
  0
PH_DIMENTREACTOR
  5
74FD
102
{ACAD_REACTORS
330
4C
102
}
330
4C
  0
PH_DIMENTREACTOR
  5
74FB
102
{ACAD_REACTORS
330
4C
102
}
330
4C
  0
PH_ENTDIMREACTOR
  5
77A6
102
{ACAD_REACTORS
330
4C
102
}
330
4C
  0
PH_ENTDIMREACTOR
  5
1F054
102
{ACAD_REACTORS
330
4C
102
}
330
4C
  0
PH_ENTDIMREACTOR
  5
74FF
102
{ACAD_REACTORS
330
4C
102
}
330
4C
  0
PH_DIMENTREACTOR
  5
6DED
102
{ACAD_REACTORS
330
4C
102
}
330
4C
  0
PH_ENTDIMREACTOR
  5
6DEE
102
{ACAD_REACTORS
330
4C
102
}
330
4C
  0
PH_ENTDIMREACTOR
  5
6DEF
102
{ACAD_REACTORS
330
4C
102
}
330
4C
  0
PH_DIMENTREACTOR
  5
6DF0
102
{ACAD_REACTORS
330
4C
102
}
330
4C
  0
PH_ENTDIMREACTOR
  5
74FE
102
{ACAD_REACTORS
330
4C
102
}
330
4C
  0
PH_DIMENTREACTOR
  5
6DF1
102
{ACAD_REACTORS
330
4C
102
}
330
4C
  0
PH_ENTDIMREACTOR
  5
77A4
102
{ACAD_REACTORS
330
4C
102
}
330
4C
  0
PH_ENTDIMREACTOR
  5
77A8
102
{ACAD_REACTORS
330
4C
102
}
330
4C
  0
PH_ENTDIMREACTOR
  5
7CB7
102
{ACAD_REACTORS
330
4C
102
}
330
4C
  0
PH_ENTDIMREACTOR
  5
6DF2
102
{ACAD_REACTORS
330
4C
102
}
330
4C
  0
PH_DIMENTREACTOR
  5
1F055
102
{ACAD_REACTORS
330
4C
102
}
330
4C
  0
PH_ENTDIMREACTOR
  5
6DF3
102
{ACAD_REACTORS
330
4C
102
}
330
4C
  0
PH_ENTDIMREACTOR
  5
6DF4
102
{ACAD_REACTORS
330
4C
102
}
330
4C
  0
PH_ENTDIMREACTOR
  5
7CAF
102
{ACAD_REACTORS
330
4C
102
}
330
4C
  0
PH_ENTDIMREACTOR
  5
6DF5
102
{ACAD_REACTORS
330
4C
102
}
330
4C
  0
PH_DIMENTREACTOR
  5
779C
102
{ACAD_REACTORS
330
4C
102
}
330
4C
  0
PH_DIMENTREACTOR
  5
779D
102
{ACAD_REACTORS
330
4C
102
}
330
4C
  0
PH_ENTDIMREACTOR
  5
779E
102
{ACAD_REACTORS
330
4C
102
}
330
4C
  0
PH_DIMENTREACTOR
  5
779F
102
{ACAD_REACTORS
330
4C
102
}
330
4C
  0
PH_DIMENTREACTOR
  5
7CB8
102
{ACAD_REACTORS
330
4C
102
}
330
4C
  0
PH_DIMENTREACTOR
  5
77A0
102
{ACAD_REACTORS
330
4C
102
}
330
4C
  0
PH_DIMENTREACTOR
  5
77A1
102
{ACAD_REACTORS
330
4C
102
}
330
4C
  0
PH_DIMENTREACTOR
  5
7CB9
102
{ACAD_REACTORS
330
4C
102
}
330
4C
  0
PH_DIMENTREACTOR
  5
1F056
102
{ACAD_REACTORS
330
4C
102
}
330
4C
  0
PH_DIMENTREACTOR
  5
7CBA
102
{ACAD_REACTORS
330
4C
102
}
330
4C
  0
PH_DIMENTREACTOR
  5
74F7
102
{ACAD_REACTORS
330
4C
102
}
330
4C
  0
PH_DIMENTREACTOR
  5
7F69
102
{ACAD_REACTORS
330
4C
102
}
330
4C
  0
PH_ENTDIMREACTOR
  5
77A2
102
{ACAD_REACTORS
330
4C
102
}
330
4C
  0
PH_DIMENTREACTOR
  5
1F058
102
{ACAD_REACTORS
330
4C
102
}
330
4C
  0
PH_DIMENTREACTOR
  5
7F6A
102
{ACAD_REACTORS
330
4C
102
}
330
4C
  0
PH_ENTDIMREACTOR
  5
7500
102
{ACAD_REACTORS
330
4C
102
}
330
4C
  0
PH_ENTDIMREACTOR
  5
7F6C
102
{ACAD_REACTORS
330
4C
102
}
330
4C
  0
PH_ENTDIMREACTOR
  5
77A5
102
{ACAD_REACTORS
330
4C
102
}
330
4C
  0
PH_ENTDIMREACTOR
  5
1800E
102
{ACAD_REACTORS
330
4C
102
}
330
4C
  0
PH_DIMENTREACTOR
  5
74F5
102
{ACAD_REACTORS
330
4C
102
}
330
4C
  0
PH_DIMENTREACTOR
  5
1800F
102
{ACAD_REACTORS
330
4C
102
}
330
4C
  0
PH_ENTDIMREACTOR
  5
18241
102
{ACAD_REACTORS
330
4C
102
}
330
4C
  0
PH_ENTDIMREACTOR
  5
7F6D
102
{ACAD_REACTORS
330
4C
102
}
330
4C
  0
PH_DIMENTREACTOR
  5
18242
102
{ACAD_REACTORS
330
4C
102
}
330
4C
  0
PH_ENTDIMREACTOR
  5
1851E
102
{ACAD_REACTORS
330
4C
102
}
330
4C
  0
PH_DIMENTREACTOR
  5
1F059
102
{ACAD_REACTORS
330
4C
102
}
330
4C
  0
PH_DIMENTREACTOR
  5
1851F
102
{ACAD_REACTORS
330
4C
102
}
330
4C
  0
PH_ENTDIMREACTOR
  5
189AF
102
{ACAD_REACTORS
330
4C
102
}
330
4C
  0
PH_DIMENTREACTOR
  5
189B0
102
{ACAD_REACTORS
330
4C
102
}
330
4C
  0
PH_ENTDIMREACTOR
  5
18D84
102
{ACAD_REACTORS
330
4C
102
}
330
4C
  0
PH_ENTDIMREACTOR
  5
7F6B
102
{ACAD_REACTORS
330
4C
102
}
330
4C
  0
PH_DIMENTREACTOR
  5
18D85
102
{ACAD_REACTORS
330
4C
102
}
330
4C
  0
PH_ENTDIMREACTOR
  5
1CE1E
102
{ACAD_REACTORS
330
4C
102
}
330
4C
  0
PH_ENTDIMREACTOR
  5
74FC
102
{ACAD_REACTORS
330
4C
102
}
330
4C
  0
PH_DIMENTREACTOR
  5
1CE1F
102
{ACAD_REACTORS
330
4C
102
}
330
4C
  0
PH_ENTDIMREACTOR
  5
1D24D
102
{ACAD_REACTORS
330
4C
102
}
330
4C
  0
PH_DIMENTREACTOR
  5
1D24E
102
{ACAD_REACTORS
330
4C
102
}
330
4C
  0
PH_DIMENTREACTOR
  5
1F05A
102
{ACAD_REACTORS
330
4C
102
}
330
4C
  0
PH_ENTDIMREACTOR
  5
1D4CE
102
{ACAD_REACTORS
330
4C
102
}
330
4C
  0
PH_DIMENTREACTOR
  5
1D4CF
102
{ACAD_REACTORS
330
4C
102
}
330
4C
  0
PH_ENTDIMREACTOR
  5
1D6D9
102
{ACAD_REACTORS
330
4C
102
}
330
4C
  0
PH_ENTDIMREACTOR
  5
74FA
102
{ACAD_REACTORS
330
4C
102
}
330
4C
  0
PH_DIMENTREACTOR
  5
1D6DA
102
{ACAD_REACTORS
330
4C
102
}
330
4C
  0
PH_ENTDIMREACTOR
  5
1D8AE
102
{ACAD_REACTORS
330
4C
102
}
330
4C
  0
PH_DIMENTREACTOR
  5
1D8AF
102
{ACAD_REACTORS
330
4C
102
}
330
4C
  0
PH_ENTDIMREACTOR
  5
1DC0B
102
{ACAD_REACTORS
330
4C
102
}
330
4C
  0
PH_DIMENTREACTOR
  5
7F6E
102
{ACAD_REACTORS
330
4C
102
}
330
4C
  0
PH_DIMENTREACTOR
  5
1DC0C
102
{ACAD_REACTORS
330
4C
102
}
330
4C
  0
PH_ENTDIMREACTOR
  5
1E074
102
{ACAD_REACTORS
330
4C
102
}
330
4C
  0
PH_DIMENTREACTOR
  5
1F05B
102
{ACAD_REACTORS
330
4C
102
}
330
4C
  0
PH_DIMENTREACTOR
  5
1E075
102
{ACAD_REACTORS
330
4C
102
}
330
4C
  0
PH_ENTDIMREACTOR
  5
1E3C1
102
{ACAD_REACTORS
330
4C
102
}
330
4C
  0
PH_ENTDIMREACTOR
  5
7CB0
102
{ACAD_REACTORS
330
4C
102
}
330
4C
  0
PH_DIMENTREACTOR
  5
1E3C2
102
{ACAD_REACTORS
330
4C
102
}
330
4C
  0
PH_ENTDIMREACTOR
  5
1EE3C
102
{ACAD_REACTORS
330
4C
102
}
330
4C
  0
PH_DIMENTREACTOR
  5
1EE3D
102
{ACAD_REACTORS
330
4C
102
}
330
4C
  0
PH_ENTDIMREACTOR
  5
77A3
102
{ACAD_REACTORS
330
4C
102
}
330
4C
  0
PH_ENTDIMREACTOR
  5
74F6
102
{ACAD_REACTORS
330
4C
102
}
330
4C
  0
PH_DIMENTREACTOR
  5
1F05C
102
{ACAD_REACTORS
330
4C
102
}
330
4C
  0
PH_DIMENTREACTOR
  5
7CB1
102
{ACAD_REACTORS
330
4C
102
}
330
4C
  0
PH_ENTDIMREACTOR
  5
2B49D
102
{ACAD_REACTORS
330
4C
102
}
330
4C
  0
PH_ENTDIMREACTOR
  5
2B49E
102
{ACAD_REACTORS
330
4C
102
}
330
4C
  0
PH_DIMENTREACTOR
  5
2B49F
102
{ACAD_REACTORS
330
4C
102
}
330
4C
  0
PH_DIMENTREACTOR
  5
7CB2
102
{ACAD_REACTORS
330
4C
102
}
330
4C
  0
PH_DIMENTREACTOR
  5
1F05D
102
{ACAD_REACTORS
330
4C
102
}
330
4C
  0
PH_ENTDIMREACTOR
  5
2CB6A
102
{ACAD_REACTORS
330
4C
102
}
330
4C
  0
PH_DIMENTREACTOR
  5
2CB6B
102
{ACAD_REACTORS
330
4C
102
}
330
4C
  0
PH_ENTDIMREACTOR
  5
1F05E
102
{ACAD_REACTORS
330
4C
102
}
330
4C
  0
PH_ENTDIMREACTOR
  5
7F6F
102
{ACAD_REACTORS
330
4C
102
}
330
4C
  0
PH_ENTDIMREACTOR
  5
1F05F
102
{ACAD_REACTORS
330
4C
102
}
330
4C
  0
PH_ENTDIMREACTOR
  5
1F060
102
{ACAD_REACTORS
330
4C
102
}
330
4C
  0
PH_ENTDIMREACTOR
  5
1F061
102
{ACAD_REACTORS
330
4C
102
}
330
4C
  0
PH_ENTDIMREACTOR
  5
1F062
102
{ACAD_REACTORS
330
4C
102
}
330
4C
  0
PH_DIMENTREACTOR
  5
1F063
102
{ACAD_REACTORS
330
4C
102
}
330
4C
  0
DICTIONARY
  5
6DF6
102
{ACAD_REACTORS
330
4D
102
}
330
4D
100
AcDbDictionary
281
     1
  3
PH_GRPMEMBERS
350
6DF7
  0
DICTIONARY
  5
7501
102
{ACAD_REACTORS
330
4D
102
}
330
4D
100
AcDbDictionary
281
     1
  3
PH_GRPMEMBERS
350
7502
  0
DICTIONARY
  5
77A9
102
{ACAD_REACTORS
330
4D
102
}
330
4D
100
AcDbDictionary
281
     1
  3
PH_GRPMEMBERS
350
77AA
  0
DICTIONARY
  5
7CBB
102
{ACAD_REACTORS
330
4D
102
}
330
4D
100
AcDbDictionary
281
     1
  3
PH_GRPMEMBERS
350
7CBC
  0
DICTIONARY
  5
7F76
102
{ACAD_REACTORS
330
4D
102
}
330
4D
100
AcDbDictionary
281
     1
  3
PH_GRPMEMBERS
350
7F77
  0
DICTIONARY
  5
16FA7
102
{ACAD_REACTORS
330
4D
102
}
330
4D
100
AcDbDictionary
281
     1
  3
PH_GRPMEMBERS
350
16FA8
  0
DICTIONARY
  5
16FF6
102
{ACAD_REACTORS
330
4D
102
}
330
4D
100
AcDbDictionary
281
     1
  3
PH_GRPMEMBERS
350
16FF7
  0
DICTIONARY
  5
17047
102
{ACAD_REACTORS
330
4D
102
}
330
4D
100
AcDbDictionary
281
     1
  3
PH_GRPMEMBERS
350
17048
  0
DICTIONARY
  5
1709D
102
{ACAD_REACTORS
330
4D
102
}
330
4D
100
AcDbDictionary
281
     1
  3
PH_GRPMEMBERS
350
1709E
  0
DICTIONARY
  5
17102
102
{ACAD_REACTORS
330
4D
102
}
330
4D
100
AcDbDictionary
281
     1
  3
PH_GRPMEMBERS
350
17103
  0
DICTIONARY
  5
17169
102
{ACAD_REACTORS
330
4D
102
}
330
4D
100
AcDbDictionary
281
     1
  3
PH_GRPMEMBERS
350
1716A
  0
DICTIONARY
  5
18FA9
102
{ACAD_REACTORS
330
4D
102
}
330
4D
100
AcDbDictionary
281
     1
  3
PH_GRPMEMBERS
350
18FAA
  0
DICTIONARY
  5
18FB1
102
{ACAD_REACTORS
330
4D
102
}
330
4D
100
AcDbDictionary
281
     1
  3
PH_GRPMEMBERS
350
18FB2
  0
DICTIONARY
  5
18FE3
102
{ACAD_REACTORS
330
4D
102
}
330
4D
100
AcDbDictionary
281
     1
  3
PH_GRPMEMBERS
350
18FE4
  0
DICTIONARY
  5
18FF5
102
{ACAD_REACTORS
330
4D
102
}
330
4D
100
AcDbDictionary
281
     1
  3
PH_GRPMEMBERS
350
18FF6
  0
DICTIONARY
  5
19002
102
{ACAD_REACTORS
330
4D
102
}
330
4D
100
AcDbDictionary
281
     1
  3
PH_GRPMEMBERS
350
19003
  0
DICTIONARY
  5
19012
102
{ACAD_REACTORS
330
4D
102
}
330
4D
100
AcDbDictionary
281
     1
  3
PH_GRPMEMBERS
350
19013
  0
DICTIONARY
  5
1901C
102
{ACAD_REACTORS
330
4D
102
}
330
4D
100
AcDbDictionary
281
     1
  3
PH_GRPMEMBERS
350
1901D
  0
DICTIONARY
  5
19028
102
{ACAD_REACTORS
330
4D
102
}
330
4D
100
AcDbDictionary
281
     1
  3
PH_GRPMEMBERS
350
19029
  0
DICTIONARY
  5
19037
102
{ACAD_REACTORS
330
4D
102
}
330
4D
100
AcDbDictionary
281
     1
  3
PH_GRPMEMBERS
350
19038
  0
DICTIONARY
  5
22A54
102
{ACAD_REACTORS
330
4D
102
}
330
4D
100
AcDbDictionary
281
     1
  3
$PH$AAAA1-2
350
22A55
  3
PH_GRPMEMBERS
350
22A57
  0
DICTIONARY
  5
2EAC3
330
1574D
100
AcDbDictionary
280
     1
281
     1
  3
ACAD_XREC_ROUNDTRIP
360
2EAC4
  0
DICTIONARY
  5
2EABF
330
1157B
100
AcDbDictionary
280
     1
281
     1
  3
ACAD_XREC_ROUNDTRIP
360
2EAC0
  0
DICTIONARY
  5
2EA79
330
13
100
AcDbDictionary
280
     1
281
     1
  3
ACAD_XREC_ROUNDTRIP
360
2EA7A
  0
DICTIONARY
  5
18FE
330
E
100
AcDbDictionary
280
     1
281
     1
  3
ACAD_XREC_ROUNDTRIP
360
2EA78
  0
DICTIONARY
  5
2EA7F
330
36
100
AcDbDictionary
280
     1
281
     1
  3
ACAD_XREC_ROUNDTRIP
360
2EA80
  0
DICTIONARY
  5
2EA7D
330
35
100
AcDbDictionary
280
     1
281
     1
  3
ACAD_XREC_ROUNDTRIP
360
2EA7E
  0
DICTIONARY
  5
2254E
330
A
100
AcDbDictionary
280
     1
281
     1
  3
ACAD_XREC_ROUNDTRIP
360
2EA77
  3
FBXASSET
360
2254F
  0
DICTIONARY
  5
2EAC1
330
1574C
100
AcDbDictionary
280
     1
281
     1
  3
ACAD_XREC_ROUNDTRIP
360
2EAC2
  0
DICTIONARY
  5
2EABD
330
11579
100
AcDbDictionary
280
     1
281
     1
  3
ACAD_XREC_ROUNDTRIP
360
2EABE
  0
DICTIONARY
  5
2EA52
330
3A
100
AcDbDictionary
280
     1
281
     1
  3
ACAD_ROUNDTRIP_2008_TABLESTYLE_CELLSTYLEMAP
360
2EA53
  3
ACAD_XREC_ROUNDTRIP
360
2EA81
  0
DICTIONARY
  5
2EA7B
330
24
100
AcDbDictionary
280
     1
281
     1
  3
ACAD_XREC_ROUNDTRIP
360
2EA7C
  0
DICTIONARY
  5
2EA90
330
5A
100
AcDbDictionary
280
     1
281
     1
  3
ACAD_XREC_ROUNDTRIP
360
2EA91
  0
DICTIONARY
  5
2EA84
330
3C
100
AcDbDictionary
280
     1
281
     1
  3
ACAD_XREC_ROUNDTRIP
360
2EA85
  0
DICTIONARY
  5
2EA8E
330
59
100
AcDbDictionary
280
     1
281
     1
  3
ACAD_XREC_ROUNDTRIP
360
2EA8F
  0
DICTIONARY
  5
2EA96
330
5D
100
AcDbDictionary
280
     1
281
     1
  3
ACAD_XREC_ROUNDTRIP
360
2EA97
  0
DICTIONARY
  5
2EA9E
330
61
100
AcDbDictionary
280
     1
281
     1
  3
ACAD_XREC_ROUNDTRIP
360
2EA9F
  0
DICTIONARY
  5
2EA92
330
5B
100
AcDbDictionary
280
     1
281
     1
  3
ACAD_XREC_ROUNDTRIP
360
2EA93
  0
DICTIONARY
  5
2EA94
330
5C
100
AcDbDictionary
280
     1
281
     1
  3
ACAD_XREC_ROUNDTRIP
360
2EA95
  0
DICTIONARY
  5
2EAA4
330
64
100
AcDbDictionary
280
     1
281
     1
  3
ACAD_XREC_ROUNDTRIP
360
2EAA5
  0
DICTIONARY
  5
2EA9C
330
60
100
AcDbDictionary
280
     1
281
     1
  3
ACAD_XREC_ROUNDTRIP
360
2EA9D
  0
DICTIONARY
  5
2EA86
330
55
100
AcDbDictionary
280
     1
281
     1
  3
ACAD_XREC_ROUNDTRIP
360
2EA87
  0
DICTIONARY
  5
2EA88
330
56
100
AcDbDictionary
280
     1
281
     1
  3
ACAD_XREC_ROUNDTRIP
360
2EA89
  0
DICTIONARY
  5
2EA8A
330
57
100
AcDbDictionary
280
     1
281
     1
  3
ACAD_XREC_ROUNDTRIP
360
2EA8B
  0
DICTIONARY
  5
2EA8C
330
58
100
AcDbDictionary
280
     1
281
     1
  3
ACAD_XREC_ROUNDTRIP
360
2EA8D
  0
DICTIONARY
  5
2EAB1
330
11572
100
AcDbDictionary
280
     1
281
     1
  3
ACAD_XREC_ROUNDTRIP
360
2EAB2
  0
DICTIONARY
  5
2EAA0
330
62
100
AcDbDictionary
280
     1
281
     1
  3
ACAD_XREC_ROUNDTRIP
360
2EAA1
  0
DICTIONARY
  5
2EA9A
330
5F
100
AcDbDictionary
280
     1
281
     1
  3
ACAD_XREC_ROUNDTRIP
360
2EA9B
  0
DICTIONARY
  5
2EAA2
330
63
100
AcDbDictionary
280
     1
281
     1
  3
ACAD_XREC_ROUNDTRIP
360
2EAA3
  0
DICTIONARY
  5
2EA82
330
3B
100
AcDbDictionary
280
     1
281
     1
  3
ACAD_XREC_ROUNDTRIP
360
2EA83
  0
DICTIONARY
  5
2EABB
330
11577
100
AcDbDictionary
280
     1
281
     1
  3
ACAD_XREC_ROUNDTRIP
360
2EABC
  0
DICTIONARY
  5
2EAB9
330
11576
100
AcDbDictionary
280
     1
281
     1
  3
ACAD_XREC_ROUNDTRIP
360
2EABA
  0
DICTIONARY
  5
2EAB3
330
11573
100
AcDbDictionary
280
     1
281
     1
  3
ACAD_XREC_ROUNDTRIP
360
2EAB4
  0
DICTIONARY
  5
2EAB5
330
11574
100
AcDbDictionary
280
     1
281
     1
  3
ACAD_XREC_ROUNDTRIP
360
2EAB6
  0
DICTIONARY
  5
2EA98
330
5E
100
AcDbDictionary
280
     1
281
     1
  3
ACAD_XREC_ROUNDTRIP
360
2EA99
  0
DICTIONARY
  5
2EAAF
330
11571
100
AcDbDictionary
280
     1
281
     1
  3
ACAD_XREC_ROUNDTRIP
360
2EAB0
  0
DICTIONARY
  5
2EAB7
330
11575
100
AcDbDictionary
280
     1
281
     1
  3
ACAD_XREC_ROUNDTRIP
360
2EAB8
  0
XRECORD
  5
2EA6F
102
{ACAD_REACTORS
330
2EA75
102
}
330
2EA75
100
AcDbXrecord
280
     1
  1
AcDb_Thumbnail_Schema
102
{ATTRRECORD
341
2EA70
  2
AcDbDs::TreatedAsObjectData
280
     1
291
     1
102
ATTRRECORD}
102
{ATTRRECORD
341
2EA71
  2
AcDbDs::Legacy
280
     1
291
     1
102
ATTRRECORD}
  2
AcDbDs::ID
280
    10
 91
        8
102
{ATTRRECORD
341
2EA72
  2
AcDs:Indexable
280
     1
291
     1
102
ATTRRECORD}
102
{ATTRRECORD
341
2EA73
  2
AcDbDs::HandleAttribute
280
     7
282
     1
102
ATTRRECORD}
  2
Thumbnail_Data
280
    15
 91
        0
  0
XRECORD
  5
2EA70
102
{ACAD_REACTORS
330
2EA75
102
}
330
2EA75
100
AcDbXrecord
280
     1
  1
AcDbDs::TreatedAsObjectDataSchema
  2
AcDbDs::TreatedAsObjectData
280
     1
 91
        0
  0
XRECORD
  5
2EA71
102
{ACAD_REACTORS
330
2EA75
102
}
330
2EA75
100
AcDbXrecord
280
     1
  1
AcDbDs::LegacySchema
  2
AcDbDs::Legacy
280
     1
 91
        0
  0
XRECORD
  5
2EA72
102
{ACAD_REACTORS
330
2EA75
102
}
330
2EA75
100
AcDbXrecord
280
     1
  1
AcDbDs::IndexedPropertySchema
  2
AcDs:Indexable
280
     1
 91
        0
  0
XRECORD
  5
2EA73
102
{ACAD_REACTORS
330
2EA75
102
}
330
2EA75
100
AcDbXrecord
280
     1
  1
AcDbDs::HandleAttributeSchema
  2
AcDbDs::HandleAttribute
280
     7
 91
        1
284
     1
  0
PH_GROUP
  5
6DF7
102
{ACAD_REACTORS
330
6DF6
102
}
330
6DF6
  0
PH_GROUP
  5
7502
102
{ACAD_REACTORS
330
7501
102
}
330
7501
  0
PH_GROUP
  5
77AA
102
{ACAD_REACTORS
330
77A9
102
}
330
77A9
  0
PH_GROUP
  5
7CBC
102
{ACAD_REACTORS
330
7CBB
102
}
330
7CBB
  0
PH_GROUP
  5
7F77
102
{ACAD_REACTORS
330
7F76
102
}
330
7F76
  0
PH_GROUP
  5
16FA8
102
{ACAD_REACTORS
330
16FA7
102
}
330
16FA7
  0
PH_GROUP
  5
16FF7
102
{ACAD_REACTORS
330
16FF6
102
}
330
16FF6
  0
PH_GROUP
  5
17048
102
{ACAD_REACTORS
330
17047
102
}
330
17047
  0
PH_GROUP
  5
1709E
102
{ACAD_REACTORS
330
1709D
102
}
330
1709D
  0
PH_GROUP
  5
17103
102
{ACAD_REACTORS
330
17102
102
}
330
17102
  0
PH_GROUP
  5
1716A
102
{ACAD_REACTORS
330
17169
102
}
330
17169
  0
PH_GROUP
  5
18FAA
102
{ACAD_REACTORS
330
18FA9
102
}
330
18FA9
  0
PH_GROUP
  5
18FB2
102
{ACAD_REACTORS
330
18FB1
102
}
330
18FB1
  0
PH_GROUP
  5
18FE4
102
{ACAD_REACTORS
330
18FE3
102
}
330
18FE3
  0
PH_GROUP
  5
18FF6
102
{ACAD_REACTORS
330
18FF5
102
}
330
18FF5
  0
PH_GROUP
  5
19003
102
{ACAD_REACTORS
330
19002
102
}
330
19002
  0
PH_GROUP
  5
19013
102
{ACAD_REACTORS
330
19012
102
}
330
19012
  0
PH_GROUP
  5
1901D
102
{ACAD_REACTORS
330
1901C
102
}
330
1901C
  0
PH_GROUP
  5
19029
102
{ACAD_REACTORS
330
19028
102
}
330
19028
  0
PH_GROUP
  5
19038
102
{ACAD_REACTORS
330
19037
102
}
330
19037
  0
DICTIONARY
  5
22A55
102
{ACAD_REACTORS
330
22A54
102
}
330
22A54
100
AcDbDictionary
281
     1
  3
PH_GRPMEMBERS
350
22A56
  0
PH_GROUP
  5
22A57
102
{ACAD_REACTORS
330
22A54
102
}
330
22A54
  0
XRECORD
  5
2EAC4
102
{ACAD_REACTORS
330
2EAC3
102
}
330
2EAC3
100
AcDbXrecord
280
     1
102
DISPLAYNAME
  1
Imperial24
102
FLAGS
 90
        0
  0
XRECORD
  5
2EAC0
102
{ACAD_REACTORS
330
2EABF
102
}
330
2EABF
100
AcDbXrecord
280
     1
102
DISPLAYNAME
  1
Metric50
102
FLAGS
 90
        0
  0
XRECORD
  5
2EA7A
102
{ACAD_REACTORS
330
2EA79
102
}
330
2EA79
100
AcDbXrecord
280
     1
102
SHADEPLOT
 70
     0
102
SHADEPLOTRESLEVEL
 70
     2
102
SHADEPLOTCUSTOMDPI
 70
   300
  0
XRECORD
  5
2EA78
102
{ACAD_REACTORS
330
18FE
102
}
330
18FE
100
AcDbXrecord
280
     1
102
SHADEPLOT
 70
     0
102
SHADEPLOTRESLEVEL
 70
     2
102
SHADEPLOTCUSTOMDPI
 70
   300
  0
XRECORD
  5
2EA80
102
{ACAD_REACTORS
330
2EA7F
102
}
330
2EA7F
100
AcDbXrecord
280
     1
102
MATERIAL
148
0.0
149
0.0
149
0.0
 93
        0
 94
       63
282
     0
 72
     1
 77
     1
171
     1
175
     1
179
     1
273
     0
  0
XRECORD
  5
2EA7E
102
{ACAD_REACTORS
330
2EA7D
102
}
330
2EA7D
100
AcDbXrecord
280
     1
102
MATERIAL
148
0.0
149
0.0
149
0.0
 93
        0
 94
       63
282
     0
 72
     1
 77
     1
171
     1
175
     1
179
     1
273
     0
  0
XRECORD
  5
2EA77
102
{ACAD_REACTORS
330
2254E
102
}
330
2254E
100
AcDbXrecord
280
     1
102
MATERIAL
148
0.0
149
0.0
149
0.0
 93
        0
 94
       63
282
     0
 72
     1
 77
     1
171
     1
175
     1
179
     1
273
     0
  0
XRECORD
  5
2254F
102
{ACAD_REACTORS
330
2254E
102
}
330
2254E
100
AcDbXrecord
280
     1
 70
     1
 90
2070111275
 71
     1
  1
E54875FD-220C-4577-93D1-0EDADE40312B
311
504B03041400060808000A4CF84CECC1A06F17010000A80100004F00000037393638373537462D423936362D343134422D393236302D3736423544343741383532442F4173736574446174612F446566696E6974696F6E4974657261746F7250726F706572746965732E62696E7550B14EC33010350C200606243E8081D5C4
311
4EEC384642348E132606E003901B4C1AC94DAA3A116B473E8B5F60E36B0A673530154BCF777AF7EEEEE9DE1142DFD383141D0036F09F42BCB39D5DB7F553BDB04B838E02E3FAB9719790714273C1138145916498C944E15C15054EA52C28A1AAD0153B04DD3140DB5733BA218CBC6F7D6D9D339DED477F06C4B4E3626906D8
311
65DC55683A4128840D00FD167C98D4EC1C05936F00F3B2BABE35DEDBE1261232CD04171556324D31A34C6119A7048B5471CD449EF158478FD6F7E3BAB63E2A390379A5711C9302332E049689A698943AD72523098D55342CC6709AF36063DE99D645249A2C3CAFBA660B9636A27980F2DF0DB3EDD767E051B69F9FFDA39FF1
311
FDFA0FB9E37F00504B03041400060808000A4CF84CEEFDDD74EC000000300200004500000037393638373537462D423936362D343134422D393236302D3736423544343741383532442F4173736574446174612F496E7374616E636550726F706572746965732E62696EEB606060F80F0540260323103700495E20ED9E9A97
311
5A94991C9C9C919A9BA80214703535B130377573D135323270D635313537D7B5347631D4357075717471353130363472624768046931363471713532B5D435353131D635313332D475727372D13534373670367376B67474B5042A03DBCBA019D37FE8ABC6157B20CD04146B0062181F4C03F940F0C11EA29A8141C0814100
311
2C0426541C106CAC2CA046088033B02A030AC2157C6006F21A8018AAF50194E6010A610250382264E08660284CD9E98021862280A91564B406929A0FF62C401E28B6F88038B83CB1243943D7A928312F25350524432B0000504B03041400060808000A4CF84C88E57597CD3F0000904100006B00000037393638373537462D
311
423936362D343134422D393236302D3736423544343741383532442F5265736F75726365732F45353438373546442D323230432D343537372D393344312D3045444144453430333132422F7468756D626E61696C2F302F67656E657269635F706E67355B773CD4FF1FBF73E71C0E67EF7576C9DEF3EC995D46C6A1EC504664
311
9CBDF79E192942562825CE965D8A868C2842C8DE9FDFD1F7E7F138F7078FCF6B3F5FCFD7EBFDFEC41B196891913091804020321D6D7513FC77D8C5070EC3FFEE51B21F068154CC75D455CC028A3EA68992803810109FDDE5D5CEC5521B28A1B422BF80741695D5B529DA1C2D058AD2388BDA9F476F7C2CADC939304173DBF4
311
8A452BF8A700C0C70C3D121C1AA15A5270C22E2B9E28763651F7DA0D12CE11077B2ECD0D560B5E3DE2368B1E65C5E1C87384A4CC5F2D9FB8BE39E9B77C753783A37998F5CEF1B4FEE553463245C9712270880DF339E0B882A6BA713D865F6F384C842D440934EF264F4A304F8DE4EEFA1E2BF5E2D91F5ADD9613D6E31DDB33
311
ED31DB1D7916CAF091286EA3D31B9CFECB78BB0060245B943C4C040119FF780A74DD308BA9D028678674EB5504ECF284EE814DAED07440BAF649BE4B55DA2890F4D73E2D489A59EE54FDB0A85B59F2F52C4858A02705C4815A792B0C4A996A2023ECB195073E115E3E3647F64243A8338F2000BCB58DA5692C7E7C3D413F96
311
3FEDF3CF00FBB0F831A9D51360FECA43819F527B89FA260EB63C5DA676830AA3626A3693B23F1A17A0DFFCE3EE164E31B5365EDF0C89EF64D8E38AB0BA9A1117D7C3A0EC44F44F4023095E80BA610DE336D0F99593A88BFC5306E72DF98F7FD132ED95878DF2964EA7E43071359FD83B2BDF9C6B5BDF768F0F3C0FC3511995
311
26F53D9460A34511F75D1B63E488178569472C91A94497807A3FD4A390C6558F26D416365C3656DE6E769DA9D8FC73774E1709812842DD8EF96AED1960F79D21B395CDDFE6F92CB4EB962A4668C76990E2EF29798C8941D67DA50F4A5F947872460F1F6FDB794E8A29FD7AC0C0D6E0714339CE258FB17AE8535221E3464A10
311
F29A0BE5EEECEFC5675926A89F49EB14E5711894F6586DB5754EB4D5DA9C6437EBA57DB97A24F8B8A8DB295FFD73266CF57E82694DF5166DDF93573AFE9C9C5EB05F8FEF8E89E0A8917B0B3724DB7BEBB53252581EFC3E38166BA131A3A5B42FE2AD00A769BBFA4458D2DE7822F8C4F63D0B8E21B285AE13325F3410A435C6
311
48C9D91FDEB109E73CEDA7BC796961AF79175E1A3CE4C5E8B0D009B0C9E29EFD98BC8E97554E3D8D838424E270F7685226E5AC268E021EDE3522D583E8F20C0BDE2959EF5BBFEEDAB32FE9A3ED0E39F211A86AA9DEBFC68182EDED132AB8BB794442D2D7EA9F4D8BFF52BC4D55BB165124EE90A42D101E67BBBB292FFB4F66
311
DE5BF2300E44546757DA7CEF8932BFC9F92A0707953491A55C5A5ACEDABD9FA1AEA01BAC3DC5A24E22E7C47213493996EFBC369D086ED9397C9BA6C7F9855C7BD5E15BFC8C53DB3D2A4C5901A57ACD2FBDF4D1676E95338B2C2BCE65FDA4C64F5FEFDC7D9CA5AA1FCF11E193F2FDABF0F4916BF13FB916A224380E6462A981
311
5F2300DC49CC4DF8D055CEF76462F4B7A7ACA7365C2707891370BC1D0AA6203C44CCAB47084FEC057F27FFCD57F89B8B9852459798A675C66BD7CE572CAF71FF7E6D7ECF7BF62CAB7B3F1107DCD04DC55A3F9961700286141C94A4F771FEB2BCDA2DDEE0CB0BAE402FF1DB0100F8E475DFFFC074DDB4498AB7D186A7654DDB
311
1CB680D703D47CEB4E72F8CB13D86A4AA68116E26387B93FD6738779B34FEDB8E517EDF2BAF28D9BE93A1D3A164320E07D42E514725C29515FF361754213EDE06B079A2E99EB1CA82A02019EADEEB87B9AF005BD04BBCECB14AACD6B24EFBE482194A97DD32400685FF1FEF1544D1B14EFB1E7F08E6D2CD2AF52DE757F35F5
311
E62332EE88EA26417AD5C3E0E319D68F25414E6D672BD4522B278C57D18F0113921C71D96527E091F00CEB15AE23D24667369BD3CEFA10C7549D930890BA4366F4EBC55F01F746109F98ABCDD5A3EE06619C6AD78AB33E48E4C9BD21BF7478B385EC05C4F8987E2C1BFA0A60EBEDAA0AE0B015C2720ECE180FB6F2DEFBEB82
311
2D96338C9B63822183BBF52FB664A7AE57003AABCE512BF77E7E31BDA2E739AC4C131657DDFE5225E900FB56CC01CDE808FA4A9C9DA16AC679656BB64796283D89812B8F91136AE18EE5EBBAF47A73BE3C153EB5D4CD491B4BFB4FE690A4CF9ABA08C0D8AA64220C438C96EA6CA80B58FE5761E697B3A292EB9FBDA502FA86
311
3E49FE694ADDFFF9D62C520BDD1A22014147A0903A05B9B729F54272EF83931FEEC057BFF8C8055C279EAC5C0011804828734024F6CFA319C9CC6867C727184465CD9BB7ED386AFFD96B294A85E3802FAE47244602D8273615952B98C4F23F7EAE4463D9D638EEE374A20959E0FE519C4CFB0FBFE5DD80C2AA3F9DB961D1BD
311
E57E67C9BB47B77FDD74EE3094F5DBBE3EBC1FBDB7393F5116263009E2EFE1AF9A221B2AE234C902BF70E9F280ED23E73908361565964333A3F01D0B006AF32FB21AA1316744B489D5A198E85299241735BE559675130955C902A8ED761FC0DBE337A9F91919AF5CE32AF902ADF9AB2615E00E8A94586BA1A90839B61832FF
311
1BFB76D2EFADE6DB1BA04CCAD3DA649E7E2A0219F592E22F2AD54847EEA8E42271011E9074F8F3DD9FBA6CDF88FFC9FC7E811AD1CA8F4557CE4AFC7BBEDCF0114A48689F20A584520C74DA8127124B767E2FB91A6B186246727BE63C9445BAE02088D58B8EFDC0F1072407CD9B89A13F6303B4A928F593AD489B58E6869325
311
790ADC406036C591729FE14021F94B7796BB11848D463536A092A26F077F94639F7CEEE2A724C66EC885F4A24F8B8A0AC321F8FD149BA529460FAA34E4663C02D41FDF80BCA222D42F0ABFF8490F4FA74C673807C2051D8E467B47B616072860069A9A303ABA9B319D58404461401B0A0F9BE5E1E151C14BC33B32ABE03DDE
311
91708DFAEB15E7C0D593C86BB7D7EC17BE56E57975F077BFD5525F3A1A361D584A75E08CF29FC7B44B2B3085014F3A5A14517377C3F6B8F37E59514C3B12F8AACDEDDA4DFC49BE5710101534CD6FB6DE15B50F11A09472AABA727F0C49D9CB906B158030065F48EB3625E010CEC1D511D0053474B11E6A4F01C0D6EF1BED3A
311
944FDEC70E0DDCDC756C86545910E0DAE3BE3AA9A404574C2995CD5CAF9549226BC94B4F4F0F5F9086F418F6B32346464610D8BC7391D3C3A3CCF04CFC1FB2A3A3170E369511868F14EEA4E5E438CC73DB1F3248AA94B6B2FF33B222FF3D1E7BF146CAD229770158063BCE4F5391964DF62F7E52A7BE0EEA829C9E13C4C147
311
D6F93FE59E111DAB5E4594D6F3CD1AD375EE039930EFE5AF2BB2D41C83C7DABD8C659BAFBE8FAB392CA634F3D15C1D945DB4588D2B0824A4EC928AAC565557CA2F0DAA588CA5BE30B3A8004F7BF005E96CBF891D7F18112A3619FDF530DC8AA64954258E1811789B5189B49B4EB53F5F89F7D37523894F3EB57B373763C91E
311
502F52CC99EB7BDDF933FC324C4FFC2561DFFA7339FAFDD0A4BFBE6D3A8FF9ED1FC49898139864602458968913181918F719CCF5A68B2EE9C1FF050E34E63107003B8120FA982C21B30A874E4F5E4B38D5A8290C4B8D9BE48A0BE31EA995BDC37AC6DE90BA17D259DEF53605D55922FEB1855D915B659FBEB350EE0DFB2F9F
311
766E1C84CC8964B75D08667445EAB966015F63A18A9E0A325C1B3DC628C0D3CB60F767FA93CC65F25458BD23C3B312716E5F40E5858AC06EBA9AB14F95DB99147B832069201541D09A0D856E12C629CF32683760EE855537D1901988D5EBC156676C7DD51D7207CF3267AF1D76C2AD867315E44618015313A98B19941C696F
311
ED3461CAA9B5415F918556D7802EDACEFD6B2E45853A9735DFC9DBF7E440F9319F8B6805A973BCCDC76C069A9144E51F187EDCC12FC31B5DEAAF0A76137199B106EC84ADA6B6EE697D4E6A96E007417F4E880E8B1E89B4BCE9D81EF611E2ED8F0C1A6C25F620FAFAAB656A7C42D464880E8AFAB0E0FC8EA38CA9A8AEEAEE3E
311
4648BA4680270A89743CDD3E6C6CBF34B7B640EFA285ABC7EA0A1E28F3CC963D114A80123EE66D0AF7D5380EB41909B605AB4765B709B808590458157E69BA1378FEC4B48CAF6A730E3BE3C5EF2DD1A5EAF94B1DDE50CEB55DDFD7EE9A16747FA4B223359FB1FCC69E1194892BABB93A1D5C4E807AC0EA2E30180811E77A22
311
91F6E7F7FAA5E0F60215BC6024E48DE436C511F0628B8CA189982D4D83CCA17D305A7E923C37941CFDFDCD93ACAF735EF5F0E61BBD3E6C41A59B242790D3A3BAC7064DCD89AA2E37214EC839820949D5CAA31E240D2948E48F690298974A96BA9A8432BC90F5071D6537C9666EA4564796B7AFFFA548077BEEA75F63083435
311
074BA182F3699557397F71548383FDA8CA34D99B981E72835ECDA5DDDC151315173D05A21F651AAF8524E88209E2E7A737ED1045800CE3390050BCFB8BE588DF111617874C62575039CA588EEFDEFEFE319B739DE2EDC147092A262611E159650E787917885EF08F1F51B8F2D8A71D60B58B190FEF9541A1BE94BC19FEA507
311
84DA1419FE4B0FB51B8D36B5FF8E1286FD8AF42B91E59A5F1CC4D60174E764045FD8C57B18209B217F89A62252BD20BE0E63E12B8E8F029FE19E0E8D0870F58721A557082250D5424F7909369376E41666C0EE77CD87CB283F661D5FB6D0DA023CB67320A20DC7BE661E9E1BFE5463085C557DA1FF9BE835733766C3D139F2
311
CF9E2208873AD0EB4814DE9E6BF2CAF81614D4D43906ED1C05A3265CABBFE192770FC2F64F940CB6B17B5F166F133C9AEEAD2641807C3E69515171DD74C4A85311513D6EC9530B3B601B6BA3EBFF3B5C3D2F7D69765141E345F75433953D013ADDF8F6AA7DC3F4A7563FE5C7D367937E2900D7EAD0F9FC9A4A1A9B5BDF1FEF
311
08532660C01C5D6DE22199AA774383E306DAB87E301ABB7D213887F9869D4942D0D71E94B27EDF216A318BD488D45DF84529EF575AF3C3938C0AAA0215B01994153E2054A0B894DA5C784980633AAD48576957CF4AEAEAFADC7C587368551C73DBE1E57C58AC713303A8BFC258BD04B51724459FF9E24C03A81E0E0679CEB9
311
B348C0DC998FEB9C6D6EFA77D247CC8F92D3848599ED89A23218D0636465AD1CEEB7DC140D7426F83491C4E8E8281C2FB35240918FFECE880CA2A42D70E8B20B34DF5221C7DB0CF90ECCB9C745B37A47E9B716FF7A97B7A252C1F3814DC7B1E1A7F72B8751D524EF7CAE45B0C73B3BE7D08ED39781B380DDFC9AA4A4749C94
311
93DB5BAD07A6EA6C092FBD0E85DB004DF06B8C9D3089C5320187E4CE1846158C7EA7DDAE8AD9AFFF21AA3A1026BB06A259845E8232DEE62811A4DA9CEAB3A4887320B76E2AE5615EAB7BDF738CBDD01F1E64064BC13D9EC53576751CA8CACD58B3CEB0E6CA585BD089B2A59B9FC101403387AADBDBE70586B93D64BF3AD445
311
3EF9C3B6A93817E8346991798601344F79A83C51F3D50F7BF2683A3605F51A72449489E0EE6169C749C60B1035651103AEE24D24E51A759C840DD3FC6504DA6FE107510E447B43461C79D22970B75DE5E1BD3007D1AFC619A4A4A69B5626AF5E9B8374E20677F77E2F8E73DF868E8BEC7EBA7B6A75EEF7205E1AB9486CB642
311
741D6E03FF13FCCEDB1C4AC129886268B01CDF4B124AF797CF784F3C6DEC97A17D4B558070A0F1C04DA4FF9BDBF34159AEFE958479824B3F58EBD1E19088A2AFDE501B6F2052368A3FD0E650A179EFAB1561E1D27527077136E652676C3670F42DCB3352F48F6BC86D2C3B0051727E41A0A4DC6CE2BE9D47F5CAA2935A3C05
311
39AF080665997194ABECD723B08129CC5B6B21D2E7D54CD4D12610E7E9FB8306771A89576C7A982002775ED44F3F744CF21EEBB27A631671D921938AAEE3EB0D19CD1E083727F607823E817BF599DCED5394E37EEBC2E88782E638920CA641EF74D4CDFCDEF06F4278ECB18E31E7E9876F2D783C8BF429C75395F57E98C2B4
311
95A3DA077EB3AC3C158608B6B57FE3EA48484D9A480096FCEE0DE880950E7E5A5714131C5C41AAA29FD19AE81AC145FA1B9E85C7169A5AB837B213493DF7E9AA4B5FBF9CDEB36EBD21EF1181B7CF7366AB2A951D01E37AF4EB835D1BE8C117CFBE7625D2EBCDB0B20C5A4B45CED0BCDE3EE8DA9DA78C2E21DEAAFFD1197E46
311
3C33CC6A80FB785669B856EFF7A8CCCA2841B5A5369173320B1170C368B2748D81062EA0296E5E2D95D7667A4A46D98A6FF475C76AAB0A8C8D45E226FAFC9FE0133EA9F60111F99CA81ACE03A1D14C89E8B0D69079C91464FA1D99E651D0EAF606F345C42A8A1AA9BA391031582B96D5B4176A77AADB01F12FD298A75DEEBB
311
2C82F0B8650E880722F8DDD90C56A7A058E5FDEF1AC93545BA27367C76F5D8F9690CB6F8DAE141EDD7971F0FB548A2AE435F224D6E5954CA155512F7332029D5A1230854B79F258EC5FFDB09F5F6343A8EB193229B7F7E79B3E48F8E183860B38C8269D1B53738FF1E0BACF6AADA6D4869E9DE708E79B5DADCC09B1BC76F64
311
9731CFAF59A83FD8BAE4C749D66FA87A3810D4D62FFE826FA400C0F325D2BC0F3CA35F5847B82A2ACC7961745C823E4D863D54460AF792CE6F79B5C7A33B25C3AEA6CDE15A919B6367D781E9D44F61BF828672594A3E1D9EDD6DF179A81F27EAC05B936575D73E05C209DDD2115CFB705DF9BBF3C911589B3640735E9E618F
311
C9C36A7326C82B2205E244C55D56FDB9D5DC93CE958D4BF8174D2B3DA54CB3C09F2C2A6DFF73D23B2197355761AD421EC581284A7EF8DE2CE3497C0C804D49B41DFD6A7360844E5BEFFB495CFCDB97A4595911CDBA623274CE852B5E278AF0BEB1770E9D37CD977B2766A7DED0E94B840E1E95E8C77DE5CB6354AF7871427C
311
28ADBEEF7BA0A28E19DE9ACD75F379FE373EAE6DDDAE3834692F9C2B03B4FCA8FCA9ABE8EEEBEBB725B88A7C90941E850682CA04061A7DF0CE82ED49BFAFFD42C309818FAE14755CAAE78B0F73243ECCCAD7DF58FCB9CDFAE7A4D3E6671A613639130D056C8383C8F4FCF4808C331E544DD26E4755D09EA05253B3049A1E32
311
587CC25D72E073E2CD96D04A71BBCB0038FEC3F53D254199C3CDC67CD66640269431860225392B2CB3ECD0B4498AAE78BA1994246AE1EE78F2EDFB79F6C6CB6B5E279C4D373FBC21CB2698C9ACBBEB6A4BB6B39E16AB0E421CCBFC7654D81ED86022F9BB522146F9F4772E2D0E4FA70120C95A85A417BF5078B232F4754363
311
EB1750B2AC2148EB46B1EA72AD9B4D23ADCBC589D70106C3EC2ABEEED84DFE28E718C6C83502C28E9FDD3B09DA0A6F6F7B72B706A31C9E2A331EE70DA56A083D2177BFD63C55B11D8D949FAFCF90B23A1E24B9B5018B9A17E99F2890EC302F330FE7936E2C23F0D237EC8916F5166AB84B62A21BB0B950146962D754F92CC2
311
C8877BED8FC7B7B25726DD19545392570B3A2C66B58F027BEF412E552D12A588C4A3CC5C3193FCB3485EFFF700D0B9EEC077754A33DC1FB9E25AF814628F91DDFECB667D3F7690803F38D13F8AE39353523BB08FC6760144AFA2CE28236F65EDBB3D5F59A57D612B99E3D7E5F8A851666BF9B5A6658EFC96EEB37A378ABB0E
311
B3FDDF1303AF32C41BD1C8560745D7BD81066B0D6313359CF488563D3BA3F8E2185D1FAA3EBA1397C9D0E3DD232180A4DCADB6AF25DB3AC3CC26589C8239E66E81547BC7E2F328F9884764CA37EB5DBE390DFC03A5246B456A7C3684C4377D0EEF9A350680FA9A077E8B2957B489E09AB1AD41316944C2254B5984830F691C
311
93CAA767EECF976FA5647538830B5E63236A6F0365C1E0F3E327F24FE35EDDBD7360B0F7374837409F7A6311BECC12B7026D4FA1AE204FA3F5FE904B1F420C7A9044AE58E403E7C4848E7DA25DC9EDAC79DD756FAA26B9EA83ACE8A214A2612A22AFA19DAE7DBAC5F8CDE1292A485F98DAC731A29FE01A3966E96BCB9FB5A4
311
C8830E1B9AF0C54B87FBE221A097036E5D28D1F869F810C06A9BB0AC0612F69AEBAF893C6E7AD59460208BAB3A6B09CA4F6BDDAB8CF0D1F84B72487498395A70DCD754796E271099A567A55CF242BBED64696378BB6CF25EF0FCDB589F3A82F1116D010A9AB9FA4358809EE0C973A2B4229BAA876A70B03AB49CBA7FBE71DB
311
1832FFD32F9BF2C8E98075CACAFB36921235D0F552B6A67E94E094097A5D7DF681B40623DA535ADA7A9AD8E9A62407D7C9A5AE51D62A17A83A23728DE86BB56115804D3F2675F2C6B87541A0FC497BF0CA86420F558C9859EBE9FAD62747E323E3AADC03FDCDDFE7407B09DA90B44E3185723C5381EAEF589765E2F7A099BA
311
46695BAD60CEF3491B8A171F5F56444F7CE9455312C3498C74173AEA0214EC029833B34B650CBB5A5508D5091665309642791708ECF27CF11DB3D797D6CFE474453BD4BFADB768094B2147814D81C7CBAF8228DCAF5564B5891F5EF6A860EB2E323CB82AB868D8EA048880D63B0DE5341F1B3D53297B928A11E15F25E51489
311
90F710747C3509ED14909C552EBE3973246FCE55D00564D8310BC3EBC5085D08D806799B77D6C57FDF5E55837F9E934F09C03C729271B64F12D0A9F9E938107CAF7BF1EC8CF1BB9B42363D33070F4CACB425E605DDB0A34A12BB936DE286B9887A4E2E558F0886498BFF49C311D96C277CF6A9FC0D75AD0ECC5226D7E0E357
311
2012E56D7FDE4410CEC7A6D0F997F225A2055B8B92E3956E875AE4993CB3D4C9063AF98FD45E1BAB165640A43439A2C9181A7C355B297C0A0CCFFAE19B6FA3C2BA238A885FBC98B8F6DAF4B94B97304878DF4D8BFF6A4AEDF79E90ED4E68F00CD7299F4E0D83E35601AF0CBEF18C1E870E74758FA91F5131075004DB3CFCF0
311
9AE1DABC11957FD9808C92E8A678CE9DBE40DDA0E0D1D505AAFBCBA208232BFB6FB3704E8985E61ADE53DE74152F5C7DE74B1DEDCD37DC3E8FB30D7EBA8B9EFFC3606BF90B8D438279CB7709FC7C00D327F41817EEA71CD9E49FE9C8C9A81C70915D9F0F15958EC5AA4C3BBFAF46986B90F188BDB24B89DE3C6F29EC3E6F66
311
D84856EE96A35E657CA41B41EFD8DBFA16AD6E91439EA92B40B21C053249F51AE50EB0B24C770FFAF40DF12C8436366819C48E36547D4E7B72FE2BBF10828583057814A668BDF183F6B2E58DFB151103E56303E63D00F39C27C4661605DB644D19175D02E3F0241E8FC3458D17AAAADB117CE9EEA690D0DB01E634878C04C2
311
C9310B69FCAB831151E3AD293BEF6E46B0ABCECB50F5939B39C613D41E81FAE8D34CAE3C4566B761D37185FE864AC32FCB71AEF39DAA5BAB88609BB980CD2F07A8F941653B529567726E2B2A58D079DD57E1E5E31426CF184A04D7B03B985F276D47406AF276FE32E3328BA866EB1FD39BEF57863A317634AA5FE467409B38
311
73F5069EF0D71AF00AD189D17BA1974ECDB2D623E9E14086386A6AAB5807825C37B015BFE892AFD154920EC437EB945D958E18622E1E0FE2FA06557CE4BB9BBD05A2D40E774DA2B65473791E314B7D6C886820B2FCFE4AA272B3B8B15E7344A145E8AF919B5454D89D36D413E87211186BF6F645E5EC94DCCE8E1C799022E4
311
EC9BC86D7A0F2AFB1FC4B2CE48F84B3F49ECE65BAD24CADCC07EFF39AB06BE9E6B27A059938EA7208838455383DDBCFCD967DDE4650EF92A14FF933C975DB20BD7FEEBC4487576485963D757D16340D9599FEB362F775F38CA4185A86F74B629C81B133644A3B18FD056E997E0734F9BE26D11C0AAFC669E2AC9FC41D281F8
311
B2E1C35AE27BCE05F3DA295488096688719D974DF1B5D182DB7792288697F8763CFB43562C1CDEE11C4AABD5C22B6E33F6F389CFC3477C5919DC0D533F8A7A1846B7ADB60ABDC26C43D0CFC8910B7C15EE22675BD02702ED39DB77A87A192CA7A543E6205B979B9F5A6B512A3CA799E198B2D5797C0AF8D1D872CA455D4D43
311
1A7879D4DD76110B5FF7F4176B54477A9EB5E4A5D11214FDA585F0382751D8E2582BA5D2075053298FEB8F1537304E32CB22C2E2B693DC0A760B1DFCA751BDC445AFDCBB12820ED85F6D5298933C7EF1211E9E057684056CDA3FEF3BB6052355E162DF27C59E965A8DDB7F9437EB72CDDA3A090DE65A5B2F50326247B7EC67
311
B73ACC7047FC9B353D6EE990F772207C6EC52B39DC2F3C0754821DAB559F7C1809C7D0DD5B0499D0442E0A6E391B3D5DB46D11E731E6794EC77523FBDAA242ED67F9FA1FB684255671F63C9BCFE6E7E896D51001A6113EF2298BA494E0B0980D1FA5B9D60796554C02256B1E0345FB7C6186B6A19D2DCA270416262845FA4F
311
42DB5D9B0A0B6F07FCA2E56C242522E001E0CEB734AF310FC8BFB57E38E03AACE93B3326A2197891E68452B26A6307FDABFEE0223D3C03C3C73D2D5BC054C8311F12004CAE488E5C29287F8156A2CAA4AD0D7BE6B97264E4139F437CE73ADF52E5134C52B819777C18B323A5924E4F67AFD13B1CDC3A61793A79FAF5C0CEB7
311
18E441071E797C6DCCB9EFCF7E4A1E9F3DF3C2F9C9E8294E9586868788C972857FB0556D7A26941A7EEB9B580AD78EC40B85DC906B4120A563CA3B87797ED612D3B035962BB75F6515A393F4CB057F564CDF54F2E5A024514E6A1F901DB80C7E70B1FC05E356A7E72FABF4775B3E3FB8F70A2A8E7B6A94542BB304157978CC
311
C999E707A29CC795E67A59CC546A5D47B368954CA7B6E75EC9E1F6FC73CE3B4F71F8CB1A6B15923D61EAAEB14626AAA9D04A26EB9C66CD1BE86CA31A5D8703DE04CD1EBCE4F5CCB62F93909AD11E55799A781A956ED27D3E738F4538CB04ADABC7DAEF20BC35BA6A90BCC1DC61BA05F20D8832FFB9BC9B15E2DB838A0AFBB7
311
E0C82A562127E0446894F427794C3037186F622BF24DE1B00AA10A23BFA47B2A180D6DA5AD6F7326FEB8C100C2D7142EB2A0B2A9D1008A09BA343D70E054AB69E2A7EDB783CBD92537FAF4A44D1296AC2792729104B3276C276C951D0CF3CF3F1E6B017720A7B8505A5FF9589365979678C36F1BAF759EAF57C60F1FF5FE9D
311
CF5F8E764FF25A2D06CF25117A8FED51884C13B2B750DB0E4F5E3D64124FCF11F0AD8F1CC3B3DA4B38ED22BF1CB2585EE6BFEBBA63FBFD44F9537B9B37BDD6B358720F98A8125AED4349CCFEB0E135F19E208A04CA7E2B10711185D72E381F448036EF57C9F874E54A971CA37A639E986AC0226DC5AA00D5B14FEA9192234B
311
3DE617814FC221C92F33F1D392F297731B567FD98FD91D989379AF567A65B8ADF177591DB90FBEA99BF4ED11B16E50A0AB1DBF1156D034BBE04D69D08F939D8E92BF525A1DDAFF80ECBC95D8F45D3FDD289FD23F7D8B452F8EBB34EC082DEEE68E18EDDF072060FAD2AB1504DD4879BF67099FC58F6E9DEFBF645D16334A3E
311
9A127C6F1AF6132CF287E433B43A0EE93812B4AA0B194E03EE3FF91EF9C6ED0074A2F6EB18A96A7C9890B1FCDA1F2095E944DB911ED54C60DF16FB74C8CE9BDC7C54C4F14078CF73C2FFF1F1BBCCD7CF64F71407EA1683DBC410D226627F66E509060D5C0AFD611DE681D509DB8DD12FB1265B03C6F5C55FF4C30BD94187FF
311
692B4F152982502F193098A789526A038AB529A52BC0DC4FB6285CBAC10A8B8DB75DCD9BDABBB221E27D1F8DA9F5EE5926A1C8AA9BA9BC09239C6A7F12914EA3B59EFF7AAEC3FFCCE56F1C5C2980AD072793527565E774F4631DB178CEEC691B1F367BEA0CF2907E1D6B854D527065979DDEF002D8B2ACEA7CE21AE297737E
311
DE1D45B31233B73FEA35BCFDD0B09721FDBAF6432681F2FD10C3E9EFB246FD6E854B344ACC9D8A0EEF876A7314B49B6A499FC650B099D650DBFEC7638ADFD245E2B7839DA5AC5F7D5623FC0ECEEC8653FC9B2BDD1AD4D00A566FBA7186DD3C9CD26512551637498CADB950FEC71ADB9A5524285DE328B8EC7EC75D2345AEC6
311
A27C42AF6D9B92155315C80DBFCABBB7DA0FAE425C4FB896B15C9BFAC4FE67DF5A23D30C93DA4D8F36FB15D100050DA6062E22AEC5F4DAC4F6FEEF97AE05DE63C6D38F9E068A20BC5E3B6BCD75320C5090924E7F93640A7735B1A43451C2D91EE62C6238B797349E59890AF3A520DF4A87095F3ABEC2E61F0593416CE46CDC
311
BE0E00E2523FCCD04408588B5B6C9DB6459C786CE378770B54F51DA3A5E1DF2A3349BEAAC234A6CF8993B598B3B25B4B113E353A4D750FA7534749430F3EBF2512E7EA3FD43C6AB9A1F765A58463B306721A15D224FAFE8C6F5E3432D57EE697DA0DD5A9D4866A8BCCAAA9DFF1F06047851408FEC060471D0E3EB86BFAF46E
311
4B5E60311DC3E3CEA147C75CF971BE74689507154FF2D2E92F15CDB2B9182B11459FD8ACAC5A85F174BC94A7F4EE4C4F5CAFA7C02E37BF0BC77B7DCD0C047BC316F562A01A441AFA7931CC84A28CB9F4AA367EB515778F29BFE61195FA671F4352E5E46E3A64773F1F76EE5EB36D7BCE9BCEAD837A4D77F8DB8C92AEEF6711
311
920D7C7D0F76B0FD0EB7AB83724CD35BCA7D36DDDF5FBB7FF6F04A91F3E2BB3B8F1A43CD659639507FF6331C5F697BCC782AE57D757A27D97F1AB9E0AEDB43F92F1B2AACDF5FEC8ADBAF9F814E2027003BA2F9E144B1938A7A04050AE5D953B82C45619165C813A10E76DD6906B3C16438064D14CDA713AEC420034613E1AC
311
7241904A49FBF87409AFB1FCB9B72FE7933A87D8FBEDACECE4EDCF6A4FE9FB94D5DEB74FAB7CFEAE17EE965DF980DCCA2D04134994F9A2E94D2265DA4FE6AA7B7AC15FACAC2B5ABBCD7DFF542C5314FDAB2E1B9D8B65220B8E2B638BE008E8DCA22678C820C5053664D15E89F2D735B51A84955E81A443545E9FF787BE0FA7
311
00A76D136C27DA179A7C6E8939E01BE756E19CB292798063D8B97F44E8A27BCF3A614FEB8BE974A718E86F7EC99B53CA35FA24F61F2B07266684623A3D4CF073E511F3A10A8FDAFAF0078C577F4DF9D339FE7862E5FA47CF4344209E5BF76D783B1B48E152AD281B15FCB934DCDA49CEC5706B1EE8B460F435324A5CAD1547
311
25E21AB8044B75A557A79F6C807B9340AA3D92503E866F4274412926C8C504E4D5EF8C0E68DD0B028781A6B4054F11CF18941F101C57CCC796773ABC8DED9CD91FE5788806C05E548895354AEAC96546D55B0E94A59F148D061F42AA398D822CDECA4CDE79E13469BDCC44FDC990F366BA5978C15F97ED80CBFD73B0CD9B8B
311
83A4F6845BDFBFAF034019473FB9A63BD55D3A4A7284757071574029A4D016DCCBE95DD679EF3C4880BF169422F8C89B68A988D2B13793CAED4F74DE7486C72DC94DF46B8E93D8E02EFCB1FF9B3BA10C8AE7F653DF94F4AF466CDDCEF5776687F7C4C14B63E4EED1719DC2EC482D7DBCC7AE518CDE3D5FF86D39000EC3673C
311
0044E1D308BF05F74D1B5F033A7D1BE7F74BC55BBE3E4A20F920946CA0271EB17BD2B80E5660ACB8A29A79F5E4BBA49D4D945B6EEF4A7EFEAA65E5555BBB57A7E15D2F83C69F30BBB978D2B39F1F26FC097424D39BB33CA3D87ABF64E307938B685BAD44F71556A30B7E712CA4FE600613C3E554B69ADE949A7CFE214DF1FF
311
F05CB82151EC6FC31950239F94CF7AD39DC473F6EA356E5EC2C4EFA04383CEFE985A127484366FBEE3C0EC4FEA363E4F6632AE781392FD45D67B63FB8DF70E82734F431FD3443172A0E30A83D60982D55FA6A2CF86DBA8382502ACC6CDEF3B907982EED1160E14863FA242F9757347E1544275CCDCF71ECD5F8621CBEA326B
311
8BA884AD7F825781923E66971F04010D574C541D8427A438A37EEF8AF88240EED7362C953F5A81DE2D56109CDE2524EA0F5D2F87308C0C47BD97AD605878AB8589E17CA83930CB5E0DCCD75853D68B1AB136594926DE426C367428E9334AFAFF90ECE221BB5DC9E5BB53D2CDEF954EAA9CD814F0E5725F1965DD458E5F8487
311
683AD86B9D0076BE3EE91EB1CECC5331A67A3F79D8B27587C12EC2A6A70474749F27B4C0BBAFB94B34189E88DC18964BE4121B9137FD516C7755356E50D6714E31ACD222621EBBCD1CFF81D87479056A9DA0E0B8EA19D24CF937DA89F78E8650CCBDC110AAB6C4E46DCBFD0446BA9E2060E81F314AC2031E88135E5476AC01
311
60EF5C0DD2EEF1B8B5CB2D198BE9A554A9093B5F7D7E4B5407DDFCA1D9C152FD97F55BFFFDFE802954DFEC8995B983E28AC92F1971E28F531DC407A1280EB125F64A72E617EFB27DFBCEDCDA2D6F2BDADA36873EE46B9BE1782998C63DA7182BC383FB6FD15DA472B175D7E8B4FC88F38D6E07FEAA3FA3CBB8F6B449ECF14D
311
2175E5C5CCA3A42ABF24CA6C9395AF74535F4DDB38CB84F56614B0FD32D7E19CA5CF988DB4449C40E23DF2B16772594554579094450F56F253CD25EA7F77366FB1CFE79696C428BB64D5A41E986189427E5E4D7E2DAE3D5BB4972B3DC44EAABDDDD63A2264ECFA5C786EB0EE1FDC5BE34FA0F08376869FD1E61EA06CAE1519
311
1135445EE8F0394161C3266A596AA035572BB0C8876180D8B9C77D307DF9DCDF7365ABDA6F3A2366436457A4DFC1F259666569A9E4A79C817BDD5610E5200FCE894A358EC72858D50EF67545DA81C6FACE3D457BAF70367E1E6BDD9A952FB4F56247F58F523B97E640246051A72F79BE42FFA0B3187F63097F91C48B868586
311
F714B0EBD5A00A8412C1236E1298F60C72BE6C96B82B404CADAA304AE9F303176B14BA53FBC2D5E86377E35542019E24D97B96A49B2C0E5006E7795954DEAF5DA58958839043C6C70BD3B1B33B6DC5C31316D8A6923F142E26F6711A2258AF977DDF1F970ECC4F1F2B434B96D81BEB6E89BF3BBB3C7C8CC80505070723D6D7
311
D7D3C8CA27CA164A26024FED94B12A86031867241DA53D929636DA600F050BC40CE48B8BA03D69224720DEE2ED2127390BDF5E6EA64527BBD4C4C63FA76BB801FEEC0E61218EC98A8A86CD8313781617877E66692839B9468CF4DB8E50A73986E558E309C0D6F676F921BE02F1185454DC75B111572FF9D27D85EA14C05AD7
311
271225B391C4275659CA4A43759D0BA44639BE4C30A84DB7F67A41399FB95CBF923B1B1672ABC807C1590557FB18D811983FA97F5E609516D62281D38B1281F68FC75528C35E4CD7DF0F7DBB5E5DD69C414EBEA2F4A5B241B996BA77AE6C772E367408C633EA3E438B68563EA8BE7667F3A4C4FDEEA52ABD78A2820F443B79
311
14A15F180018D231E64519C56A12F6CA7C8DAE18F06F6B769DBF92329EF6A5D18FBCE600F36BD8E8198DE5CDAA96181F3A756EBA5501CEE58F497EA4F418A2B82565B9BCC611713C0B708CCA1F398B78C5F7D03B3437CC18F13061F55C7BEDADD5ACB1DB0E36D3CE47FF6EA1A563A57E9649EA5D14D1A50EAA457463381C07
311
3777EF1600607BAF6428A7DDC079D47A204EF1E1F1F0589FB054D45E02CE623B3823C317C601E589E22B1E88B448524B86A82828E32345EC18AE17214B42F8C41C6D428016D9BA31DDCB47572561E5A402E5BA4FCE55F78AF7268524AA04130F3A20BA5D1E9F9948EA48FC8F5314FDB35E21898198060034ACE5E3E2BBCA34
311
092518F275190AF65F45867FF0900AA4B81F25427414C372BF51DC29AA855C5428EE1EEDD6B849AD60F6E73475C2D2523F8A2772C840A478DED18A8C5C91B085F255DC4F54EA7AA8947354FD17ECF8FB3B4A0DE7B483CAF3A1165EE05BBA413E5C1FEF3DE1D6B8F2F3F3251C17D9FCAB48A9AAF63AC773A0E413BBC46A9ADF
311
84A566FC920E4D8C52C9769EE3301CADEEEDD92B312E02E2A7E35B7F1E7D203FE5A7D75578B06E99D0E46FFADB8FDA17ED8880390DA29094202D6F645F76F6F96409CDA05495A96E84B04A00D1A6C6C81D7F3DE9376E828CCF144EE50E364ACCE7237EA0BFB5607ED1AC3CFE73794E5B61739D14DF1743441B1AC98F00ECED
311
E9E7301FA29755FBEFA68C91EF2B314CF510537EF1ABFC9A762496280B546F5EDAAF8A5B387D469FC9A878A92828C88608453ACEC6094DCA54111E7AD5B2663DFE2DD151B7F123B9F4FEF8EE36AB125FD7AD52A59B1B765B3E3F73E3F73DEA93875004D2AFFE3CDE9493B87A9904DD052028949041A91DC0E1BA47BA714343
311
FD5B25E0A6A09503AFC17C790058A836A324FE31D7893512E28230332F153181C1E018E1124EBE1BA262AA428A518237D1EA7275E48C5C561BD19ED6912EDD8367DA0F31E40EEAE9683DA9257525AEA7B632B97119E17145A90231768A4F3B9120FF32E8319B015E3CBE26F1A754177D8185345817C096B0CE443A955D13AC
311
15E1FB5DEEA0239EC32A3C92241A237B0B02FFCB4F93CF2B02570C8D192E2F2A68CEEB42F12E6F8CEEFF46C251E22B4341C56FB08CCE550E7A9D6F4D6564B9EA52A83D5BF2C6E03FA19D2775E15A8A7ACF30A13C259EE7F5EF2AC3BA354F1500E1A07FC63FB4686E2F12EC69719F9ECF5FE3F35598DF2CE944008CE78F0911
311
BA5BE5D0A34E0098FF038669C26030BA9B300303039852A8F6F496341737CA7E0D2E3AAA36DE0A70AA7D9CA0D54D9AD84B18A44C9E625475E1C97B93BEBB38DCE7D227E67A2D00F531436136355F243D1FC0D712C5765754FA22FCFFAE97919161F46D6E61ACB37D83777B385889770B50765B127768443A5C4D3A4E35A315
311
1111F146B7CA116F918A049F1C272F2CD7976C69A0068773451659A97E0F4A08FE604C3FF6CE7385DB19F4D3ABC8A0D80DA8A42096AC377DB49382B36E270B6FA7570188B4B7D1DDDDA82ACA487CCA5D38BD3BD039ADBAFA4ACFF27809239B722081E2EB9F145320553D183F28471C388BC8814E5045676767AB58A8E72D1C
311
ED2CA731379515D2E533E4CF0B39DFC625F97AC4836831A4DE330E87A8126FA17EBE583D614E71E22A8DBF2825599743E0640037303E8E1B1E8EA4E1ABFA4F62907B5E4E0E5DCFDAB417C36C6848A2B8D15F1E505434C0707E16B1CFC2A1C36A42BBF55734F8F4301DDC2A5110CEE8C0747F69519265012A2174BF4E955ECD
311
4FDE095A3ABC70536B7AD0B9D7892F81287D667C108703C9B66A221E9A0929D030008F77FF6F5D2108EF5706FC87A3069B976F7C9FC3239D13D283CDEA83597461079FEEE049B0F392889898B7D87D31F8D60ED7B56B91823A8E4EDDB36C6172ECEE42BD42B12CD67994FA0F0DFAE9389356F4CD4425A4B8AA55CBF7ECD585
311
C6A2C2316791E43D5C06841ADBB226A87FD61515FFBB0167B74E56BD7F3E90A57A97FEDCBDF483A0D6699A8C0849CAEB4947FAA90D8E332D9DEBD9F4738C37DA0CAF9CF3DAA68BCB67C420459C7A64498D6E848E5CADE92BB6901F607AA331104A67F7CD650EE169B1DAE94D2C31C2F993632259B6957E246EFE4C5481107B
311
07118607700040E5812A2A2A38DA0076875258C753F60E0F2662C748EDD5F3F3686B8FC3BD6FE631ECCAA1E8B1C1E565AD117E54893E79F4672E32F9E46B2A183DFDCF3EECB4D4D077DBEA0DA254D256045109670050129E9B9B1A9E4A11344D61497A992778095151510C4BB7EF2009B63AA4360635312E4CF668B7E0D3D8
311
5A8688E2BD83B569439892ADB63461930D428E0DE42E4AC57CE48DA5CC1449530D8BD3D6A0F08DF20C8E8F570F2CFFFCEA286E30969B4654D498A58D9DA782E19FE3F002181838925592C4A1EF0B332D88B61A92C644547BED490D3A42CFFAB70E36D961F694F6307F72FF15A1C79D5B1B5CEFD353D9E2B52566DEC8F8F09C
311
B3E8359C0F68EBBB7898243E34E12A015B2685AB303C04D3A9E00671FF3DFF0A184E4A2ABEB2B666AF5B3A209C73D8EF29DCDB069C9F391EEE9DD0F74C7BCDE16F8F02E3B8816122BBEB50665775B600549D8BB33A54A6BF940C028118BC6878C79958D6784F9DEAA6E26748386FFAF8D0D0101E2847B6563F5D8DC1D78F78
311
7BE00E2C941AE12148D4A81599FE8F68D4DA5CDED75530ADE138240300EE13B0FC13A1687FED6774662C05A2B7DFB186732F0D7A93545D8B0A6390AE5054D9CB582DA846D7A061B3358B45E2B52DDE63E114397EDB7E09233A579155D795BE76102CF277F4DF8B188C4F2879BEAE3C08347124BF9ED23B128259FE107D31E3
311
4A652F090B30B39E0D9AF917B76A2806135621A8A60681F16AF216514BBD02711585B5B1AE823F4B2D0369EA5B6BCB863072727FFC871CA6C9AB79A814D989057E9470A3D238BC87CBB4A0EA49AFE2B86F22E499793CAA9047080450166BDC357524561E258C77CB697F1ABB32562CF87C3B7AA12F911EF19FB3E5C02222E8
311
87D08202A60A17151F5E053A86B437771088B4FEE14D652C43E8D939995D34545E12E2FF93D4E366EAD25F10CB7DED141563C3D0C447AF06078A91135FD4B9611583CB4BF3BD167F2399CEAB0E0100F8FFC305F00F1711717173138B4B48C83022295DE657EFEDD97F238ECA80F528AFB4F8D67AD4E2594B9A3AA86D7487EF
311
C313BA95745C186F0CDD84CC12DC9CB0424B42203D351FD9C0A3AF10CC7F388E0329279087386421F194F4A29464C1DEF7EF8BE515E4A199DCD5B909342598D8FE6A231F71336248D5CEC5454455C7BE383B3BC7B260FED27F703FDC39A170F3827239102F59D4DEE7FEF82EAA1A5E4BA94DCC4CC44E7E2EDE20F24244E445
311
4369D2E87C3F823F193FD4FD27E1C23984B01898D15ABC20711A8A558054951A6AE280096BA36CBA439603B7B0B4C45F248C14B2383B4B5CD8ECECE4FF859AD4A6CA2326D020EF090F4041D28DB66E5256B56232CC52829DE8060BAE6BBF37D4B7469B822454FE93210A3E8D15E69FFCF01123222611C51C4FD0A041A0CFA2
311
471CF6BE38D2B20FA4C3525B5B8B586759475CF80ADFE67A284AC24651E52B8E683D24C2622642F27E7C3C22783BCF63648BC398BD6CD0D9C97E7E7E3EACB6126DB7A6C1FD9F1031302EE67ED96F22B77C7CA0239BB324207559B105E4693EB26EC46182A92C9C0DBD24F29B31C5C5AC1F84300E0E17CEEAC15F5736FA4A98
311
971E2F1423BFCD68D4BBD5F86E74B40A369F39507C88FCDB35D2DD8DEBEA4AF999E23CF2816D204200DF6E611781B9884C1AC8888B4DE397320472959434323A5A36B22A8E1F721A270DF3BD65E4A31C11FF048AFB0D8B7B6881423793963A23CFCE935FC189ED36FAE35C46DA3574C979E4394BE52084F3081837BE033396
311
D2EBD80F1F691B273F660D2B32FA27A33B1DE4ADA5F0FA4651511102DFA410DDA86E065272CA314D5249DF91B06BB92807B28EFD54F08F7B525252782CD276DD02E6B0319B13DF87B1F6361AD6B28FC0D711CF445429B9E5A433CD493051C49A9E03DDB1B147D880253514A5DED88009018620EE229101C041950E2D8AA8E1
311
F5F5438E0C0C0C60EEDEE9E3E0C051948C69F84BB7B2A48A1F3C8EB9E6864687F4F4F6F6E2FA87608ADAF9C5E117B7C1A737E710769DA1D15ECE6A84502AA855398712D5FB51BE92E4EF824969CE18278798AC303C2C7980DD2500ADF8FB1E6D6C2FAAFF9987178923334A244758BAA01A9A1B70FA5097D01E1CC2A58DAD0E
311
C94CE6430AA9B0C10D75E3C6BAC670EFBADEE1607739CE0FC18A2587E3EC3058562014C64219C69BC269082D5C2F4A659278D585755912176D78A1B641719C2A394CED495A1AC5D583FD2F5EDD93308EA7EAE8A6DD396598BDBD3D4CFED62D18A5BDFDE0DD5C80D1A89BA62697B131AE7CE9A6594138582F1B37D68F1749AC
311
7CB67A70695D48A4A056AC1FBD4E82358CEAE38F54B95A9016F9000F9879C0D9D131768635CA798895F27D6F1614F11F2838A83611AA51C9A3DDB539D42979C29F10465655C17BEC3E2760B80DCBF609198C7B171A531905F3EC218D696025975E986C6B4C666666787271F202805577DD5A3EF0CAFAF91B62DC4B2DB4217A
311
7606282F31D8DDBC290593BAA93EA6353AFA9939B877978481E15CFC9F2755CDC00C538F63A4BA3E80AE009B73CA0185687D339A507D165B74290D6EE46D5C58148F020C3668ABE9EF2F7549170DC80DB41FFC1D678FF19AEB10C7133832B104B80F691B3138F97A92D26E551F1F110400D45AC71A9B9AC41A1A1B1DAEED0B
311
0810638EFFB511D46B121C6FEA0F38CD00E03CFFEB9713FE1F9C263E4DDEC160D0497FA9A132BA608584057FB15380825DE6C7FC3C667EE947D488A09898D8E939C4953BF4EC9836344D2CC6B2971B2A21A572B06096F4982D2CC7232D46E8EA69DC83722E267754D777F97F96D5DA74E1E75178084D0E70F12AD33E5F71EF
311
2AFA599B2BEBF60A5BE475F444F240CBFE8143C334E7ED9150FEEFEF7EB020C4DBED388DD1D6A167A76F3CBF119B578AE8CFA7736ACAFA4440A1C47185638A0D2F3EB5BDDEFDA958FB13CE4AA4923D5BF840392D45544329525749734866684BF7F8D9D54D892E19BCA9F829A0F8BFCBEEA6CFDFC61D74EA1A645ED7A1FF24
311
1739F15694BD835B66FEC5677E40FE69BD3F91AE402F036537218A401CB0828604AD189E575015C6F3F6BBC8AC79CF6C70653847254B31551EFCBEB5978B9DB85D58D0FA41A9DFE9C624834AA04949D24B5AE6D299E072D152D12097920F14AA92C31C3B97E28B6C2E6E9C23D63043ECBBC0A60FDF5BD0C33C127EA8A3308B
311
8B6AFFEB28B4455BF6E7AF4FC6222728357EB8E46E85053E6A8843AB23295BF838ABDA94658FEF3F832F147046B4ACD6F7D48E8FCC9618582961C898D1C7A253C91BFECBDA6BA18A1FCF70755DCCEE2222F41B76D23CA98D0CB3D95F0CF66D57FFF65E2A90F5DF40FC3187621E981BD0BC1D992787212688976B94A8F0C6EF
311
646624B570B78E068826F87CE27041A95C9A4871FF65CC17FCB1639629AD6A9517000D63AC231F3D741CB8430777E7ECF80CE7A3F73C0F162F7E56AA71F4DA80A33CD6ACEE78E2C11FAC03DAFCE929B106F8F6B3ED2DC71FF994BD9CEF4E9A94896EF1B6E2B7B4978168BCF0847A3D2A4F1B0500B926E634B174548E9FBAD2
311
7153FB5FC36799B1E6C7C38A94E1F9E996796D7B485E635D5287A2AE76FBD11A341DB3F8F810385BB7296391973DC6C37C452A9305AEBBE0CDB6C566DB59FE60C8E94B1FD090354BF51439FFD1B48D725228FFA88C84F686F547107A7A235665A4593B7C34D748C1AC8D56DD5DA861EEFBADDECBBD65117E65851F90351AEB
311
65F0EFCFF4BCFEF24CB7A5879699FAC437A7AF9099186CF006BB923A59E37D7A36A29FD8D2CBB914A5E9D0A8FD212FBF796AE9A67958FF1D5D8B85F78F96219D4714EB919929241B6C018AAE0C02069F8D919961EC5DDFBFB7573E3AC8E08BFB7C8534BE6DE045B3CD63DBD71F7638BA2309CAE398EA3A7D8F98BBBC7AEB36
311
7EFA5CFA27A9F8F2F52FE878058E6209C026453F8E7E8A237DFC389E9590F6059B397CFD65183BBF936E86896612A5B5FEE49DAC8455D026218AFEBEC12B3523A45B57B82C9C97E02ACFA1184DB18E48CF615DBF39C3CC6F0B4AE6BBEEA2E39D944E290302FA3DE33FA7E40296E2EF7BF1CD855BBECFAD0FD622BEE9746FC4
311
FDFDE545AE6E3BC234CADF83A0FB76DFB145BF3828AE3436368AC24989454F8FF70A177672C711CAA1A76107218CF948CA01F873520E7A2B118EBB161ABAD432932029628B6761590C98AB590C8C8C79798CE9F715BA696E839E9131A4BB68BE923F1747FBFF165331FFDD4D05997ACD168F12CA75348DAC04C7F509FE8389
311
8A8B421181AF492861CE81E4A2DD0A30850CFA95E05F097FF70F9E777310D584A75BA7018922E271DAB1D785671157685B7D383D3E074DDB4F1E44EF04B07BAAC75A062077C54B9752C738C9D804D402E02851F3F89605AF189738C18C021D2139EAF72513824E10DDD3047BACC8521ED7E98B257D1166903B1B08FA6F918F
311
D7E162913FEC7D0EF4787E29C35FBA8C6E2C9C20E9AB30AE42CA2A01A090E7D010C1B5BF9CEE2A304BF3A987FB40D836979B79E18D70F257DA61E808472DD85B82761825779D6B90CAEB0F23360C6F80A7D7D77545E95B3DFF0CF96A827F9B5BCECD2C9698718417EF80FEEDEE938AFF55859D0D540B7FE09435583A6F0487
311
4A0C7E8CF234DF4879722000167F5872CEC6BF3EF7E5A8CC8121E6A359227C8A29C95212F9F735BC72A887D56B8F309FC525BFB4FD767AAEC4AEFF249CFBBD2DE1AB9969A6155C7D8DABC307E47324C1F916C7BCFF40ABA5644E9FFB9238D19ADADA49D9610F01ABBA57E4DFCBDCCBB2B93C8953206C91DE01B0E2651A6D6C
311
31721915B31F7B7CBCE55466F6D70402788FA91D73BE4ADCBA99A35F17D6B83383704917D6833F0FA3CD45C926ADB8BC17999A4A0AFBCE2541F7B8CF4C2F5FBA611B3E626D64407CB32C122DFF4EF8674D6EDBB86C8F7C6A16D50FA685E2CCA34F8F7D1D8265BB0042E9D7F1F666F7BE5FAA5184DF58E12122A42EF02F461B
311
3F369AC746F96528AD208512AB56844CF75B97F352DF7995024FB02855385854F3798670D01CAC771AC3E1889EC25F61A20C1F8CAB46898817F9C47E2CDA1F286BF2F358298709FE567C91133E2638C8B53975E753EA8BFD3578B5F7186B7BF084EBA3F77BAC3132A5779902EC22AF2D2E79F42D324E083386DAEE9810D1B4
311
4A5DAA54513C7A71E52A4AB9257D975B621308FE4D2141CC3DCFE946C154A3C1DFCCA7629EC69ACFA831634ADDA93C0388D2A9A2DDAFCF957C6995BCE7FBB6DC4EBAE79E63EB08E9A25F52F67076F7093CA545CA3053B5BF576DEAD4E0017143C5F759F32B2D6F145B52B67B48909B7C7FCA6586EE385A2189C16932CB6DDF
311
D9152AE317C430492A578ED27B72D85D40C7C93C097939E1B50F4D67F05334FE9DC362C30B7FF561B95259138ECFD9274C8D695C31B14D4EAA9F3D7FA8DDF652F8C5DEFA23284C799B7D94416DEE81E05A866302DC70192A5368EA65E1CED8BF107A1E2D3119A71E85DC1A7B0C1E93274CE04DD0F2ABC8AC7C987FDB002B6F
311
81757B43502EF7A0D92E416494FAEEA4C9C090CD9557AA4D532F4996A272B94355C5A0E4974EEA9627476F30809B94D8D8D860062E02204643BEC7D0438AF800FC7E2B26955D595421E83C69E1A07E0E3122285835F014AD538188CF9737CE76D464A353FA55A001AB2526B84E985083693BC76FE211CA1D000679C889E3C0
311
09832C87E1AC2EDD05C302557422DF0800E316FCAC86978A371F025A6C7DAA9F333E7BD160403A1A06EA75AA9888FF01504B03041400060808000A4CF84C28BB58AF800100009E0500003D00000037393638373537462D423936362D343134422D393236302D3736423544343741383532442F536368656D61732F436F6D6D
311
6F6E536368656D612E786D6CBD544D4FC23018BEFB2B96DE15493C78601010A34B880709DEDFB52FD0D8B54BD70DF6EFED3AC0B12E6442E2716BFB3CEFF3D18E26FB440405EA8C2B1992E1C323095052C5B8DC842437EBFB673219DF8DA659866649B798C078B48AE6410122242F2A4994AC7F93815DF85C049C8564CA0A90
311
1499DD886B2EB9B1E02448F358701A9235880C49A0119892A20C89D1B9FD768815CAD268CB5E0355B40B1E47F3E37A2020464BED06AA57CE8FCC20C3C3446D46761A2632A8C1283D07031EFF2AE7CCB1BFEEE916E406DFAC8E36FFD99A9D60A6944090EEDC3B670C7DC13DE86B6B2C5C240D6E503BB85ACD579D513F1B9F9A
311
69DC9CC22AFA80C426D40AF0B21EA168559156B6276F0F726A6BFF04DCD513A87A62CAD41FB24FCB2858B3952E3D852084DA25B9303C15687973CC8E8AAE11DF2836C38C6A9E765E8C1BA1BFB1DC29CDFE518C8B5A7655A4ED7E77291ABEB80DBD82EC866ADE1B8D05AF9E35CF09D7A061F38A986D9EC412B8F0F65E5D8153
311
4D9B231D1E5A8FE577A241F3A5FD01504B03041400060808000A4CF84CE336299B9F040000341300003E00000037393638373537462D423936362D343134422D393236302D3736423544343741383532442F536368656D61732F47656E65726963536368656D612E786D6CD5585B6FE238147EDF5F61E5BD1498E9A895A023
311
98AA5D1E2A5665BAAF96710C78D6B9C87168D95FBFE7F81242134A968E469A4855437C72AEDFB965F4F53551642B7421B3741C0D7AFD88889467B14CD7E3A834AB8BEBE8EBED1FA3495108B3E01B91B0DBD1F3EC8E6C991A470F22155A72F73CBABC1D4D5921DCD1934863A11F990102A6F61466977B8AC49FB13C174CB394
311
0BE4504A22E3713489B7F82406516225536940BD88E4E552493E8E564C1522225AB0384BD56E1C195DC26FAB13882C2EBD62E1FF9E5B0FCC453132C99548446A1872B62267078F1EF14C3DB1DD1952DDBBB384AD456779F387C51992E0ADCE12FED2622BC5CB1952FC9BDF3295E9206E961AB116DA7ACE45F76F07A26EFC3F
311
D762FD7362FC3C0BAA4DB34C09E682CA5167BADCD16CF94370E331E2F1A3D852008AAD5D64BA2373478338AEB1583B905396D158182655E1B938D07926CF007CC7E85E6709999B0D3827C0BF406BEF55C68CF5579DA32C8C85BE03EFE788787E8FEC95DC85C3E31A615658D81F9A34499612004CE69CAB12531B15A887ACA6
311
42C110F8C1A8C1974A85853F407794695C905C688E69B116550ACA946B9B4785FC179E0E229240B62665328E86D5BD2C800CF5D80289F35AC25E3DD51508F4BF9A74A0F5A557BB3D284BC6FF59312E282F956A75C5D453906F48D11A876599E49425602400842995BDF02C4D012E226658F78A710416AC552831FDDEF0E6F0
311
BABEBEA9DC36718CCEF4DAC5A0DF871AECBDD8F448F015F8DA113A473609D1751672B723874B2CAB21ECD6E284E51DCC7D1A47A00F60EC21DC4CC3CDC406DC03760A4E6C772F2F4D561A9AE58C4B03F5B4838701472139EDCB36819A66C472B52AB1139C648956F43E0DAEC067B56B0818F5961D3D446B8F1E1E78C0EAD7EE
311
02AF2895D813E88AC5014A7B436DBB20F778D40A1D9737EFE45B47D49CC8360F9966B15AABAC802C1005548A93EE469F5D55317CD8BF0AA86CABADB2A009D4D6F60CFE53AE370AFE8C45415B15D362A5A038E766E34B00F8C2E3E7098E2093B1C96349FDAEA158903B4BDAEA665F473FECE72186E3BDDCACCADA31839CD6D4
311
FA7D47DF5469006ED340EBE71DF960DDEE88A3E17557039B58C278A1795BA8079419DA8FC5BA1BAA1A66238BF69C7B2BE4E6274839122B7D00BE8B7D52CF61B2D63216046008C8B330FC10F8907787DEF061F47965BBA02FD8F53BA12F9827614979F53563D0BB1AD67A03DC0E00E2FB2CF3EFB457E70E65A3D7C78E7D700D
311
BB45132AE9BBA5E468CD861408961AD8B00A55C2FCC677F4456039FD9F1907A5B3E2D0EE845FDBA2DAFA88C64195671AD6D282DA2E45B1F50A0D632B0D0B6718757DCC7C84A70A3656F222CDA6DBF07E204AB358961D1BE31E53A82C2C0D56DBF61A5608B5A252A932A1DC6E32462430853353EA30417C8199A662E946A4EF
311
352268B8CDB9A9C6762515ACE8E09BBC031C608A02C4BA89C9DDC074E46E0E26A17BCBD4ED43270D03E3645ADB81F6D62CC07A3243EB81C07E01681DDF2DB4730631E6DDA6CBBD048BE9F06AEB3CF06B31DD6C9575E37E9FF17161342C4C76D95519672A6509E0F5C4E71B4B1916440059F57D0921F496237E473A83E3E4E0
311
6353BD9D27593594D7B6707C08D22FEBDFBFFE03504B03041400060808000A4CF84C8DFFFC99640100009B0300004500000037393638373537462D423936362D343134422D393236302D3736423544343741383532442F536368656D61732F52656E6465724D6174657269616C536368656D612E786D6CA5535D6BC230147D
311
DFAF08799F5FDB600FADA20EA430D968A7AF12D36B1B481349529DFF7EF9A85A718860DFDA73EFB987734EA3D16FC5D10E946652C4B8DFE9610482CA9C8922C6B5D93CBFE3D1F0291A6B0D26A3255464182D920FB4233CC629881CD49C18508CF000E3EE309A100D61622AAB4A8A33B2483F11CB639C545B0E1508438C3D3C
311
0361192846DB7ACD198DF186700D182920B914FC1063A36AFBEE8FBA03FFD3CC1D1F4FC9E151A2AF59F628C5B7821D83FDFD3489305080F2EE04BF962195FB285E9D2DD352320A9E827AE357594914E42B1F5FE35F83688F60C4C91A6C946ED0668E8F244BC2EB0BA6E3BCCFC0B6A4B507F9F9F8D51EB315D9BA9E08D308E8
311
9F96931666E577837E2B4172199C68C4FE306156D47DF51C698C7B9D97FE5BEFE2190C3C38BB054E6E8163FB039CB4B993C80BF18D969203116D6BBD26238B821F9BB909AD6D9C71B85BCD8C33D66FEA3D31B4BC0AD45BEA46BBEDDFEC0F504B03041400060808000A4CF84C9D53B262510000005700000047000000373936
311
38373537462D423936362D343134422D393236302D3736423544343741383532442F4173736574446174612F41737365745461626C654F66436F6E74656E74732E62696E53616060703535B130377573D135323270D635313537D7B5347631D43570757174713531303634721202AACB4D2C492DCA4CCC492C28484D2C4ACC
311
4B4E050A82012F90744FCD03CA26072767A4E6260200504B03041400060808000A4CF84CC55C663656000000680000004500000037393638373537462D423936362D343134422D393236302D3736423544343741383532442F4173736574446174612F53747265616D56657273696F6E5461626C652E696E665D8CBD0A8030
311
0C06F73E4B29FE6CDD8A2E82A083B8B7F209014925C9FBA3AEAEC7DD2555D896CB85E51C2A1BD834F6A1F56EC4494C4695278364ABB24ABD2146F88CCEBB89D5321FF8F3F43D672A3B44DF3CB6A1710F504B03041400060808000A4CF84CAD05D65A37010000A20400003600000037393638373537462D423936362D343134
311
422D393236302D3736423544343741383532442F4173736574446174612F636E782E786D6CCD94314FC3301085FF4A648931B61B902895E30AC1D209242A06B6AB732956133BB22F08FE3D769B0154C4D421EBE9BBBBE727BF53EBCFBE2B3E3044EB5DCD165CB2029DF18D75FB9A8DD4964B56ACB50ADED30F8C150E7AAC59
311
2E33ADF6C18FC3546AB085B1CBD5CEBAC354BC8F11690BBB0E9FDA07EF081D4556980E62AC5934EFD80387917C83F1C01B20E00B1E30FA31184C93C8F6384D320181B061BA928B65296FCBEA662BEF56D7D5AA926F4A6452AB9DF7DDC4DBB42CF8E1AA92E6B49769A94406B41A839DA8FC1AA6FF52C977D6299148AD2285E4
311
CAD4415F43EA8061E8AC014AE6096F08A94C1042AFC409D64A64177E79F188AD7536B76C9234201F9E93400C6471869EFCA7F6F2DE6C5C247006E7ECC8B9C6CBFBF072FC45AFA7581E7333BFB49C6BE4D6B517C88A389E93149D7C5DF437504B03041400060808000A4CF84C6052AC5AE70000006001000067000000373936
311
38373537462D423936362D343134422D393236302D3736423544343741383532442F5265736F75726365732F45353438373546442D323230432D343537372D393344312D3045444144453430333132422F7468756D626E61696C2F302F636E782E786D6C4D90C16EC4200C447F2542EA3181A495BA5D39EC4FF4D44B458937
311
454B300253B57F5F6839EC69ACF193E519B87C1F7EF8C2941D8555CC931203064B9B0BFB2A0A5FC793182E1A1211DF616208E6C055345B68D81395D8AD0DAFA6F8E67A176EDDDC316072F63D865D0CD69B9C5791ED271E66328569C37C9B36C3669AA784994AB2580FB03BB01FB0090DE326F4A2E6D3A89EC7E5E955BD9C1F
311
97F3A2DE403652C30791EFBC0B8C89E2C3A22CD531D47F14C8066828C975AA8510FAEE399075A92173AAF93BC43FB1422646EFACE15A9324CBC86385D01C20FF610DB2E5ADF25746D5D68DFE05504B03041400060808000A4CF84CA233C2345D000000800000006500000037393638373537462D423936362D343134422D39
311
3236302D3736423544343741383532442F5265736F75726365732F45353438373546442D323230432D343537372D393344312D3045444144453430333132422F7468756D626E61696C2F636E782E786D6C4D8B490E80201004BF42E6EE76F3C0F216234B883063108CCF170C074F95AE5473F5C4C06E932E4F286019676006
311
77D21E9D8092EDB002539227A2FCCB80E1168D80A6417297A89C5D6963B7129A0D1E8F2EE73AA7B62BBEB8B27DE50B504B03041400060808000A4CF84CBE89762363000000880000005B00000037393638373537462D423936362D343134422D393236302D3736423544343741383532442F5265736F75726365732F453534
311
38373546442D323230432D343537372D393344312D3045444144453430333132422F636E782E786D6C4DCC3B0E80201004D0AB90EDFD75167CCE820A4A845D83603CBE602CAC26799919AEEEE0D965E2E908050C6D0FCCE04C8BC355404EB6198129C92351FAD580A10E464065907C8D948F8F166375F655BDC3FDC3B4E530
311
A176BE7057BDC43B2A593FE403504B03041400060808000A4CF84C538D9BBE7E000000A30000003600000037393638373537462D423936362D343134422D393236302D3736423544343741383532442F5265736F75726365732F636E782E786D6C4D8CD10AC22018465F45FE7B4B37C505BA5169EF319A1B92D3B0193D7E1A
311
BBE8EA83C3778E1C3EAB476F9B5E2E0605F44000D9708F930B8B82BCCDB80334F432C5B8FDDD008571B50A2A865E2E29E6E78E263B8FD957EA5D78ECD070D6097ED3B869C815332E043EB59A6262F4591B465ADA5C8A71AC4A995FAF6CCDF75F504B03041400060808000A4CF84CC386E4E30B010000550300003400000037
311
393638373537462D423936362D343134422D393236302D3736423544343741383532442F536368656D61732F636E782E786D6CCD93BD4E042114855F65426239C08C26AE1B862D2CAC6CD4CA0E99BB2B59E04EF831FAF6C248B19BD869B11D9C7CB939E7C015BB4F67BB0F08D1A09FC84039E9C06B9C8D3F4C24A77DBF21DD
311
4E8A80984E30D279E560225526521C02E6A54933EC55B655B5C61F9B788FCEA17FD6EFE014E9B455314E24AE57AA72C219E291CE2A293AD0001173D0502624E3A04DD001548299C8910F9B9EDFF6E3CD0BBFDB5E8FDB91BF0A564929DE106DE38D4F1070B91AB9C672F4C51017AC0252E4601A55531079EA8E963E042B8414
311
3185D24223D3D75248B52CD668954A596C057F1829580D7B16F9013C04A32F35F399BD7F0BFD047E86F0585E2A18652F35FB6F2EFF56015B37A07C83BA10F21B504B03041400060808000A4CF84CE3603EBE7A000000C20000002C00000037393638373537462D423936362D343134422D393236302D373642354434374138
311
3532442F636E782E786D6C6DCD410EC2201085E1AB90D9DBEACE05D09878023D01A1D34A8419C380F1F82DA68B9AB8FDFEC93C3D7C52546FCC12980C9CBA232824CF63A0D9402DD3E10C6AB03A3397DD192872090D3406ABE7CCF5B5D18893ABB1690CF4DCF02282E5EA8A5BB96FFE536F285CB347F95BEFFE81C9ED5AFF9D
311
5B1FB575BB00504B03041400060808000A4CF84C7E8E1DEA7E000000A300000007000000636E782E786D6C4D8CDF0A83201C465F457EF76E15FE053526B1F7886521330D57638F3F1D5DECEA83C3778EEA3F6B406F975F3E450DEDA501E4E2234D3E2E1A8E7DC602506F544E69FFBB018AE3EA34540C462D391DDB8926378F
311
47A834F8F83C21974C70CAEFD84AC6306989C5B2630DE6CCD281F09BA0DD508C6B55CAFC7A656BDE7C01504B03041400060808000A4CF84CCA1DF9C9A900000073010000130000005B436F6E74656E745F54797065735D2E786D6CA590410EC2300C04BF12E5DEBA70400835E500FC800F84E0B411AD13252E2ABF27A55740
311
421CEDDDD9B55CEFA7A117778CC979527255565220197F75D42A39B22DB652EC9BFAFC089844F65252B2630E3B80643A1C742A7D40CA8AF571D09CC7D842D0E6A65B8475556DC07862242E78CE904D7D44ABC79EC569CAEBA537E3521C16DF5CA5A40EA17746733E0B6615DE7217475F386F18B9481C510F1F021CD9FF027E
311
A0E1F5C4E609504B03041400060808000A4CF84C3DEE336E64000000790000001B0000006175746F6465736B2D64657369676E2D7061636B6167652E786D6C35CBC10E83200C00D05F21DCA56CA76D41FC96062B120735B69A7DBE268BB7777961F8D5AF396893C2ADB70FE7ADA196782C2DF776D7A97B5933C430F15651E5
311
469C55D70F80A4992A3ADC954792C525AE70A1E4D6AD9816CC044FEFDF01FE3FDE907802504B03041400060808000A4CF84CF2BCF8EEF8000000960100003700000037393638373537462D423936362D343134422D393236302D3736423544343741383532442F4173736574446174612F636F72652E786D6C8550CB6EC320
311
10FC156BEFF8859BE00813C575FFA0A7DE10100725068B47D5CF2FC4AED49E7ADAD5ECECCCEED0F3D7F2283E95F3DA9A019AB286421961A536F300315C1181E2CCA8B336FCA24161F8A206C830303A3B1BD71D12D60465326AAC543BC8BD57010AF148CD005EDCD4C24B1E4362F87BB97271E7B32A9B72E3311AA396FBAA96
311
494D5FB572C02EAF04E3AE1BD1F14830EAC67144FDDB0123420E5D3F4DFDF4822FB4CACB8C06BDFCB80BA7785012585B3704D547D476EF757FC2EDA9AD3F6895998CFAE0D2CFBB69FE2ED9E5AB271E38ADB6E91FD5B8CAFF55A33601B7BBEAB6E18135E9C8E780D12AA794CA33C25473A2EC1B504B03041400060808000A4C
311
F84C4AC24290F40000008E0100006800000037393638373537462D423936362D343134422D393236302D3736423544343741383532442F5265736F75726365732F45353438373546442D323230432D343537372D393344312D3045444144453430333132422F7468756D626E61696C2F302F636F72652E786D6C8550CB6E83
311
3010FC15B47783C134319171144AFFA0A7DE2CE3102BC1467E54FDFCDA814AEDA9A75DCDCECCEE0E3B7F2D8FE25339AFADE9A12E3114CA483B6933F710C3155128CE9C396BC32F1A14462CAA870C0367B3B371DD21694D5026A3C64E6A0785F72A40211FA9E9C1CB9B5A442962480C7F2F5721EF6256655D6E3CCE62D4D32E
311
D55372D357AD1CF0CB2B25A46D07743C5282DA611850F7762088D243DB8D6337BE900BABB298B3A0979FEDD22911D404BCC13545F8889AF61D7727D29C1AFCC1AACCE4CC07977EDE97E6EF8063566DE81FB7B84EFFBB456D026976B74DE181D7E9B8E780B32AA793CA33BA547392FC1B504B03041400060808000A4CF84C92
311
72C9ECFA000000960100006600000037393638373537462D423936362D343134422D393236302D3736423544343741383532442F5265736F75726365732F45353438373546442D323230432D343537372D393344312D3045444144453430333132422F7468756D626E61696C2F636F72652E786D6C8550CB6E833010FC15B4
311
77F3324D4C641C85D23FE8A937D738C40AD8C88FA89F5F3B50A93DF5B4ABD999D9DDA1E7AF65CE1ED23A657407555E4226B530A3D25307C15F1181ECCCA835C6FFA241A6F9223B4830303A5913D61D12467BA913AACD2877903B273D64628E4D074EDCE4C2731E7C64B87BBE7271E793CCAB7CE3311A821A77A91AA39BBA2A
311
69815D5E09C64DD3A3E39160D4F47D8FDAB70346841C9A7618DAE1055F6891C48C7AB5FC6C1756722F4760755911541E51DDBC97ED09D7A7BAFCA0456232EABC8D3FEF4BD377C0FC2D2C9F9AAB9916DBF48F6B58C7FF5D83D21ED7BBEBA670C0AA78E473C06891528AE51961AC2951F60D504B03041400060808000A4CF84C
311
D61DD4DF0E010000B10100005C00000037393638373537462D423936362D343134422D393236302D3736423544343741383532442F5265736F75726365732F45353438373546442D323230432D343537372D393344312D3045444144453430333132422F636F72652E786D6C8590416EC3201444AF62B1C7C680631C61A238
311
B827E8AA3B6493042586C840D5E31712576A575D7D34CCF0F8C30F5FCBBDF8D4AB37CEF6A02E1128B49DDC6CECA507319C2103C541F0D5B9F0CB060AAB16DD832C03C12FAB8B8F4D9A9C0DDA66D5BA596FA2F25E07504CF774E8819FAE7A51A58A2139FCAD7CA8E9A62EBAACCB974FF018CDBC45CD9C5E3367A357208E2746
311
08A5036C5B46201D860176E38E40C676B493B2930D39F22A87050F66F9A14FAB5641CF40605433885A88E93BEAF604EF31FAE055760AEEC39A76DEA0793B20C686B2B6799310637482B4695BD811594334CAA31C2922351E78F50AFE01C6C7FC3F301A1B08DE80AF8407A24EFF7F5E085EE502D378B69B662E5B7C03504B03
311
041400060808000A4CF84C66E09FB3FA000000960100003700000037393638373537462D423936362D343134422D393236302D3736423544343741383532442F5265736F75726365732F636F72652E786D6C8550CB6E833010FC15B477F3324D20328E42E90F543DF566990DB5126CE447D5CFAF1DA8D49E7ADAD5ECCCECEE
311
B0F3D772CF3ED13A65740F555E42865A9A49E9B987E0AFA485ECCC9935C6FFA241A6C5823D2418389BAD09EB0E49A33DEA846A33E10E0AE7D04326EFB1E9C1C90F5C442E828F0C77CB57216F62C6BCCA371E6721A86997AA29BAA9AB420BFCF2DC52DA3403391E5B4A9A611848F772A0A46D0F4D378EDDF8442FAC4862CEBC
311
5A7EB64B8BC2E304BC2EAB96944752376F6577A2F5A92EDF5991989C396FE3CFFBD2F41DF057742658898E15DBF48F6B58A7FF5D83D29ED6BBEBA670C0AB78E463C05991528AE51161AC2951FE0D504B03041400060808000A4CF84C171CE312F7000000940100003500000037393638373537462D423936362D343134422D
311
393236302D3736423544343741383532442F536368656D61732F636F72652E786D6C8550CB6E833010FC15B477F3320D26328E42E917B4A7DE2CE3502BC1467E54FDFCDA40A5F6D4D3AE66676677875EBE9647F629AD5346F750E52564520B33293DF710FC0D11C82E8C5A63FC2F1A649A2FB2870403A3B335613D2061B497
311
3AA1DA4CF200B973D243261EB1E9C1890FB9F09C071F19EE9EAF5CDCF92CF32ADF798C86A0A643AAA6E8A66E4A5A60D7678271D30CA86D0946CD300CA87B396144C8A9E9C6B11B9FF0951649CCA857CBCF766125F7720256971541658BEAE6ADECCEB83ED7E53B2D129351E76DFCF9589ABE03F6BADDE968B1CFFE788675FA
311
DF3328ED717D78EE0A07AC8A276E03468B94512C5B80B1A63CD937504B03041400060808000A4CF84C5BABF19001010000D80100002D00000037393638373537462D423936362D343134422D393236302D3736423544343741383532442F636F72652E786D6C9591DD4EC42010855FA5997B5A4AFF37948DCDC627F0CA3B84
311
D94A760B4DA1C6C797DA1AF54EAF2087EFCC7066F8F97DBA276FB878E36C0F794A2141AB9C3676EC610D57D24272167C712EFCC020B172C21E3619041F17B7CE87A49C0D6837D53A8D8728BDC70089BAC74B0F5EBDE22453B98648F85B3A4B759323A679BA738207337D59D58232A006C168DE12DA10563ED1EE54B013A3CF
311
3CDB48C1576343C18E6638BDA04EDC1C62241055C1B3FD3962ABD1076474FCA4B91A5C40345DDD3655F34886AEAE49999703E9584D49530FD5A56C1EDA8A5D62916816DC87258EE628B20DE1AFF6DDF82BDA3AEB7F46DB1D1E44FE1D2ADBE62C78F6B984786E3B111F504B03041400060808000A4CF84CB6222CFB07010000
311
B201000008000000636F72652E786D6C8D50CB6EC32010FC15B477FCC24D708489E2BA7FD0536F14888B62836570D4FE7D2176A5F6D6D3A299D99D61D8F9731AD15D2FDE38DB42991580B4954E193BB4B0862BA680CE9C2DCE855F3240564CBA85040367C3E2D67987A4B341DB845AA7F40E0AEF750024C7F868C1CB0F3D89
311
4CAC212AFC2D9B85BC89416765B6E9380B66FA59958B16412BE05551525C1C7155BF16CD8954A7AA7863795272B6AE46ED5646457773357A017E79A684D475878F474A70DD751D6E5E0E04537AA89BBE6FFA277261795AE6CC8725FE793F127306E4C53DF9B27CA3387B776EDC05319442CE8E5FC00B9627E24FE87556FF08
311
6D6C20D57E70DBF0C0CB18E84144E3D4601C8F7AE34C6DF36F504B010214001400060808000A4CF84CECC1A06F17010000A80100004F000000000000000000000000000000000037393638373537462D423936362D343134422D393236302D3736423544343741383532442F4173736574446174612F446566696E6974696F
311
6E4974657261746F7250726F706572746965732E62696E504B010214001400060808000A4CF84CEEFDDD74EC0000003002000045000000000000000000000000008401000037393638373537462D423936362D343134422D393236302D3736423544343741383532442F4173736574446174612F496E7374616E636550726F
311
706572746965732E62696E504B010214001400060808000A4CF84C88E57597CD3F0000904100006B00000000000000000000000000D302000037393638373537462D423936362D343134422D393236302D3736423544343741383532442F5265736F75726365732F45353438373546442D323230432D343537372D39334431
311
2D3045444144453430333132422F7468756D626E61696C2F302F67656E657269635F706E67504B010214001400060808000A4CF84C28BB58AF800100009E0500003D000000000000000000000000002943000037393638373537462D423936362D343134422D393236302D3736423544343741383532442F536368656D6173
311
2F436F6D6D6F6E536368656D612E786D6C504B010214001400060808000A4CF84CE336299B9F040000341300003E000000000000000000000000000445000037393638373537462D423936362D343134422D393236302D3736423544343741383532442F536368656D61732F47656E65726963536368656D612E786D6C504B
311
010214001400060808000A4CF84C8DFFFC99640100009B0300004500000000000000000000000000FF49000037393638373537462D423936362D343134422D393236302D3736423544343741383532442F536368656D61732F52656E6465724D6174657269616C536368656D612E786D6C504B010214001400060808000A4C
311
F84C9D53B26251000000570000004700000000000000000000000000C64B000037393638373537462D423936362D343134422D393236302D3736423544343741383532442F4173736574446174612F41737365745461626C654F66436F6E74656E74732E62696E504B010214001400060808000A4CF84CC55C663656000000
311
6800000045000000000000000000000000007C4C000037393638373537462D423936362D343134422D393236302D3736423544343741383532442F4173736574446174612F53747265616D56657273696F6E5461626C652E696E66504B010214001400060808000A4CF84CAD05D65A37010000A20400003600000000000000
311
000000000000354D000037393638373537462D423936362D343134422D393236302D3736423544343741383532442F4173736574446174612F636E782E786D6C504B010214001400060808000A4CF84C6052AC5AE7000000600100006700000000000000000000000000C04E000037393638373537462D423936362D343134
311
422D393236302D3736423544343741383532442F5265736F75726365732F45353438373546442D323230432D343537372D393344312D3045444144453430333132422F7468756D626E61696C2F302F636E782E786D6C504B010214001400060808000A4CF84CA233C2345D0000008000000065000000000000000000000000
311
002C50000037393638373537462D423936362D343134422D393236302D3736423544343741383532442F5265736F75726365732F45353438373546442D323230432D343537372D393344312D3045444144453430333132422F7468756D626E61696C2F636E782E786D6C504B010214001400060808000A4CF84CBE89762363
311
000000880000005B000000000000000000000000000C51000037393638373537462D423936362D343134422D393236302D3736423544343741383532442F5265736F75726365732F45353438373546442D323230432D343537372D393344312D3045444144453430333132422F636E782E786D6C504B010214001400060808
311
000A4CF84C538D9BBE7E000000A30000003600000000000000000000000000E851000037393638373537462D423936362D343134422D393236302D3736423544343741383532442F5265736F75726365732F636E782E786D6C504B010214001400060808000A4CF84CC386E4E30B0100005503000034000000000000000000
311
00000000BA52000037393638373537462D423936362D343134422D393236302D3736423544343741383532442F536368656D61732F636E782E786D6C504B010214001400060808000A4CF84CE3603EBE7A000000C20000002C000000000000000000000000001754000037393638373537462D423936362D343134422D3932
311
36302D3736423544343741383532442F636E782E786D6C504B010214001400060808000A4CF84C7E8E1DEA7E000000A30000000700000000000000000000000000DB540000636E782E786D6C504B010214001400060808000A4CF84CCA1DF9C9A90000007301000013000000000000000000000000007E5500005B436F6E74
311
656E745F54797065735D2E786D6C504B010214001400060808000A4CF84C3DEE336E64000000790000001B00000000000000000000000000585600006175746F6465736B2D64657369676E2D7061636B6167652E786D6C504B010214001400060808000A4CF84CF2BCF8EEF800000096010000370000000000000000000000
311
0000F556000037393638373537462D423936362D343134422D393236302D3736423544343741383532442F4173736574446174612F636F72652E786D6C504B010214001400060808000A4CF84C4AC24290F40000008E01000068000000000000000000000000004258000037393638373537462D423936362D343134422D39
311
3236302D3736423544343741383532442F5265736F75726365732F45353438373546442D323230432D343537372D393344312D3045444144453430333132422F7468756D626E61696C2F302F636F72652E786D6C504B010214001400060808000A4CF84C9272C9ECFA000000960100006600000000000000000000000000BC
311
59000037393638373537462D423936362D343134422D393236302D3736423544343741383532442F5265736F75726365732F45353438373546442D323230432D343537372D393344312D3045444144453430333132422F7468756D626E61696C2F636F72652E786D6C504B010214001400060808000A4CF84CD61DD4DF0E01
311
0000B10100005C000000000000000000000000003A5B000037393638373537462D423936362D343134422D393236302D3736423544343741383532442F5265736F75726365732F45353438373546442D323230432D343537372D393344312D3045444144453430333132422F636F72652E786D6C504B010214001400060808
311
000A4CF84C66E09FB3FA000000960100003700000000000000000000000000C25C000037393638373537462D423936362D343134422D393236302D3736423544343741383532442F5265736F75726365732F636F72652E786D6C504B010214001400060808000A4CF84C171CE312F700000094010000350000000000000000
311
0000000000115E000037393638373537462D423936362D343134422D393236302D3736423544343741383532442F536368656D61732F636F72652E786D6C504B010214001400060808000A4CF84C5BABF19001010000D80100002D000000000000000000000000005B5F000037393638373537462D423936362D343134422D
311
393236302D3736423544343741383532442F636F72652E786D6C504B010214001400060808000A4CF84CB6222CFB07010000B20100000800000000000000000000000000A7600000636F72652E786D6C504B0506000000001A001A00210B0000D46100000000
310
504B03041400060808000A4CF84C000000000000000000000000370000006662782F34303531304434462D314632462D344445342D393642432D4346423337344238324344332F617474726962757465732E62696E504B03041400060808000A4CF84C000000000000000000000000350000006662782F3430353130443446
310
2D314632462D344445342D393642432D4346423337344238324344332F76657274696365732E62696E504B03041400060808000A4CF84CF270F1330600000004000000360000006662782F34303531304434462D314632462D344445342D393642432D4346423337344238324344332F747269616E676C65732E62696E6366
310
60600000504B03041400060808000A4CF84C88E57597CD3F000090410000420000006662782F34303531304434462D314632462D344445342D393642432D4346423337344238324344332F7265736F75726365732F322F305F67656E657269632E706E67355B773CD4FF1FBF73E71C0E67EF7576C9DEF3EC995D46C6A1EC50
310
46649CBDF79E192942562825CE965D8A868C2842C8DE9FDFD1F7E7F138F7078FCF6B3F5FCFD7EBFDFEC41B196891913091804020321D6D7513FC77D8C5070EC3FFEE51B21F068154CC75D455CC028A3EA68992803810109FDDE5D5CEC5521B28A1B422BF80741695D5B529DA1C2D058AD2388BDA9F476F7C2CADC939304173
310
DBF48A452BF8A700C0C70C3D121C1AA15A5270C22E2B9E28763651F7DA0D12CE11077B2ECD0D560B5E3DE2368B1E65C5E1C87384A4CC5F2D9FB8BE39E9B77C753783A37998F5CEF1B4FEE553463245C9712270880DF339E0B882A6BA713D865F6F384C842D440934EF264F4A304F8DE4EEFA1E2BF5E2D91F5ADD9613D6E31D
310
DB33ED31DB1D7916CAF091286EA3D31B9CFECB78BB0060245B943C4C040119FF780A74DD308BA9D028678674EB5504ECF284EE814DAED07440BAF649BE4B55DA2890F4D73E2D489A59EE54FDB0A85B59F2F52C4858A02705C4815A792B0C4A996A2023ECB195073E115E3E3647F64243A8338F2000BCB58DA5692C7E7C3D41
310
3F963FEDF3CF00FBB0F831A9D51360FECA43819F527B89FA260EB63C5DA676830AA3626A3693B23F1A17A0DFFCE3EE164E31B5365EDF0C89EF64D8E38AB0BA9A1117D7C3A0EC44F44F4023095E80BA610DE336D0F99593A88BFC5306E72DF98F7FD132ED95878DF2964EA7E43071359FD83B2BDF9C6B5BDF768F0F3C0FC351
310
199526F53D9460A34511F75D1B63E488178569472C91A94497807A3FD4A390C6558F26D416365C3656DE6E769DA9D8FC73774E1709812842DD8EF96AED1960F79D21B395CDDFE6F92CB4EB962A4668C76990E2EF29798C8941D67DA50F4A5F947872460F1F6FDB794E8A29FD7AC0C0D6E0714339CE258FB17AE8535221E346
310
4A10F29A0BE5EEECEFC5675926A89F49EB14E5711894F6586DB5754EB4D5DA9C6437EBA57DB97A24F8B8A8DB295FFD73266CF57E82694DF5166DDF93573AFE9C9C5EB05F8FEF8E89E0A8917B0B3724DB7BEBB53252581EFC3E38166BA131A3A5B42FE2AD00A769BBFA4458D2DE7822F8C4F63D0B8E21B285AE13325F3410A4
310
35C648C9D91FDEB109E73CEDA7BC796961AF79175E1A3CE4C5E8B0D009B0C9E29EFD98BC8E97554E3D8D838424E270F7685226E5AC268E021EDE3522D583E8F20C0BDE2959EF5BBFEEDAB32FE9A3ED0E39F211A86AA9DEBFC68182EDED132AB8BB794442D2D7EA9F4D8BFF52BC4D55BB165124EE90A42D101E67BBBB292FFB
310
4F66DE5BF2300E44546757DA7CEF8932BFC9F92A0707953491A55C5A5ACEDABD9FA1AEA01BAC3DC5A24E22E7C47213493996EFBC369D086ED9397C9BA6C7F9855C7BD5E15BFC8C53DB3D2A4C5901A57ACD2FBDF4D1676E95338B2C2BCE65FDA4C64F5FEFDC7D9CA5AA1FCF11E193F2FDABF0F4916BF13FB916A224380E6462
310
A9815F2300DC49CC4DF8D055CEF76462F4B7A7ACA7365C2707891370BC1D0AA6203C44CCAB47084FEC057F27FFCD57F89B8B9852459798A675C66BD7CE572CAF71FF7E6D7ECF7BF62CAB7B3F1107DCD04DC55A3F9961700286141C94A4F771FEB2BCDA2DDEE0CB0BAE402FF1DB0100F8E475DFFFC074DDB4498AB7D186A765
310
4DDB1CB680D703D47CEB4E72F8CB13D86A4AA68116E26387B93FD6738779B34FEDB8E517EDF2BAF28D9BE93A1D3A164320E07D42E514725C29515FF361754213EDE06B079A2E99EB1CA82A02019EADEEB87B9AF005BD04BBCECB14AACD6B24EFBE482194A97DD32400685FF1FEF1544D1B14EFB1E7F08E6D2CD2AF52DE757F
310
35F5E62332EE88EA26417AD5C3E0E319D68F25414E6D672BD4522B278C57D18F0113921C71D96527E091F00CEB15AE23D24667369BD3CEFA10C7549D930890BA4366F4EBC55F01F746109F98ABCDD5A3EE06619C6AD78AB33E48E4C9BD21BF7478B385EC05C4F8987E2C1BFA0A60EBEDAA0AE0B015C2720ECE180FB6F2DEFB
310
EB822D96338C9B63822183BBF52FB664A7AE57003AABCE512BF77E7E31BDA2E739AC4C131657DDFE5225E900FB56CC01CDE808FA4A9C9DA16AC679656BB64796283D89812B8F91136AE18EE5EBBAF47A73BE3C153EB5D4CD491B4BFB4FE690A4CF9ABA08C0D8AA64220C438C96EA6CA80B58FE5761E697B3A292EB9FBDA502
310
FA863E49FE694ADDFFF9D62C520BDD1A22014147A0903A05B9B729F54272EF83931FEEC057BFF8C8055C279EAC5C0011804828734024F6CFA319C9CC6867C727184465CD9BB7ED386AFFD96B294A85E3802FAE47244602D8273615952B98C4F23F7EAE4463D9D638EEE374A20959E0FE519C4CFB0FBFE5DD80C2AA3F9DB961
310
D1BDE57E67C9BB47B77FDD74EE3094F5DBBE3EBC1FBDB7393F5116263009E2EFE1AF9A221B2AE234C902BF70E9F280ED23E73908361565964333A3F01D0B006AF32FB21AA1316744B489D5A198E85299241735BE559675130955C902A8ED761FC0DBE337A9F91919AF5CE32AF902ADF9AB2615E00E8A94586BA1A90839B618
310
32FF1BFB76D2EFADE6DB1BA04CCAD3DA649E7E2A0219F592E22F2AD54847EEA8E42271011E9074F8F3DD9FBA6CDF88FFC9FC7E811AD1CA8F4557CE4AFC7BBEDCF0114A48689F20A584520C74DA8127124B767E2FB91A6B186246727BE63C9445BAE02088D58B8EFDC0F1072407CD9B89A13F6303B4A928F593AD489B58E686
310
9325790ADC406036C591729FE14021F94B7796BB11848D463536A092A26F077F94639F7CEEE2A724C66EC885F4A24F8B8A0AC321F8FD149BA529460FAA34E4663C02D41FDF80BCA222D42F0ABFF8490F4FA74C673807C2051D8E467B47B616072860069A9A303ABA9B319D58404461401B0A0F9BE5E1E151C14BC33B32ABE0
310
3DDE91708DFAEB15E7C0D593C86BB7D7EC17BE56E57975F077BFD5525F3A1A361D584A75E08CF29FC7B44B2B3085014F3A5A14517377C3F6B8F37E59514C3B12F8AACDEDDA4DFC49BE5710101534CD6FB6DE15B50F11A09472AABA727F0C49D9CB906B158030065F48EB3625E010CEC1D511D0053474B11E6A4F01C0D6EF1B
310
ED3A944FDEC70E0DDCDC756C86545910E0DAE3BE3AA9A404574C2995CD5CAF9549226BC94B4F4F0F5F9086F418F6B32346464610D8BC7391D3C3A3CCF04CFC1FB2A3A3170E369511868F14EEA4E5E438CC73DB1F3248AA94B6B2FF33B222FF3D1E7BF146CAD229770158063BCE4F5391964DF62F7E52A7BE0EEA829C9E13C4
310
C147D6F93FE59E111DAB5E4594D6F3CD1AD375EE039930EFE5AF2BB2D41C83C7DABD8C659BAFBE8FAB392CA634F3D15C1D945DB4588D2B0824A4EC928AAC565557CA2F0DAA588CA5BE30B3A8004F7BF005E96CBF891D7F18112A3619FDF530DC8AA64954258E1811789B5189B49B4EB53F5F89F7D37523894F3EB57B373763
310
C91E502F52CC99EB7BDDF933FC324C4FFC2561DFFA7339FAFDD0A4BFBE6D3A8FF9ED1FC49898139864602458968913181918F719CCF5A68B2EE9C1FF050E34E63107003B8120FA982C21B30A874E4F5E4B38D5A8290C4B8D9BE48A0BE31EA995BDC37AC6DE90BA17D259DEF53605D55922FEB1855D915B659FBEB350EE0DFB
310
2F9F766E1C84CC8964B75D08667445EAB966015F63A18A9E0A325C1B3DC628C0D3CB60F767FA93CC65F25458BD23C3B312716E5F40E5858AC06EBA9AB14F95DB99147B832069201541D09A0D856E12C629CF32683760EE855537D1901988D5EBC156676C7DD51D7207CF3267AF1D76C2AD867315E44618015313A98B19941C
310
696FED3461CAA9B5415F918556D7802EDACEFD6B2E45853A9735DFC9DBF7E440F9319F8B6805A973BCCDC76C069A9144E51F187EDCC12FC31B5DEAAF0A76137199B106EC84ADA6B6EE697D4E6A96E007417F4E880E8B1E89B4BCE9D81EF611E2ED8F0C1A6C25F620FAFAAB656A7C42D464880E8AFAB0E0FC8EA38CA9A8AEEA
310
EE3E4648BA4680270A89743CDD3E6C6CBF34B7B640EFA285ABC7EA0A1E28F3CC963D114A80123EE66D0AF7D5380EB41909B605AB4765B709B808590458157E69BA1378FEC4B48CAF6A730E3BE3C5EF2DD1A5EAF94B1DDE50CEB55DDFD7EE9A16747FA4B223359FB1FCC69E1194892BABB93A1D5C4E807AC0EA2E30180811E7
310
7A2291F6E7F7FAA5E0F60215BC6024E48DE436C511F0628B8CA189982D4D83CCA17D305A7E923C37941CFDFDCD93ACAF735EF5F0E61BBD3E6C41A59B242790D3A3BAC7064DCD89AA2E37214EC839820949D5CAA31E240D2948E48F690298974A96BA9A8432BC90F5071D6537C9666EA4564796B7AFFFA548077BEEA75F6308
310
3435074BA182F3699557397F71548383FDA8CA34D99B981E72835ECDA5DDDC151315173D05A21F651AAF8524E88209E2E7A737ED1045800CE3390050BCFB8BE588DF111617874C62575039CA588EEFDEFEFE319B739DE2EDC147092A262611E159650E787917885EF08F1F51B8F2D8A71D60B58B190FEF9541A1BE94BC19FE
310
A50784DA1419FE4B0FB51B8D36B5FF8E1286FD8AF42B91E59A5F1CC4D60174E764045FD8C57B18209B217F89A62252BD20BE0E63E12B8E8F029FE19E0E8D0870F58721A557082250D5424F7909369376E41666C0EE77CD87CB283F661D5FB6D0DA023CB67320A20DC7BE661E9E1BFE5463085C557DA1FF9BE835733766C3D1
310
39F2CF9E2208873AD0EB4814DE9E6BF2CAF81614D4D43906ED1C05A3265CABBFE192770FC2F64F940CB6B17B5F166F133C9AEEAD2641807C3E69515171DD74C4A85311513D6EC9530B3B601B6BA3EBFF3B5C3D2F7D69765141E345F75433953D013ADDF8F6AA7DC3F4A7563FE5C7D367937E2900D7EAD0F9FC9A4A1A9B5BDF
310
1FEF08532660C01C5D6DE22199AA774383E306DAB87E301ABB7D213887F9869D4942D0D71E94B27EDF216A318BD488D45DF84529EF575AF3C3938C0AAA0215B01994153E2054A0B894DA5C784980633AAD48576957CF4AEAEAFADC7C587368551C73DBE1E57C58AC713303A8BFC258BD04B51724459FF9E24C03A81E0E0679
310
CEB9B348C0DC998FEB9C6D6EFA77D247CC8F92D3848599ED89A23218D0636465AD1CEEB7DC140D7426F83491C4E8E8281C2FB35240918FFECE880CA2A42D70E8B20B34DF5221C7DB0CF90ECCB9C745B37A47E9B716FF7A97B7A252C1F3814DC7B1E1A7F72B8751D524EF7CAE45B0C73B3BE7D08ED39781B380DDFC9AA4A474
310
9C9493DB5BAD07A6EA6C092FBD0E85DB004DF06B8C9D3089C5320187E4CE1846158C7EA7DDAE8AD9AFFF21AA3A1026BB06A259845E8232DEE62811A4DA9CEAB3A4887320B76E2AE5615EAB7BDF738CBDD01F1E64064BC13D9EC53576751CA8CACD58B3CEB0E6CA585BD089B2A59B9FC101403387AADBDBE70586B93D64BF3A
310
D4453EF9C3B6A93817E8346991798601344F79A83C51F3D50F7BF2683A3605F51A72449489E0EE6169C749C60B1035651103AEE24D24E51A759C840DD3FC6504DA6FE107510E447B43461C79D22970B75DE5E1BD3007D1AFC619A4A4A69B5626AF5E9B8374E20677F77E2F8E73DF868E8BEC7EBA7B6A75EEF7205E1AB9486C
310
B642741D6E03FF13FCCEDB1C4AC129886268B01CDF4B124AF797CF784F3C6DEC97A17D4B558070A0F1C04DA4FF9BDBF34159AEFE958479824B3F58EBD1E19088A2AFDE501B6F2052368A3FD0E650A179EFAB1561E1D27527077136E652676C3670F42DCB3352F48F6BC86D2C3B0051727E41A0A4DC6CE2BE9D47F5CAA2935A
310
3C0539AF080665997194ABECD723B08129CC5B6B21D2E7D54CD4D12610E7E9FB8306771A89576C7A982002775ED44F3F744CF21EEBB27A631671D921938AAEE3EB0D19CD1E083727F607823E817BF599DCED5394E37EEBC2E88782E638920CA641EF74D4CDFCDEF06F4278ECB18E31E7E9876F2D783C8BF429C75395F57E98
310
C2B495A3DA077EB3AC3C158608B6B57FE3EA48484D9A480096FCEE0DE880950E7E5A5714131C5C41AAA29FD19AE81AC145FA1B9E85C7169A5AB837B213493DF7E9AA4B5FBF9CDEB36EBD21EF1181B7CF7366AB2A951D01E37AF4EB835D1BE8C117CFBE7625D2EBCDB0B20C5A4B45CED0BCDE3EE8DA9DA78C2E21DEAAFFD119
310
7E463C33CC6A80FB785669B856EFF7A8CCCA2841B5A5369173320B1170C368B2748D81062EA0296E5E2D95D7667A4A46D98A6FF475C76AAB0A8C8D45E226FAFC9FE0133EA9F60111F99CA81ACE03A1D14C89E8B0D69079C91464FA1D99E651D0EAF606F345C42A8A1AA9BA391031582B96D5B4176A77AADB01F12FD298A75D
310
EEBB2C82F0B8650E880722F8DDD90C56A7A058E5FDEF1AC93545BA27367C76F5D8F9690CB6F8DAE141EDD7971F0FB548A2AE435F224D6E5954CA155512F7332029D5A1230854B79F258EC5FFDB09F5F6343A8EB193229B7F7E79B3E48F8E183860B38C8269D1B53738FF1E0BACF6AADA6D4869E9DE708E79B5DADCC09B1BC7
310
6F649731CFAF59A83FD8BAE4C749D66FA87A3810D4D62FFE826FA400C0F325D2BC0F3CA35F5847B82A2ACC7961745C823E4D863D54460AF792CE6F79B5C7A33B25C3AEA6CDE15A919B6367D781E9D44F61BF828672594A3E1D9EDD6DF179A81F27EAC05B936575D73E05C209DDD2115CFB705DF9BBF3C911589B3640735E9E
310
618FC9C36A7326C82B2205E244C55D56FDB9D5DC93CE958D4BF8174D2B3DA54CB3C09F2C2A6DFF73D23B2197355761AD421EC581284A7EF8DE2CE3497C0C804D49B41DFD6A7360844E5BEFFB495CFCDB97A4595911CDBA623274CE852B5E278AF0BEB1770E9D37CD977B2766A7DED0E94B840E1E95E8C77DE5CB6354AF7871
310
427C28ADBEEF7BA0A28E19DE9ACD75F379FE373EAE6DDDAE3834692F9C2B03B4FCA8FCA9ABE8EEEBEBB725B88A7C90941E850682CA04061A7DF0CE82ED49BFAFFD42C309818FAE14755CAAE78B0F73243ECCCAD7DF58FCB9CDFAE7A4D3E6671A613639130D056C8383C8F4FCF4808C331E544DD26E4755D09EA05253B3049A
310
1E32587CC25D72E073E2CD96D04A71BBCB0038FEC3F53D254199C3CDC67CD66640269431860225392B2CB3ECD0B4498AAE78BA1994246AE1EE78F2EDFB79F6C6CB6B5E279C4D373FBC21CB2698C9ACBBEB6A4BB6B39E16AB0E421CCBFC7654D81ED86022F9BB522146F9F4772E2D0E4FA70120C95A85A417BF5078B232F475
310
4363EB1750B2AC2148EB46B1EA72AD9B4D23ADCBC589D70106C3EC2ABEEED84DFE28E718C6C83502C28E9FDD3B09DA0A6F6F7B72B706A31C9E2A331EE70DA56A083D2177BFD63C55B11D8D949FAFCF90B23A1E24B9B5018B9A17E99F2890EC302F330FE7936E2C23F0D237EC8916F5166AB84B62A21BB0B950146962D754F9
310
2CC2C8877BED8FC7B7B25726DD19545392570B3A2C66B58F027BEF412E552D12A588C4A3CC5C3193FCB3485EFFF700D0B9EEC077754A33DC1FB9E25AF814628F91DDFECB667D3F7690803F38D13F8AE39353523BB08FC6760144AFA2CE28236F65EDBB3D5F59A57D612B99E3D7E5F8A851666BF9B5A6658EFC96EEB37A378A
310
BB0EB3FDDF1303AF32C41BD1C8560745D7BD81066B0D6313359CF488563D3BA3F8E2185D1FAA3EBA1397C9D0E3DD232180A4DCADB6AF25DB3AC3CC26589C8239E66E81547BC7E2F328F9884764CA37EB5DBE390DFC03A5246B456A7C3684C4377D0EEF9A350680FA9A077E8B2957B489E09AB1AD41316944C2254B5984830F
310
691C93CAA767EECF976FA5647538830B5E63236A6F0365C1E0F3E327F24FE35EDDBD7360B0F7374837409F7A6311BECC12B7026D4FA1AE204FA3F5FE904B1F420C7A9044AE58E403E7C4848E7DA25DC9EDAC79DD756FAA26B9EA83ACE8A214A2612A22AFA19DAE7DBAC5F8CDE1292A485F98DAC731A29FE01A3966E96BCB9F
310
B5A4C8830E1B9AF0C54B87FBE221A097036E5D28D1F869F810C06A9BB0AC0612F69AEBAF893C6E7AD59460208BAB3A6B09CA4F6BDDAB8CF0D1F84B72487498395A70DCD754796E271099A567A55CF242BBED64696378BB6CF25EF0FCDB589F3A82F1116D010A9AB9FA4358809EE0C973A2B4229BAA876A70B03AB49CBA7FBE
310
71DB1832FFD32F9BF2C8E98075CACAFB36921235D0F552B6A67E94E094097A5D7DF681B40623DA535ADA7A9AD8E9A62407D7C9A5AE51D62A17A83A23728DE86BB56115804D3F2675F2C6B87541A0FC497BF0CA86420F558C9859EBE9FAD62747E323E3AADC03FDCDDFE7407B09DA90B44E3185723C5381EAEF589765E2F7A0
310
99BA46695BAD60CEF3491B8A171F5F56444F7CE9455312C3498C74173AEA0214EC029833B34B650CBB5A5508D5091665309642791708ECF27CF11DB3D797D6CFE474453BD4BFADB768094B2147814D81C7CBAF8228DCAF5564B5891F5EF6A860EB2E323CB82AB868D8EA048880D63B0DE5341F1B3D53297B928A11E15F25E5
310
148990F710747C3509ED14909C552EBE3973246FCE55D00564D8310BC3EBC5085D08D806799B77D6C57FDF5E55837F9E934F09C03C729271B64F12D0A9F9E938107CAF7BF1EC8CF1BB9B42363D33070F4CACB425E605DDB0A34A12BB936DE286B9887A4E2E558F0886498BFF49C311D96C277CF6A9FC0D75AD0ECC5226D7E0
310
E3572012E56D7FDE4410CEC7A6D0F997F225A2055B8B92E3956E875AE4993CB3D4C9063AF98FD45E1BAB165640A43439A2C9181A7C355B297C0A0CCFFAE19B6FA3C2BA238A885FBC98B8F6DAF4B94B97304878DF4D8BFF6A4AEDF79E90ED4E68F00CD7299F4E0D83E35601AF0CBEF18C1E870E74758FA91F5131075004DB3C
310
FCF09AE1DABC11957FD9808C92E8A678CE9DBE40DDA0E0D1D505AAFBCBA208232BFB6FB3704E8985E61ADE53DE74152F5C7DE74B1DEDCD37DC3E8FB30D7EBA8B9EFFC3606BF90B8D438279CB7709FC7C00D327F41817EEA71CD9E49FE9C8C9A81C70915D9F0F15958EC5AA4C3BBFAF46986B90F188BDB24B89DE3C6F29EC3E
310
6F66D84856EE96A35E657CA41B41EFD8DBFA16AD6E91439EA92B40B21C053249F51AE50EB0B24C770FFAF40DF12C8436366819C48E36547D4E7B72FE2BBF10828583057814A668BDF183F6B2E58DFB151103E56303E63D00F39C27C4661605DB644D19175D02E3F0241E8FC3458D17AAAADB117CE9EEA690D0DB01E634878C
310
04C2C9310B69FCAB831151E3AD293BEF6E46B0ABCECB50F5939B39C613D41E81FAE8D34CAE3C4566B761D37185FE864AC32FCB71AEF39DAA5BAB88609BB980CD2F07A8F941653B529567726E2B2A58D079DD57E1E5E31426CF184A04D7B03B985F276D47406AF276FE32E3328BA866EB1FD39BEF57863A317634AA5FE46740
310
9B3873F5069EF0D71AF00AD189D17BA1974ECDB2D623E9E14086386A6AAB5807825C37B015BFE892AFD154920EC437EB945D958E18622E1E0FE2FA06557CE4BB9BBD05A2D40E774DA2B65473791E314B7D6C886820B2FCFE4AA272B3B8B15E7344A145E8AF919B5454D89D36D413E87211186BF6F645E5EC94DCCE8E1C7990
310
22E4EC9BC86D7A0F2AFB1FC4B2CE48F84B3F49ECE65BAD24CADCC07EFF39AB06BE9E6B27A059938EA7208838455383DDBCFCD967DDE4650EF92A14FF933C975DB20BD7FEEBC4487576485963D757D16340D9599FEB362F775F38CA4185A86F74B629C81B133644A3B18FD056E997E0734F9BE26D11C0AAFC669E2AC9FC41D2
310
81F8B2E1C35AE27BCE05F3DA295488096688719D974DF1B5D182DB7792288697F8763CFB43562C1CDEE11C4AABD5C22B6E33F6F389CFC3477C5919DC0D533F8A7A1846B7ADB60ABDC26C43D0CFC8910B7C15EE22675BD02702ED39DB77A87A192CA7A543E6205B979B9F5A6B512A3CA799E198B2D5797C0AF8D1D872CA455D
310
4D431A7879D4DD76110B5FF7F4176B54477A9EB5E4A5D11214FDA585F0382751D8E2582BA5D2075053298FEB8F1537304E32CB22C2E2B693DC0A760B1DFCA751BDC445AFDCBB12820ED85F6D5298933C7EF1211E9E057684056CDA3FEF3BB6052355E162DF27C59E965A8DDB7F9437EB72CDDA3A090DE65A5B2F50326247B7
310
EC67B73ACC7047FC9B353D6EE990F772207C6EC52B39DC2F3C0754821DAB559F7C1809C7D0DD5B0499D0442E0A6E391B3D5DB46D11E731E6794EC77523FBDAA242ED67F9FA1FB684255671F63C9BCFE6E7E896D51001A6113EF2298BA494E0B0980D1FA5B9D60796554C02256B1E0345FB7C6186B6A19D2DCA270416262845
310
FA4F42DB5D9B0A0B6F07FCA2E56C242522E001E0CEB734AF310FC8BFB57E38E03AACE93B3326A2197891E68452B26A6307FDABFEE0223D3C03C3C73D2D5BC054C8311F12004CAE488E5C29287F8156A2CAA4AD0D7BE6B97264E4139F437CE73ADF52E5134C52B819777C18B323A5924E4F67AFD13B1CDC3A61793A79FAF5C0
310
CEB718E441071E797C6DCCB9EFCF7E4A1E9F3DF3C2F9C9E8294E9586868788C972857FB0556D7A26941A7EEB9B580AD78EC40B85DC906B4120A563CA3B87797ED612D3B035962BB75F6515A393F4CB057F564CDF54F2E5A024514E6A1F901DB80C7E70B1FC05E356A7E72FABF4775B3E3FB8F70A2A8E7B6A94542BB3041579
310
78CCC999E707A29CC795E67A59CC546A5D47B368954CA7B6E75EC9E1F6FC73CE3B4F71F8CB1A6B15923D61EAAEB14626AAA9D04A26EB9C66CD1BE86CA31A5D8703DE04CD1EBCE4F5CCB62F93909AD11E55799A781A956ED27D3E738F4538CB04ADABC7DAEF20BC35BA6A90BCC1DC61BA05F20D8832FFB9BC9B15E2DB838A0A
310
FBB7E0C82A562127E0446894F427794C3037186F622BF24DE1B00AA10A23BFA47B2A180D6DA5AD6F7326FEB8C100C2D7142EB2A0B2A9D1008A09BA343D70E054AB69E2A7EDB783CBD92537FAF4A44D1296AC2792729104B3276C276C951D0CF3CF3F1E6B017720A7B8505A5FF9589365979678C36F1BAF759EAF57C60F1FF5
310
FE9DCF5F8E764FF25A2D06CF25117A8FED51884C13B2B750DB0E4F5E3D64124FCF11F0AD8F1CC3B3DA4B38ED22BF1CB2585EE6BFEBBA63FBFD44F9537B9B37BDD6B358720F98A8125AED4349CCFEB0E135F19E208A04CA7E2B10711185D72E381F448036EF57C9F874E54A971CA37A639E986AC0226DC5AA00D5B14FEA9192
310
234B3DE617814FC221C92F33F1D392F297731B567FD98FD91D989379AF567A65B8ADF177591DB90FBEA99BF4ED11B16E50A0AB1DBF1156D034BBE04D69D08F939D8E92BF525A1DDAFF80ECBC95D8F45D3FDD289FD23F7D8B452F8EBB34EC082DEEE68E18EDDF072060FAD2AB1504DD4879BF67099FC58F6E9DEFBF645D1633
310
4A3E9A127C6F1AF6132CF287E433B43A0EE93812B4AA0B194E03EE3FF91EF9C6ED0074A2F6EB18A96A7C9890B1FCDA1F2095E944DB911ED54C60DF16FB74C8CE9BDC7C54C4F14078CF73C2FFF1F1BBCCD7CF64F71407EA1683DBC410D226627F66E509060D5C0AFD611DE681D509DB8DD12FB1265B03C6F5C55FF4C30BD941
310
87FF692B4F152982502F193098A789526A038AB529A52BC0DC4FB6285CBAC10A8B8DB75DCD9BDABBB221E27D1F8DA9F5EE5926A1C8AA9BA9BC09239C6A7F12914EA3B59EFF7AAEC3FFCCE56F1C5C2980AD072793527565E774F4631DB178CEEC691B1F367BEA0CF2907E1D6B854D527065979DDEF002D8B2ACEA7CE21AE297
310
737EDE1D45B31233B73FEA35BCFDD0B09721FDBAF6432681F2FD10C3E9EFB246FD6E854B344ACC9D8A0EEF876A7314B49B6A499FC650B099D650DBFEC7638ADFD245E2B7839DA5AC5F7D5623FC0ECEEC8653FC9B2BDD1AD4D00A566FBA7186DD3C9CD26512551637498CADB950FEC71ADB9A5524285DE328B8EC7EC75D2345
310
AEC6A27C42AF6D9B92155315C80DBFCABBB7DA0FAE425C4FB896B15C9BFAC4FE67DF5A23D30C93DA4D8F36FB15D100050DA6062E22AEC5F4DAC4F6FEEF97AE05DE63C6D38F9E068A20BC5E3B6BCD75320C5090924E7F93640A7735B1A43451C2D91EE62C6238B797349E59890AF3A520DF4A87095F3ABEC2E61F0593416CE4
310
6CDCBE0E00E2523FCCD04408588B5B6C9DB6459C786CE378770B54F51DA3A5E1DF2A3349BEAAC234A6CF8993B598B3B25B4B113E353A4D750FA7534749430F3EBF2512E7EA3FD43C6AB9A1F765A58463B306721A15D224FAFE8C6F5E3432D57EE697DA0DD5A9D4866A8BCCAAA9DFF1F06047851408FEC060471D0E3EB86BFA
310
F46E4B5E60311DC3E3CEA147C75CF971BE74689507154FF2D2E92F15CDB2B9182B11459FD8ACAC5A85F174BC94A7F4EE4C4F5CAFA7C02E37BF0BC77B7DCD0C047BC316F562A01A441AFA7931CC84A28CB9F4AA367EB515778F29BFE61195FA671F4352E5E46E3A64773F1F76EE5EB36D7BCE9BCEAD837A4D77F8DB8C92AEEF
310
6711920D7C7D0F76B0FD0EB7AB83724CD35BCA7D36DDDF5FBB7FF6F04A91F3E2BB3B8F1A43CD659639507FF6331C5F697BCC782AE57D757A27D97F1AB9E0AEDB43F92F1B2AACDF5FEC8ADBAF9F814E2027003BA2F9E144B1938A7A04050AE5D953B82C45619165C813A10E76DD6906B3C16438064D14CDA713AEC420034613
310
E1AC7241904A49FBF87409AFB1FCB9B72FE7933A87D8FBEDACECE4EDCF6A4FE9FB94D5DEB74FAB7CFEAE17EE965DF980DCCA2D04134994F9A2E94D2265DA4FE6AA7B7AC15FACAC2B5ABBCD7DFF542C5314FDAB2E1B9D8B65220B8E2B638BE008E8DCA22678C820C5053664D15E89F2D735B51A84955E81A443545E9FF787BE
310
0FA700A76D136C27DA179A7C6E8939E01BE756E19CB292798063D8B97F44E8A27BCF3A614FEB8BE974A718E86F7EC99B53CA35FA24F61F2B07266684623A3D4CF073E511F3A10A8FDAFAF0078C577F4DF9D339FE7862E5FA47CF4344209E5BF76D783B1B48E152AD281B15FCB934DCDA49CEC5706B1EE8B460F435324A5CAD
310
154725E21AB8044B75A557A79F6C807B9340AA3D92503E866F4274412926C8C504E4D5EF8C0E68DD0B028781A6B4054F11CF18941F101C57CCC796773ABC8DED9CD91FE5788806C05E548895354AEAC96546D55B0E94A59F148D061F42AA398D822CDECA4CDE79E13469BDCC44FDC990F366BA5978C15F97ED80CBFD73B0CD
310
9B8B83A4F6845BDFBFAF034019473FB9A63BD55D3A4A7284757071574029A4D016DCCBE95DD679EF3C4880BF169422F8C89B68A988D2B13793CAED4F74DE7486C72DC94DF46B8E93D8E02EFCB1FF9B3BA10C8AE7F653DF94F4AF466CDDCEF5776687F7C4C14B63E4EED1719DC2EC482D7DBCC7AE518CDE3D5FF86D39000EC3
310
673C0044E1D308BF05F74D1B5F033A7D1BE7F74BC55BBE3E4A20F920946CA0271EB17BD2B80E5660ACB8A29A79F5E4BBA49D4D945B6EEF4A7EFEAA65E5555BBB57A7E15D2F83C69F30BBB978D2B39F1F26FC097424D39BB33CA3D87ABF64E307938B685BAD44F71556A30B7E712CA4FE600613C3E554B69ADE949A7CFE214D
310
F1FFF05CB82151EC6FC31950239F94CF7AD39DC473F6EA356E5EC2C4EFA04383CEFE985A127484366FBEE3C0EC4FEA363E4F6632AE781392FD45D67B63FB8DF70E82734F431FD3443172A0E30A83D60982D55FA6A2CF86DBA8382502ACC6CDEF3B907982EED1160E14863FA242F9757347E1544275CCDCF71ECD5F8621CBEA
310
326B8BA884AD7F825781923E66971F04010D574C541D8427A438A37EEF8AF88240EED7362C953F5A81DE2D56109CDE2524EA0F5D2F87308C0C47BD97AD605878AB8589E17CA83930CB5E0DCCD75853D68B1AB136594926DE426C367428E9334AFAFF90ECE221BB5DC9E5BB53D2CDEF954EAA9CD814F0E5725F1965DD458E5F
310
8487683AD86B9D0076BE3EE91EB1CECC5331A67A3F79D8B27587C12EC2A6A70474749F27B4C0BBAFB94B34189E88DC18964BE4121B9137FD516C7755356E50D6714E31ACD222621EBBCD1CFF81D87479056A9DA0E0B8EA19D24CF937DA89F78E8650CCBDC110AAB6C4E46DCBFD0446BA9E2060E81F314AC2031E88135E5476
310
AC0160EF5C0DD2EEF1B8B5CB2D198BE9A554A9093B5F7D7E4B5407DDFCA1D9C152FD97F55BFFFDFE802954DFEC8995B983E28AC92F1971E28F531DC407A1280EB125F64A72E617EFB27DFBCEDCDA2D6F2BDADA36873EE46B9BE1782998C63DA7182BC383FB6FD15DA472B175D7E8B4FC88F38D6E07FEAA3FA3CBB8F6B449EC
310
F14D2175E5C5CCA3A42ABF24CA6C9395AF74535F4DDB38CB84F56614B0FD32D7E19CA5CF988DB4449C40E23DF2B16772594554579094450F56F253CD25EA7F77366FB1CFE79696C428BB64D5A41E986189427E5E4D7E2DAE3D5BB4972B3DC44EAABDDDD63A2264ECFA5C786EB0EE1FDC5BE34FA0F08376869FD1E61EA06CAE
310
15191135445EE8F0394161C3266A596AA035572BB0C8876180D8B9C77D307DF9DCDF7365ABDA6F3A2366436457A4DFC1F259666569A9E4A79C817BDD5610E5200FCE894A358EC72858D50EF67545DA81C6FACE3D457BAF70367E1E6BDD9A952FB4F56247F58F523B97E640246051A72F79BE42FFA0B3187F63097F91C48B86
310
8586F714B0EBD5A00A8412C1236E1298F60C72BE6C96B82B404CADAA304AE9F303176B14BA53FBC2D5E86377E35542019E24D97B96A49B2C0E5006E7795954DEAF5DA58958839043C6C70BD3B1B33B6DC5C31316D8A6923F142E26F6711A2258AF977DDF1F970ECC4F1F2B434B96D81BEB6E89BF3BBB3C7C8CC80505070723
310
D6D7D7D3C8CA27CA164A26024FED94B12A86031867241DA53D929636DA600F050BC40CE48B8BA03D69224720DEE2ED2127390BDF5E6EA64527BBD4C4C63FA76BB801FEEC0E61218EC98A8A86CD8313781617877E66692839B9468CF4DB8E50A73986E558E309C0D6F676F921BE02F1185454DC75B111572FF9D27D85EA14C0
310
5AD7271225B391C4275659CA4A43759D0BA44639BE4C30A84DB7F67A41399FB95CBF923B1B1672ABC807C1590557FB18D811983FA97F5E609516D62281D38B1281F68FC75528C35E4CD7DF0F7DBB5E5DD69C414EBEA2F4A5B241B996BA77AE6C772E367408C633EA3E438B68563EA8BE7667F3A4C4FDEEA52ABD78A2820F44
310
3B7914A15F180018D231E64519C56A12F6CA7C8DAE18F06F6B769DBF92329EF6A5D18FBCE600F36BD8E8198DE5CDAA96181F3A756EBA5501CEE58F497EA4F418A2B82565B9BCC611713C0B708CCA1F398B78C5F7D03B3437CC18F13061F55C7BEDADD5ACB1DB0E36D3CE47FF6EA1A563A57E9649EA5D14D1A50EAA45746338
310
1C073777EF1600607BAF6428A7DDC079D47A204EF1E1F1F0589FB054D45E02CE623B3823C317C601E589E22B1E88B448524B86A82828E32345EC18AE17214B42F8C41C6D428016D9BA31DDCB47572561E5A402E5BA4FCE55F78AF7268524AA04130F3A20BA5D1E9F9948EA48FC8F5314FDB35E21898198060034ACE5E3E2BB
310
CA34092518F275190AF65F45867FF0900AA4B81F25427414C372BF51DC29AA855C5428EE1EEDD6B849AD60F6E73475C2D2523F8A2772C840A478DED18A8C5C91B085F255DC4F54EA7AA8947354FD17ECF8FB3B4A0DE7B483CAF3A1165EE05BBA413E5C1FEF3DE1D6B8F2F3F3251C17D9FCAB48A9AAF63AC773A0E413BBC46A
310
9ADF84A566FC920E4D8C52C9769EE3301CADEEEDD92B312E02E2A7E35B7F1E7D203FE5A7D75578B06E99D0E46FFADB8FDA17ED8880390DA29094202D6F645F76F6F96409CDA05495A96E84B04A00D1A6C6C81D7F3DE9376E828CCF144EE50E364ACCE7237EA0BFB5607ED1AC3CFE73794E5B61739D14DF1743441B1AC98F00
310
ECEDE9E7301FA29755FBEFA68C91EF2B314CF510537EF1ABFC9A762496280B546F5EDAAF8A5B387D469FC9A878A92828C88608453ACEC6094DCA54111E7AD5B2663DFE2DD151B7F123B9F4FEF8EE36AB125FD7AD52A59B1B765B3E3F73E3F73DEA93875004D2AFFE3CDE9493B87A9904DD052028949041A91DC0E1BA47BA71
310
4343FD5B25E0A6A09503AFC17C790058A836A324FE31D7893512E28230332F153181C1E018E1124EBE1BA262AA428A518237D1EA7275E48C5C561BD19ED6912EDD8367DA0F31E40EEAE9683DA9257525AEA7B632B97119E17145A90231768A4F3B9120FF32E8319B015E3CBE26F1A754177D8185345817C096B0CE443A955D
310
13AC15E1FB5DEEA0239EC32A3C92241A237B0B02FFCB4F93CF2B02570C8D192E2F2A68CEEB42F12E6F8CEEFF46C251E22B4341C56FB08CCE550E7A9D6F4D6564B9EA52A83D5BF2C6E03FA19D2775E15A8A7ACF30A13C259EE7F5EF2AC3BA354F1500E1A07FC63FB4686E2F12EC69719F9ECF5FE3F35598DF2CE944008CE78F
310
0911BA5BE5D0A34E0098FF038669C26030BA9B300303039852A8F6F496341737CA7E0D2E3AAA36DE0A70AA7D9CA0D54D9AD84B18A44C9E625475E1C97B93BEBB38DCE7D227E67A2D00F531436136355F243D1FC0D712C5765754FA22FCFFAE97919161F46D6E61ACB37D83777B385889770B50765B127768443A5C4D3A4E35
310
A3151111F146B7CA116F918A049F1C272F2CD7976C69A0068773451659A97E0F4A08FE604C3FF6CE7385DB19F4D3ABC8A0D80DA8A42096AC377DB49382B36E270B6FA7570188B4B7D1DDDDA82ACA487CCA5D38BD3BD039ADBAFA4ACFF27809239B722081E2EB9F145320553D183F28471C388BC8814E5045676767AB58A8E7
310
2D1CED2CA731379515D2E533E4CF0B39DFC625F97AC4836831A4DE330E87A8126FA17EBE583D614E71E22A8DBF2825599743E0640037303E8E1B1E8EA4E1ABFA4F62907B5E4E0E5DCFDAB417C36C6848A2B8D15F1E505434C0707E16B1CFC2A1C36A42BBF55734F8F4301DDC2A5110CEE8C0747F69519265012A2174BF4E95
310
5ECD4FDE095A3ABC70536B7AD0B9D7892F81287D667C108703C9B66A221E9A0929D030008F77FF6F5D2108EF5706FC87A3069B976F7C9FC3239D13D283CDEA83597461079FEEE049B0F392889898B7D87D31F8D60ED7B56B91823A8E4EDDB36C6172ECEE42BD42B12CD67994FA0F0DFAE9389356F4CD4425A4B8AA55CBF7EC
310
D585C6A2C2316791E43D5C06841ADBB226A87FD61515FFBB0167B74E56BD7F3E90A57A97FEDCBDF483A0D6699A8C0849CAEB4947FAA90D8E332D9DEBD9F4738C37DA0CAF9CF3DAA68BCB67C420459C7A64498D6E848E5CADE92BB6901F607AA331104A67F7CD650EE169B1DAE94D2C31C2F993632259B6957E246EFE4C5481
310
107B07118607700040E5812A2A2A38DA0076875258C753F60E0F2662C748EDD5F3F3686B8FC3BD6FE631ECCAA1E8B1C1E565AD117E54893E79F4672E32F9E46B2A183DFDCF3EECB4D4D077DBEA0DA254D256045109670050129E9B9B1A9E4A11344D61497A992778095151510C4BB7EF2009B63AA4360635312E4CF668B7E0
310
D3D85A8688E2BD83B569439892ADB63461930D428E0DE42E4AC57CE48DA5CC1449530D8BD3D6A0F08DF20C8E8F570F2CFFFCEA286E30969B4654D498A58D9DA782E19FE3F002181838925592C4A1EF0B332D88B61A92C644547BED490D3A42CFFAB70E36D961F694F6307F72FF15A1C79D5B1B5CEFD353D9E2B52566DEC8F8
310
F09CB3E8359C0F68EBBB7898243E34E12A015B2685AB303C04D3A9E00671FF3DFF0A184E4A2ABEB2B666AF5B3A209C73D8EF29DCDB069C9F391EEE9DD0F74C7BCDE16F8F02E3B8816122BBEB50665775B600549D8BB33A54A6BF940C028118BC6878C79958D6784F9DEAA6E26748386FFAF8D0D0101E2847B6563F5D8DC1D7
310
8F787BE00E2C941AE12148D4A81599FE8F68D4DA5CDED75530ADE138240300EE13B0FC13A1687FED6774662C05A2B7DFB186732F0D7A93545D8B0A6390AE5054D9CB582DA846D7A061B3358B45E2B52DDE63E114397EDB7E09233A579155D795BE76102CF277F4DF8B188C4F2879BEAE3C08347124BF9ED23B128259FE107D
310
31E34A652F090B30B39E0D9AF917B76A2806135621A8A60681F16AF216514BBD02711585B5B1AE823F4B2D0369EA5B6BCB863072727FFC871CA6C9AB79A814D989057E9470A3D238BC87CBB4A0EA49AFE2B86F22E499793CAA9047080450166BDC357524561E258C77CB697F1ABB32562CF87C3B7AA12F911EF19FB3E5C022
310
22E887D08202A60A17151F5E053A86B437771088B4FEE14D652C43E8D939995D34545E12E2FF93D4E366EAD25F10CB7DED141563C3D0C447AF06078A91135FD4B9611583CB4BF3BD167F2399CEAB0E0100F8FFC305F00F1711717173138B4B48C83022295DE657EFEDD97F238ECA80F528AFB4F8D67AD4E2594B9A3AA86D74
310
87EFC313BA95745C186F0CDD84CC12DC9CB0424B42203D351FD9C0A3AF10CC7F388E0329279087386421F194F4A29464C1DEF7EF8BE515E4A199DCD5B909342598D8FE6A231F71336248D5CEC5454455C7BE383B3BC7B260FED27F703FDC39A170F3827239102F59D4DEE7FEF82EAA1A5E4BA94DCC4CC44E7E2EDE20F24244
310
E4454369D2E87C3F823F193FD4FD27E1C23984B01898D15ABC20711A8A558054951A6AE280096BA36CBA439603B7B0B4C45F248C14B2383B4B5CD8ECECE4FF859AD4A6CA2326D020EF090F4041D28DB66E5256B56232CC52829DE8060BAE6BBF37D4B7469B822454FE93210A3E8D15E69FFCF01123222611C51C4FD0A041A0
310
CFA2471CF6BE38D2B20FA4C3525B5B8B586759475CF80ADFE67A284AC24651E52B8E683D24C2622642F27E7C3C22783BCF63648BC398BD6CD0D9C97E7E7E3EACB6126DB7A6C1FD9F1031302EE67ED96F22B77C7CA0239BB324207559B105E4693EB26EC46182A92C9C0DBD24F29B31C5C5AC1F84300E0E17CEEAC15F5736FA
310
4A98971E2F1423BFCD68D4BBD5F86E74B40A369F39507C88FCDB35D2DD8DEBEA4AF999E23CF2816D204200DF6E611781B9884C1AC8888B4DE397320472959434323A5A36B22A8E1F721A270DF3BD65E4A31C11FF048AFB0D8B7B6881423793963A23CFCE935FC189ED36FAE35C46DA3574C979E4394BE52084F3081837BE03
310
3396D2EBD80F1F691B273F660D2B32FA27A33B1DE4ADA5F0FA4651511102DFA410DDA86E065272CA314D5249DF91B06BB92807B28EFD54F08F7B525252782CD276DD02E6B0319B13DF87B1F6361AD6B28FC0D711CF445429B9E5A433CD493051C49A9E03DDB1B147D880253514A5DED88009018620EE229101C041950E2D8A
310
A8E1F5F5438E0C0C0C60EEDEE9E3E0C051948C69F84BB7B2A48A1F3C8EB9E6864687F4F4F6F6E2FA87608ADAF9C5E117B7C1A737E710769DA1D15ECE6A84502AA855398712D5FB51BE92E4EF824969CE18278798AC303C2C7980DD2500ADF8FB1E6D6C2FAAFF9987178923334A244758BAA01A9A1B70FA5097D01E1CC2A58D
310
AD0EC94CE6430AA9B0C10D75E3C6BAC670EFBADEE1607739CE0FC18A2587E3EC3058562014C64219C69BC269082D5C2F4A659278D585755912176D78A1B641719C2A394CED495A1AC5D583FD2F5EDD93308EA7EAE8A6DD396598BDBD3D4CFED62D18A5BDFDE0DD5C80D1A89BA62697B131AE7CE9A6594138582F1B37D68F17
310
49AC7CB67A70695D48A4A056AC1FBD4E82358CEAE38F54B95A9016F9000F9879C0D9D131768635CA798895F27D6F1614F11F2838A83611AA51C9A3DDB539D42979C29F10465655C17BEC3E2760B80DCBF609198C7B171A531905F3EC218D696025975E986C6B4C666666787271F202805577DD5A3EF0CAFAF91B62DC4B2DB4
310
217A7606282F31D8DDBC290593BAA93EA6353AFA9939B877978481E15CFC9F2755CDC00C538F63A4BA3E80AE009B73CA0185687D339A507D165B74290D6EE46D5C58148F020C3668ABE9EF2F7549170DC80DB41FFC1D678FF19AEB10C7133832B104B80F691B3138F97A92D26E551F1F110400D45AC71A9B9AC41A1A1B1DAE
310
ED0B0810638EFFB511D46B121C6FEA0F38CD00E03CFFEB9713FE1F9C263E4DDEC160D0497FA9A132BA608584057FB15380825DE6C7FC3C667EE947D488A09898D8E939C4953BF4EC9836344D2CC6B2971B2A21A572B06096F4982D2CC7232D46E8EA69DC83722E267754D777F97F96D5DA74E1E75178084D0E70F12AD33E5F
310
71EF2AFA599B2BEBF60A5BE475F444F240CBFE8143C334E7ED9150FEEFEF7EB020C4DBED388DD1D6A167A76F3CBF119B578AE8CFA7736ACAFA4440A1C47185638A0D2F3EB5BDDEFDA958FB13CE4AA4923D5BF840392D45544329525749734866684BF7F8D9D54D892E19BCA9F829A0F8BFCBEEA6CFDFC61D74EA1A645ED7A1
310
FF241739F15694BD835B66FEC5677E40FE69BD3F91AE402F036537218A401CB0828604AD189E575015C6F3F6BBC8AC79CF6C70653847254B31551EFCBEB5978B9DB85D58D0FA41A9DFE9C624834AA04949D24B5AE6D299E072D152D12097920F14AA92C31C3B97E28B6C2E6E9C23D63043ECBBC0A60FDF5BD0C33C127EA8A3
310
308B8B6AFFEB28B4455BF6E7AF4FC6222728357EB8E46E85053E6A8843AB23295BF838ABDA94658FEF3F832F147046B4ACD6F7D48E8FCC9618582961C898D1C7A253C91BFECBDA6BA18A1FCF70755DCCEE2222F41B76D23CA98D0CB3D95F0CF66D57FFF65E2A90F5DF40FC3187621E981BD0BC1D992787212688976B94A8F0
310
C6EF646624B570B78E068826F87CE27041A95C9A4871FF65CC17FCB1639629AD6A9517000D63AC231F3D741CB8430777E7ECF80CE7A3F73C0F162F7E56AA71F4DA80A33CD6ACEE78E2C11FAC03DAFCE929B106F8F6B3ED2DC71FF994BD9CEF4E9A94896EF1B6E2B7B4978168BCF0847A3D2A4F1B0500B926E634B174548E9F
310
BAD27153FB5FC36799B1E6C7C38A94E1F9E996796D7B485E635D5287A2AE76FBD11A341DB3F8F810385BB7296391973DC6C37C452A9305AEBBE0CDB6C566DB59FE60C8E94B1FD090354BF51439FFD1B48D725228FFA88C84F686F547107A7A235665A4593B7C34D748C1AC8D56DD5DA861EEFBADDECBBD65117E65851F9035
310
1AEB65F0EFCFF4BCFEF24CB7A5879699FAC437A7AF9099186CF006BB923A59E37D7A36A29FD8D2CBB914A5E9D0A8FD212FBF796AE9A67958FF1D5D8B85F78F96219D4714EB919929241B6C018AAE0C02069F8D919961EC5DDFBFB7573E3AC8E08BFB7C8534BE6DE045B3CD63DBD71F7638BA2309CAE398EA3A7D8F98BBBC7A
310
EB367EFA5CFA27A9F8F2F52FE878058E6209C026453F8E7E8A237DFC389E9590F6059B397CFD65183BBF936E86896612A5B5FEE49DAC8455D026218AFEBEC12B3523A45B57B82C9C97E02ACFA1184DB18E48CF615DBF39C3CC6F0B4AE6BBEEA2E39D944E290302FA3DE33FA7E40296E2EF7BF1CD855BBECFAD0FD622BEE974
310
6FC4FDFDE545AE6E3BC234CADF83A0FB76DFB145BF3828AE3436368AC24989454F8FF70A177672C711CAA1A76107218CF948CA01F873520E7A2B118EBB161ABAD432932029628B6761590C98AB590C8C8C79798CE9F715BA696E839E9131A4BB68BE923F1747FBFF165331FFDD4D05997ACD168F12CA75348DAC04C7F509FE
310
83898A8B421181AF492861CE81E4A2DD0A30850CFA95E05F097FF70F9E777310D584A75BA7018922E271DAB1D785671157685B7D383D3E074DDB4F1E44EF04B07BAAC75A062077C54B9752C738C9D804D402E02851F3F89605AF189738C18C021D2139EAF72513824E10DDD3047BACC8521ED7E98B257D1166903B1B08FA6F
310
918FD7E162913FEC7D0EF4787E29C35FBA8C6E2C9C20E9AB30AE42CA2A01A090E7D010C1B5BF9CEE2A304BF3A987FB40D836979B79E18D70F257DA61E808472DD85B82761825779D6B90CAEB0F23360C6F80A7D7D77545E95B3DFF0CF96A827F9B5BCECD2C9698718417EF80FEEDEE938AFF55859D0D540B7FE09435583A6F
310
04874A0C7E8CF234DF4879722000167F5872CEC6BF3EF7E5A8CC8121E6A359227C8A29C95212F9F735BC72A887D56B8F309FC525BFB4FD767AAEC4AEFF249CFBBD2DE1AB9969A6155C7D8DABC307E47324C1F916C7BCFF40ABA5644E9FFB9238D19ADADA49D9610F01ABBA57E4DFCBDCCBB2B93C8953206C91DE01B0E2651A
310
6D6C31721915B31F7B7CBCE55466F6D70402788FA91D73BE4ADCBA99A35F17D6B83383704917D6833F0FA3CD45C926ADB8BC17999A4A0AFBCE2541F7B8CF4C2F5FBA611B3E626D64407CB32C122DFF4EF8674D6EDBB86C8F7C6A16D50FA685E2CCA34F8F7D1D8265BB0042E9D7F1F666F7BE5FAA5184DF58E12122A42EF02F
310
461B3F369AC746F96528AD208512AB56844CF75B97F352DF7995024FB02855385854F3798670D01CAC771AC3E1889EC25F61A20C1F8CAB46898817F9C47E2CDA1F286BF2F358298709FE567C91133E2638C8B53975E753EA8BFD3578B5F7186B7BF084EBA3F77BAC3132A5779902EC22AF2D2E79F42D324E083386DAEE9810
310
D1B44A5DAA54513C7A71E52A4AB9257D975B621308FE4D2141CC3DCFE946C154A3C1DFCCA7629EC69ACFA831634ADDA93C0388D2A9A2DDAFCF957C6995BCE7FBB6DC4EBAE79E63EB08E9A25F52F67076F7093CA545CA3053B5BF576DEAD4E0017143C5F759F32B2D6F145B52B67B48909B7C7FCA6586EE385A2189C16932CB
310
6DDFD9152AE317C430492A578ED27B72D85D40C7C93C097939E1B50F4D67F05334FE9DC362C30B7FF561B95259138ECFD9274C8D695C31B14D4EAA9F3D7FA8DDF652F8C5DEFA23284C799B7D94416DEE81E05A866302DC70192A5368EA65E1CED8BF107A1E2D3119A71E85DC1A7B0C1E93274CE04DD0F2ABC8AC7C987FDB00
310
2B6F81757B43502EF7A0D92E416494FAEEA4C9C090CD9557AA4D532F4996A272B94355C5A0E4974EEA9627476F30809B94D8D8D860062E02204643BEC7D0438AF800FC7E2B26955D595421E83C69E1A07E0E3122285835F014AD538188CF9737CE76D464A353FA55A001AB2526B84E985083693BC76FE211CA1D000679C889
310
E3C009832C87E1AC2EDD05C302557422DF0800E316FCAC86978A371F025A6C7DAA9F333E7BD160403A1A06EA75AA9888FF01504B03041400060808000A4CF84C51464CB48900000043010000360000006662782F34303531304434462D314632462D344445342D393642432D4346423337344238324344332F646972656374
310
6F72792E786D6C9D8F310EC2300C45AF127987122606C71DD918B841D4B851A43646695A717C52A85029031293A5A76FBF6FACEF7DA7264E43906840EF0FA03836E242F406C6DCEE4EA06AC22492573150D1F66C60C640E8938CB705396EEDD86DE9B5042FE27813D640EA63BB001C722AF6E55CB61E4863F58284D5D3F53D
310
D715CE1C3985E63FD7F1B7EBDD617E9F1E504B03041400060808000A4CF84C11EC8FA33F070000541C0000340000006662782F34303531304434462D314632462D344445342D393642432D4346423337344238324344332F6F626A656374732E786D6CDD596D6FDB3610FE2B84F665FBA057DB895D282E62BB2E8C226D51A3
310
C3BE09B444395CF4064A4A9CFDFA1D29529614D956B21628960089C350C7BBE7EE9E3B9EDCF78738428F84E5344D6E34DBB03444123F0D68B2BFD1CA22D4A71A7A3F472E4BD3A2B14F43098EC98DC697B5B9BB676999C9A58084B88CBAABEBC55F28F7494234E44738CF6FB4DCBF2731367059A401C91F8C0017D8D88707C3
310
36AA8D6DB17B86B3FBCE51196624294055584F408AD4C06EFF09269973D7E41B5ADB9C61DB4667B699C2F0B6A234C90B9CF82FB4EAC871866935B2C7AB0FCE64A64FC6E3913EBE726C7DB15EAC74FB7A642DAF96CBD9ED879986E6EE2E4DA3DA01194902F0E2B336B75D93FFA7365FA2D0A7B79F2609F1259A7D1B0222E552
310
92773169016B0BD31A0EA96C6D2C8C061A7F62DB20505A2AB5D056C6A9DFCDE84D777F0308F990286539E1519E170C7C2DB1AFF2C172CD6AB5E5179AA3181784511CA188EE1866E020D85A39A82586670B17853866C28B4A5E535708ECCBB9D4A765584611CF5F6D2E32CD837C24452E34A3FF1076D4BE791AE804D6963429
310
A6D2D8E239031133D7148BD5FF468EFC6705240A23BC87680133F9A691D3C16BC9B960B3D2E69FD6BBC396F343FFE1194B33C20A1E79229965DE290F36420B826F002815AE6DDF1D51F906D07F06E46B5D900B9E63F4303E8C95ED0C277998B218BC832CA45BF0C342FCE38B4FAE593F3C47A8C595A73085B4FD4198B6CC68
310
9DDD8074EE3E42D0A76C248DDBFA388298BEA309CF73081414A5B0047C1FEE0EDA7C03640A8BF0148EC07AF8764DFE11C1AF4A0EF04DC7437DF43BC0512A61BA7976F4D547881946FDDA552D1B4FE13BF921F8DEAEB69FB6250BB14FEE6462AF4848135A4031ED57A8057A2BE5BF6F3E8B8C7C614F6B970FE7EC534E1C3D7E
310
D94ABF20E1185085D7E1CA3562E58E42BA47114E485AE672BD8FA8FC344A99B77BF6AA1CEE3DEB4F1504D56190DF3C027AC90CAABBCF68C641D1E6D2BC9A098D234E9C076500EE2BA77A3BEC3F70783D1F18EB2D7A40D462D6155AC69987E3B44C387DBF0CEFAE69C6C8125FB63D73AC99339D4D2632E041777180CA1F450E
310
B5FAFCA41867278E59B6FC257943015965D218F8B2CF061FBAA6B2F0D20CFBB4E88F868E1903550E68189639D07A2F301D8D8D913DA9B0513F1D0759AF58AD953A6FAD54CAA331DE132FC4BC26F6EAD702B416AE9CD48BE43E4AF39C2624173DCD0BAEEBA06819401D55A42BA93D614B732F26057E4BC48A22D9095846C2C8
310
83EEABE0FDEFE578550ACA7A7B4A22EFF5D2C413F63F7B398EB3A8EAEB2E61603B9D137A71E54AF3231E213E3D5C785640449B7E497ACD240ADF41D2676F167F021E867F3A3CEA080ACD3A54D5CB9EB58D893DE35F53A0A1AB893DBABAAE5D71092D7558C1FB96A8844ECB7FF69E08DDDF0F2341E5F2B3E7E4240A3D1A4565
310
EC5535A42031B46DB828D9A08CBD0236E91E2499A193128D93421A41533D986645BFA23A16384C342CA768B6710C184513B8D70D32E48515BD412C7C21EEB0FCAA76D9FFAF97FA9F19B379B77920CF4F290B7A356DB71EAA6B534D06274C59136BF70AC973B7997EB1B8EC5CC661AC844886AB6E1632421879A47C98216E4D
310
BD778EFC09173E50E956FCD617901101098E7D484B9C1C8D687338544953BD6DF3760474C70B48AB59DB704A8D61428139D3DEF10FD1370CAE866E313765276456EB1B5EDA0C18C61CF53823EBCBC76D470AAC0C7EFA2BC7883C7524C8D5256FFECE88FABE39F6B81D09D2A2EF9B338F17F765BC4B30E5B59187050EB277EF
310
C5FDF3C684CB8539B626B6B51AAF757BEDAC75987D8CF5D9D562A92FD78BD1F578317596AB91C9489E96CC27B9E99896A7BAAD2CD9ABC0A8A01B720B8149C4E5EBA28AE7AE83FFC7B79028DDE153B1F8AB5E42EA868FB7649D5C1C7A09E925EADDEB6E0CF60BA2EE2F62AFEAB5ABF9820AF0F3650BC848D5FBE1CD8512AD2A
310
7CBFCE8D8AF8CAC27BF27EF3D36B4C8BD07BEB436B471FE5B7B918E6553D554ADD8805AF7D988CA7D793F54A771C6BA98F27D7D7FA6CB4B275EBC3EA1648CD1AD9CEA2465CD6C2A175E597E050A56C63F40613E43C8D280CF24980F624853B104C2A06F02B8B492EEE36D000C832AEDE220C78FAB19AC3167817A9A7FD7B0C
310
C3EC4856E4D287412ADC3B6E34B98E7E83D1299F5E8A8196F100854746BB864A466F34088182427D3176300213034721BD33E204B7E164CF6F4DD553F5DFC7C7383A102B47BBEA3D43709196B5A213C6099978B7006CA71A92B79BAED441B8808FBBB2A88D392E1CAD9120A89708957130297C90F01E8078CEDB651B624F0B
310
9241D3FCB3715049D50BCCF66224DFC0FB76F5D5E4D3F4CD179445E59EBBF35CBD6F49D2799F1195D5E0CA85C090666698DFC497EFCCAF2C85D752315A530802F4FB617AF587B94CE3384DAA25F356BEDC42DB7B785515986A4C088D8B654F4DD1F7C8570130EBCA898183FC0116C0B58CF2796A05712B006A7A6A0480F208
310
F7053CD6DABF592159041A2D6CB375E5F088F700081289BFFFE169D3DCD0185A422E8056D56CB7FEA0165C93C1E07CFE2F504B03041400060808000A4CF84C4B092EE8E2000000550100003C0000006662782F34303531304434462D314632462D344445342D393642432D4346423337344238324344332F7265736F757263
310
65732F322F636E782E786D6C4D90CD6AC33010845FC5087AB42C3B85A661ADBC444FBD0455DAA822B2D6E8A7346F5F2955A1A75D663E96D981F3F7E6872F8CC95158D9CC051B3068322ED895957C1D8F6C384B8844F91FC686A0365C599399041BA9EC5D327855C537D5BB70EBA2B8580C189DBEECC1B2417B95D2CA92FEC4
310
4D715532194C376E54567CE6111395A8B19EC86EC37E424754190D938B988FA3781997E737F17A3A2CA745BCC3D448091F44BEF32E648CB43F2D42535D434D24606A8084125DA7DA1BD5F88BC76B3C98AA2D21E5583BE858BEEF15739BB2383D905F57C2D49EACE3D1409DAD10F903504B03041400060808000A4CF84CFF15
310
A4A45D000000800000003A0000006662782F34303531304434462D314632462D344445342D393642432D4346423337344238324344332F7265736F75726365732F636E782E786D6C4D8B3B0E80201005AF42B6F75B59F0390B113044D83508C6E30BC6C26AF226F3B8BA6360974DA7271430F523308B2B198F9B80925DB700
310
539227A2FCCB80A18E5640D320F996A81C9F32D6E9129A0D1EF74FCE750E6D57BC7165FBCA07504B03041400060808000A4CF84CB400D56D4301000056050000300000006662782F34303531304434462D314632462D344445342D393642432D4346423337344238324344332F636E782E786D6CCD944D4EC3301085AF1259
310
6219E707240A725C8905276081D839CE34982676648F11BD3DE392B62054C1A252BBB3C69FA5F7669E472C3FC6217B071F8CB30DAB78C932B0DA75C6F60D8BB8CA172C5B4AE19DC36F18CBAC1AA161A9CCA4E8BD8BD35CEA60A5E290AA83B1EBB9A810BD69234260991E54080D0BFA1546C55544D74158F34EA1E215F7105C
310
F41AE83D9A11E6F7DA8342E898ACCB6A9197B7797DF354DEDD5FD7F775F9228A444AD13A37CCBCB108DE4D5775A91D1D2DC92945910029A23733953C3079D0C65B634541F75204D26BFB99C3CD94B8691A8C56488D2A9C46C09C2050A328BE60298AE4F887EFC787E783063A75C68346E737676B4375AC0D7B699C12F1BF2E
310
6CC1BFCCBBF68D2C9F6FEE470DCFC24E667797DC40D1FD9D04CA93B2FD70891F602FEDF4F9A7C582465FA2E99DB213792EB62B90069F36A2FC04504B03041400060808000A4CF84C63A5430C7E000000A30000000B0000006662782F636E782E786D6C4D8CD10AC22018465F45FE7B4B37AB05D3819AEF319A1B92D3B0193D
310
7E1ABBE8EA83C3774E3F7C568FDE36BD5C0C1CE88100B2E11E2717160E799B710768107D8A71FBBB010AE36A39540CA25F52CCCF1D4D761EB3AFD4BBF0D82123274A3433989AC660A66F0C5FCF526165647B61B26B946E8B71AC4A995FAF6CCD8B2F504B03041400060808000A4CF84CA6D797065F00000082000000070000
310
00636E782E786D6C4DCB3B0E80201045D1AD90E9FD7516806B51190811670C8A61F982B1B0BAC9C97B72CA7B1037C6D3332918DA1E04D2CAC69353902EDB8C20262D23F3F59B81A079470595414B17391D1F19B4730A5583A7ED43BBE4025D9592775E5ADFFA01504B03041400060808000A4CF84CECFD112DA80000002601
310
0000130000005B436F6E74656E745F54797065735D2E786D6C7D4F4B0EC22010BD0A61DF525D18634ABB506FE00510A79458060253536F2FD89D5197F3FED3F68B9BD80362B21E25DFD40D6780DADF2C1AC9671AAA3D677DD75E9E0112CB5A4C928F44E12044D22338956A1F003333F8E814E5331A1194BE2B0362DB343BA1
310
3D122055543278D79E6050F344ECBC6478EDCD76CE8EABAE5449AE4298AC56946789C28AAFBEABC53F3EAF09A84A1441B91F0101CD4780756578C173A578FFDDBD00504B03041400060808000A4CF84C3DEE336E64000000790000001B0000006175746F6465736B2D64657369676E2D7061636B6167652E786D6C35CBC10E
310
83200C00D05F21DCA56CA76D41FC96062B120735B69A7DBE268BB7777961F8D5AF396893C2ADB70FE7ADA196782C2DF776D7A97B5933C430F15651E5469C55D70F80A4992A3ADC954792C525AE70A1E4D6AD9816CC044FEFDF01FE3FDE907802504B03041400060808000A4CF84C119D59BEF40000008E0100003D00000066
310
62782F34303531304434462D314632462D344445342D393642432D4346423337344238324344332F7265736F75726365732F322F636F72652E786D6C8550CB6E833010FC15B47783311442641C0509BEA0A7DE2CE3102BC1467E54FDFCDA814AEDA9A75DCDCECCEE0EBD7CADCFEC535AA78CEEA1CC3164520B332BBDF410FC
310
0D9D20BB306A8DF1BF689069BECA1E120C8C2ED684ED8084D15EEA846A33CB03E4CE490F9978C6A60727EE72E5390F3E32DC23DFB878F045E665BEF3180D41CD8754CDD14DDD94B4C0AA7A6A87F1FA86AE5DD5A17A1A6B746A9A164D6D530DC33476B821B4486246BD5A7FB60B2BB997333082CB13C22D22F53BEECE153913
310
FC418BC464D4791B7F3E96A6EF229D163BFAC72D6CF3FF6E41695F91C36D573860653CEE3560B448E9C4F28A2ED69424FB06504B03041400060808000A4CF84C54F77552F8000000960100003B0000006662782F34303531304434462D314632462D344445342D393642432D4346423337344238324344332F7265736F7572
310
6365732F636F72652E786D6C8550CB6E833010FC15B477F32E84C8380A127C414FBD596643AC041BF951F5F36B072AB5A79E76353B33BB3BF4F2B53E934F34566AD54391E690A0127A966AE9C1BB1B39417261D468ED7ED120517CC51E220C8C2E46FBED8084560E5544959EF100B9B5E82011CFD0F460C51D579E72EF02C3
310
3ED28D8B075F302DD29DC7A8F7723EA4720E6EF226D100ABEAA91DC6EB1BB9765547EA69ACC9A9695A32B54D350CD3D8E54D49B32866D4C9F567BB30C81DCEC0CABC3891BC2565FD9E77E7AA3C97F907CD229351EB4CF8F9581ABF0366D06A6F045A9AEDD33FAE7E9BFF77F552B9AA3C5C7785055684235F0346B3985228AF
310
08438D89B26F504B03041400060808000A4CF84CB0556DFAF2000000B1010000310000006662782F34303531304434462D314632462D344445342D393642432D4346423337344238324344332F636F72652E786D6C8D504B6EC32014BC8AC51E1B306D3EC244B25D9FA0ABEE10101725068B4FD5E31762576A77593D346F86
310
9937ECF2BDDCAB2FED8371B603B846A0D2563A65ECDC8114AFF008AA0B67DEB9F887062A2B16DD810203CE66EFD2BA43D2D9A86D41AD537A0745083A824ADEF3A303417EEA45D422C5CC08B77A15F226665DE37AE37116CDF22B955E8BA815E004E123440748E83B3A9D5B7226E8833585C9594A46ED564665777335DA034E
310
D10B46239D209EC804E9F846E1E9B51FE030F5ED81F647328C2D6B8A98B3107DBE79FFA45CF7AC7C13FECB9C56F5446663634B76C34D1100C739CF63C159530ACCE3D16E9EA56CFE03504B03041400060808000A4CF84CC3685A8E53010000DD0200000C0000006662782F636F72652E786D6C8D52DB8E832014FC15C33BDE
310
576B83346D52BF609FF68D22B5A40A06C1F4F317BCC4F561BB1B132473CE993933019D5E5DEB8D4C0D5C8A12447E083C26A8ACB9684A60F41D1E8077C24849A97FB4014F908E95C0C100A34649D32F10954233E150216BB680641898061E6DEDA504037DB08EF8C468DB313CFD9ED02769981FF9731F46C6F07A19E5B565E3
310
77CE14C0495AE597EBF9039E8BA48069754DE121CB7258E55972B954D722CC6214B8618C34EF5675AA18D1AC06380EA3030C7318A79F61714CE2631C7EA1C075623468653D2FA2CE1DC0F7DB0B0533BEE3337DFD379FE14227F1C2374F0C004776BDA98051E0F2B1BF29BC7D8656D8E6A7C9AD5D2D3C2D3432AAA54A6DA596
310
662B8DA435CC5287DEF4A160AE5AE689E0379EF80DCF7B0E1B14118D5D8D687BBD19EDD4F73BF54CC151BF3C215547DA6DB979C5EDDC847696D6712A5BA9FE33BD5A5DC30CDCC3C4DF504B03041400060808000A4CF84C6E03F4EC07010000B201000008000000636F72652E786D6C8D50C16E842014FC15F2EE28A2D57583
310
6CD644BFA0A7DEA8B096AC8211DCB47F5F586DD2DE7A7A6466DE9B61D8E5739ED043AD4E5BD340961040CA0C566A3336B0F91B3E01BA70B65AEB7FC9001931AB06220C9C8DABDD96031AACF1CA44D458A90E5038A73CA0610A8F06DCF0A1669188CD0785BB278B18EE62544996EC3ACEBC9E7F56875509AF24704AB2132615
310
A6C52BA9CF393D53F2C6D2A8E46CDBB43CACB40CEEFAA6D50A3C2FFAAAEDAE2FF85AE7352EFAAEC0A7B2AC705F9579DBF65D4D4ACAD2B8CC99F36BF8F37124E4F4C88947F465E94E71F66EED7408422889AC99BE80139646E24FE86D91FF08AD8DCFE97170DF70C0B310E84904E3D86018CF7AC38C6DF36F504B0102140014
310
00060808000A4CF84C0000000000000000000000003700000000000000000000000000000000006662782F34303531304434462D314632462D344445342D393642432D4346423337344238324344332F617474726962757465732E62696E504B010214001400060808000A4CF84C0000000000000000000000003500000000
310
000000000000000000550000006662782F34303531304434462D314632462D344445342D393642432D4346423337344238324344332F76657274696365732E62696E504B010214001400060808000A4CF84CF270F13306000000040000003600000000000000000000000000A80000006662782F34303531304434462D3146
310
32462D344445342D393642432D4346423337344238324344332F747269616E676C65732E62696E504B010214001400060808000A4CF84C88E57597CD3F0000904100004200000000000000000000000000020100006662782F34303531304434462D314632462D344445342D393642432D4346423337344238324344332F72
310
65736F75726365732F322F305F67656E657269632E706E67504B010214001400060808000A4CF84C51464CB4890000004301000036000000000000000000000000002F4100006662782F34303531304434462D314632462D344445342D393642432D4346423337344238324344332F6469726563746F72792E786D6C504B01
310
0214001400060808000A4CF84C11EC8FA33F070000541C000034000000000000000000000000000C4200006662782F34303531304434462D314632462D344445342D393642432D4346423337344238324344332F6F626A656374732E786D6C504B010214001400060808000A4CF84C4B092EE8E2000000550100003C000000
310
000000000000000000009D4900006662782F34303531304434462D314632462D344445342D393642432D4346423337344238324344332F7265736F75726365732F322F636E782E786D6C504B010214001400060808000A4CF84CFF15A4A45D000000800000003A00000000000000000000000000D94A00006662782F343035
310
31304434462D314632462D344445342D393642432D4346423337344238324344332F7265736F75726365732F636E782E786D6C504B010214001400060808000A4CF84CB400D56D430100005605000030000000000000000000000000008E4B00006662782F34303531304434462D314632462D344445342D393642432D4346
310
423337344238324344332F636E782E786D6C504B010214001400060808000A4CF84C63A5430C7E000000A30000000B000000000000000000000000001F4D00006662782F636E782E786D6C504B010214001400060808000A4CF84CA6D797065F000000820000000700000000000000000000000000C64D0000636E782E786D
310
6C504B010214001400060808000A4CF84CECFD112DA80000002601000013000000000000000000000000004A4E00005B436F6E74656E745F54797065735D2E786D6C504B010214001400060808000A4CF84C3DEE336E64000000790000001B00000000000000000000000000234F00006175746F6465736B2D64657369676E
310
2D7061636B6167652E786D6C504B010214001400060808000A4CF84C119D59BEF40000008E0100003D00000000000000000000000000C04F00006662782F34303531304434462D314632462D344445342D393642432D4346423337344238324344332F7265736F75726365732F322F636F72652E786D6C504B010214001400
310
060808000A4CF84C54F77552F8000000960100003B000000000000000000000000000F5100006662782F34303531304434462D314632462D344445342D393642432D4346423337344238324344332F7265736F75726365732F636F72652E786D6C504B010214001400060808000A4CF84CB0556DFAF2000000B10100003100
310
000000000000000000000000605200006662782F34303531304434462D314632462D344445342D393642432D4346423337344238324344332F636F72652E786D6C504B010214001400060808000A4CF84CC3685A8E53010000DD0200000C00000000000000000000000000A15300006662782F636F72652E786D6C504B0102
310
14001400060808000A4CF84C6E03F4EC07010000B201000008000000000000000000000000001E550000636F72652E786D6C504B050600000000120012002D0600004B5600000000
  0
XRECORD
  5
2EAC2
102
{ACAD_REACTORS
330
2EAC1
102
}
330
2EAC1
100
AcDbXrecord
280
     1
102
DISPLAYNAME
  1
Imperial24
102
FLAGS
 90
        0
  0
XRECORD
  5
2EABE
102
{ACAD_REACTORS
330
2EABD
102
}
330
2EABD
100
AcDbXrecord
280
     1
102
DISPLAYNAME
  1
Metric50
102
FLAGS
 90
        0
  0
CELLSTYLEMAP
  5
2EA53
102
{ACAD_REACTORS
330
2EA52
102
}
330
2EA52
100
AcDbCellStyleMap
 90
        3
300
CELLSTYLE
  1
TABLEFORMAT_BEGIN
 90
        5
170
     1
 91
        0
 92
    32768
 62
   257
 93
        1
300
CONTENTFORMAT
  1
CONTENTFORMAT_BEGIN
 90
        0
 91
        0
 92
      512
 93
        0
300

 40
0.0
140
1.0
 94
        5
 62
     0
340
1B
144
6.0
309
CONTENTFORMAT_END
171
     1
301
MARGIN
  1
CELLMARGIN_BEGIN
 40
1.5
 40
1.5
 40
1.5
 40
1.5
 40
0.18
 40
0.18
309
CELLMARGIN_END
 94
        6
 95
        1
302
GRIDFORMAT
  1
GRIDFORMAT_BEGIN
 90
        0
 91
        1
 62
     0
 92
       -2
340
0
 93
        0
 40
0.045
309
GRIDFORMAT_END
 95
        2
302
GRIDFORMAT
  1
GRIDFORMAT_BEGIN
 90
        0
 91
        1
 62
     0
 92
       -2
340
0
 93
        0
 40
0.045
309
GRIDFORMAT_END
 95
        4
302
GRIDFORMAT
  1
GRIDFORMAT_BEGIN
 90
        0
 91
        1
 62
     0
 92
       -2
340
0
 93
        0
 40
0.045
309
GRIDFORMAT_END
 95
        8
302
GRIDFORMAT
  1
GRIDFORMAT_BEGIN
 90
        0
 91
        1
 62
     0
 92
       -2
340
0
 93
        0
 40
0.045
309
GRIDFORMAT_END
 95
       16
302
GRIDFORMAT
  1
GRIDFORMAT_BEGIN
 90
        0
 91
        1
 62
     0
 92
       -2
340
0
 93
        0
 40
0.045
309
GRIDFORMAT_END
 95
       32
302
GRIDFORMAT
  1
GRIDFORMAT_BEGIN
 90
        0
 91
        1
 62
     0
 92
       -2
340
0
 93
        0
 40
0.045
309
GRIDFORMAT_END
309
TABLEFORMAT_END
  1
CELLSTYLE_BEGIN
 90
        1
 91
        1
300
_TITLE
309
CELLSTYLE_END
300
CELLSTYLE
  1
TABLEFORMAT_BEGIN
 90
        5
170
     1
 91
        0
 92
        0
 62
   257
 93
        1
300
CONTENTFORMAT
  1
CONTENTFORMAT_BEGIN
 90
        0
 91
        0
 92
      512
 93
        0
300

 40
0.0
140
1.0
 94
        5
 62
     0
340
1B
144
4.5
309
CONTENTFORMAT_END
171
     1
301
MARGIN
  1
CELLMARGIN_BEGIN
 40
1.5
 40
1.5
 40
1.5
 40
1.5
 40
0.18
 40
0.18
309
CELLMARGIN_END
 94
        6
 95
        1
302
GRIDFORMAT
  1
GRIDFORMAT_BEGIN
 90
        0
 91
        1
 62
     0
 92
       -2
340
0
 93
        0
 40
0.045
309
GRIDFORMAT_END
 95
        2
302
GRIDFORMAT
  1
GRIDFORMAT_BEGIN
 90
        0
 91
        1
 62
     0
 92
       -2
340
0
 93
        0
 40
0.045
309
GRIDFORMAT_END
 95
        4
302
GRIDFORMAT
  1
GRIDFORMAT_BEGIN
 90
        0
 91
        1
 62
     0
 92
       -2
340
0
 93
        0
 40
0.045
309
GRIDFORMAT_END
 95
        8
302
GRIDFORMAT
  1
GRIDFORMAT_BEGIN
 90
        0
 91
        1
 62
     0
 92
       -2
340
0
 93
        0
 40
0.045
309
GRIDFORMAT_END
 95
       16
302
GRIDFORMAT
  1
GRIDFORMAT_BEGIN
 90
        0
 91
        1
 62
     0
 92
       -2
340
0
 93
        0
 40
0.045
309
GRIDFORMAT_END
 95
       32
302
GRIDFORMAT
  1
GRIDFORMAT_BEGIN
 90
        0
 91
        1
 62
     0
 92
       -2
340
0
 93
        0
 40
0.045
309
GRIDFORMAT_END
309
TABLEFORMAT_END
  1
CELLSTYLE_BEGIN
 90
        2
 91
        1
300
_HEADER
309
CELLSTYLE_END
300
CELLSTYLE
  1
TABLEFORMAT_BEGIN
 90
        5
170
     1
 91
        0
 92
        0
 62
   257
 93
        1
300
CONTENTFORMAT
  1
CONTENTFORMAT_BEGIN
 90
        0
 91
        0
 92
      512
 93
        0
300

 40
0.0
140
1.0
 94
        2
 62
     0
340
1B
144
4.5
309
CONTENTFORMAT_END
171
     1
301
MARGIN
  1
CELLMARGIN_BEGIN
 40
1.5
 40
1.5
 40
1.5
 40
1.5
 40
0.18
 40
0.18
309
CELLMARGIN_END
 94
        6
 95
        1
302
GRIDFORMAT
  1
GRIDFORMAT_BEGIN
 90
        0
 91
        1
 62
     0
 92
       -2
340
0
 93
        0
 40
0.045
309
GRIDFORMAT_END
 95
        2
302
GRIDFORMAT
  1
GRIDFORMAT_BEGIN
 90
        0
 91
        1
 62
     0
 92
       -2
340
0
 93
        0
 40
0.045
309
GRIDFORMAT_END
 95
        4
302
GRIDFORMAT
  1
GRIDFORMAT_BEGIN
 90
        0
 91
        1
 62
     0
 92
       -2
340
0
 93
        0
 40
0.045
309
GRIDFORMAT_END
 95
        8
302
GRIDFORMAT
  1
GRIDFORMAT_BEGIN
 90
        0
 91
        1
 62
     0
 92
       -2
340
0
 93
        0
 40
0.045
309
GRIDFORMAT_END
 95
       16
302
GRIDFORMAT
  1
GRIDFORMAT_BEGIN
 90
        0
 91
        1
 62
     0
 92
       -2
340
0
 93
        0
 40
0.045
309
GRIDFORMAT_END
 95
       32
302
GRIDFORMAT
  1
GRIDFORMAT_BEGIN
 90
        0
 91
        1
 62
     0
 92
       -2
340
0
 93
        0
 40
0.045
309
GRIDFORMAT_END
309
TABLEFORMAT_END
  1
CELLSTYLE_BEGIN
 90
        3
 91
        2
300
_DATA
309
CELLSTYLE_END
  0
XRECORD
  5
2EA81
102
{ACAD_REACTORS
330
2EA52
102
}
330
2EA52
100
AcDbXrecord
280
     1
102
ACAD_ROUNDTRIP_PRE2007_TABLESTYLE
 90
      512
 91
        0
  1

 92
      512
 93
        0
  2

 94
      512
 95
        0
  3

  0
XRECORD
  5
2EA7C
102
{ACAD_REACTORS
330
2EA7B
102
}
330
2EA7B
100
AcDbXrecord
280
     1
102
RTVSPost2010Prop28
280
     1
102
RTVSPost2010PropOp28
 70
     1
102
RTVSPost2010Prop29
280
     1
102
RTVSPost2010PropOp29
 70
     1
102
RTVSPost2010Prop30
280
     0
102
RTVSPost2010PropOp30
 70
     1
102
RTVSPost2010Prop31
280
     0
102
RTVSPost2010PropOp31
 70
     1
102
RTVSPost2010Prop32
280
     0
102
RTVSPost2010PropOp32
 70
     1
102
RTVSPost2010Prop33
280
     0
102
RTVSPost2010PropOp33
 70
     1
102
RTVSPost2010Prop34
280
     0
102
RTVSPost2010PropOp34
 70
     1
102
RTVSPost2010Prop35
280
     0
102
RTVSPost2010PropOp35
 70
     1
102
RTVSPost2010Prop36
280
     0
102
RTVSPost2010PropOp36
 70
     1
102
RTVSPost2010Prop37
 90
       50
102
RTVSPost2010PropOp37
 70
     1
102
RTVSPost2010Prop38
140
0.0
102
RTVSPost2010PropOp38
 70
     1
102
RTVSPost2010Prop39
140
1.0
102
RTVSPost2010PropOp39
 70
     1
102
RTVSPost2010Prop40
 90
        0
102
RTVSPost2010PropOp40
 70
     1
102
RTVSPost2010Prop41ColorIndex
 90
       18
102
RTVSPost2010Prop41ColorRGB
 90
        0
102
RTVSPost2010PropOp41
 70
     1
102
RTVSPost2010Prop42
 90
       50
102
RTVSPost2010PropOp42
 70
     1
102
RTVSPost2010Prop43
 90
        3
102
RTVSPost2010PropOp43
 70
     1
102
RTVSPost2010Prop44ColorIndex
 90
        5
102
RTVSPost2010Prop44ColorRGB
 90
      255
102
RTVSPost2010PropOp44
 70
     1
102
RTVSPost2010Prop45
280
     0
102
RTVSPost2010PropOp45
 70
     1
102
RTVSPost2010Prop46
 90
       50
102
RTVSPost2010PropOp46
 70
     1
102
RTVSPost2010Prop47
 90
       50
102
RTVSPost2010PropOp47
 70
     1
102
RTVSPost2010Prop48
 90
       50
102
RTVSPost2010PropOp48
 70
     1
102
RTVSPost2010Prop49
280
     0
102
RTVSPost2010PropOp49
 70
     1
102
RTVSPost2010Prop50
 90
       50
102
RTVSPost2010PropOp50
 70
     1
102
RTVSPost2010Prop51ColorIndex
 90
      256
102
RTVSPost2010Prop51ColorRGB
 90
-16777216
102
RTVSPost2010PropOp51
 70
     0
102
RTVSPost2010Prop52
140
1.0
102
RTVSPost2010PropOp52
 70
     0
102
RTVSPost2010Prop53
 90
        2
102
RTVSPost2010PropOp53
 70
     1
102
RTVSPost2010Prop54
  1
strokes_ogs.tif
102
RTVSPost2010PropOp54
 70
     1
102
RTVSPost2010Prop55
280
     0
102
RTVSPost2010PropOp55
 70
     1
102
RTVSPost2010Prop56
140
1.0
102
RTVSPost2010PropOp56
 70
     1
102
RTVSPost2010Prop57
140
1.0
102
RTVSPost2010PropOp57
 70
     1
102
RTVSPropertyOp0
 70
     1
102
RTVSPropertyOp1
 70
     1
102
RTVSPropertyOp2
 70
     1
102
RTVSPropertyOp3
 70
     1
102
RTVSPropertyOp4
 70
     1
102
RTVSPropertyOp5
 70
     1
102
RTVSPropertyOp6
 70
     1
102
RTVSPropertyOp7
 70
     1
102
RTVSPropertyOp8
 70
     1
102
RTVSPropertyOp9
 70
     1
102
RTVSPropertyOp10
 70
     1
102
RTVSPropertyOp11
 70
     1
102
RTVSPropertyOp12
 70
     1
102
RTVSPropertyOp13
 70
     1
102
RTVSPropertyOp14
 70
     1
102
RTVSPropertyOp15
 70
     1
102
RTVSPropertyOp16
 70
     1
102
RTVSPropertyOp17
 70
     1
102
RTVSPropertyOp18
 70
     1
102
RTVSPropertyOp19
 70
     1
102
RTVSPropertyOp20
 70
     1
102
RTVSPropertyOp21
 70
     1
102
RTVSPropertyOp22
 70
     1
102
RTVSPropertyOp23
 70
     1
102
RTVSPropertyOp24
 70
     1
102
RTVSPropertyOp25
 70
     1
102
RTVSPropertyOp26
 70
     1
102
RTVSPropertyOp27
 70
     1
102
RTVSPropertyOp28
 70
     1
102
RTVSPropertyOp29
 70
     1
102
RTVSPropertyOp30
 70
     1
102
RTVSPropertyOp31
 70
     1
102
RTVSPropertyOp32
 70
     1
102
RTVSPropertyOp33
 70
     1
102
RTVSPropertyOp34
 70
     1
102
RTVSPropertyOp35
 70
     1
102
RTVSPropertyOp36
 70
     1
102
RTVSPropertyOp37
 70
     1
102
RTVSPropertyOp38
 70
     1
102
RTVSPropertyOp39
 70
     1
102
RTVSPropertyOp40
 70
     1
102
RTVSPropertyOp41
 70
     1
102
RTVSPropertyOp42
 70
     1
102
RTVSPropertyOp43
 70
     1
102
RTVSPropertyOp44
 70
     1
102
RTVSPropertyOp45
 70
     1
102
RTVSPropertyOp46
 70
     1
102
RTVSPropertyOp47
 70
     1
102
RTVSPropertyOp48
 70
     1
102
RTVSPropertyOp49
 70
     1
102
RTVSPropertyOp50
 70
     1
102
RTVSPropertyOp51
 70
     0
102
RTVSPropertyOp52
 70
     0
102
RTVSPropertyOp53
 70
     1
102
RTVSPropertyOp54
 70
     1
102
RTVSPropertyOp55
 70
     1
102
RTVSPropertyOp56
 70
     1
102
RTVSPropertyOp57
 70
     1
102
RTVSPropertyOp58
 70
     1
102
RTVSPropertyOp59
 70
     1
102
RTVSPropertyOp60
 70
     1
102
RTVSPropertyOp61
 70
     1
102
RTVSPropertyOp62
 70
     1
  0
XRECORD
  5
2EA91
102
{ACAD_REACTORS
330
2EA90
102
}
330
2EA90
100
AcDbXrecord
280
     1
102
RTVSPost2010Prop28
280
     0
102
RTVSPost2010PropOp28
 70
     1
102
RTVSPost2010Prop29
280
     1
102
RTVSPost2010PropOp29
 70
     1
102
RTVSPost2010Prop30
280
     1
102
RTVSPost2010PropOp30
 70
     1
102
RTVSPost2010Prop31
280
     0
102
RTVSPost2010PropOp31
 70
     1
102
RTVSPost2010Prop32
280
     0
102
RTVSPost2010PropOp32
 70
     1
102
RTVSPost2010Prop33
280
     0
102
RTVSPost2010PropOp33
 70
     1
102
RTVSPost2010Prop34
280
     0
102
RTVSPost2010PropOp34
 70
     1
102
RTVSPost2010Prop35
280
     0
102
RTVSPost2010PropOp35
 70
     1
102
RTVSPost2010Prop36
280
     0
102
RTVSPost2010PropOp36
 70
     1
102
RTVSPost2010Prop37
 90
       50
102
RTVSPost2010PropOp37
 70
     1
102
RTVSPost2010Prop38
140
0.0
102
RTVSPost2010PropOp38
 70
     1
102
RTVSPost2010Prop39
140
1.0
102
RTVSPost2010PropOp39
 70
     1
102
RTVSPost2010Prop40
 90
        0
102
RTVSPost2010PropOp40
 70
     1
102
RTVSPost2010Prop41ColorIndex
 90
       18
102
RTVSPost2010Prop41ColorRGB
 90
        0
102
RTVSPost2010PropOp41
 70
     1
102
RTVSPost2010Prop42
 90
       50
102
RTVSPost2010PropOp42
 70
     1
102
RTVSPost2010Prop43
 90
        3
102
RTVSPost2010PropOp43
 70
     1
102
RTVSPost2010Prop44ColorIndex
 90
        5
102
RTVSPost2010Prop44ColorRGB
 90
      255
102
RTVSPost2010PropOp44
 70
     1
102
RTVSPost2010Prop45
280
     0
102
RTVSPost2010PropOp45
 70
     1
102
RTVSPost2010Prop46
 90
       50
102
RTVSPost2010PropOp46
 70
     1
102
RTVSPost2010Prop47
 90
       50
102
RTVSPost2010PropOp47
 70
     1
102
RTVSPost2010Prop48
 90
       50
102
RTVSPost2010PropOp48
 70
     1
102
RTVSPost2010Prop49
280
     0
102
RTVSPost2010PropOp49
 70
     1
102
RTVSPost2010Prop50
 90
       50
102
RTVSPost2010PropOp50
 70
     1
102
RTVSPost2010Prop51ColorIndex
 90
      256
102
RTVSPost2010Prop51ColorRGB
 90
-16777216
102
RTVSPost2010PropOp51
 70
     0
102
RTVSPost2010Prop52
140
1.0
102
RTVSPost2010PropOp52
 70
     0
102
RTVSPost2010Prop53
 90
        2
102
RTVSPost2010PropOp53
 70
     1
102
RTVSPost2010Prop54
  1
strokes_ogs.tif
102
RTVSPost2010PropOp54
 70
     1
102
RTVSPost2010Prop55
280
     0
102
RTVSPost2010PropOp55
 70
     1
102
RTVSPost2010Prop56
140
1.0
102
RTVSPost2010PropOp56
 70
     1
102
RTVSPost2010Prop57
140
1.0
102
RTVSPost2010PropOp57
 70
     1
102
RTVSPropertyOp0
 70
     1
102
RTVSPropertyOp1
 70
     1
102
RTVSPropertyOp2
 70
     1
102
RTVSPropertyOp3
 70
     1
102
RTVSPropertyOp4
 70
     1
102
RTVSPropertyOp5
 70
     1
102
RTVSPropertyOp6
 70
     1
102
RTVSPropertyOp7
 70
     1
102
RTVSPropertyOp8
 70
     1
102
RTVSPropertyOp9
 70
     1
102
RTVSPropertyOp10
 70
     1
102
RTVSPropertyOp11
 70
     1
102
RTVSPropertyOp12
 70
     1
102
RTVSPropertyOp13
 70
     1
102
RTVSPropertyOp14
 70
     1
102
RTVSPropertyOp15
 70
     1
102
RTVSPropertyOp16
 70
     1
102
RTVSPropertyOp17
 70
     1
102
RTVSPropertyOp18
 70
     1
102
RTVSPropertyOp19
 70
     1
102
RTVSPropertyOp20
 70
     1
102
RTVSPropertyOp21
 70
     1
102
RTVSPropertyOp22
 70
     1
102
RTVSPropertyOp23
 70
     1
102
RTVSPropertyOp24
 70
     1
102
RTVSPropertyOp25
 70
     1
102
RTVSPropertyOp26
 70
     1
102
RTVSPropertyOp27
 70
     1
102
RTVSPropertyOp28
 70
     1
102
RTVSPropertyOp29
 70
     1
102
RTVSPropertyOp30
 70
     1
102
RTVSPropertyOp31
 70
     1
102
RTVSPropertyOp32
 70
     1
102
RTVSPropertyOp33
 70
     1
102
RTVSPropertyOp34
 70
     1
102
RTVSPropertyOp35
 70
     1
102
RTVSPropertyOp36
 70
     1
102
RTVSPropertyOp37
 70
     1
102
RTVSPropertyOp38
 70
     1
102
RTVSPropertyOp39
 70
     1
102
RTVSPropertyOp40
 70
     1
102
RTVSPropertyOp41
 70
     1
102
RTVSPropertyOp42
 70
     1
102
RTVSPropertyOp43
 70
     1
102
RTVSPropertyOp44
 70
     1
102
RTVSPropertyOp45
 70
     1
102
RTVSPropertyOp46
 70
     1
102
RTVSPropertyOp47
 70
     1
102
RTVSPropertyOp48
 70
     1
102
RTVSPropertyOp49
 70
     1
102
RTVSPropertyOp50
 70
     1
102
RTVSPropertyOp51
 70
     0
102
RTVSPropertyOp52
 70
     0
102
RTVSPropertyOp53
 70
     1
102
RTVSPropertyOp54
 70
     1
102
RTVSPropertyOp55
 70
     1
102
RTVSPropertyOp56
 70
     1
102
RTVSPropertyOp57
 70
     1
102
RTVSPropertyOp58
 70
     1
102
RTVSPropertyOp59
 70
     1
102
RTVSPropertyOp60
 70
     1
102
RTVSPropertyOp61
 70
     1
102
RTVSPropertyOp62
 70
     1
  0
XRECORD
  5
2EA85
102
{ACAD_REACTORS
330
2EA84
102
}
330
2EA84
100
AcDbXrecord
280
     1
102
RTVSPost2010Prop28
280
     0
102
RTVSPost2010PropOp28
 70
     1
102
RTVSPost2010Prop29
280
     1
102
RTVSPost2010PropOp29
 70
     1
102
RTVSPost2010Prop30
280
     1
102
RTVSPost2010PropOp30
 70
     1
102
RTVSPost2010Prop31
280
     0
102
RTVSPost2010PropOp31
 70
     1
102
RTVSPost2010Prop32
280
     0
102
RTVSPost2010PropOp32
 70
     1
102
RTVSPost2010Prop33
280
     0
102
RTVSPost2010PropOp33
 70
     1
102
RTVSPost2010Prop34
280
     0
102
RTVSPost2010PropOp34
 70
     1
102
RTVSPost2010Prop35
280
     0
102
RTVSPost2010PropOp35
 70
     1
102
RTVSPost2010Prop36
280
     0
102
RTVSPost2010PropOp36
 70
     1
102
RTVSPost2010Prop37
 90
       50
102
RTVSPost2010PropOp37
 70
     1
102
RTVSPost2010Prop38
140
0.0
102
RTVSPost2010PropOp38
 70
     1
102
RTVSPost2010Prop39
140
1.0
102
RTVSPost2010PropOp39
 70
     1
102
RTVSPost2010Prop40
 90
        0
102
RTVSPost2010PropOp40
 70
     1
102
RTVSPost2010Prop41ColorIndex
 90
       18
102
RTVSPost2010Prop41ColorRGB
 90
        0
102
RTVSPost2010PropOp41
 70
     1
102
RTVSPost2010Prop42
 90
       50
102
RTVSPost2010PropOp42
 70
     1
102
RTVSPost2010Prop43
 90
        3
102
RTVSPost2010PropOp43
 70
     1
102
RTVSPost2010Prop44ColorIndex
 90
        5
102
RTVSPost2010Prop44ColorRGB
 90
      255
102
RTVSPost2010PropOp44
 70
     1
102
RTVSPost2010Prop45
280
     0
102
RTVSPost2010PropOp45
 70
     1
102
RTVSPost2010Prop46
 90
       50
102
RTVSPost2010PropOp46
 70
     1
102
RTVSPost2010Prop47
 90
       50
102
RTVSPost2010PropOp47
 70
     1
102
RTVSPost2010Prop48
 90
       50
102
RTVSPost2010PropOp48
 70
     1
102
RTVSPost2010Prop49
280
     0
102
RTVSPost2010PropOp49
 70
     1
102
RTVSPost2010Prop50
 90
       50
102
RTVSPost2010PropOp50
 70
     1
102
RTVSPost2010Prop51ColorIndex
 90
      256
102
RTVSPost2010Prop51ColorRGB
 90
-16777216
102
RTVSPost2010PropOp51
 70
     0
102
RTVSPost2010Prop52
140
1.0
102
RTVSPost2010PropOp52
 70
     0
102
RTVSPost2010Prop53
 90
        2
102
RTVSPost2010PropOp53
 70
     1
102
RTVSPost2010Prop54
  1
strokes_ogs.tif
102
RTVSPost2010PropOp54
 70
     1
102
RTVSPost2010Prop55
280
     0
102
RTVSPost2010PropOp55
 70
     1
102
RTVSPost2010Prop56
140
1.0
102
RTVSPost2010PropOp56
 70
     1
102
RTVSPost2010Prop57
140
1.0
102
RTVSPost2010PropOp57
 70
     1
102
RTVSPropertyOp0
 70
     1
102
RTVSPropertyOp1
 70
     1
102
RTVSPropertyOp2
 70
     1
102
RTVSPropertyOp3
 70
     1
102
RTVSPropertyOp4
 70
     1
102
RTVSPropertyOp5
 70
     1
102
RTVSPropertyOp6
 70
     1
102
RTVSPropertyOp7
 70
     1
102
RTVSPropertyOp8
 70
     1
102
RTVSPropertyOp9
 70
     1
102
RTVSPropertyOp10
 70
     1
102
RTVSPropertyOp11
 70
     1
102
RTVSPropertyOp12
 70
     1
102
RTVSPropertyOp13
 70
     1
102
RTVSPropertyOp14
 70
     1
102
RTVSPropertyOp15
 70
     1
102
RTVSPropertyOp16
 70
     1
102
RTVSPropertyOp17
 70
     1
102
RTVSPropertyOp18
 70
     1
102
RTVSPropertyOp19
 70
     1
102
RTVSPropertyOp20
 70
     1
102
RTVSPropertyOp21
 70
     1
102
RTVSPropertyOp22
 70
     1
102
RTVSPropertyOp23
 70
     1
102
RTVSPropertyOp24
 70
     1
102
RTVSPropertyOp25
 70
     1
102
RTVSPropertyOp26
 70
     1
102
RTVSPropertyOp27
 70
     1
102
RTVSPropertyOp28
 70
     1
102
RTVSPropertyOp29
 70
     1
102
RTVSPropertyOp30
 70
     1
102
RTVSPropertyOp31
 70
     1
102
RTVSPropertyOp32
 70
     1
102
RTVSPropertyOp33
 70
     1
102
RTVSPropertyOp34
 70
     1
102
RTVSPropertyOp35
 70
     1
102
RTVSPropertyOp36
 70
     1
102
RTVSPropertyOp37
 70
     1
102
RTVSPropertyOp38
 70
     1
102
RTVSPropertyOp39
 70
     1
102
RTVSPropertyOp40
 70
     1
102
RTVSPropertyOp41
 70
     1
102
RTVSPropertyOp42
 70
     1
102
RTVSPropertyOp43
 70
     1
102
RTVSPropertyOp44
 70
     1
102
RTVSPropertyOp45
 70
     1
102
RTVSPropertyOp46
 70
     1
102
RTVSPropertyOp47
 70
     1
102
RTVSPropertyOp48
 70
     1
102
RTVSPropertyOp49
 70
     1
102
RTVSPropertyOp50
 70
     1
102
RTVSPropertyOp51
 70
     0
102
RTVSPropertyOp52
 70
     0
102
RTVSPropertyOp53
 70
     1
102
RTVSPropertyOp54
 70
     1
102
RTVSPropertyOp55
 70
     1
102
RTVSPropertyOp56
 70
     1
102
RTVSPropertyOp57
 70
     1
102
RTVSPropertyOp58
 70
     1
102
RTVSPropertyOp59
 70
     1
102
RTVSPropertyOp60
 70
     1
102
RTVSPropertyOp61
 70
     1
102
RTVSPropertyOp62
 70
     1
  0
XRECORD
  5
2EA8F
102
{ACAD_REACTORS
330
2EA8E
102
}
330
2EA8E
100
AcDbXrecord
280
     1
102
RTVSPost2010Prop28
280
     0
102
RTVSPost2010PropOp28
 70
     1
102
RTVSPost2010Prop29
280
     1
102
RTVSPost2010PropOp29
 70
     1
102
RTVSPost2010Prop30
280
     1
102
RTVSPost2010PropOp30
 70
     1
102
RTVSPost2010Prop31
280
     0
102
RTVSPost2010PropOp31
 70
     1
102
RTVSPost2010Prop32
280
     0
102
RTVSPost2010PropOp32
 70
     1
102
RTVSPost2010Prop33
280
     0
102
RTVSPost2010PropOp33
 70
     1
102
RTVSPost2010Prop34
280
     0
102
RTVSPost2010PropOp34
 70
     1
102
RTVSPost2010Prop35
280
     0
102
RTVSPost2010PropOp35
 70
     1
102
RTVSPost2010Prop36
280
     0
102
RTVSPost2010PropOp36
 70
     1
102
RTVSPost2010Prop37
 90
       50
102
RTVSPost2010PropOp37
 70
     1
102
RTVSPost2010Prop38
140
0.0
102
RTVSPost2010PropOp38
 70
     1
102
RTVSPost2010Prop39
140
1.0
102
RTVSPost2010PropOp39
 70
     1
102
RTVSPost2010Prop40
 90
        0
102
RTVSPost2010PropOp40
 70
     1
102
RTVSPost2010Prop41ColorIndex
 90
       18
102
RTVSPost2010Prop41ColorRGB
 90
        0
102
RTVSPost2010PropOp41
 70
     1
102
RTVSPost2010Prop42
 90
       50
102
RTVSPost2010PropOp42
 70
     1
102
RTVSPost2010Prop43
 90
        3
102
RTVSPost2010PropOp43
 70
     1
102
RTVSPost2010Prop44ColorIndex
 90
        5
102
RTVSPost2010Prop44ColorRGB
 90
      255
102
RTVSPost2010PropOp44
 70
     1
102
RTVSPost2010Prop45
280
     0
102
RTVSPost2010PropOp45
 70
     1
102
RTVSPost2010Prop46
 90
       50
102
RTVSPost2010PropOp46
 70
     1
102
RTVSPost2010Prop47
 90
       50
102
RTVSPost2010PropOp47
 70
     1
102
RTVSPost2010Prop48
 90
       50
102
RTVSPost2010PropOp48
 70
     1
102
RTVSPost2010Prop49
280
     0
102
RTVSPost2010PropOp49
 70
     1
102
RTVSPost2010Prop50
 90
       50
102
RTVSPost2010PropOp50
 70
     1
102
RTVSPost2010Prop51ColorIndex
 90
      256
102
RTVSPost2010Prop51ColorRGB
 90
-16777216
102
RTVSPost2010PropOp51
 70
     0
102
RTVSPost2010Prop52
140
1.0
102
RTVSPost2010PropOp52
 70
     0
102
RTVSPost2010Prop53
 90
        2
102
RTVSPost2010PropOp53
 70
     1
102
RTVSPost2010Prop54
  1
strokes_ogs.tif
102
RTVSPost2010PropOp54
 70
     1
102
RTVSPost2010Prop55
280
     0
102
RTVSPost2010PropOp55
 70
     1
102
RTVSPost2010Prop56
140
1.0
102
RTVSPost2010PropOp56
 70
     1
102
RTVSPost2010Prop57
140
1.0
102
RTVSPost2010PropOp57
 70
     1
102
RTVSPropertyOp0
 70
     1
102
RTVSPropertyOp1
 70
     1
102
RTVSPropertyOp2
 70
     1
102
RTVSPropertyOp3
 70
     1
102
RTVSPropertyOp4
 70
     1
102
RTVSPropertyOp5
 70
     1
102
RTVSPropertyOp6
 70
     1
102
RTVSPropertyOp7
 70
     1
102
RTVSPropertyOp8
 70
     1
102
RTVSPropertyOp9
 70
     1
102
RTVSPropertyOp10
 70
     1
102
RTVSPropertyOp11
 70
     1
102
RTVSPropertyOp12
 70
     1
102
RTVSPropertyOp13
 70
     1
102
RTVSPropertyOp14
 70
     1
102
RTVSPropertyOp15
 70
     1
102
RTVSPropertyOp16
 70
     1
102
RTVSPropertyOp17
 70
     1
102
RTVSPropertyOp18
 70
     1
102
RTVSPropertyOp19
 70
     1
102
RTVSPropertyOp20
 70
     1
102
RTVSPropertyOp21
 70
     1
102
RTVSPropertyOp22
 70
     1
102
RTVSPropertyOp23
 70
     1
102
RTVSPropertyOp24
 70
     1
102
RTVSPropertyOp25
 70
     1
102
RTVSPropertyOp26
 70
     1
102
RTVSPropertyOp27
 70
     1
102
RTVSPropertyOp28
 70
     1
102
RTVSPropertyOp29
 70
     1
102
RTVSPropertyOp30
 70
     1
102
RTVSPropertyOp31
 70
     1
102
RTVSPropertyOp32
 70
     1
102
RTVSPropertyOp33
 70
     1
102
RTVSPropertyOp34
 70
     1
102
RTVSPropertyOp35
 70
     1
102
RTVSPropertyOp36
 70
     1
102
RTVSPropertyOp37
 70
     1
102
RTVSPropertyOp38
 70
     1
102
RTVSPropertyOp39
 70
     1
102
RTVSPropertyOp40
 70
     1
102
RTVSPropertyOp41
 70
     1
102
RTVSPropertyOp42
 70
     1
102
RTVSPropertyOp43
 70
     1
102
RTVSPropertyOp44
 70
     1
102
RTVSPropertyOp45
 70
     1
102
RTVSPropertyOp46
 70
     1
102
RTVSPropertyOp47
 70
     1
102
RTVSPropertyOp48
 70
     1
102
RTVSPropertyOp49
 70
     1
102
RTVSPropertyOp50
 70
     1
102
RTVSPropertyOp51
 70
     0
102
RTVSPropertyOp52
 70
     0
102
RTVSPropertyOp53
 70
     1
102
RTVSPropertyOp54
 70
     1
102
RTVSPropertyOp55
 70
     1
102
RTVSPropertyOp56
 70
     1
102
RTVSPropertyOp57
 70
     1
102
RTVSPropertyOp58
 70
     1
102
RTVSPropertyOp59
 70
     1
102
RTVSPropertyOp60
 70
     1
102
RTVSPropertyOp61
 70
     1
102
RTVSPropertyOp62
 70
     1
  0
XRECORD
  5
2EA97
102
{ACAD_REACTORS
330
2EA96
102
}
330
2EA96
100
AcDbXrecord
280
     1
102
RTVSPost2010Prop28
280
     0
102
RTVSPost2010PropOp28
 70
     1
102
RTVSPost2010Prop29
280
     1
102
RTVSPost2010PropOp29
 70
     1
102
RTVSPost2010Prop30
280
     1
102
RTVSPost2010PropOp30
 70
     1
102
RTVSPost2010Prop31
280
     0
102
RTVSPost2010PropOp31
 70
     1
102
RTVSPost2010Prop32
280
     0
102
RTVSPost2010PropOp32
 70
     1
102
RTVSPost2010Prop33
280
     0
102
RTVSPost2010PropOp33
 70
     1
102
RTVSPost2010Prop34
280
     0
102
RTVSPost2010PropOp34
 70
     1
102
RTVSPost2010Prop35
280
     0
102
RTVSPost2010PropOp35
 70
     1
102
RTVSPost2010Prop36
280
     0
102
RTVSPost2010PropOp36
 70
     1
102
RTVSPost2010Prop37
 90
       50
102
RTVSPost2010PropOp37
 70
     1
102
RTVSPost2010Prop38
140
0.0
102
RTVSPost2010PropOp38
 70
     1
102
RTVSPost2010Prop39
140
1.0
102
RTVSPost2010PropOp39
 70
     1
102
RTVSPost2010Prop40
 90
        0
102
RTVSPost2010PropOp40
 70
     1
102
RTVSPost2010Prop41ColorIndex
 90
       18
102
RTVSPost2010Prop41ColorRGB
 90
        0
102
RTVSPost2010PropOp41
 70
     1
102
RTVSPost2010Prop42
 90
       50
102
RTVSPost2010PropOp42
 70
     1
102
RTVSPost2010Prop43
 90
        3
102
RTVSPost2010PropOp43
 70
     1
102
RTVSPost2010Prop44ColorIndex
 90
        5
102
RTVSPost2010Prop44ColorRGB
 90
      255
102
RTVSPost2010PropOp44
 70
     1
102
RTVSPost2010Prop45
280
     0
102
RTVSPost2010PropOp45
 70
     1
102
RTVSPost2010Prop46
 90
       50
102
RTVSPost2010PropOp46
 70
     1
102
RTVSPost2010Prop47
 90
       50
102
RTVSPost2010PropOp47
 70
     1
102
RTVSPost2010Prop48
 90
       50
102
RTVSPost2010PropOp48
 70
     1
102
RTVSPost2010Prop49
280
     0
102
RTVSPost2010PropOp49
 70
     1
102
RTVSPost2010Prop50
 90
       50
102
RTVSPost2010PropOp50
 70
     1
102
RTVSPost2010Prop51ColorIndex
 90
      256
102
RTVSPost2010Prop51ColorRGB
 90
-16777216
102
RTVSPost2010PropOp51
 70
     0
102
RTVSPost2010Prop52
140
1.0
102
RTVSPost2010PropOp52
 70
     0
102
RTVSPost2010Prop53
 90
        2
102
RTVSPost2010PropOp53
 70
     1
102
RTVSPost2010Prop54
  1
strokes_ogs.tif
102
RTVSPost2010PropOp54
 70
     1
102
RTVSPost2010Prop55
280
     0
102
RTVSPost2010PropOp55
 70
     1
102
RTVSPost2010Prop56
140
1.0
102
RTVSPost2010PropOp56
 70
     1
102
RTVSPost2010Prop57
140
1.0
102
RTVSPost2010PropOp57
 70
     1
102
RTVSPropertyOp0
 70
     1
102
RTVSPropertyOp1
 70
     1
102
RTVSPropertyOp2
 70
     1
102
RTVSPropertyOp3
 70
     1
102
RTVSPropertyOp4
 70
     1
102
RTVSPropertyOp5
 70
     1
102
RTVSPropertyOp6
 70
     1
102
RTVSPropertyOp7
 70
     1
102
RTVSPropertyOp8
 70
     1
102
RTVSPropertyOp9
 70
     1
102
RTVSPropertyOp10
 70
     1
102
RTVSPropertyOp11
 70
     1
102
RTVSPropertyOp12
 70
     1
102
RTVSPropertyOp13
 70
     1
102
RTVSPropertyOp14
 70
     1
102
RTVSPropertyOp15
 70
     1
102
RTVSPropertyOp16
 70
     1
102
RTVSPropertyOp17
 70
     1
102
RTVSPropertyOp18
 70
     1
102
RTVSPropertyOp19
 70
     1
102
RTVSPropertyOp20
 70
     1
102
RTVSPropertyOp21
 70
     1
102
RTVSPropertyOp22
 70
     1
102
RTVSPropertyOp23
 70
     1
102
RTVSPropertyOp24
 70
     1
102
RTVSPropertyOp25
 70
     1
102
RTVSPropertyOp26
 70
     1
102
RTVSPropertyOp27
 70
     1
102
RTVSPropertyOp28
 70
     1
102
RTVSPropertyOp29
 70
     1
102
RTVSPropertyOp30
 70
     1
102
RTVSPropertyOp31
 70
     1
102
RTVSPropertyOp32
 70
     1
102
RTVSPropertyOp33
 70
     1
102
RTVSPropertyOp34
 70
     1
102
RTVSPropertyOp35
 70
     1
102
RTVSPropertyOp36
 70
     1
102
RTVSPropertyOp37
 70
     1
102
RTVSPropertyOp38
 70
     1
102
RTVSPropertyOp39
 70
     1
102
RTVSPropertyOp40
 70
     1
102
RTVSPropertyOp41
 70
     1
102
RTVSPropertyOp42
 70
     1
102
RTVSPropertyOp43
 70
     1
102
RTVSPropertyOp44
 70
     1
102
RTVSPropertyOp45
 70
     1
102
RTVSPropertyOp46
 70
     1
102
RTVSPropertyOp47
 70
     1
102
RTVSPropertyOp48
 70
     1
102
RTVSPropertyOp49
 70
     1
102
RTVSPropertyOp50
 70
     1
102
RTVSPropertyOp51
 70
     0
102
RTVSPropertyOp52
 70
     0
102
RTVSPropertyOp53
 70
     1
102
RTVSPropertyOp54
 70
     1
102
RTVSPropertyOp55
 70
     1
102
RTVSPropertyOp56
 70
     1
102
RTVSPropertyOp57
 70
     1
102
RTVSPropertyOp58
 70
     1
102
RTVSPropertyOp59
 70
     1
102
RTVSPropertyOp60
 70
     1
102
RTVSPropertyOp61
 70
     1
102
RTVSPropertyOp62
 70
     1
  0
XRECORD
  5
2EA9F
102
{ACAD_REACTORS
330
2EA9E
102
}
330
2EA9E
100
AcDbXrecord
280
     1
102
RTVSPost2010Prop28
280
     0
102
RTVSPost2010PropOp28
 70
     1
102
RTVSPost2010Prop29
280
     1
102
RTVSPost2010PropOp29
 70
     1
102
RTVSPost2010Prop30
280
     1
102
RTVSPost2010PropOp30
 70
     1
102
RTVSPost2010Prop31
280
     0
102
RTVSPost2010PropOp31
 70
     1
102
RTVSPost2010Prop32
280
     0
102
RTVSPost2010PropOp32
 70
     1
102
RTVSPost2010Prop33
280
     0
102
RTVSPost2010PropOp33
 70
     1
102
RTVSPost2010Prop34
280
     0
102
RTVSPost2010PropOp34
 70
     1
102
RTVSPost2010Prop35
280
     0
102
RTVSPost2010PropOp35
 70
     1
102
RTVSPost2010Prop36
280
     0
102
RTVSPost2010PropOp36
 70
     1
102
RTVSPost2010Prop37
 90
       50
102
RTVSPost2010PropOp37
 70
     1
102
RTVSPost2010Prop38
140
0.0
102
RTVSPost2010PropOp38
 70
     1
102
RTVSPost2010Prop39
140
1.0
102
RTVSPost2010PropOp39
 70
     1
102
RTVSPost2010Prop40
 90
        0
102
RTVSPost2010PropOp40
 70
     1
102
RTVSPost2010Prop41ColorIndex
 90
       18
102
RTVSPost2010Prop41ColorRGB
 90
        0
102
RTVSPost2010PropOp41
 70
     1
102
RTVSPost2010Prop42
 90
       50
102
RTVSPost2010PropOp42
 70
     1
102
RTVSPost2010Prop43
 90
        3
102
RTVSPost2010PropOp43
 70
     1
102
RTVSPost2010Prop44ColorIndex
 90
        5
102
RTVSPost2010Prop44ColorRGB
 90
      255
102
RTVSPost2010PropOp44
 70
     1
102
RTVSPost2010Prop45
280
     0
102
RTVSPost2010PropOp45
 70
     1
102
RTVSPost2010Prop46
 90
       50
102
RTVSPost2010PropOp46
 70
     1
102
RTVSPost2010Prop47
 90
       50
102
RTVSPost2010PropOp47
 70
     1
102
RTVSPost2010Prop48
 90
       50
102
RTVSPost2010PropOp48
 70
     1
102
RTVSPost2010Prop49
280
     0
102
RTVSPost2010PropOp49
 70
     1
102
RTVSPost2010Prop50
 90
       50
102
RTVSPost2010PropOp50
 70
     1
102
RTVSPost2010Prop51ColorIndex
 90
      256
102
RTVSPost2010Prop51ColorRGB
 90
-16777216
102
RTVSPost2010PropOp51
 70
     0
102
RTVSPost2010Prop52
140
1.0
102
RTVSPost2010PropOp52
 70
     0
102
RTVSPost2010Prop53
 90
        2
102
RTVSPost2010PropOp53
 70
     1
102
RTVSPost2010Prop54
  1
strokes_ogs.tif
102
RTVSPost2010PropOp54
 70
     1
102
RTVSPost2010Prop55
280
     0
102
RTVSPost2010PropOp55
 70
     1
102
RTVSPost2010Prop56
140
1.0
102
RTVSPost2010PropOp56
 70
     1
102
RTVSPost2010Prop57
140
1.0
102
RTVSPost2010PropOp57
 70
     1
102
RTVSPropertyOp0
 70
     1
102
RTVSPropertyOp1
 70
     1
102
RTVSPropertyOp2
 70
     1
102
RTVSPropertyOp3
 70
     1
102
RTVSPropertyOp4
 70
     1
102
RTVSPropertyOp5
 70
     1
102
RTVSPropertyOp6
 70
     1
102
RTVSPropertyOp7
 70
     1
102
RTVSPropertyOp8
 70
     1
102
RTVSPropertyOp9
 70
     1
102
RTVSPropertyOp10
 70
     1
102
RTVSPropertyOp11
 70
     1
102
RTVSPropertyOp12
 70
     1
102
RTVSPropertyOp13
 70
     1
102
RTVSPropertyOp14
 70
     1
102
RTVSPropertyOp15
 70
     1
102
RTVSPropertyOp16
 70
     1
102
RTVSPropertyOp17
 70
     1
102
RTVSPropertyOp18
 70
     1
102
RTVSPropertyOp19
 70
     1
102
RTVSPropertyOp20
 70
     1
102
RTVSPropertyOp21
 70
     1
102
RTVSPropertyOp22
 70
     1
102
RTVSPropertyOp23
 70
     1
102
RTVSPropertyOp24
 70
     1
102
RTVSPropertyOp25
 70
     1
102
RTVSPropertyOp26
 70
     1
102
RTVSPropertyOp27
 70
     1
102
RTVSPropertyOp28
 70
     1
102
RTVSPropertyOp29
 70
     1
102
RTVSPropertyOp30
 70
     1
102
RTVSPropertyOp31
 70
     1
102
RTVSPropertyOp32
 70
     1
102
RTVSPropertyOp33
 70
     1
102
RTVSPropertyOp34
 70
     1
102
RTVSPropertyOp35
 70
     1
102
RTVSPropertyOp36
 70
     1
102
RTVSPropertyOp37
 70
     1
102
RTVSPropertyOp38
 70
     1
102
RTVSPropertyOp39
 70
     1
102
RTVSPropertyOp40
 70
     1
102
RTVSPropertyOp41
 70
     1
102
RTVSPropertyOp42
 70
     1
102
RTVSPropertyOp43
 70
     1
102
RTVSPropertyOp44
 70
     1
102
RTVSPropertyOp45
 70
     1
102
RTVSPropertyOp46
 70
     1
102
RTVSPropertyOp47
 70
     1
102
RTVSPropertyOp48
 70
     1
102
RTVSPropertyOp49
 70
     1
102
RTVSPropertyOp50
 70
     1
102
RTVSPropertyOp51
 70
     0
102
RTVSPropertyOp52
 70
     0
102
RTVSPropertyOp53
 70
     1
102
RTVSPropertyOp54
 70
     1
102
RTVSPropertyOp55
 70
     1
102
RTVSPropertyOp56
 70
     1
102
RTVSPropertyOp57
 70
     1
102
RTVSPropertyOp58
 70
     1
102
RTVSPropertyOp59
 70
     1
102
RTVSPropertyOp60
 70
     1
102
RTVSPropertyOp61
 70
     1
102
RTVSPropertyOp62
 70
     1
  0
XRECORD
  5
2EA93
102
{ACAD_REACTORS
330
2EA92
102
}
330
2EA92
100
AcDbXrecord
280
     1
102
RTVSPost2010Prop28
280
     0
102
RTVSPost2010PropOp28
 70
     1
102
RTVSPost2010Prop29
280
     1
102
RTVSPost2010PropOp29
 70
     1
102
RTVSPost2010Prop30
280
     1
102
RTVSPost2010PropOp30
 70
     1
102
RTVSPost2010Prop31
280
     0
102
RTVSPost2010PropOp31
 70
     1
102
RTVSPost2010Prop32
280
     0
102
RTVSPost2010PropOp32
 70
     1
102
RTVSPost2010Prop33
280
     0
102
RTVSPost2010PropOp33
 70
     1
102
RTVSPost2010Prop34
280
     0
102
RTVSPost2010PropOp34
 70
     1
102
RTVSPost2010Prop35
280
     0
102
RTVSPost2010PropOp35
 70
     1
102
RTVSPost2010Prop36
280
     0
102
RTVSPost2010PropOp36
 70
     1
102
RTVSPost2010Prop37
 90
       50
102
RTVSPost2010PropOp37
 70
     1
102
RTVSPost2010Prop38
140
0.0
102
RTVSPost2010PropOp38
 70
     1
102
RTVSPost2010Prop39
140
1.0
102
RTVSPost2010PropOp39
 70
     1
102
RTVSPost2010Prop40
 90
        0
102
RTVSPost2010PropOp40
 70
     1
102
RTVSPost2010Prop41ColorIndex
 90
       18
102
RTVSPost2010Prop41ColorRGB
 90
        0
102
RTVSPost2010PropOp41
 70
     1
102
RTVSPost2010Prop42
 90
       50
102
RTVSPost2010PropOp42
 70
     1
102
RTVSPost2010Prop43
 90
        3
102
RTVSPost2010PropOp43
 70
     1
102
RTVSPost2010Prop44ColorIndex
 90
        5
102
RTVSPost2010Prop44ColorRGB
 90
      255
102
RTVSPost2010PropOp44
 70
     1
102
RTVSPost2010Prop45
280
     0
102
RTVSPost2010PropOp45
 70
     1
102
RTVSPost2010Prop46
 90
       50
102
RTVSPost2010PropOp46
 70
     1
102
RTVSPost2010Prop47
 90
       50
102
RTVSPost2010PropOp47
 70
     1
102
RTVSPost2010Prop48
 90
       50
102
RTVSPost2010PropOp48
 70
     1
102
RTVSPost2010Prop49
280
     0
102
RTVSPost2010PropOp49
 70
     1
102
RTVSPost2010Prop50
 90
       50
102
RTVSPost2010PropOp50
 70
     1
102
RTVSPost2010Prop51ColorIndex
 90
      256
102
RTVSPost2010Prop51ColorRGB
 90
-16777216
102
RTVSPost2010PropOp51
 70
     0
102
RTVSPost2010Prop52
140
1.0
102
RTVSPost2010PropOp52
 70
     0
102
RTVSPost2010Prop53
 90
        2
102
RTVSPost2010PropOp53
 70
     1
102
RTVSPost2010Prop54
  1
strokes_ogs.tif
102
RTVSPost2010PropOp54
 70
     1
102
RTVSPost2010Prop55
280
     0
102
RTVSPost2010PropOp55
 70
     1
102
RTVSPost2010Prop56
140
1.0
102
RTVSPost2010PropOp56
 70
     1
102
RTVSPost2010Prop57
140
1.0
102
RTVSPost2010PropOp57
 70
     1
102
RTVSPropertyOp0
 70
     1
102
RTVSPropertyOp1
 70
     1
102
RTVSPropertyOp2
 70
     1
102
RTVSPropertyOp3
 70
     1
102
RTVSPropertyOp4
 70
     1
102
RTVSPropertyOp5
 70
     1
102
RTVSPropertyOp6
 70
     1
102
RTVSPropertyOp7
 70
     1
102
RTVSPropertyOp8
 70
     1
102
RTVSPropertyOp9
 70
     1
102
RTVSPropertyOp10
 70
     1
102
RTVSPropertyOp11
 70
     1
102
RTVSPropertyOp12
 70
     1
102
RTVSPropertyOp13
 70
     1
102
RTVSPropertyOp14
 70
     1
102
RTVSPropertyOp15
 70
     1
102
RTVSPropertyOp16
 70
     1
102
RTVSPropertyOp17
 70
     1
102
RTVSPropertyOp18
 70
     1
102
RTVSPropertyOp19
 70
     1
102
RTVSPropertyOp20
 70
     1
102
RTVSPropertyOp21
 70
     1
102
RTVSPropertyOp22
 70
     1
102
RTVSPropertyOp23
 70
     1
102
RTVSPropertyOp24
 70
     1
102
RTVSPropertyOp25
 70
     1
102
RTVSPropertyOp26
 70
     1
102
RTVSPropertyOp27
 70
     1
102
RTVSPropertyOp28
 70
     1
102
RTVSPropertyOp29
 70
     1
102
RTVSPropertyOp30
 70
     1
102
RTVSPropertyOp31
 70
     1
102
RTVSPropertyOp32
 70
     1
102
RTVSPropertyOp33
 70
     1
102
RTVSPropertyOp34
 70
     1
102
RTVSPropertyOp35
 70
     1
102
RTVSPropertyOp36
 70
     1
102
RTVSPropertyOp37
 70
     1
102
RTVSPropertyOp38
 70
     1
102
RTVSPropertyOp39
 70
     1
102
RTVSPropertyOp40
 70
     1
102
RTVSPropertyOp41
 70
     1
102
RTVSPropertyOp42
 70
     1
102
RTVSPropertyOp43
 70
     1
102
RTVSPropertyOp44
 70
     1
102
RTVSPropertyOp45
 70
     1
102
RTVSPropertyOp46
 70
     1
102
RTVSPropertyOp47
 70
     1
102
RTVSPropertyOp48
 70
     1
102
RTVSPropertyOp49
 70
     1
102
RTVSPropertyOp50
 70
     1
102
RTVSPropertyOp51
 70
     0
102
RTVSPropertyOp52
 70
     0
102
RTVSPropertyOp53
 70
     1
102
RTVSPropertyOp54
 70
     1
102
RTVSPropertyOp55
 70
     1
102
RTVSPropertyOp56
 70
     1
102
RTVSPropertyOp57
 70
     1
102
RTVSPropertyOp58
 70
     1
102
RTVSPropertyOp59
 70
     1
102
RTVSPropertyOp60
 70
     1
102
RTVSPropertyOp61
 70
     1
102
RTVSPropertyOp62
 70
     1
  0
XRECORD
  5
2EA95
102
{ACAD_REACTORS
330
2EA94
102
}
330
2EA94
100
AcDbXrecord
280
     1
102
RTVSPost2010Prop28
280
     0
102
RTVSPost2010PropOp28
 70
     1
102
RTVSPost2010Prop29
280
     1
102
RTVSPost2010PropOp29
 70
     1
102
RTVSPost2010Prop30
280
     1
102
RTVSPost2010PropOp30
 70
     1
102
RTVSPost2010Prop31
280
     0
102
RTVSPost2010PropOp31
 70
     1
102
RTVSPost2010Prop32
280
     0
102
RTVSPost2010PropOp32
 70
     1
102
RTVSPost2010Prop33
280
     0
102
RTVSPost2010PropOp33
 70
     1
102
RTVSPost2010Prop34
280
     0
102
RTVSPost2010PropOp34
 70
     1
102
RTVSPost2010Prop35
280
     0
102
RTVSPost2010PropOp35
 70
     1
102
RTVSPost2010Prop36
280
     0
102
RTVSPost2010PropOp36
 70
     1
102
RTVSPost2010Prop37
 90
       50
102
RTVSPost2010PropOp37
 70
     1
102
RTVSPost2010Prop38
140
0.0
102
RTVSPost2010PropOp38
 70
     1
102
RTVSPost2010Prop39
140
1.0
102
RTVSPost2010PropOp39
 70
     1
102
RTVSPost2010Prop40
 90
        0
102
RTVSPost2010PropOp40
 70
     1
102
RTVSPost2010Prop41ColorIndex
 90
       18
102
RTVSPost2010Prop41ColorRGB
 90
        0
102
RTVSPost2010PropOp41
 70
     1
102
RTVSPost2010Prop42
 90
       50
102
RTVSPost2010PropOp42
 70
     1
102
RTVSPost2010Prop43
 90
        3
102
RTVSPost2010PropOp43
 70
     1
102
RTVSPost2010Prop44ColorIndex
 90
        5
102
RTVSPost2010Prop44ColorRGB
 90
      255
102
RTVSPost2010PropOp44
 70
     1
102
RTVSPost2010Prop45
280
     0
102
RTVSPost2010PropOp45
 70
     1
102
RTVSPost2010Prop46
 90
       50
102
RTVSPost2010PropOp46
 70
     1
102
RTVSPost2010Prop47
 90
       50
102
RTVSPost2010PropOp47
 70
     1
102
RTVSPost2010Prop48
 90
       50
102
RTVSPost2010PropOp48
 70
     1
102
RTVSPost2010Prop49
280
     0
102
RTVSPost2010PropOp49
 70
     1
102
RTVSPost2010Prop50
 90
       50
102
RTVSPost2010PropOp50
 70
     1
102
RTVSPost2010Prop51ColorIndex
 90
      256
102
RTVSPost2010Prop51ColorRGB
 90
-16777216
102
RTVSPost2010PropOp51
 70
     0
102
RTVSPost2010Prop52
140
1.0
102
RTVSPost2010PropOp52
 70
     0
102
RTVSPost2010Prop53
 90
        2
102
RTVSPost2010PropOp53
 70
     1
102
RTVSPost2010Prop54
  1
strokes_ogs.tif
102
RTVSPost2010PropOp54
 70
     1
102
RTVSPost2010Prop55
280
     0
102
RTVSPost2010PropOp55
 70
     1
102
RTVSPost2010Prop56
140
1.0
102
RTVSPost2010PropOp56
 70
     1
102
RTVSPost2010Prop57
140
1.0
102
RTVSPost2010PropOp57
 70
     1
102
RTVSPropertyOp0
 70
     1
102
RTVSPropertyOp1
 70
     1
102
RTVSPropertyOp2
 70
     1
102
RTVSPropertyOp3
 70
     1
102
RTVSPropertyOp4
 70
     1
102
RTVSPropertyOp5
 70
     1
102
RTVSPropertyOp6
 70
     1
102
RTVSPropertyOp7
 70
     1
102
RTVSPropertyOp8
 70
     1
102
RTVSPropertyOp9
 70
     1
102
RTVSPropertyOp10
 70
     1
102
RTVSPropertyOp11
 70
     1
102
RTVSPropertyOp12
 70
     1
102
RTVSPropertyOp13
 70
     1
102
RTVSPropertyOp14
 70
     1
102
RTVSPropertyOp15
 70
     1
102
RTVSPropertyOp16
 70
     1
102
RTVSPropertyOp17
 70
     1
102
RTVSPropertyOp18
 70
     1
102
RTVSPropertyOp19
 70
     1
102
RTVSPropertyOp20
 70
     1
102
RTVSPropertyOp21
 70
     1
102
RTVSPropertyOp22
 70
     1
102
RTVSPropertyOp23
 70
     1
102
RTVSPropertyOp24
 70
     1
102
RTVSPropertyOp25
 70
     1
102
RTVSPropertyOp26
 70
     1
102
RTVSPropertyOp27
 70
     1
102
RTVSPropertyOp28
 70
     1
102
RTVSPropertyOp29
 70
     1
102
RTVSPropertyOp30
 70
     1
102
RTVSPropertyOp31
 70
     1
102
RTVSPropertyOp32
 70
     1
102
RTVSPropertyOp33
 70
     1
102
RTVSPropertyOp34
 70
     1
102
RTVSPropertyOp35
 70
     1
102
RTVSPropertyOp36
 70
     1
102
RTVSPropertyOp37
 70
     1
102
RTVSPropertyOp38
 70
     1
102
RTVSPropertyOp39
 70
     1
102
RTVSPropertyOp40
 70
     1
102
RTVSPropertyOp41
 70
     1
102
RTVSPropertyOp42
 70
     1
102
RTVSPropertyOp43
 70
     1
102
RTVSPropertyOp44
 70
     1
102
RTVSPropertyOp45
 70
     1
102
RTVSPropertyOp46
 70
     1
102
RTVSPropertyOp47
 70
     1
102
RTVSPropertyOp48
 70
     1
102
RTVSPropertyOp49
 70
     1
102
RTVSPropertyOp50
 70
     1
102
RTVSPropertyOp51
 70
     0
102
RTVSPropertyOp52
 70
     0
102
RTVSPropertyOp53
 70
     1
102
RTVSPropertyOp54
 70
     1
102
RTVSPropertyOp55
 70
     1
102
RTVSPropertyOp56
 70
     1
102
RTVSPropertyOp57
 70
     1
102
RTVSPropertyOp58
 70
     1
102
RTVSPropertyOp59
 70
     1
102
RTVSPropertyOp60
 70
     1
102
RTVSPropertyOp61
 70
     1
102
RTVSPropertyOp62
 70
     1
  0
XRECORD
  5
2EAA5
102
{ACAD_REACTORS
330
2EAA4
102
}
330
2EAA4
100
AcDbXrecord
280
     1
102
RTVSPost2010Prop28
280
     0
102
RTVSPost2010PropOp28
 70
     1
102
RTVSPost2010Prop29
280
     1
102
RTVSPost2010PropOp29
 70
     1
102
RTVSPost2010Prop30
280
     1
102
RTVSPost2010PropOp30
 70
     1
102
RTVSPost2010Prop31
280
     0
102
RTVSPost2010PropOp31
 70
     1
102
RTVSPost2010Prop32
280
     0
102
RTVSPost2010PropOp32
 70
     1
102
RTVSPost2010Prop33
280
     0
102
RTVSPost2010PropOp33
 70
     1
102
RTVSPost2010Prop34
280
     0
102
RTVSPost2010PropOp34
 70
     1
102
RTVSPost2010Prop35
280
     0
102
RTVSPost2010PropOp35
 70
     1
102
RTVSPost2010Prop36
280
     0
102
RTVSPost2010PropOp36
 70
     1
102
RTVSPost2010Prop37
 90
       50
102
RTVSPost2010PropOp37
 70
     1
102
RTVSPost2010Prop38
140
0.0
102
RTVSPost2010PropOp38
 70
     1
102
RTVSPost2010Prop39
140
1.0
102
RTVSPost2010PropOp39
 70
     1
102
RTVSPost2010Prop40
 90
        0
102
RTVSPost2010PropOp40
 70
     1
102
RTVSPost2010Prop41ColorIndex
 90
       18
102
RTVSPost2010Prop41ColorRGB
 90
        0
102
RTVSPost2010PropOp41
 70
     1
102
RTVSPost2010Prop42
 90
       50
102
RTVSPost2010PropOp42
 70
     1
102
RTVSPost2010Prop43
 90
        3
102
RTVSPost2010PropOp43
 70
     1
102
RTVSPost2010Prop44ColorIndex
 90
        5
102
RTVSPost2010Prop44ColorRGB
 90
      255
102
RTVSPost2010PropOp44
 70
     1
102
RTVSPost2010Prop45
280
     0
102
RTVSPost2010PropOp45
 70
     1
102
RTVSPost2010Prop46
 90
       50
102
RTVSPost2010PropOp46
 70
     1
102
RTVSPost2010Prop47
 90
       50
102
RTVSPost2010PropOp47
 70
     1
102
RTVSPost2010Prop48
 90
       50
102
RTVSPost2010PropOp48
 70
     1
102
RTVSPost2010Prop49
280
     0
102
RTVSPost2010PropOp49
 70
     1
102
RTVSPost2010Prop50
 90
       50
102
RTVSPost2010PropOp50
 70
     1
102
RTVSPost2010Prop51ColorIndex
 90
      256
102
RTVSPost2010Prop51ColorRGB
 90
-16777216
102
RTVSPost2010PropOp51
 70
     0
102
RTVSPost2010Prop52
140
1.0
102
RTVSPost2010PropOp52
 70
     0
102
RTVSPost2010Prop53
 90
        2
102
RTVSPost2010PropOp53
 70
     1
102
RTVSPost2010Prop54
  1
strokes_ogs.tif
102
RTVSPost2010PropOp54
 70
     1
102
RTVSPost2010Prop55
280
     0
102
RTVSPost2010PropOp55
 70
     1
102
RTVSPost2010Prop56
140
1.0
102
RTVSPost2010PropOp56
 70
     1
102
RTVSPost2010Prop57
140
1.0
102
RTVSPost2010PropOp57
 70
     1
102
RTVSPropertyOp0
 70
     0
102
RTVSPropertyOp1
 70
     0
102
RTVSPropertyOp2
 70
     0
102
RTVSPropertyOp3
 70
     0
102
RTVSPropertyOp4
 70
     0
102
RTVSPropertyOp5
 70
     0
102
RTVSPropertyOp6
 70
     0
102
RTVSPropertyOp7
 70
     0
102
RTVSPropertyOp8
 70
     0
102
RTVSPropertyOp9
 70
     0
102
RTVSPropertyOp10
 70
     0
102
RTVSPropertyOp11
 70
     0
102
RTVSPropertyOp12
 70
     0
102
RTVSPropertyOp13
 70
     0
102
RTVSPropertyOp14
 70
     2
102
RTVSPropertyOp15
 70
     0
102
RTVSPropertyOp16
 70
     0
102
RTVSPropertyOp17
 70
     0
102
RTVSPropertyOp18
 70
     0
102
RTVSPropertyOp19
 70
     0
102
RTVSPropertyOp20
 70
     0
102
RTVSPropertyOp21
 70
     0
102
RTVSPropertyOp22
 70
     0
102
RTVSPropertyOp23
 70
     0
102
RTVSPropertyOp24
 70
     0
102
RTVSPropertyOp25
 70
     0
102
RTVSPropertyOp26
 70
     0
102
RTVSPropertyOp27
 70
     0
102
RTVSPropertyOp28
 70
     1
102
RTVSPropertyOp29
 70
     1
102
RTVSPropertyOp30
 70
     1
102
RTVSPropertyOp31
 70
     1
102
RTVSPropertyOp32
 70
     1
102
RTVSPropertyOp33
 70
     1
102
RTVSPropertyOp34
 70
     1
102
RTVSPropertyOp35
 70
     1
102
RTVSPropertyOp36
 70
     1
102
RTVSPropertyOp37
 70
     1
102
RTVSPropertyOp38
 70
     1
102
RTVSPropertyOp39
 70
     1
102
RTVSPropertyOp40
 70
     1
102
RTVSPropertyOp41
 70
     1
102
RTVSPropertyOp42
 70
     1
102
RTVSPropertyOp43
 70
     1
102
RTVSPropertyOp44
 70
     1
102
RTVSPropertyOp45
 70
     1
102
RTVSPropertyOp46
 70
     1
102
RTVSPropertyOp47
 70
     1
102
RTVSPropertyOp48
 70
     1
102
RTVSPropertyOp49
 70
     1
102
RTVSPropertyOp50
 70
     1
102
RTVSPropertyOp51
 70
     0
102
RTVSPropertyOp52
 70
     0
102
RTVSPropertyOp53
 70
     1
102
RTVSPropertyOp54
 70
     1
102
RTVSPropertyOp55
 70
     1
102
RTVSPropertyOp56
 70
     1
102
RTVSPropertyOp57
 70
     1
102
RTVSPropertyOp58
 70
     1
102
RTVSPropertyOp59
 70
     1
102
RTVSPropertyOp60
 70
     1
102
RTVSPropertyOp61
 70
     1
102
RTVSPropertyOp62
 70
     1
  0
XRECORD
  5
2EA9D
102
{ACAD_REACTORS
330
2EA9C
102
}
330
2EA9C
100
AcDbXrecord
280
     1
102
RTVSPost2010Prop28
280
     0
102
RTVSPost2010PropOp28
 70
     1
102
RTVSPost2010Prop29
280
     1
102
RTVSPost2010PropOp29
 70
     1
102
RTVSPost2010Prop30
280
     1
102
RTVSPost2010PropOp30
 70
     1
102
RTVSPost2010Prop31
280
     0
102
RTVSPost2010PropOp31
 70
     1
102
RTVSPost2010Prop32
280
     0
102
RTVSPost2010PropOp32
 70
     1
102
RTVSPost2010Prop33
280
     0
102
RTVSPost2010PropOp33
 70
     1
102
RTVSPost2010Prop34
280
     0
102
RTVSPost2010PropOp34
 70
     1
102
RTVSPost2010Prop35
280
     0
102
RTVSPost2010PropOp35
 70
     1
102
RTVSPost2010Prop36
280
     0
102
RTVSPost2010PropOp36
 70
     1
102
RTVSPost2010Prop37
 90
       50
102
RTVSPost2010PropOp37
 70
     1
102
RTVSPost2010Prop38
140
0.0
102
RTVSPost2010PropOp38
 70
     1
102
RTVSPost2010Prop39
140
1.0
102
RTVSPost2010PropOp39
 70
     1
102
RTVSPost2010Prop40
 90
        0
102
RTVSPost2010PropOp40
 70
     1
102
RTVSPost2010Prop41ColorIndex
 90
       18
102
RTVSPost2010Prop41ColorRGB
 90
        0
102
RTVSPost2010PropOp41
 70
     1
102
RTVSPost2010Prop42
 90
       50
102
RTVSPost2010PropOp42
 70
     1
102
RTVSPost2010Prop43
 90
        3
102
RTVSPost2010PropOp43
 70
     1
102
RTVSPost2010Prop44ColorIndex
 90
        5
102
RTVSPost2010Prop44ColorRGB
 90
      255
102
RTVSPost2010PropOp44
 70
     1
102
RTVSPost2010Prop45
280
     0
102
RTVSPost2010PropOp45
 70
     1
102
RTVSPost2010Prop46
 90
       50
102
RTVSPost2010PropOp46
 70
     1
102
RTVSPost2010Prop47
 90
       50
102
RTVSPost2010PropOp47
 70
     1
102
RTVSPost2010Prop48
 90
       50
102
RTVSPost2010PropOp48
 70
     1
102
RTVSPost2010Prop49
280
     0
102
RTVSPost2010PropOp49
 70
     1
102
RTVSPost2010Prop50
 90
       50
102
RTVSPost2010PropOp50
 70
     1
102
RTVSPost2010Prop51ColorIndex
 90
      256
102
RTVSPost2010Prop51ColorRGB
 90
-16777216
102
RTVSPost2010PropOp51
 70
     0
102
RTVSPost2010Prop52
140
1.0
102
RTVSPost2010PropOp52
 70
     0
102
RTVSPost2010Prop53
 90
        2
102
RTVSPost2010PropOp53
 70
     1
102
RTVSPost2010Prop54
  1
strokes_ogs.tif
102
RTVSPost2010PropOp54
 70
     1
102
RTVSPost2010Prop55
280
     0
102
RTVSPost2010PropOp55
 70
     1
102
RTVSPost2010Prop56
140
1.0
102
RTVSPost2010PropOp56
 70
     1
102
RTVSPost2010Prop57
140
1.0
102
RTVSPost2010PropOp57
 70
     1
102
RTVSPropertyOp0
 70
     1
102
RTVSPropertyOp1
 70
     1
102
RTVSPropertyOp2
 70
     1
102
RTVSPropertyOp3
 70
     1
102
RTVSPropertyOp4
 70
     1
102
RTVSPropertyOp5
 70
     1
102
RTVSPropertyOp6
 70
     1
102
RTVSPropertyOp7
 70
     1
102
RTVSPropertyOp8
 70
     1
102
RTVSPropertyOp9
 70
     1
102
RTVSPropertyOp10
 70
     1
102
RTVSPropertyOp11
 70
     1
102
RTVSPropertyOp12
 70
     1
102
RTVSPropertyOp13
 70
     1
102
RTVSPropertyOp14
 70
     1
102
RTVSPropertyOp15
 70
     1
102
RTVSPropertyOp16
 70
     1
102
RTVSPropertyOp17
 70
     1
102
RTVSPropertyOp18
 70
     1
102
RTVSPropertyOp19
 70
     1
102
RTVSPropertyOp20
 70
     1
102
RTVSPropertyOp21
 70
     1
102
RTVSPropertyOp22
 70
     1
102
RTVSPropertyOp23
 70
     1
102
RTVSPropertyOp24
 70
     1
102
RTVSPropertyOp25
 70
     1
102
RTVSPropertyOp26
 70
     1
102
RTVSPropertyOp27
 70
     1
102
RTVSPropertyOp28
 70
     1
102
RTVSPropertyOp29
 70
     1
102
RTVSPropertyOp30
 70
     1
102
RTVSPropertyOp31
 70
     1
102
RTVSPropertyOp32
 70
     1
102
RTVSPropertyOp33
 70
     1
102
RTVSPropertyOp34
 70
     1
102
RTVSPropertyOp35
 70
     1
102
RTVSPropertyOp36
 70
     1
102
RTVSPropertyOp37
 70
     1
102
RTVSPropertyOp38
 70
     1
102
RTVSPropertyOp39
 70
     1
102
RTVSPropertyOp40
 70
     1
102
RTVSPropertyOp41
 70
     1
102
RTVSPropertyOp42
 70
     1
102
RTVSPropertyOp43
 70
     1
102
RTVSPropertyOp44
 70
     1
102
RTVSPropertyOp45
 70
     1
102
RTVSPropertyOp46
 70
     1
102
RTVSPropertyOp47
 70
     1
102
RTVSPropertyOp48
 70
     1
102
RTVSPropertyOp49
 70
     1
102
RTVSPropertyOp50
 70
     1
102
RTVSPropertyOp51
 70
     0
102
RTVSPropertyOp52
 70
     0
102
RTVSPropertyOp53
 70
     1
102
RTVSPropertyOp54
 70
     1
102
RTVSPropertyOp55
 70
     1
102
RTVSPropertyOp56
 70
     1
102
RTVSPropertyOp57
 70
     1
102
RTVSPropertyOp58
 70
     1
102
RTVSPropertyOp59
 70
     1
102
RTVSPropertyOp60
 70
     1
102
RTVSPropertyOp61
 70
     1
102
RTVSPropertyOp62
 70
     1
  0
XRECORD
  5
2EA87
102
{ACAD_REACTORS
330
2EA86
102
}
330
2EA86
100
AcDbXrecord
280
     1
102
RTVSPost2010Prop28
280
     0
102
RTVSPost2010PropOp28
 70
     1
102
RTVSPost2010Prop29
280
     1
102
RTVSPost2010PropOp29
 70
     1
102
RTVSPost2010Prop30
280
     1
102
RTVSPost2010PropOp30
 70
     1
102
RTVSPost2010Prop31
280
     0
102
RTVSPost2010PropOp31
 70
     1
102
RTVSPost2010Prop32
280
     0
102
RTVSPost2010PropOp32
 70
     1
102
RTVSPost2010Prop33
280
     0
102
RTVSPost2010PropOp33
 70
     1
102
RTVSPost2010Prop34
280
     0
102
RTVSPost2010PropOp34
 70
     1
102
RTVSPost2010Prop35
280
     0
102
RTVSPost2010PropOp35
 70
     1
102
RTVSPost2010Prop36
280
     0
102
RTVSPost2010PropOp36
 70
     1
102
RTVSPost2010Prop37
 90
       50
102
RTVSPost2010PropOp37
 70
     1
102
RTVSPost2010Prop38
140
0.0
102
RTVSPost2010PropOp38
 70
     1
102
RTVSPost2010Prop39
140
1.0
102
RTVSPost2010PropOp39
 70
     1
102
RTVSPost2010Prop40
 90
        0
102
RTVSPost2010PropOp40
 70
     1
102
RTVSPost2010Prop41ColorIndex
 90
       18
102
RTVSPost2010Prop41ColorRGB
 90
        0
102
RTVSPost2010PropOp41
 70
     1
102
RTVSPost2010Prop42
 90
       50
102
RTVSPost2010PropOp42
 70
     1
102
RTVSPost2010Prop43
 90
        3
102
RTVSPost2010PropOp43
 70
     1
102
RTVSPost2010Prop44ColorIndex
 90
        5
102
RTVSPost2010Prop44ColorRGB
 90
      255
102
RTVSPost2010PropOp44
 70
     1
102
RTVSPost2010Prop45
280
     0
102
RTVSPost2010PropOp45
 70
     1
102
RTVSPost2010Prop46
 90
       50
102
RTVSPost2010PropOp46
 70
     1
102
RTVSPost2010Prop47
 90
       50
102
RTVSPost2010PropOp47
 70
     1
102
RTVSPost2010Prop48
 90
       50
102
RTVSPost2010PropOp48
 70
     1
102
RTVSPost2010Prop49
280
     0
102
RTVSPost2010PropOp49
 70
     1
102
RTVSPost2010Prop50
 90
       50
102
RTVSPost2010PropOp50
 70
     1
102
RTVSPost2010Prop51ColorIndex
 90
      256
102
RTVSPost2010Prop51ColorRGB
 90
-16777216
102
RTVSPost2010PropOp51
 70
     0
102
RTVSPost2010Prop52
140
1.0
102
RTVSPost2010PropOp52
 70
     0
102
RTVSPost2010Prop53
 90
        2
102
RTVSPost2010PropOp53
 70
     1
102
RTVSPost2010Prop54
  1
strokes_ogs.tif
102
RTVSPost2010PropOp54
 70
     1
102
RTVSPost2010Prop55
280
     0
102
RTVSPost2010PropOp55
 70
     1
102
RTVSPost2010Prop56
140
1.0
102
RTVSPost2010PropOp56
 70
     1
102
RTVSPost2010Prop57
140
1.0
102
RTVSPost2010PropOp57
 70
     1
102
RTVSPropertyOp0
 70
     1
102
RTVSPropertyOp1
 70
     1
102
RTVSPropertyOp2
 70
     1
102
RTVSPropertyOp3
 70
     1
102
RTVSPropertyOp4
 70
     1
102
RTVSPropertyOp5
 70
     1
102
RTVSPropertyOp6
 70
     1
102
RTVSPropertyOp7
 70
     1
102
RTVSPropertyOp8
 70
     1
102
RTVSPropertyOp9
 70
     1
102
RTVSPropertyOp10
 70
     1
102
RTVSPropertyOp11
 70
     1
102
RTVSPropertyOp12
 70
     1
102
RTVSPropertyOp13
 70
     1
102
RTVSPropertyOp14
 70
     1
102
RTVSPropertyOp15
 70
     1
102
RTVSPropertyOp16
 70
     1
102
RTVSPropertyOp17
 70
     1
102
RTVSPropertyOp18
 70
     1
102
RTVSPropertyOp19
 70
     1
102
RTVSPropertyOp20
 70
     1
102
RTVSPropertyOp21
 70
     1
102
RTVSPropertyOp22
 70
     1
102
RTVSPropertyOp23
 70
     1
102
RTVSPropertyOp24
 70
     1
102
RTVSPropertyOp25
 70
     1
102
RTVSPropertyOp26
 70
     1
102
RTVSPropertyOp27
 70
     1
102
RTVSPropertyOp28
 70
     1
102
RTVSPropertyOp29
 70
     1
102
RTVSPropertyOp30
 70
     1
102
RTVSPropertyOp31
 70
     1
102
RTVSPropertyOp32
 70
     1
102
RTVSPropertyOp33
 70
     1
102
RTVSPropertyOp34
 70
     1
102
RTVSPropertyOp35
 70
     1
102
RTVSPropertyOp36
 70
     1
102
RTVSPropertyOp37
 70
     1
102
RTVSPropertyOp38
 70
     1
102
RTVSPropertyOp39
 70
     1
102
RTVSPropertyOp40
 70
     1
102
RTVSPropertyOp41
 70
     1
102
RTVSPropertyOp42
 70
     1
102
RTVSPropertyOp43
 70
     1
102
RTVSPropertyOp44
 70
     1
102
RTVSPropertyOp45
 70
     1
102
RTVSPropertyOp46
 70
     1
102
RTVSPropertyOp47
 70
     1
102
RTVSPropertyOp48
 70
     1
102
RTVSPropertyOp49
 70
     1
102
RTVSPropertyOp50
 70
     1
102
RTVSPropertyOp51
 70
     0
102
RTVSPropertyOp52
 70
     0
102
RTVSPropertyOp53
 70
     1
102
RTVSPropertyOp54
 70
     1
102
RTVSPropertyOp55
 70
     1
102
RTVSPropertyOp56
 70
     1
102
RTVSPropertyOp57
 70
     1
102
RTVSPropertyOp58
 70
     1
102
RTVSPropertyOp59
 70
     1
102
RTVSPropertyOp60
 70
     1
102
RTVSPropertyOp61
 70
     1
102
RTVSPropertyOp62
 70
     1
  0
XRECORD
  5
2EA89
102
{ACAD_REACTORS
330
2EA88
102
}
330
2EA88
100
AcDbXrecord
280
     1
102
RTVSPost2010Prop28
280
     0
102
RTVSPost2010PropOp28
 70
     1
102
RTVSPost2010Prop29
280
     1
102
RTVSPost2010PropOp29
 70
     1
102
RTVSPost2010Prop30
280
     1
102
RTVSPost2010PropOp30
 70
     1
102
RTVSPost2010Prop31
280
     0
102
RTVSPost2010PropOp31
 70
     1
102
RTVSPost2010Prop32
280
     0
102
RTVSPost2010PropOp32
 70
     1
102
RTVSPost2010Prop33
280
     0
102
RTVSPost2010PropOp33
 70
     1
102
RTVSPost2010Prop34
280
     0
102
RTVSPost2010PropOp34
 70
     1
102
RTVSPost2010Prop35
280
     0
102
RTVSPost2010PropOp35
 70
     1
102
RTVSPost2010Prop36
280
     0
102
RTVSPost2010PropOp36
 70
     1
102
RTVSPost2010Prop37
 90
       50
102
RTVSPost2010PropOp37
 70
     1
102
RTVSPost2010Prop38
140
0.0
102
RTVSPost2010PropOp38
 70
     1
102
RTVSPost2010Prop39
140
1.0
102
RTVSPost2010PropOp39
 70
     1
102
RTVSPost2010Prop40
 90
        0
102
RTVSPost2010PropOp40
 70
     1
102
RTVSPost2010Prop41ColorIndex
 90
       18
102
RTVSPost2010Prop41ColorRGB
 90
        0
102
RTVSPost2010PropOp41
 70
     1
102
RTVSPost2010Prop42
 90
       50
102
RTVSPost2010PropOp42
 70
     1
102
RTVSPost2010Prop43
 90
        3
102
RTVSPost2010PropOp43
 70
     1
102
RTVSPost2010Prop44ColorIndex
 90
        5
102
RTVSPost2010Prop44ColorRGB
 90
      255
102
RTVSPost2010PropOp44
 70
     1
102
RTVSPost2010Prop45
280
     0
102
RTVSPost2010PropOp45
 70
     1
102
RTVSPost2010Prop46
 90
       50
102
RTVSPost2010PropOp46
 70
     1
102
RTVSPost2010Prop47
 90
       50
102
RTVSPost2010PropOp47
 70
     1
102
RTVSPost2010Prop48
 90
       50
102
RTVSPost2010PropOp48
 70
     1
102
RTVSPost2010Prop49
280
     0
102
RTVSPost2010PropOp49
 70
     1
102
RTVSPost2010Prop50
 90
       50
102
RTVSPost2010PropOp50
 70
     1
102
RTVSPost2010Prop51ColorIndex
 90
      256
102
RTVSPost2010Prop51ColorRGB
 90
-16777216
102
RTVSPost2010PropOp51
 70
     0
102
RTVSPost2010Prop52
140
1.0
102
RTVSPost2010PropOp52
 70
     0
102
RTVSPost2010Prop53
 90
        2
102
RTVSPost2010PropOp53
 70
     1
102
RTVSPost2010Prop54
  1
strokes_ogs.tif
102
RTVSPost2010PropOp54
 70
     1
102
RTVSPost2010Prop55
280
     0
102
RTVSPost2010PropOp55
 70
     1
102
RTVSPost2010Prop56
140
1.0
102
RTVSPost2010PropOp56
 70
     1
102
RTVSPost2010Prop57
140
1.0
102
RTVSPost2010PropOp57
 70
     1
102
RTVSPropertyOp0
 70
     1
102
RTVSPropertyOp1
 70
     1
102
RTVSPropertyOp2
 70
     1
102
RTVSPropertyOp3
 70
     1
102
RTVSPropertyOp4
 70
     1
102
RTVSPropertyOp5
 70
     1
102
RTVSPropertyOp6
 70
     1
102
RTVSPropertyOp7
 70
     1
102
RTVSPropertyOp8
 70
     1
102
RTVSPropertyOp9
 70
     1
102
RTVSPropertyOp10
 70
     1
102
RTVSPropertyOp11
 70
     1
102
RTVSPropertyOp12
 70
     1
102
RTVSPropertyOp13
 70
     1
102
RTVSPropertyOp14
 70
     1
102
RTVSPropertyOp15
 70
     1
102
RTVSPropertyOp16
 70
     1
102
RTVSPropertyOp17
 70
     1
102
RTVSPropertyOp18
 70
     1
102
RTVSPropertyOp19
 70
     1
102
RTVSPropertyOp20
 70
     1
102
RTVSPropertyOp21
 70
     1
102
RTVSPropertyOp22
 70
     1
102
RTVSPropertyOp23
 70
     1
102
RTVSPropertyOp24
 70
     1
102
RTVSPropertyOp25
 70
     1
102
RTVSPropertyOp26
 70
     1
102
RTVSPropertyOp27
 70
     1
102
RTVSPropertyOp28
 70
     1
102
RTVSPropertyOp29
 70
     1
102
RTVSPropertyOp30
 70
     1
102
RTVSPropertyOp31
 70
     1
102
RTVSPropertyOp32
 70
     1
102
RTVSPropertyOp33
 70
     1
102
RTVSPropertyOp34
 70
     1
102
RTVSPropertyOp35
 70
     1
102
RTVSPropertyOp36
 70
     1
102
RTVSPropertyOp37
 70
     1
102
RTVSPropertyOp38
 70
     1
102
RTVSPropertyOp39
 70
     1
102
RTVSPropertyOp40
 70
     1
102
RTVSPropertyOp41
 70
     1
102
RTVSPropertyOp42
 70
     1
102
RTVSPropertyOp43
 70
     1
102
RTVSPropertyOp44
 70
     1
102
RTVSPropertyOp45
 70
     1
102
RTVSPropertyOp46
 70
     1
102
RTVSPropertyOp47
 70
     1
102
RTVSPropertyOp48
 70
     1
102
RTVSPropertyOp49
 70
     1
102
RTVSPropertyOp50
 70
     1
102
RTVSPropertyOp51
 70
     0
102
RTVSPropertyOp52
 70
     0
102
RTVSPropertyOp53
 70
     1
102
RTVSPropertyOp54
 70
     1
102
RTVSPropertyOp55
 70
     1
102
RTVSPropertyOp56
 70
     1
102
RTVSPropertyOp57
 70
     1
102
RTVSPropertyOp58
 70
     1
102
RTVSPropertyOp59
 70
     1
102
RTVSPropertyOp60
 70
     1
102
RTVSPropertyOp61
 70
     1
102
RTVSPropertyOp62
 70
     1
  0
XRECORD
  5
2EA8B
102
{ACAD_REACTORS
330
2EA8A
102
}
330
2EA8A
100
AcDbXrecord
280
     1
102
RTVSPost2010Prop28
280
     0
102
RTVSPost2010PropOp28
 70
     1
102
RTVSPost2010Prop29
280
     1
102
RTVSPost2010PropOp29
 70
     1
102
RTVSPost2010Prop30
280
     1
102
RTVSPost2010PropOp30
 70
     1
102
RTVSPost2010Prop31
280
     0
102
RTVSPost2010PropOp31
 70
     1
102
RTVSPost2010Prop32
280
     0
102
RTVSPost2010PropOp32
 70
     1
102
RTVSPost2010Prop33
280
     0
102
RTVSPost2010PropOp33
 70
     1
102
RTVSPost2010Prop34
280
     0
102
RTVSPost2010PropOp34
 70
     1
102
RTVSPost2010Prop35
280
     0
102
RTVSPost2010PropOp35
 70
     1
102
RTVSPost2010Prop36
280
     0
102
RTVSPost2010PropOp36
 70
     1
102
RTVSPost2010Prop37
 90
       50
102
RTVSPost2010PropOp37
 70
     1
102
RTVSPost2010Prop38
140
0.0
102
RTVSPost2010PropOp38
 70
     1
102
RTVSPost2010Prop39
140
1.0
102
RTVSPost2010PropOp39
 70
     1
102
RTVSPost2010Prop40
 90
        0
102
RTVSPost2010PropOp40
 70
     1
102
RTVSPost2010Prop41ColorIndex
 90
       18
102
RTVSPost2010Prop41ColorRGB
 90
        0
102
RTVSPost2010PropOp41
 70
     1
102
RTVSPost2010Prop42
 90
       50
102
RTVSPost2010PropOp42
 70
     1
102
RTVSPost2010Prop43
 90
        3
102
RTVSPost2010PropOp43
 70
     1
102
RTVSPost2010Prop44ColorIndex
 90
        5
102
RTVSPost2010Prop44ColorRGB
 90
      255
102
RTVSPost2010PropOp44
 70
     1
102
RTVSPost2010Prop45
280
     0
102
RTVSPost2010PropOp45
 70
     1
102
RTVSPost2010Prop46
 90
       50
102
RTVSPost2010PropOp46
 70
     1
102
RTVSPost2010Prop47
 90
       50
102
RTVSPost2010PropOp47
 70
     1
102
RTVSPost2010Prop48
 90
       50
102
RTVSPost2010PropOp48
 70
     1
102
RTVSPost2010Prop49
280
     0
102
RTVSPost2010PropOp49
 70
     1
102
RTVSPost2010Prop50
 90
       50
102
RTVSPost2010PropOp50
 70
     1
102
RTVSPost2010Prop51ColorIndex
 90
      256
102
RTVSPost2010Prop51ColorRGB
 90
-16777216
102
RTVSPost2010PropOp51
 70
     0
102
RTVSPost2010Prop52
140
1.0
102
RTVSPost2010PropOp52
 70
     0
102
RTVSPost2010Prop53
 90
        2
102
RTVSPost2010PropOp53
 70
     1
102
RTVSPost2010Prop54
  1
strokes_ogs.tif
102
RTVSPost2010PropOp54
 70
     1
102
RTVSPost2010Prop55
280
     0
102
RTVSPost2010PropOp55
 70
     1
102
RTVSPost2010Prop56
140
1.0
102
RTVSPost2010PropOp56
 70
     1
102
RTVSPost2010Prop57
140
1.0
102
RTVSPost2010PropOp57
 70
     1
102
RTVSPropertyOp0
 70
     1
102
RTVSPropertyOp1
 70
     1
102
RTVSPropertyOp2
 70
     1
102
RTVSPropertyOp3
 70
     1
102
RTVSPropertyOp4
 70
     1
102
RTVSPropertyOp5
 70
     1
102
RTVSPropertyOp6
 70
     1
102
RTVSPropertyOp7
 70
     1
102
RTVSPropertyOp8
 70
     1
102
RTVSPropertyOp9
 70
     1
102
RTVSPropertyOp10
 70
     1
102
RTVSPropertyOp11
 70
     1
102
RTVSPropertyOp12
 70
     1
102
RTVSPropertyOp13
 70
     1
102
RTVSPropertyOp14
 70
     1
102
RTVSPropertyOp15
 70
     1
102
RTVSPropertyOp16
 70
     1
102
RTVSPropertyOp17
 70
     1
102
RTVSPropertyOp18
 70
     1
102
RTVSPropertyOp19
 70
     1
102
RTVSPropertyOp20
 70
     1
102
RTVSPropertyOp21
 70
     1
102
RTVSPropertyOp22
 70
     1
102
RTVSPropertyOp23
 70
     1
102
RTVSPropertyOp24
 70
     1
102
RTVSPropertyOp25
 70
     1
102
RTVSPropertyOp26
 70
     1
102
RTVSPropertyOp27
 70
     1
102
RTVSPropertyOp28
 70
     1
102
RTVSPropertyOp29
 70
     1
102
RTVSPropertyOp30
 70
     1
102
RTVSPropertyOp31
 70
     1
102
RTVSPropertyOp32
 70
     1
102
RTVSPropertyOp33
 70
     1
102
RTVSPropertyOp34
 70
     1
102
RTVSPropertyOp35
 70
     1
102
RTVSPropertyOp36
 70
     1
102
RTVSPropertyOp37
 70
     1
102
RTVSPropertyOp38
 70
     1
102
RTVSPropertyOp39
 70
     1
102
RTVSPropertyOp40
 70
     1
102
RTVSPropertyOp41
 70
     1
102
RTVSPropertyOp42
 70
     1
102
RTVSPropertyOp43
 70
     1
102
RTVSPropertyOp44
 70
     1
102
RTVSPropertyOp45
 70
     1
102
RTVSPropertyOp46
 70
     1
102
RTVSPropertyOp47
 70
     1
102
RTVSPropertyOp48
 70
     1
102
RTVSPropertyOp49
 70
     1
102
RTVSPropertyOp50
 70
     1
102
RTVSPropertyOp51
 70
     0
102
RTVSPropertyOp52
 70
     0
102
RTVSPropertyOp53
 70
     1
102
RTVSPropertyOp54
 70
     1
102
RTVSPropertyOp55
 70
     1
102
RTVSPropertyOp56
 70
     1
102
RTVSPropertyOp57
 70
     1
102
RTVSPropertyOp58
 70
     1
102
RTVSPropertyOp59
 70
     1
102
RTVSPropertyOp60
 70
     1
102
RTVSPropertyOp61
 70
     1
102
RTVSPropertyOp62
 70
     1
  0
XRECORD
  5
2EA8D
102
{ACAD_REACTORS
330
2EA8C
102
}
330
2EA8C
100
AcDbXrecord
280
     1
102
RTVSPost2010Prop28
280
     0
102
RTVSPost2010PropOp28
 70
     1
102
RTVSPost2010Prop29
280
     1
102
RTVSPost2010PropOp29
 70
     1
102
RTVSPost2010Prop30
280
     1
102
RTVSPost2010PropOp30
 70
     1
102
RTVSPost2010Prop31
280
     0
102
RTVSPost2010PropOp31
 70
     1
102
RTVSPost2010Prop32
280
     0
102
RTVSPost2010PropOp32
 70
     1
102
RTVSPost2010Prop33
280
     0
102
RTVSPost2010PropOp33
 70
     1
102
RTVSPost2010Prop34
280
     0
102
RTVSPost2010PropOp34
 70
     1
102
RTVSPost2010Prop35
280
     0
102
RTVSPost2010PropOp35
 70
     1
102
RTVSPost2010Prop36
280
     0
102
RTVSPost2010PropOp36
 70
     1
102
RTVSPost2010Prop37
 90
       50
102
RTVSPost2010PropOp37
 70
     1
102
RTVSPost2010Prop38
140
0.0
102
RTVSPost2010PropOp38
 70
     1
102
RTVSPost2010Prop39
140
1.0
102
RTVSPost2010PropOp39
 70
     1
102
RTVSPost2010Prop40
 90
        0
102
RTVSPost2010PropOp40
 70
     1
102
RTVSPost2010Prop41ColorIndex
 90
       18
102
RTVSPost2010Prop41ColorRGB
 90
        0
102
RTVSPost2010PropOp41
 70
     1
102
RTVSPost2010Prop42
 90
       50
102
RTVSPost2010PropOp42
 70
     1
102
RTVSPost2010Prop43
 90
        3
102
RTVSPost2010PropOp43
 70
     1
102
RTVSPost2010Prop44ColorIndex
 90
        5
102
RTVSPost2010Prop44ColorRGB
 90
      255
102
RTVSPost2010PropOp44
 70
     1
102
RTVSPost2010Prop45
280
     0
102
RTVSPost2010PropOp45
 70
     1
102
RTVSPost2010Prop46
 90
       50
102
RTVSPost2010PropOp46
 70
     1
102
RTVSPost2010Prop47
 90
       50
102
RTVSPost2010PropOp47
 70
     1
102
RTVSPost2010Prop48
 90
       50
102
RTVSPost2010PropOp48
 70
     1
102
RTVSPost2010Prop49
280
     0
102
RTVSPost2010PropOp49
 70
     1
102
RTVSPost2010Prop50
 90
       50
102
RTVSPost2010PropOp50
 70
     1
102
RTVSPost2010Prop51ColorIndex
 90
      256
102
RTVSPost2010Prop51ColorRGB
 90
-16777216
102
RTVSPost2010PropOp51
 70
     0
102
RTVSPost2010Prop52
140
1.0
102
RTVSPost2010PropOp52
 70
     0
102
RTVSPost2010Prop53
 90
        2
102
RTVSPost2010PropOp53
 70
     1
102
RTVSPost2010Prop54
  1
strokes_ogs.tif
102
RTVSPost2010PropOp54
 70
     1
102
RTVSPost2010Prop55
280
     0
102
RTVSPost2010PropOp55
 70
     1
102
RTVSPost2010Prop56
140
1.0
102
RTVSPost2010PropOp56
 70
     1
102
RTVSPost2010Prop57
140
1.0
102
RTVSPost2010PropOp57
 70
     1
102
RTVSPropertyOp0
 70
     1
102
RTVSPropertyOp1
 70
     1
102
RTVSPropertyOp2
 70
     1
102
RTVSPropertyOp3
 70
     1
102
RTVSPropertyOp4
 70
     1
102
RTVSPropertyOp5
 70
     1
102
RTVSPropertyOp6
 70
     1
102
RTVSPropertyOp7
 70
     1
102
RTVSPropertyOp8
 70
     1
102
RTVSPropertyOp9
 70
     1
102
RTVSPropertyOp10
 70
     1
102
RTVSPropertyOp11
 70
     1
102
RTVSPropertyOp12
 70
     1
102
RTVSPropertyOp13
 70
     1
102
RTVSPropertyOp14
 70
     1
102
RTVSPropertyOp15
 70
     1
102
RTVSPropertyOp16
 70
     1
102
RTVSPropertyOp17
 70
     1
102
RTVSPropertyOp18
 70
     1
102
RTVSPropertyOp19
 70
     1
102
RTVSPropertyOp20
 70
     1
102
RTVSPropertyOp21
 70
     1
102
RTVSPropertyOp22
 70
     1
102
RTVSPropertyOp23
 70
     1
102
RTVSPropertyOp24
 70
     1
102
RTVSPropertyOp25
 70
     1
102
RTVSPropertyOp26
 70
     1
102
RTVSPropertyOp27
 70
     1
102
RTVSPropertyOp28
 70
     1
102
RTVSPropertyOp29
 70
     1
102
RTVSPropertyOp30
 70
     1
102
RTVSPropertyOp31
 70
     1
102
RTVSPropertyOp32
 70
     1
102
RTVSPropertyOp33
 70
     1
102
RTVSPropertyOp34
 70
     1
102
RTVSPropertyOp35
 70
     1
102
RTVSPropertyOp36
 70
     1
102
RTVSPropertyOp37
 70
     1
102
RTVSPropertyOp38
 70
     1
102
RTVSPropertyOp39
 70
     1
102
RTVSPropertyOp40
 70
     1
102
RTVSPropertyOp41
 70
     1
102
RTVSPropertyOp42
 70
     1
102
RTVSPropertyOp43
 70
     1
102
RTVSPropertyOp44
 70
     1
102
RTVSPropertyOp45
 70
     1
102
RTVSPropertyOp46
 70
     1
102
RTVSPropertyOp47
 70
     1
102
RTVSPropertyOp48
 70
     1
102
RTVSPropertyOp49
 70
     1
102
RTVSPropertyOp50
 70
     1
102
RTVSPropertyOp51
 70
     0
102
RTVSPropertyOp52
 70
     0
102
RTVSPropertyOp53
 70
     1
102
RTVSPropertyOp54
 70
     1
102
RTVSPropertyOp55
 70
     1
102
RTVSPropertyOp56
 70
     1
102
RTVSPropertyOp57
 70
     1
102
RTVSPropertyOp58
 70
     1
102
RTVSPropertyOp59
 70
     1
102
RTVSPropertyOp60
 70
     1
102
RTVSPropertyOp61
 70
     1
102
RTVSPropertyOp62
 70
     1
  0
XRECORD
  5
2EAB2
102
{ACAD_REACTORS
330
2EAB1
102
}
330
2EAB1
100
AcDbXrecord
280
     1
102
RTVSPost2010Prop28
280
     0
102
RTVSPost2010PropOp28
 70
     1
102
RTVSPost2010Prop29
280
     1
102
RTVSPost2010PropOp29
 70
     1
102
RTVSPost2010Prop30
280
     1
102
RTVSPost2010PropOp30
 70
     1
102
RTVSPost2010Prop31
280
     0
102
RTVSPost2010PropOp31
 70
     1
102
RTVSPost2010Prop32
280
     0
102
RTVSPost2010PropOp32
 70
     1
102
RTVSPost2010Prop33
280
     0
102
RTVSPost2010PropOp33
 70
     1
102
RTVSPost2010Prop34
280
     0
102
RTVSPost2010PropOp34
 70
     1
102
RTVSPost2010Prop35
280
     0
102
RTVSPost2010PropOp35
 70
     1
102
RTVSPost2010Prop36
280
     0
102
RTVSPost2010PropOp36
 70
     1
102
RTVSPost2010Prop37
 90
       50
102
RTVSPost2010PropOp37
 70
     1
102
RTVSPost2010Prop38
140
0.0
102
RTVSPost2010PropOp38
 70
     1
102
RTVSPost2010Prop39
140
1.0
102
RTVSPost2010PropOp39
 70
     1
102
RTVSPost2010Prop40
 90
        0
102
RTVSPost2010PropOp40
 70
     1
102
RTVSPost2010Prop41ColorIndex
 90
       18
102
RTVSPost2010Prop41ColorRGB
 90
        0
102
RTVSPost2010PropOp41
 70
     1
102
RTVSPost2010Prop42
 90
       50
102
RTVSPost2010PropOp42
 70
     1
102
RTVSPost2010Prop43
 90
        3
102
RTVSPost2010PropOp43
 70
     1
102
RTVSPost2010Prop44ColorIndex
 90
        5
102
RTVSPost2010Prop44ColorRGB
 90
      255
102
RTVSPost2010PropOp44
 70
     1
102
RTVSPost2010Prop45
280
     0
102
RTVSPost2010PropOp45
 70
     1
102
RTVSPost2010Prop46
 90
       50
102
RTVSPost2010PropOp46
 70
     1
102
RTVSPost2010Prop47
 90
       50
102
RTVSPost2010PropOp47
 70
     1
102
RTVSPost2010Prop48
 90
       50
102
RTVSPost2010PropOp48
 70
     1
102
RTVSPost2010Prop49
280
     0
102
RTVSPost2010PropOp49
 70
     1
102
RTVSPost2010Prop50
 90
       50
102
RTVSPost2010PropOp50
 70
     1
102
RTVSPost2010Prop51ColorIndex
 90
      256
102
RTVSPost2010Prop51ColorRGB
 90
-16777216
102
RTVSPost2010PropOp51
 70
     0
102
RTVSPost2010Prop52
140
1.0
102
RTVSPost2010PropOp52
 70
     0
102
RTVSPost2010Prop53
 90
        2
102
RTVSPost2010PropOp53
 70
     1
102
RTVSPost2010Prop54
  1
strokes_ogs.tif
102
RTVSPost2010PropOp54
 70
     1
102
RTVSPost2010Prop55
280
     0
102
RTVSPost2010PropOp55
 70
     1
102
RTVSPost2010Prop56
140
1.0
102
RTVSPost2010PropOp56
 70
     1
102
RTVSPost2010Prop57
140
1.0
102
RTVSPost2010PropOp57
 70
     1
102
RTVSPropertyOp0
 70
     1
102
RTVSPropertyOp1
 70
     1
102
RTVSPropertyOp2
 70
     1
102
RTVSPropertyOp3
 70
     1
102
RTVSPropertyOp4
 70
     1
102
RTVSPropertyOp5
 70
     1
102
RTVSPropertyOp6
 70
     1
102
RTVSPropertyOp7
 70
     1
102
RTVSPropertyOp8
 70
     1
102
RTVSPropertyOp9
 70
     1
102
RTVSPropertyOp10
 70
     1
102
RTVSPropertyOp11
 70
     1
102
RTVSPropertyOp12
 70
     1
102
RTVSPropertyOp13
 70
     1
102
RTVSPropertyOp14
 70
     1
102
RTVSPropertyOp15
 70
     1
102
RTVSPropertyOp16
 70
     1
102
RTVSPropertyOp17
 70
     1
102
RTVSPropertyOp18
 70
     1
102
RTVSPropertyOp19
 70
     1
102
RTVSPropertyOp20
 70
     1
102
RTVSPropertyOp21
 70
     1
102
RTVSPropertyOp22
 70
     1
102
RTVSPropertyOp23
 70
     1
102
RTVSPropertyOp24
 70
     1
102
RTVSPropertyOp25
 70
     1
102
RTVSPropertyOp26
 70
     1
102
RTVSPropertyOp27
 70
     1
102
RTVSPropertyOp28
 70
     1
102
RTVSPropertyOp29
 70
     1
102
RTVSPropertyOp30
 70
     1
102
RTVSPropertyOp31
 70
     1
102
RTVSPropertyOp32
 70
     1
102
RTVSPropertyOp33
 70
     1
102
RTVSPropertyOp34
 70
     1
102
RTVSPropertyOp35
 70
     1
102
RTVSPropertyOp36
 70
     1
102
RTVSPropertyOp37
 70
     1
102
RTVSPropertyOp38
 70
     1
102
RTVSPropertyOp39
 70
     1
102
RTVSPropertyOp40
 70
     1
102
RTVSPropertyOp41
 70
     1
102
RTVSPropertyOp42
 70
     1
102
RTVSPropertyOp43
 70
     1
102
RTVSPropertyOp44
 70
     1
102
RTVSPropertyOp45
 70
     1
102
RTVSPropertyOp46
 70
     1
102
RTVSPropertyOp47
 70
     1
102
RTVSPropertyOp48
 70
     1
102
RTVSPropertyOp49
 70
     1
102
RTVSPropertyOp50
 70
     1
102
RTVSPropertyOp51
 70
     0
102
RTVSPropertyOp52
 70
     0
102
RTVSPropertyOp53
 70
     1
102
RTVSPropertyOp54
 70
     1
102
RTVSPropertyOp55
 70
     1
102
RTVSPropertyOp56
 70
     1
102
RTVSPropertyOp57
 70
     1
102
RTVSPropertyOp58
 70
     1
102
RTVSPropertyOp59
 70
     1
102
RTVSPropertyOp60
 70
     1
102
RTVSPropertyOp61
 70
     1
102
RTVSPropertyOp62
 70
     1
  0
XRECORD
  5
2EAA1
102
{ACAD_REACTORS
330
2EAA0
102
}
330
2EAA0
100
AcDbXrecord
280
     1
102
RTVSPost2010Prop28
280
     0
102
RTVSPost2010PropOp28
 70
     1
102
RTVSPost2010Prop29
280
     1
102
RTVSPost2010PropOp29
 70
     1
102
RTVSPost2010Prop30
280
     1
102
RTVSPost2010PropOp30
 70
     1
102
RTVSPost2010Prop31
280
     0
102
RTVSPost2010PropOp31
 70
     1
102
RTVSPost2010Prop32
280
     0
102
RTVSPost2010PropOp32
 70
     1
102
RTVSPost2010Prop33
280
     0
102
RTVSPost2010PropOp33
 70
     1
102
RTVSPost2010Prop34
280
     0
102
RTVSPost2010PropOp34
 70
     1
102
RTVSPost2010Prop35
280
     0
102
RTVSPost2010PropOp35
 70
     1
102
RTVSPost2010Prop36
280
     0
102
RTVSPost2010PropOp36
 70
     1
102
RTVSPost2010Prop37
 90
       50
102
RTVSPost2010PropOp37
 70
     1
102
RTVSPost2010Prop38
140
0.0
102
RTVSPost2010PropOp38
 70
     1
102
RTVSPost2010Prop39
140
1.0
102
RTVSPost2010PropOp39
 70
     1
102
RTVSPost2010Prop40
 90
        0
102
RTVSPost2010PropOp40
 70
     1
102
RTVSPost2010Prop41ColorIndex
 90
       18
102
RTVSPost2010Prop41ColorRGB
 90
        0
102
RTVSPost2010PropOp41
 70
     1
102
RTVSPost2010Prop42
 90
       50
102
RTVSPost2010PropOp42
 70
     1
102
RTVSPost2010Prop43
 90
        3
102
RTVSPost2010PropOp43
 70
     1
102
RTVSPost2010Prop44ColorIndex
 90
        5
102
RTVSPost2010Prop44ColorRGB
 90
      255
102
RTVSPost2010PropOp44
 70
     1
102
RTVSPost2010Prop45
280
     0
102
RTVSPost2010PropOp45
 70
     1
102
RTVSPost2010Prop46
 90
       50
102
RTVSPost2010PropOp46
 70
     1
102
RTVSPost2010Prop47
 90
       50
102
RTVSPost2010PropOp47
 70
     1
102
RTVSPost2010Prop48
 90
       50
102
RTVSPost2010PropOp48
 70
     1
102
RTVSPost2010Prop49
280
     0
102
RTVSPost2010PropOp49
 70
     1
102
RTVSPost2010Prop50
 90
       50
102
RTVSPost2010PropOp50
 70
     1
102
RTVSPost2010Prop51ColorIndex
 90
      256
102
RTVSPost2010Prop51ColorRGB
 90
-16777216
102
RTVSPost2010PropOp51
 70
     0
102
RTVSPost2010Prop52
140
1.0
102
RTVSPost2010PropOp52
 70
     0
102
RTVSPost2010Prop53
 90
        2
102
RTVSPost2010PropOp53
 70
     1
102
RTVSPost2010Prop54
  1
strokes_ogs.tif
102
RTVSPost2010PropOp54
 70
     1
102
RTVSPost2010Prop55
280
     0
102
RTVSPost2010PropOp55
 70
     1
102
RTVSPost2010Prop56
140
1.0
102
RTVSPost2010PropOp56
 70
     1
102
RTVSPost2010Prop57
140
1.0
102
RTVSPost2010PropOp57
 70
     1
102
RTVSPropertyOp0
 70
     0
102
RTVSPropertyOp1
 70
     0
102
RTVSPropertyOp2
 70
     0
102
RTVSPropertyOp3
 70
     0
102
RTVSPropertyOp4
 70
     0
102
RTVSPropertyOp5
 70
     0
102
RTVSPropertyOp6
 70
     0
102
RTVSPropertyOp7
 70
     0
102
RTVSPropertyOp8
 70
     0
102
RTVSPropertyOp9
 70
     0
102
RTVSPropertyOp10
 70
     0
102
RTVSPropertyOp11
 70
     0
102
RTVSPropertyOp12
 70
     0
102
RTVSPropertyOp13
 70
     0
102
RTVSPropertyOp14
 70
     2
102
RTVSPropertyOp15
 70
     0
102
RTVSPropertyOp16
 70
     0
102
RTVSPropertyOp17
 70
     0
102
RTVSPropertyOp18
 70
     0
102
RTVSPropertyOp19
 70
     0
102
RTVSPropertyOp20
 70
     0
102
RTVSPropertyOp21
 70
     0
102
RTVSPropertyOp22
 70
     0
102
RTVSPropertyOp23
 70
     0
102
RTVSPropertyOp24
 70
     0
102
RTVSPropertyOp25
 70
     0
102
RTVSPropertyOp26
 70
     0
102
RTVSPropertyOp27
 70
     0
102
RTVSPropertyOp28
 70
     1
102
RTVSPropertyOp29
 70
     1
102
RTVSPropertyOp30
 70
     1
102
RTVSPropertyOp31
 70
     1
102
RTVSPropertyOp32
 70
     1
102
RTVSPropertyOp33
 70
     1
102
RTVSPropertyOp34
 70
     1
102
RTVSPropertyOp35
 70
     1
102
RTVSPropertyOp36
 70
     1
102
RTVSPropertyOp37
 70
     1
102
RTVSPropertyOp38
 70
     1
102
RTVSPropertyOp39
 70
     1
102
RTVSPropertyOp40
 70
     1
102
RTVSPropertyOp41
 70
     1
102
RTVSPropertyOp42
 70
     1
102
RTVSPropertyOp43
 70
     1
102
RTVSPropertyOp44
 70
     1
102
RTVSPropertyOp45
 70
     1
102
RTVSPropertyOp46
 70
     1
102
RTVSPropertyOp47
 70
     1
102
RTVSPropertyOp48
 70
     1
102
RTVSPropertyOp49
 70
     1
102
RTVSPropertyOp50
 70
     1
102
RTVSPropertyOp51
 70
     0
102
RTVSPropertyOp52
 70
     0
102
RTVSPropertyOp53
 70
     1
102
RTVSPropertyOp54
 70
     1
102
RTVSPropertyOp55
 70
     1
102
RTVSPropertyOp56
 70
     1
102
RTVSPropertyOp57
 70
     1
102
RTVSPropertyOp58
 70
     1
102
RTVSPropertyOp59
 70
     1
102
RTVSPropertyOp60
 70
     1
102
RTVSPropertyOp61
 70
     1
102
RTVSPropertyOp62
 70
     1
  0
XRECORD
  5
2EA9B
102
{ACAD_REACTORS
330
2EA9A
102
}
330
2EA9A
100
AcDbXrecord
280
     1
102
RTVSPost2010Prop28
280
     0
102
RTVSPost2010PropOp28
 70
     1
102
RTVSPost2010Prop29
280
     1
102
RTVSPost2010PropOp29
 70
     1
102
RTVSPost2010Prop30
280
     1
102
RTVSPost2010PropOp30
 70
     1
102
RTVSPost2010Prop31
280
     0
102
RTVSPost2010PropOp31
 70
     1
102
RTVSPost2010Prop32
280
     0
102
RTVSPost2010PropOp32
 70
     1
102
RTVSPost2010Prop33
280
     0
102
RTVSPost2010PropOp33
 70
     1
102
RTVSPost2010Prop34
280
     0
102
RTVSPost2010PropOp34
 70
     1
102
RTVSPost2010Prop35
280
     0
102
RTVSPost2010PropOp35
 70
     1
102
RTVSPost2010Prop36
280
     0
102
RTVSPost2010PropOp36
 70
     1
102
RTVSPost2010Prop37
 90
       50
102
RTVSPost2010PropOp37
 70
     1
102
RTVSPost2010Prop38
140
0.0
102
RTVSPost2010PropOp38
 70
     1
102
RTVSPost2010Prop39
140
1.0
102
RTVSPost2010PropOp39
 70
     1
102
RTVSPost2010Prop40
 90
        0
102
RTVSPost2010PropOp40
 70
     1
102
RTVSPost2010Prop41ColorIndex
 90
       18
102
RTVSPost2010Prop41ColorRGB
 90
        0
102
RTVSPost2010PropOp41
 70
     1
102
RTVSPost2010Prop42
 90
       50
102
RTVSPost2010PropOp42
 70
     1
102
RTVSPost2010Prop43
 90
        3
102
RTVSPost2010PropOp43
 70
     1
102
RTVSPost2010Prop44ColorIndex
 90
        5
102
RTVSPost2010Prop44ColorRGB
 90
      255
102
RTVSPost2010PropOp44
 70
     1
102
RTVSPost2010Prop45
280
     0
102
RTVSPost2010PropOp45
 70
     1
102
RTVSPost2010Prop46
 90
       50
102
RTVSPost2010PropOp46
 70
     1
102
RTVSPost2010Prop47
 90
       50
102
RTVSPost2010PropOp47
 70
     1
102
RTVSPost2010Prop48
 90
       50
102
RTVSPost2010PropOp48
 70
     1
102
RTVSPost2010Prop49
280
     0
102
RTVSPost2010PropOp49
 70
     1
102
RTVSPost2010Prop50
 90
       50
102
RTVSPost2010PropOp50
 70
     1
102
RTVSPost2010Prop51ColorIndex
 90
      256
102
RTVSPost2010Prop51ColorRGB
 90
-16777216
102
RTVSPost2010PropOp51
 70
     0
102
RTVSPost2010Prop52
140
1.0
102
RTVSPost2010PropOp52
 70
     0
102
RTVSPost2010Prop53
 90
        2
102
RTVSPost2010PropOp53
 70
     1
102
RTVSPost2010Prop54
  1
strokes_ogs.tif
102
RTVSPost2010PropOp54
 70
     1
102
RTVSPost2010Prop55
280
     0
102
RTVSPost2010PropOp55
 70
     1
102
RTVSPost2010Prop56
140
1.0
102
RTVSPost2010PropOp56
 70
     1
102
RTVSPost2010Prop57
140
1.0
102
RTVSPost2010PropOp57
 70
     1
102
RTVSPropertyOp0
 70
     1
102
RTVSPropertyOp1
 70
     1
102
RTVSPropertyOp2
 70
     1
102
RTVSPropertyOp3
 70
     1
102
RTVSPropertyOp4
 70
     1
102
RTVSPropertyOp5
 70
     1
102
RTVSPropertyOp6
 70
     1
102
RTVSPropertyOp7
 70
     1
102
RTVSPropertyOp8
 70
     1
102
RTVSPropertyOp9
 70
     1
102
RTVSPropertyOp10
 70
     1
102
RTVSPropertyOp11
 70
     1
102
RTVSPropertyOp12
 70
     1
102
RTVSPropertyOp13
 70
     1
102
RTVSPropertyOp14
 70
     1
102
RTVSPropertyOp15
 70
     1
102
RTVSPropertyOp16
 70
     1
102
RTVSPropertyOp17
 70
     1
102
RTVSPropertyOp18
 70
     1
102
RTVSPropertyOp19
 70
     1
102
RTVSPropertyOp20
 70
     1
102
RTVSPropertyOp21
 70
     1
102
RTVSPropertyOp22
 70
     1
102
RTVSPropertyOp23
 70
     1
102
RTVSPropertyOp24
 70
     1
102
RTVSPropertyOp25
 70
     1
102
RTVSPropertyOp26
 70
     1
102
RTVSPropertyOp27
 70
     1
102
RTVSPropertyOp28
 70
     1
102
RTVSPropertyOp29
 70
     1
102
RTVSPropertyOp30
 70
     1
102
RTVSPropertyOp31
 70
     1
102
RTVSPropertyOp32
 70
     1
102
RTVSPropertyOp33
 70
     1
102
RTVSPropertyOp34
 70
     1
102
RTVSPropertyOp35
 70
     1
102
RTVSPropertyOp36
 70
     1
102
RTVSPropertyOp37
 70
     1
102
RTVSPropertyOp38
 70
     1
102
RTVSPropertyOp39
 70
     1
102
RTVSPropertyOp40
 70
     1
102
RTVSPropertyOp41
 70
     1
102
RTVSPropertyOp42
 70
     1
102
RTVSPropertyOp43
 70
     1
102
RTVSPropertyOp44
 70
     1
102
RTVSPropertyOp45
 70
     1
102
RTVSPropertyOp46
 70
     1
102
RTVSPropertyOp47
 70
     1
102
RTVSPropertyOp48
 70
     1
102
RTVSPropertyOp49
 70
     1
102
RTVSPropertyOp50
 70
     1
102
RTVSPropertyOp51
 70
     0
102
RTVSPropertyOp52
 70
     0
102
RTVSPropertyOp53
 70
     1
102
RTVSPropertyOp54
 70
     1
102
RTVSPropertyOp55
 70
     1
102
RTVSPropertyOp56
 70
     1
102
RTVSPropertyOp57
 70
     1
102
RTVSPropertyOp58
 70
     1
102
RTVSPropertyOp59
 70
     1
102
RTVSPropertyOp60
 70
     1
102
RTVSPropertyOp61
 70
     1
102
RTVSPropertyOp62
 70
     1
  0
XRECORD
  5
2EAA3
102
{ACAD_REACTORS
330
2EAA2
102
}
330
2EAA2
100
AcDbXrecord
280
     1
102
RTVSPost2010Prop28
280
     0
102
RTVSPost2010PropOp28
 70
     1
102
RTVSPost2010Prop29
280
     1
102
RTVSPost2010PropOp29
 70
     1
102
RTVSPost2010Prop30
280
     1
102
RTVSPost2010PropOp30
 70
     1
102
RTVSPost2010Prop31
280
     0
102
RTVSPost2010PropOp31
 70
     1
102
RTVSPost2010Prop32
280
     0
102
RTVSPost2010PropOp32
 70
     1
102
RTVSPost2010Prop33
280
     0
102
RTVSPost2010PropOp33
 70
     1
102
RTVSPost2010Prop34
280
     0
102
RTVSPost2010PropOp34
 70
     1
102
RTVSPost2010Prop35
280
     0
102
RTVSPost2010PropOp35
 70
     1
102
RTVSPost2010Prop36
280
     0
102
RTVSPost2010PropOp36
 70
     1
102
RTVSPost2010Prop37
 90
       50
102
RTVSPost2010PropOp37
 70
     1
102
RTVSPost2010Prop38
140
0.0
102
RTVSPost2010PropOp38
 70
     1
102
RTVSPost2010Prop39
140
1.0
102
RTVSPost2010PropOp39
 70
     1
102
RTVSPost2010Prop40
 90
        0
102
RTVSPost2010PropOp40
 70
     1
102
RTVSPost2010Prop41ColorIndex
 90
       18
102
RTVSPost2010Prop41ColorRGB
 90
        0
102
RTVSPost2010PropOp41
 70
     1
102
RTVSPost2010Prop42
 90
       50
102
RTVSPost2010PropOp42
 70
     1
102
RTVSPost2010Prop43
 90
        3
102
RTVSPost2010PropOp43
 70
     1
102
RTVSPost2010Prop44ColorIndex
 90
        5
102
RTVSPost2010Prop44ColorRGB
 90
      255
102
RTVSPost2010PropOp44
 70
     1
102
RTVSPost2010Prop45
280
     0
102
RTVSPost2010PropOp45
 70
     1
102
RTVSPost2010Prop46
 90
       50
102
RTVSPost2010PropOp46
 70
     1
102
RTVSPost2010Prop47
 90
       50
102
RTVSPost2010PropOp47
 70
     1
102
RTVSPost2010Prop48
 90
       50
102
RTVSPost2010PropOp48
 70
     1
102
RTVSPost2010Prop49
280
     0
102
RTVSPost2010PropOp49
 70
     1
102
RTVSPost2010Prop50
 90
       50
102
RTVSPost2010PropOp50
 70
     1
102
RTVSPost2010Prop51ColorIndex
 90
      256
102
RTVSPost2010Prop51ColorRGB
 90
-16777216
102
RTVSPost2010PropOp51
 70
     0
102
RTVSPost2010Prop52
140
1.0
102
RTVSPost2010PropOp52
 70
     0
102
RTVSPost2010Prop53
 90
        2
102
RTVSPost2010PropOp53
 70
     1
102
RTVSPost2010Prop54
  1
strokes_ogs.tif
102
RTVSPost2010PropOp54
 70
     1
102
RTVSPost2010Prop55
280
     0
102
RTVSPost2010PropOp55
 70
     1
102
RTVSPost2010Prop56
140
1.0
102
RTVSPost2010PropOp56
 70
     1
102
RTVSPost2010Prop57
140
1.0
102
RTVSPost2010PropOp57
 70
     1
102
RTVSPropertyOp0
 70
     0
102
RTVSPropertyOp1
 70
     0
102
RTVSPropertyOp2
 70
     0
102
RTVSPropertyOp3
 70
     0
102
RTVSPropertyOp4
 70
     0
102
RTVSPropertyOp5
 70
     0
102
RTVSPropertyOp6
 70
     0
102
RTVSPropertyOp7
 70
     0
102
RTVSPropertyOp8
 70
     0
102
RTVSPropertyOp9
 70
     0
102
RTVSPropertyOp10
 70
     0
102
RTVSPropertyOp11
 70
     0
102
RTVSPropertyOp12
 70
     0
102
RTVSPropertyOp13
 70
     0
102
RTVSPropertyOp14
 70
     2
102
RTVSPropertyOp15
 70
     0
102
RTVSPropertyOp16
 70
     0
102
RTVSPropertyOp17
 70
     0
102
RTVSPropertyOp18
 70
     0
102
RTVSPropertyOp19
 70
     0
102
RTVSPropertyOp20
 70
     0
102
RTVSPropertyOp21
 70
     0
102
RTVSPropertyOp22
 70
     0
102
RTVSPropertyOp23
 70
     0
102
RTVSPropertyOp24
 70
     0
102
RTVSPropertyOp25
 70
     0
102
RTVSPropertyOp26
 70
     0
102
RTVSPropertyOp27
 70
     0
102
RTVSPropertyOp28
 70
     1
102
RTVSPropertyOp29
 70
     1
102
RTVSPropertyOp30
 70
     1
102
RTVSPropertyOp31
 70
     1
102
RTVSPropertyOp32
 70
     1
102
RTVSPropertyOp33
 70
     1
102
RTVSPropertyOp34
 70
     1
102
RTVSPropertyOp35
 70
     1
102
RTVSPropertyOp36
 70
     1
102
RTVSPropertyOp37
 70
     1
102
RTVSPropertyOp38
 70
     1
102
RTVSPropertyOp39
 70
     1
102
RTVSPropertyOp40
 70
     1
102
RTVSPropertyOp41
 70
     1
102
RTVSPropertyOp42
 70
     1
102
RTVSPropertyOp43
 70
     1
102
RTVSPropertyOp44
 70
     1
102
RTVSPropertyOp45
 70
     1
102
RTVSPropertyOp46
 70
     1
102
RTVSPropertyOp47
 70
     1
102
RTVSPropertyOp48
 70
     1
102
RTVSPropertyOp49
 70
     1
102
RTVSPropertyOp50
 70
     1
102
RTVSPropertyOp51
 70
     0
102
RTVSPropertyOp52
 70
     0
102
RTVSPropertyOp53
 70
     1
102
RTVSPropertyOp54
 70
     1
102
RTVSPropertyOp55
 70
     1
102
RTVSPropertyOp56
 70
     1
102
RTVSPropertyOp57
 70
     1
102
RTVSPropertyOp58
 70
     1
102
RTVSPropertyOp59
 70
     1
102
RTVSPropertyOp60
 70
     1
102
RTVSPropertyOp61
 70
     1
102
RTVSPropertyOp62
 70
     1
  0
XRECORD
  5
2EA83
102
{ACAD_REACTORS
330
2EA82
102
}
330
2EA82
100
AcDbXrecord
280
     1
102
RTVSPost2010Prop28
280
     0
102
RTVSPost2010PropOp28
 70
     1
102
RTVSPost2010Prop29
280
     1
102
RTVSPost2010PropOp29
 70
     1
102
RTVSPost2010Prop30
280
     1
102
RTVSPost2010PropOp30
 70
     1
102
RTVSPost2010Prop31
280
     0
102
RTVSPost2010PropOp31
 70
     1
102
RTVSPost2010Prop32
280
     0
102
RTVSPost2010PropOp32
 70
     1
102
RTVSPost2010Prop33
280
     0
102
RTVSPost2010PropOp33
 70
     1
102
RTVSPost2010Prop34
280
     0
102
RTVSPost2010PropOp34
 70
     1
102
RTVSPost2010Prop35
280
     0
102
RTVSPost2010PropOp35
 70
     1
102
RTVSPost2010Prop36
280
     0
102
RTVSPost2010PropOp36
 70
     1
102
RTVSPost2010Prop37
 90
       50
102
RTVSPost2010PropOp37
 70
     1
102
RTVSPost2010Prop38
140
0.0
102
RTVSPost2010PropOp38
 70
     1
102
RTVSPost2010Prop39
140
1.0
102
RTVSPost2010PropOp39
 70
     1
102
RTVSPost2010Prop40
 90
        0
102
RTVSPost2010PropOp40
 70
     1
102
RTVSPost2010Prop41ColorIndex
 90
       18
102
RTVSPost2010Prop41ColorRGB
 90
        0
102
RTVSPost2010PropOp41
 70
     1
102
RTVSPost2010Prop42
 90
       50
102
RTVSPost2010PropOp42
 70
     1
102
RTVSPost2010Prop43
 90
        3
102
RTVSPost2010PropOp43
 70
     1
102
RTVSPost2010Prop44ColorIndex
 90
        5
102
RTVSPost2010Prop44ColorRGB
 90
      255
102
RTVSPost2010PropOp44
 70
     1
102
RTVSPost2010Prop45
280
     0
102
RTVSPost2010PropOp45
 70
     1
102
RTVSPost2010Prop46
 90
       50
102
RTVSPost2010PropOp46
 70
     1
102
RTVSPost2010Prop47
 90
       50
102
RTVSPost2010PropOp47
 70
     1
102
RTVSPost2010Prop48
 90
       50
102
RTVSPost2010PropOp48
 70
     1
102
RTVSPost2010Prop49
280
     0
102
RTVSPost2010PropOp49
 70
     1
102
RTVSPost2010Prop50
 90
       50
102
RTVSPost2010PropOp50
 70
     1
102
RTVSPost2010Prop51ColorIndex
 90
      256
102
RTVSPost2010Prop51ColorRGB
 90
-16777216
102
RTVSPost2010PropOp51
 70
     0
102
RTVSPost2010Prop52
140
1.0
102
RTVSPost2010PropOp52
 70
     0
102
RTVSPost2010Prop53
 90
        2
102
RTVSPost2010PropOp53
 70
     1
102
RTVSPost2010Prop54
  1
strokes_ogs.tif
102
RTVSPost2010PropOp54
 70
     1
102
RTVSPost2010Prop55
280
     0
102
RTVSPost2010PropOp55
 70
     1
102
RTVSPost2010Prop56
140
1.0
102
RTVSPost2010PropOp56
 70
     1
102
RTVSPost2010Prop57
140
1.0
102
RTVSPost2010PropOp57
 70
     1
102
RTVSPropertyOp0
 70
     1
102
RTVSPropertyOp1
 70
     1
102
RTVSPropertyOp2
 70
     1
102
RTVSPropertyOp3
 70
     1
102
RTVSPropertyOp4
 70
     1
102
RTVSPropertyOp5
 70
     1
102
RTVSPropertyOp6
 70
     1
102
RTVSPropertyOp7
 70
     1
102
RTVSPropertyOp8
 70
     1
102
RTVSPropertyOp9
 70
     1
102
RTVSPropertyOp10
 70
     1
102
RTVSPropertyOp11
 70
     1
102
RTVSPropertyOp12
 70
     1
102
RTVSPropertyOp13
 70
     1
102
RTVSPropertyOp14
 70
     1
102
RTVSPropertyOp15
 70
     1
102
RTVSPropertyOp16
 70
     1
102
RTVSPropertyOp17
 70
     1
102
RTVSPropertyOp18
 70
     1
102
RTVSPropertyOp19
 70
     1
102
RTVSPropertyOp20
 70
     1
102
RTVSPropertyOp21
 70
     1
102
RTVSPropertyOp22
 70
     1
102
RTVSPropertyOp23
 70
     1
102
RTVSPropertyOp24
 70
     1
102
RTVSPropertyOp25
 70
     1
102
RTVSPropertyOp26
 70
     1
102
RTVSPropertyOp27
 70
     1
102
RTVSPropertyOp28
 70
     1
102
RTVSPropertyOp29
 70
     1
102
RTVSPropertyOp30
 70
     1
102
RTVSPropertyOp31
 70
     1
102
RTVSPropertyOp32
 70
     1
102
RTVSPropertyOp33
 70
     1
102
RTVSPropertyOp34
 70
     1
102
RTVSPropertyOp35
 70
     1
102
RTVSPropertyOp36
 70
     1
102
RTVSPropertyOp37
 70
     1
102
RTVSPropertyOp38
 70
     1
102
RTVSPropertyOp39
 70
     1
102
RTVSPropertyOp40
 70
     1
102
RTVSPropertyOp41
 70
     1
102
RTVSPropertyOp42
 70
     1
102
RTVSPropertyOp43
 70
     1
102
RTVSPropertyOp44
 70
     1
102
RTVSPropertyOp45
 70
     1
102
RTVSPropertyOp46
 70
     1
102
RTVSPropertyOp47
 70
     1
102
RTVSPropertyOp48
 70
     1
102
RTVSPropertyOp49
 70
     1
102
RTVSPropertyOp50
 70
     1
102
RTVSPropertyOp51
 70
     0
102
RTVSPropertyOp52
 70
     0
102
RTVSPropertyOp53
 70
     1
102
RTVSPropertyOp54
 70
     1
102
RTVSPropertyOp55
 70
     1
102
RTVSPropertyOp56
 70
     1
102
RTVSPropertyOp57
 70
     1
102
RTVSPropertyOp58
 70
     1
102
RTVSPropertyOp59
 70
     1
102
RTVSPropertyOp60
 70
     1
102
RTVSPropertyOp61
 70
     1
102
RTVSPropertyOp62
 70
     1
  0
XRECORD
  5
2EABC
102
{ACAD_REACTORS
330
2EABB
102
}
330
2EABB
100
AcDbXrecord
280
     1
102
RTVSPost2010Prop28
280
     0
102
RTVSPost2010PropOp28
 70
     1
102
RTVSPost2010Prop29
280
     1
102
RTVSPost2010PropOp29
 70
     1
102
RTVSPost2010Prop30
280
     1
102
RTVSPost2010PropOp30
 70
     1
102
RTVSPost2010Prop31
280
     0
102
RTVSPost2010PropOp31
 70
     1
102
RTVSPost2010Prop32
280
     0
102
RTVSPost2010PropOp32
 70
     1
102
RTVSPost2010Prop33
280
     0
102
RTVSPost2010PropOp33
 70
     1
102
RTVSPost2010Prop34
280
     0
102
RTVSPost2010PropOp34
 70
     1
102
RTVSPost2010Prop35
280
     0
102
RTVSPost2010PropOp35
 70
     1
102
RTVSPost2010Prop36
280
     0
102
RTVSPost2010PropOp36
 70
     1
102
RTVSPost2010Prop37
 90
       50
102
RTVSPost2010PropOp37
 70
     1
102
RTVSPost2010Prop38
140
0.0
102
RTVSPost2010PropOp38
 70
     1
102
RTVSPost2010Prop39
140
1.0
102
RTVSPost2010PropOp39
 70
     1
102
RTVSPost2010Prop40
 90
        0
102
RTVSPost2010PropOp40
 70
     1
102
RTVSPost2010Prop41ColorIndex
 90
       18
102
RTVSPost2010Prop41ColorRGB
 90
        0
102
RTVSPost2010PropOp41
 70
     1
102
RTVSPost2010Prop42
 90
       50
102
RTVSPost2010PropOp42
 70
     1
102
RTVSPost2010Prop43
 90
        3
102
RTVSPost2010PropOp43
 70
     1
102
RTVSPost2010Prop44ColorIndex
 90
        5
102
RTVSPost2010Prop44ColorRGB
 90
      255
102
RTVSPost2010PropOp44
 70
     1
102
RTVSPost2010Prop45
280
     0
102
RTVSPost2010PropOp45
 70
     1
102
RTVSPost2010Prop46
 90
       50
102
RTVSPost2010PropOp46
 70
     1
102
RTVSPost2010Prop47
 90
       50
102
RTVSPost2010PropOp47
 70
     1
102
RTVSPost2010Prop48
 90
       50
102
RTVSPost2010PropOp48
 70
     1
102
RTVSPost2010Prop49
280
     0
102
RTVSPost2010PropOp49
 70
     1
102
RTVSPost2010Prop50
 90
       50
102
RTVSPost2010PropOp50
 70
     1
102
RTVSPost2010Prop51ColorIndex
 90
      256
102
RTVSPost2010Prop51ColorRGB
 90
-16777216
102
RTVSPost2010PropOp51
 70
     0
102
RTVSPost2010Prop52
140
1.0
102
RTVSPost2010PropOp52
 70
     0
102
RTVSPost2010Prop53
 90
        2
102
RTVSPost2010PropOp53
 70
     1
102
RTVSPost2010Prop54
  1
strokes_ogs.tif
102
RTVSPost2010PropOp54
 70
     1
102
RTVSPost2010Prop55
280
     0
102
RTVSPost2010PropOp55
 70
     1
102
RTVSPost2010Prop56
140
1.0
102
RTVSPost2010PropOp56
 70
     1
102
RTVSPost2010Prop57
140
1.0
102
RTVSPost2010PropOp57
 70
     1
102
RTVSPropertyOp0
 70
     1
102
RTVSPropertyOp1
 70
     1
102
RTVSPropertyOp2
 70
     1
102
RTVSPropertyOp3
 70
     1
102
RTVSPropertyOp4
 70
     1
102
RTVSPropertyOp5
 70
     1
102
RTVSPropertyOp6
 70
     1
102
RTVSPropertyOp7
 70
     1
102
RTVSPropertyOp8
 70
     1
102
RTVSPropertyOp9
 70
     1
102
RTVSPropertyOp10
 70
     1
102
RTVSPropertyOp11
 70
     1
102
RTVSPropertyOp12
 70
     1
102
RTVSPropertyOp13
 70
     1
102
RTVSPropertyOp14
 70
     1
102
RTVSPropertyOp15
 70
     1
102
RTVSPropertyOp16
 70
     1
102
RTVSPropertyOp17
 70
     1
102
RTVSPropertyOp18
 70
     1
102
RTVSPropertyOp19
 70
     1
102
RTVSPropertyOp20
 70
     1
102
RTVSPropertyOp21
 70
     1
102
RTVSPropertyOp22
 70
     1
102
RTVSPropertyOp23
 70
     1
102
RTVSPropertyOp24
 70
     1
102
RTVSPropertyOp25
 70
     1
102
RTVSPropertyOp26
 70
     1
102
RTVSPropertyOp27
 70
     1
102
RTVSPropertyOp28
 70
     1
102
RTVSPropertyOp29
 70
     1
102
RTVSPropertyOp30
 70
     1
102
RTVSPropertyOp31
 70
     1
102
RTVSPropertyOp32
 70
     1
102
RTVSPropertyOp33
 70
     1
102
RTVSPropertyOp34
 70
     1
102
RTVSPropertyOp35
 70
     1
102
RTVSPropertyOp36
 70
     1
102
RTVSPropertyOp37
 70
     1
102
RTVSPropertyOp38
 70
     1
102
RTVSPropertyOp39
 70
     1
102
RTVSPropertyOp40
 70
     1
102
RTVSPropertyOp41
 70
     1
102
RTVSPropertyOp42
 70
     1
102
RTVSPropertyOp43
 70
     1
102
RTVSPropertyOp44
 70
     1
102
RTVSPropertyOp45
 70
     1
102
RTVSPropertyOp46
 70
     1
102
RTVSPropertyOp47
 70
     1
102
RTVSPropertyOp48
 70
     1
102
RTVSPropertyOp49
 70
     1
102
RTVSPropertyOp50
 70
     1
102
RTVSPropertyOp51
 70
     0
102
RTVSPropertyOp52
 70
     0
102
RTVSPropertyOp53
 70
     1
102
RTVSPropertyOp54
 70
     1
102
RTVSPropertyOp55
 70
     1
102
RTVSPropertyOp56
 70
     1
102
RTVSPropertyOp57
 70
     1
102
RTVSPropertyOp58
 70
     1
102
RTVSPropertyOp59
 70
     1
102
RTVSPropertyOp60
 70
     1
102
RTVSPropertyOp61
 70
     1
102
RTVSPropertyOp62
 70
     1
  0
XRECORD
  5
2EABA
102
{ACAD_REACTORS
330
2EAB9
102
}
330
2EAB9
100
AcDbXrecord
280
     1
102
RTVSPost2010Prop28
280
     0
102
RTVSPost2010PropOp28
 70
     1
102
RTVSPost2010Prop29
280
     1
102
RTVSPost2010PropOp29
 70
     1
102
RTVSPost2010Prop30
280
     1
102
RTVSPost2010PropOp30
 70
     1
102
RTVSPost2010Prop31
280
     0
102
RTVSPost2010PropOp31
 70
     1
102
RTVSPost2010Prop32
280
     0
102
RTVSPost2010PropOp32
 70
     1
102
RTVSPost2010Prop33
280
     0
102
RTVSPost2010PropOp33
 70
     1
102
RTVSPost2010Prop34
280
     0
102
RTVSPost2010PropOp34
 70
     1
102
RTVSPost2010Prop35
280
     0
102
RTVSPost2010PropOp35
 70
     1
102
RTVSPost2010Prop36
280
     0
102
RTVSPost2010PropOp36
 70
     1
102
RTVSPost2010Prop37
 90
       50
102
RTVSPost2010PropOp37
 70
     1
102
RTVSPost2010Prop38
140
0.0
102
RTVSPost2010PropOp38
 70
     1
102
RTVSPost2010Prop39
140
1.0
102
RTVSPost2010PropOp39
 70
     1
102
RTVSPost2010Prop40
 90
        0
102
RTVSPost2010PropOp40
 70
     1
102
RTVSPost2010Prop41ColorIndex
 90
       18
102
RTVSPost2010Prop41ColorRGB
 90
        0
102
RTVSPost2010PropOp41
 70
     1
102
RTVSPost2010Prop42
 90
       50
102
RTVSPost2010PropOp42
 70
     1
102
RTVSPost2010Prop43
 90
        3
102
RTVSPost2010PropOp43
 70
     1
102
RTVSPost2010Prop44ColorIndex
 90
        5
102
RTVSPost2010Prop44ColorRGB
 90
      255
102
RTVSPost2010PropOp44
 70
     1
102
RTVSPost2010Prop45
280
     0
102
RTVSPost2010PropOp45
 70
     1
102
RTVSPost2010Prop46
 90
       50
102
RTVSPost2010PropOp46
 70
     1
102
RTVSPost2010Prop47
 90
       50
102
RTVSPost2010PropOp47
 70
     1
102
RTVSPost2010Prop48
 90
       50
102
RTVSPost2010PropOp48
 70
     1
102
RTVSPost2010Prop49
280
     0
102
RTVSPost2010PropOp49
 70
     1
102
RTVSPost2010Prop50
 90
       50
102
RTVSPost2010PropOp50
 70
     1
102
RTVSPost2010Prop51ColorIndex
 90
      256
102
RTVSPost2010Prop51ColorRGB
 90
-16777216
102
RTVSPost2010PropOp51
 70
     0
102
RTVSPost2010Prop52
140
1.0
102
RTVSPost2010PropOp52
 70
     0
102
RTVSPost2010Prop53
 90
        2
102
RTVSPost2010PropOp53
 70
     1
102
RTVSPost2010Prop54
  1
strokes_ogs.tif
102
RTVSPost2010PropOp54
 70
     1
102
RTVSPost2010Prop55
280
     0
102
RTVSPost2010PropOp55
 70
     1
102
RTVSPost2010Prop56
140
1.0
102
RTVSPost2010PropOp56
 70
     1
102
RTVSPost2010Prop57
140
1.0
102
RTVSPost2010PropOp57
 70
     1
102
RTVSPropertyOp0
 70
     1
102
RTVSPropertyOp1
 70
     1
102
RTVSPropertyOp2
 70
     1
102
RTVSPropertyOp3
 70
     1
102
RTVSPropertyOp4
 70
     1
102
RTVSPropertyOp5
 70
     1
102
RTVSPropertyOp6
 70
     1
102
RTVSPropertyOp7
 70
     1
102
RTVSPropertyOp8
 70
     1
102
RTVSPropertyOp9
 70
     1
102
RTVSPropertyOp10
 70
     1
102
RTVSPropertyOp11
 70
     1
102
RTVSPropertyOp12
 70
     1
102
RTVSPropertyOp13
 70
     1
102
RTVSPropertyOp14
 70
     1
102
RTVSPropertyOp15
 70
     1
102
RTVSPropertyOp16
 70
     1
102
RTVSPropertyOp17
 70
     1
102
RTVSPropertyOp18
 70
     1
102
RTVSPropertyOp19
 70
     1
102
RTVSPropertyOp20
 70
     1
102
RTVSPropertyOp21
 70
     1
102
RTVSPropertyOp22
 70
     1
102
RTVSPropertyOp23
 70
     1
102
RTVSPropertyOp24
 70
     1
102
RTVSPropertyOp25
 70
     1
102
RTVSPropertyOp26
 70
     1
102
RTVSPropertyOp27
 70
     1
102
RTVSPropertyOp28
 70
     1
102
RTVSPropertyOp29
 70
     1
102
RTVSPropertyOp30
 70
     1
102
RTVSPropertyOp31
 70
     1
102
RTVSPropertyOp32
 70
     1
102
RTVSPropertyOp33
 70
     1
102
RTVSPropertyOp34
 70
     1
102
RTVSPropertyOp35
 70
     1
102
RTVSPropertyOp36
 70
     1
102
RTVSPropertyOp37
 70
     1
102
RTVSPropertyOp38
 70
     1
102
RTVSPropertyOp39
 70
     1
102
RTVSPropertyOp40
 70
     1
102
RTVSPropertyOp41
 70
     1
102
RTVSPropertyOp42
 70
     1
102
RTVSPropertyOp43
 70
     1
102
RTVSPropertyOp44
 70
     1
102
RTVSPropertyOp45
 70
     1
102
RTVSPropertyOp46
 70
     1
102
RTVSPropertyOp47
 70
     1
102
RTVSPropertyOp48
 70
     1
102
RTVSPropertyOp49
 70
     1
102
RTVSPropertyOp50
 70
     1
102
RTVSPropertyOp51
 70
     0
102
RTVSPropertyOp52
 70
     0
102
RTVSPropertyOp53
 70
     1
102
RTVSPropertyOp54
 70
     1
102
RTVSPropertyOp55
 70
     1
102
RTVSPropertyOp56
 70
     1
102
RTVSPropertyOp57
 70
     1
102
RTVSPropertyOp58
 70
     1
102
RTVSPropertyOp59
 70
     1
102
RTVSPropertyOp60
 70
     1
102
RTVSPropertyOp61
 70
     1
102
RTVSPropertyOp62
 70
     1
  0
XRECORD
  5
2EAB4
102
{ACAD_REACTORS
330
2EAB3
102
}
330
2EAB3
100
AcDbXrecord
280
     1
102
RTVSPost2010Prop28
280
     0
102
RTVSPost2010PropOp28
 70
     1
102
RTVSPost2010Prop29
280
     1
102
RTVSPost2010PropOp29
 70
     1
102
RTVSPost2010Prop30
280
     1
102
RTVSPost2010PropOp30
 70
     1
102
RTVSPost2010Prop31
280
     0
102
RTVSPost2010PropOp31
 70
     1
102
RTVSPost2010Prop32
280
     0
102
RTVSPost2010PropOp32
 70
     1
102
RTVSPost2010Prop33
280
     0
102
RTVSPost2010PropOp33
 70
     1
102
RTVSPost2010Prop34
280
     0
102
RTVSPost2010PropOp34
 70
     1
102
RTVSPost2010Prop35
280
     0
102
RTVSPost2010PropOp35
 70
     1
102
RTVSPost2010Prop36
280
     0
102
RTVSPost2010PropOp36
 70
     1
102
RTVSPost2010Prop37
 90
       50
102
RTVSPost2010PropOp37
 70
     1
102
RTVSPost2010Prop38
140
0.0
102
RTVSPost2010PropOp38
 70
     1
102
RTVSPost2010Prop39
140
1.0
102
RTVSPost2010PropOp39
 70
     1
102
RTVSPost2010Prop40
 90
        0
102
RTVSPost2010PropOp40
 70
     1
102
RTVSPost2010Prop41ColorIndex
 90
       18
102
RTVSPost2010Prop41ColorRGB
 90
        0
102
RTVSPost2010PropOp41
 70
     1
102
RTVSPost2010Prop42
 90
       50
102
RTVSPost2010PropOp42
 70
     1
102
RTVSPost2010Prop43
 90
        3
102
RTVSPost2010PropOp43
 70
     1
102
RTVSPost2010Prop44ColorIndex
 90
        5
102
RTVSPost2010Prop44ColorRGB
 90
      255
102
RTVSPost2010PropOp44
 70
     1
102
RTVSPost2010Prop45
280
     0
102
RTVSPost2010PropOp45
 70
     1
102
RTVSPost2010Prop46
 90
       50
102
RTVSPost2010PropOp46
 70
     1
102
RTVSPost2010Prop47
 90
       50
102
RTVSPost2010PropOp47
 70
     1
102
RTVSPost2010Prop48
 90
       50
102
RTVSPost2010PropOp48
 70
     1
102
RTVSPost2010Prop49
280
     0
102
RTVSPost2010PropOp49
 70
     1
102
RTVSPost2010Prop50
 90
       50
102
RTVSPost2010PropOp50
 70
     1
102
RTVSPost2010Prop51ColorIndex
 90
      256
102
RTVSPost2010Prop51ColorRGB
 90
-16777216
102
RTVSPost2010PropOp51
 70
     0
102
RTVSPost2010Prop52
140
1.0
102
RTVSPost2010PropOp52
 70
     0
102
RTVSPost2010Prop53
 90
        2
102
RTVSPost2010PropOp53
 70
     1
102
RTVSPost2010Prop54
  1
strokes_ogs.tif
102
RTVSPost2010PropOp54
 70
     1
102
RTVSPost2010Prop55
280
     0
102
RTVSPost2010PropOp55
 70
     1
102
RTVSPost2010Prop56
140
1.0
102
RTVSPost2010PropOp56
 70
     1
102
RTVSPost2010Prop57
140
1.0
102
RTVSPost2010PropOp57
 70
     1
102
RTVSPropertyOp0
 70
     1
102
RTVSPropertyOp1
 70
     1
102
RTVSPropertyOp2
 70
     1
102
RTVSPropertyOp3
 70
     1
102
RTVSPropertyOp4
 70
     1
102
RTVSPropertyOp5
 70
     1
102
RTVSPropertyOp6
 70
     1
102
RTVSPropertyOp7
 70
     1
102
RTVSPropertyOp8
 70
     1
102
RTVSPropertyOp9
 70
     1
102
RTVSPropertyOp10
 70
     1
102
RTVSPropertyOp11
 70
     1
102
RTVSPropertyOp12
 70
     1
102
RTVSPropertyOp13
 70
     1
102
RTVSPropertyOp14
 70
     1
102
RTVSPropertyOp15
 70
     1
102
RTVSPropertyOp16
 70
     1
102
RTVSPropertyOp17
 70
     1
102
RTVSPropertyOp18
 70
     1
102
RTVSPropertyOp19
 70
     1
102
RTVSPropertyOp20
 70
     1
102
RTVSPropertyOp21
 70
     1
102
RTVSPropertyOp22
 70
     1
102
RTVSPropertyOp23
 70
     1
102
RTVSPropertyOp24
 70
     1
102
RTVSPropertyOp25
 70
     1
102
RTVSPropertyOp26
 70
     1
102
RTVSPropertyOp27
 70
     1
102
RTVSPropertyOp28
 70
     1
102
RTVSPropertyOp29
 70
     1
102
RTVSPropertyOp30
 70
     1
102
RTVSPropertyOp31
 70
     1
102
RTVSPropertyOp32
 70
     1
102
RTVSPropertyOp33
 70
     1
102
RTVSPropertyOp34
 70
     1
102
RTVSPropertyOp35
 70
     1
102
RTVSPropertyOp36
 70
     1
102
RTVSPropertyOp37
 70
     1
102
RTVSPropertyOp38
 70
     1
102
RTVSPropertyOp39
 70
     1
102
RTVSPropertyOp40
 70
     1
102
RTVSPropertyOp41
 70
     1
102
RTVSPropertyOp42
 70
     1
102
RTVSPropertyOp43
 70
     1
102
RTVSPropertyOp44
 70
     1
102
RTVSPropertyOp45
 70
     1
102
RTVSPropertyOp46
 70
     1
102
RTVSPropertyOp47
 70
     1
102
RTVSPropertyOp48
 70
     1
102
RTVSPropertyOp49
 70
     1
102
RTVSPropertyOp50
 70
     1
102
RTVSPropertyOp51
 70
     0
102
RTVSPropertyOp52
 70
     0
102
RTVSPropertyOp53
 70
     1
102
RTVSPropertyOp54
 70
     1
102
RTVSPropertyOp55
 70
     1
102
RTVSPropertyOp56
 70
     1
102
RTVSPropertyOp57
 70
     1
102
RTVSPropertyOp58
 70
     1
102
RTVSPropertyOp59
 70
     1
102
RTVSPropertyOp60
 70
     1
102
RTVSPropertyOp61
 70
     1
102
RTVSPropertyOp62
 70
     1
  0
XRECORD
  5
2EAB6
102
{ACAD_REACTORS
330
2EAB5
102
}
330
2EAB5
100
AcDbXrecord
280
     1
102
RTVSPost2010Prop28
280
     0
102
RTVSPost2010PropOp28
 70
     1
102
RTVSPost2010Prop29
280
     1
102
RTVSPost2010PropOp29
 70
     1
102
RTVSPost2010Prop30
280
     1
102
RTVSPost2010PropOp30
 70
     1
102
RTVSPost2010Prop31
280
     0
102
RTVSPost2010PropOp31
 70
     1
102
RTVSPost2010Prop32
280
     0
102
RTVSPost2010PropOp32
 70
     1
102
RTVSPost2010Prop33
280
     0
102
RTVSPost2010PropOp33
 70
     1
102
RTVSPost2010Prop34
280
     0
102
RTVSPost2010PropOp34
 70
     1
102
RTVSPost2010Prop35
280
     0
102
RTVSPost2010PropOp35
 70
     1
102
RTVSPost2010Prop36
280
     0
102
RTVSPost2010PropOp36
 70
     1
102
RTVSPost2010Prop37
 90
       50
102
RTVSPost2010PropOp37
 70
     1
102
RTVSPost2010Prop38
140
0.0
102
RTVSPost2010PropOp38
 70
     1
102
RTVSPost2010Prop39
140
1.0
102
RTVSPost2010PropOp39
 70
     1
102
RTVSPost2010Prop40
 90
        0
102
RTVSPost2010PropOp40
 70
     1
102
RTVSPost2010Prop41ColorIndex
 90
       18
102
RTVSPost2010Prop41ColorRGB
 90
        0
102
RTVSPost2010PropOp41
 70
     1
102
RTVSPost2010Prop42
 90
       50
102
RTVSPost2010PropOp42
 70
     1
102
RTVSPost2010Prop43
 90
        3
102
RTVSPost2010PropOp43
 70
     1
102
RTVSPost2010Prop44ColorIndex
 90
        5
102
RTVSPost2010Prop44ColorRGB
 90
      255
102
RTVSPost2010PropOp44
 70
     1
102
RTVSPost2010Prop45
280
     0
102
RTVSPost2010PropOp45
 70
     1
102
RTVSPost2010Prop46
 90
       50
102
RTVSPost2010PropOp46
 70
     1
102
RTVSPost2010Prop47
 90
       50
102
RTVSPost2010PropOp47
 70
     1
102
RTVSPost2010Prop48
 90
       50
102
RTVSPost2010PropOp48
 70
     1
102
RTVSPost2010Prop49
280
     0
102
RTVSPost2010PropOp49
 70
     1
102
RTVSPost2010Prop50
 90
       50
102
RTVSPost2010PropOp50
 70
     1
102
RTVSPost2010Prop51ColorIndex
 90
      256
102
RTVSPost2010Prop51ColorRGB
 90
-16777216
102
RTVSPost2010PropOp51
 70
     0
102
RTVSPost2010Prop52
140
1.0
102
RTVSPost2010PropOp52
 70
     0
102
RTVSPost2010Prop53
 90
        2
102
RTVSPost2010PropOp53
 70
     1
102
RTVSPost2010Prop54
  1
strokes_ogs.tif
102
RTVSPost2010PropOp54
 70
     1
102
RTVSPost2010Prop55
280
     0
102
RTVSPost2010PropOp55
 70
     1
102
RTVSPost2010Prop56
140
1.0
102
RTVSPost2010PropOp56
 70
     1
102
RTVSPost2010Prop57
140
1.0
102
RTVSPost2010PropOp57
 70
     1
102
RTVSPropertyOp0
 70
     1
102
RTVSPropertyOp1
 70
     1
102
RTVSPropertyOp2
 70
     1
102
RTVSPropertyOp3
 70
     1
102
RTVSPropertyOp4
 70
     1
102
RTVSPropertyOp5
 70
     1
102
RTVSPropertyOp6
 70
     1
102
RTVSPropertyOp7
 70
     1
102
RTVSPropertyOp8
 70
     1
102
RTVSPropertyOp9
 70
     1
102
RTVSPropertyOp10
 70
     1
102
RTVSPropertyOp11
 70
     1
102
RTVSPropertyOp12
 70
     1
102
RTVSPropertyOp13
 70
     1
102
RTVSPropertyOp14
 70
     1
102
RTVSPropertyOp15
 70
     1
102
RTVSPropertyOp16
 70
     1
102
RTVSPropertyOp17
 70
     1
102
RTVSPropertyOp18
 70
     1
102
RTVSPropertyOp19
 70
     1
102
RTVSPropertyOp20
 70
     1
102
RTVSPropertyOp21
 70
     1
102
RTVSPropertyOp22
 70
     1
102
RTVSPropertyOp23
 70
     1
102
RTVSPropertyOp24
 70
     1
102
RTVSPropertyOp25
 70
     1
102
RTVSPropertyOp26
 70
     1
102
RTVSPropertyOp27
 70
     1
102
RTVSPropertyOp28
 70
     1
102
RTVSPropertyOp29
 70
     1
102
RTVSPropertyOp30
 70
     1
102
RTVSPropertyOp31
 70
     1
102
RTVSPropertyOp32
 70
     1
102
RTVSPropertyOp33
 70
     1
102
RTVSPropertyOp34
 70
     1
102
RTVSPropertyOp35
 70
     1
102
RTVSPropertyOp36
 70
     1
102
RTVSPropertyOp37
 70
     1
102
RTVSPropertyOp38
 70
     1
102
RTVSPropertyOp39
 70
     1
102
RTVSPropertyOp40
 70
     1
102
RTVSPropertyOp41
 70
     1
102
RTVSPropertyOp42
 70
     1
102
RTVSPropertyOp43
 70
     1
102
RTVSPropertyOp44
 70
     1
102
RTVSPropertyOp45
 70
     1
102
RTVSPropertyOp46
 70
     1
102
RTVSPropertyOp47
 70
     1
102
RTVSPropertyOp48
 70
     1
102
RTVSPropertyOp49
 70
     1
102
RTVSPropertyOp50
 70
     1
102
RTVSPropertyOp51
 70
     0
102
RTVSPropertyOp52
 70
     0
102
RTVSPropertyOp53
 70
     1
102
RTVSPropertyOp54
 70
     1
102
RTVSPropertyOp55
 70
     1
102
RTVSPropertyOp56
 70
     1
102
RTVSPropertyOp57
 70
     1
102
RTVSPropertyOp58
 70
     1
102
RTVSPropertyOp59
 70
     1
102
RTVSPropertyOp60
 70
     1
102
RTVSPropertyOp61
 70
     1
102
RTVSPropertyOp62
 70
     1
  0
XRECORD
  5
2EA99
102
{ACAD_REACTORS
330
2EA98
102
}
330
2EA98
100
AcDbXrecord
280
     1
102
RTVSPost2010Prop28
280
     0
102
RTVSPost2010PropOp28
 70
     1
102
RTVSPost2010Prop29
280
     1
102
RTVSPost2010PropOp29
 70
     1
102
RTVSPost2010Prop30
280
     1
102
RTVSPost2010PropOp30
 70
     1
102
RTVSPost2010Prop31
280
     0
102
RTVSPost2010PropOp31
 70
     1
102
RTVSPost2010Prop32
280
     0
102
RTVSPost2010PropOp32
 70
     1
102
RTVSPost2010Prop33
280
     0
102
RTVSPost2010PropOp33
 70
     1
102
RTVSPost2010Prop34
280
     0
102
RTVSPost2010PropOp34
 70
     1
102
RTVSPost2010Prop35
280
     0
102
RTVSPost2010PropOp35
 70
     1
102
RTVSPost2010Prop36
280
     0
102
RTVSPost2010PropOp36
 70
     1
102
RTVSPost2010Prop37
 90
       50
102
RTVSPost2010PropOp37
 70
     1
102
RTVSPost2010Prop38
140
0.0
102
RTVSPost2010PropOp38
 70
     1
102
RTVSPost2010Prop39
140
1.0
102
RTVSPost2010PropOp39
 70
     1
102
RTVSPost2010Prop40
 90
        0
102
RTVSPost2010PropOp40
 70
     1
102
RTVSPost2010Prop41ColorIndex
 90
       18
102
RTVSPost2010Prop41ColorRGB
 90
        0
102
RTVSPost2010PropOp41
 70
     1
102
RTVSPost2010Prop42
 90
       50
102
RTVSPost2010PropOp42
 70
     1
102
RTVSPost2010Prop43
 90
        3
102
RTVSPost2010PropOp43
 70
     1
102
RTVSPost2010Prop44ColorIndex
 90
        5
102
RTVSPost2010Prop44ColorRGB
 90
      255
102
RTVSPost2010PropOp44
 70
     1
102
RTVSPost2010Prop45
280
     0
102
RTVSPost2010PropOp45
 70
     1
102
RTVSPost2010Prop46
 90
       50
102
RTVSPost2010PropOp46
 70
     1
102
RTVSPost2010Prop47
 90
       50
102
RTVSPost2010PropOp47
 70
     1
102
RTVSPost2010Prop48
 90
       50
102
RTVSPost2010PropOp48
 70
     1
102
RTVSPost2010Prop49
280
     0
102
RTVSPost2010PropOp49
 70
     1
102
RTVSPost2010Prop50
 90
       50
102
RTVSPost2010PropOp50
 70
     1
102
RTVSPost2010Prop51ColorIndex
 90
      256
102
RTVSPost2010Prop51ColorRGB
 90
-16777216
102
RTVSPost2010PropOp51
 70
     0
102
RTVSPost2010Prop52
140
1.0
102
RTVSPost2010PropOp52
 70
     0
102
RTVSPost2010Prop53
 90
        2
102
RTVSPost2010PropOp53
 70
     1
102
RTVSPost2010Prop54
  1
strokes_ogs.tif
102
RTVSPost2010PropOp54
 70
     1
102
RTVSPost2010Prop55
280
     0
102
RTVSPost2010PropOp55
 70
     1
102
RTVSPost2010Prop56
140
1.0
102
RTVSPost2010PropOp56
 70
     1
102
RTVSPost2010Prop57
140
1.0
102
RTVSPost2010PropOp57
 70
     1
102
RTVSPropertyOp0
 70
     1
102
RTVSPropertyOp1
 70
     1
102
RTVSPropertyOp2
 70
     1
102
RTVSPropertyOp3
 70
     1
102
RTVSPropertyOp4
 70
     1
102
RTVSPropertyOp5
 70
     1
102
RTVSPropertyOp6
 70
     1
102
RTVSPropertyOp7
 70
     1
102
RTVSPropertyOp8
 70
     1
102
RTVSPropertyOp9
 70
     1
102
RTVSPropertyOp10
 70
     1
102
RTVSPropertyOp11
 70
     1
102
RTVSPropertyOp12
 70
     1
102
RTVSPropertyOp13
 70
     1
102
RTVSPropertyOp14
 70
     1
102
RTVSPropertyOp15
 70
     1
102
RTVSPropertyOp16
 70
     1
102
RTVSPropertyOp17
 70
     1
102
RTVSPropertyOp18
 70
     1
102
RTVSPropertyOp19
 70
     1
102
RTVSPropertyOp20
 70
     1
102
RTVSPropertyOp21
 70
     1
102
RTVSPropertyOp22
 70
     1
102
RTVSPropertyOp23
 70
     1
102
RTVSPropertyOp24
 70
     1
102
RTVSPropertyOp25
 70
     1
102
RTVSPropertyOp26
 70
     1
102
RTVSPropertyOp27
 70
     1
102
RTVSPropertyOp28
 70
     1
102
RTVSPropertyOp29
 70
     1
102
RTVSPropertyOp30
 70
     1
102
RTVSPropertyOp31
 70
     1
102
RTVSPropertyOp32
 70
     1
102
RTVSPropertyOp33
 70
     1
102
RTVSPropertyOp34
 70
     1
102
RTVSPropertyOp35
 70
     1
102
RTVSPropertyOp36
 70
     1
102
RTVSPropertyOp37
 70
     1
102
RTVSPropertyOp38
 70
     1
102
RTVSPropertyOp39
 70
     1
102
RTVSPropertyOp40
 70
     1
102
RTVSPropertyOp41
 70
     1
102
RTVSPropertyOp42
 70
     1
102
RTVSPropertyOp43
 70
     1
102
RTVSPropertyOp44
 70
     1
102
RTVSPropertyOp45
 70
     1
102
RTVSPropertyOp46
 70
     1
102
RTVSPropertyOp47
 70
     1
102
RTVSPropertyOp48
 70
     1
102
RTVSPropertyOp49
 70
     1
102
RTVSPropertyOp50
 70
     1
102
RTVSPropertyOp51
 70
     0
102
RTVSPropertyOp52
 70
     0
102
RTVSPropertyOp53
 70
     1
102
RTVSPropertyOp54
 70
     1
102
RTVSPropertyOp55
 70
     1
102
RTVSPropertyOp56
 70
     1
102
RTVSPropertyOp57
 70
     1
102
RTVSPropertyOp58
 70
     1
102
RTVSPropertyOp59
 70
     1
102
RTVSPropertyOp60
 70
     1
102
RTVSPropertyOp61
 70
     1
102
RTVSPropertyOp62
 70
     1
  0
XRECORD
  5
2EAB0
102
{ACAD_REACTORS
330
2EAAF
102
}
330
2EAAF
100
AcDbXrecord
280
     1
102
RTVSPost2010Prop28
280
     0
102
RTVSPost2010PropOp28
 70
     1
102
RTVSPost2010Prop29
280
     1
102
RTVSPost2010PropOp29
 70
     1
102
RTVSPost2010Prop30
280
     1
102
RTVSPost2010PropOp30
 70
     1
102
RTVSPost2010Prop31
280
     0
102
RTVSPost2010PropOp31
 70
     1
102
RTVSPost2010Prop32
280
     0
102
RTVSPost2010PropOp32
 70
     1
102
RTVSPost2010Prop33
280
     0
102
RTVSPost2010PropOp33
 70
     1
102
RTVSPost2010Prop34
280
     0
102
RTVSPost2010PropOp34
 70
     1
102
RTVSPost2010Prop35
280
     0
102
RTVSPost2010PropOp35
 70
     1
102
RTVSPost2010Prop36
280
     0
102
RTVSPost2010PropOp36
 70
     1
102
RTVSPost2010Prop37
 90
       50
102
RTVSPost2010PropOp37
 70
     1
102
RTVSPost2010Prop38
140
0.0
102
RTVSPost2010PropOp38
 70
     1
102
RTVSPost2010Prop39
140
1.0
102
RTVSPost2010PropOp39
 70
     1
102
RTVSPost2010Prop40
 90
        0
102
RTVSPost2010PropOp40
 70
     1
102
RTVSPost2010Prop41ColorIndex
 90
       18
102
RTVSPost2010Prop41ColorRGB
 90
        0
102
RTVSPost2010PropOp41
 70
     1
102
RTVSPost2010Prop42
 90
       50
102
RTVSPost2010PropOp42
 70
     1
102
RTVSPost2010Prop43
 90
        3
102
RTVSPost2010PropOp43
 70
     1
102
RTVSPost2010Prop44ColorIndex
 90
        5
102
RTVSPost2010Prop44ColorRGB
 90
      255
102
RTVSPost2010PropOp44
 70
     1
102
RTVSPost2010Prop45
280
     0
102
RTVSPost2010PropOp45
 70
     1
102
RTVSPost2010Prop46
 90
       50
102
RTVSPost2010PropOp46
 70
     1
102
RTVSPost2010Prop47
 90
       50
102
RTVSPost2010PropOp47
 70
     1
102
RTVSPost2010Prop48
 90
       50
102
RTVSPost2010PropOp48
 70
     1
102
RTVSPost2010Prop49
280
     0
102
RTVSPost2010PropOp49
 70
     1
102
RTVSPost2010Prop50
 90
       50
102
RTVSPost2010PropOp50
 70
     1
102
RTVSPost2010Prop51ColorIndex
 90
      256
102
RTVSPost2010Prop51ColorRGB
 90
-16777216
102
RTVSPost2010PropOp51
 70
     0
102
RTVSPost2010Prop52
140
1.0
102
RTVSPost2010PropOp52
 70
     0
102
RTVSPost2010Prop53
 90
        2
102
RTVSPost2010PropOp53
 70
     1
102
RTVSPost2010Prop54
  1
strokes_ogs.tif
102
RTVSPost2010PropOp54
 70
     1
102
RTVSPost2010Prop55
280
     0
102
RTVSPost2010PropOp55
 70
     1
102
RTVSPost2010Prop56
140
1.0
102
RTVSPost2010PropOp56
 70
     1
102
RTVSPost2010Prop57
140
1.0
102
RTVSPost2010PropOp57
 70
     1
102
RTVSPropertyOp0
 70
     1
102
RTVSPropertyOp1
 70
     1
102
RTVSPropertyOp2
 70
     1
102
RTVSPropertyOp3
 70
     1
102
RTVSPropertyOp4
 70
     1
102
RTVSPropertyOp5
 70
     1
102
RTVSPropertyOp6
 70
     1
102
RTVSPropertyOp7
 70
     1
102
RTVSPropertyOp8
 70
     1
102
RTVSPropertyOp9
 70
     1
102
RTVSPropertyOp10
 70
     1
102
RTVSPropertyOp11
 70
     1
102
RTVSPropertyOp12
 70
     1
102
RTVSPropertyOp13
 70
     1
102
RTVSPropertyOp14
 70
     1
102
RTVSPropertyOp15
 70
     1
102
RTVSPropertyOp16
 70
     1
102
RTVSPropertyOp17
 70
     1
102
RTVSPropertyOp18
 70
     1
102
RTVSPropertyOp19
 70
     1
102
RTVSPropertyOp20
 70
     1
102
RTVSPropertyOp21
 70
     1
102
RTVSPropertyOp22
 70
     1
102
RTVSPropertyOp23
 70
     1
102
RTVSPropertyOp24
 70
     1
102
RTVSPropertyOp25
 70
     1
102
RTVSPropertyOp26
 70
     1
102
RTVSPropertyOp27
 70
     1
102
RTVSPropertyOp28
 70
     1
102
RTVSPropertyOp29
 70
     1
102
RTVSPropertyOp30
 70
     1
102
RTVSPropertyOp31
 70
     1
102
RTVSPropertyOp32
 70
     1
102
RTVSPropertyOp33
 70
     1
102
RTVSPropertyOp34
 70
     1
102
RTVSPropertyOp35
 70
     1
102
RTVSPropertyOp36
 70
     1
102
RTVSPropertyOp37
 70
     1
102
RTVSPropertyOp38
 70
     1
102
RTVSPropertyOp39
 70
     1
102
RTVSPropertyOp40
 70
     1
102
RTVSPropertyOp41
 70
     1
102
RTVSPropertyOp42
 70
     1
102
RTVSPropertyOp43
 70
     1
102
RTVSPropertyOp44
 70
     1
102
RTVSPropertyOp45
 70
     1
102
RTVSPropertyOp46
 70
     1
102
RTVSPropertyOp47
 70
     1
102
RTVSPropertyOp48
 70
     1
102
RTVSPropertyOp49
 70
     1
102
RTVSPropertyOp50
 70
     1
102
RTVSPropertyOp51
 70
     0
102
RTVSPropertyOp52
 70
     0
102
RTVSPropertyOp53
 70
     1
102
RTVSPropertyOp54
 70
     1
102
RTVSPropertyOp55
 70
     1
102
RTVSPropertyOp56
 70
     1
102
RTVSPropertyOp57
 70
     1
102
RTVSPropertyOp58
 70
     1
102
RTVSPropertyOp59
 70
     1
102
RTVSPropertyOp60
 70
     1
102
RTVSPropertyOp61
 70
     1
102
RTVSPropertyOp62
 70
     1
  0
XRECORD
  5
2EAB8
102
{ACAD_REACTORS
330
2EAB7
102
}
330
2EAB7
100
AcDbXrecord
280
     1
102
RTVSPost2010Prop28
280
     0
102
RTVSPost2010PropOp28
 70
     1
102
RTVSPost2010Prop29
280
     1
102
RTVSPost2010PropOp29
 70
     1
102
RTVSPost2010Prop30
280
     1
102
RTVSPost2010PropOp30
 70
     1
102
RTVSPost2010Prop31
280
     0
102
RTVSPost2010PropOp31
 70
     1
102
RTVSPost2010Prop32
280
     0
102
RTVSPost2010PropOp32
 70
     1
102
RTVSPost2010Prop33
280
     0
102
RTVSPost2010PropOp33
 70
     1
102
RTVSPost2010Prop34
280
     0
102
RTVSPost2010PropOp34
 70
     1
102
RTVSPost2010Prop35
280
     0
102
RTVSPost2010PropOp35
 70
     1
102
RTVSPost2010Prop36
280
     0
102
RTVSPost2010PropOp36
 70
     1
102
RTVSPost2010Prop37
 90
       50
102
RTVSPost2010PropOp37
 70
     1
102
RTVSPost2010Prop38
140
0.0
102
RTVSPost2010PropOp38
 70
     1
102
RTVSPost2010Prop39
140
1.0
102
RTVSPost2010PropOp39
 70
     1
102
RTVSPost2010Prop40
 90
        0
102
RTVSPost2010PropOp40
 70
     1
102
RTVSPost2010Prop41ColorIndex
 90
       18
102
RTVSPost2010Prop41ColorRGB
 90
        0
102
RTVSPost2010PropOp41
 70
     1
102
RTVSPost2010Prop42
 90
       50
102
RTVSPost2010PropOp42
 70
     1
102
RTVSPost2010Prop43
 90
        3
102
RTVSPost2010PropOp43
 70
     1
102
RTVSPost2010Prop44ColorIndex
 90
        5
102
RTVSPost2010Prop44ColorRGB
 90
      255
102
RTVSPost2010PropOp44
 70
     1
102
RTVSPost2010Prop45
280
     0
102
RTVSPost2010PropOp45
 70
     1
102
RTVSPost2010Prop46
 90
       50
102
RTVSPost2010PropOp46
 70
     1
102
RTVSPost2010Prop47
 90
       50
102
RTVSPost2010PropOp47
 70
     1
102
RTVSPost2010Prop48
 90
       50
102
RTVSPost2010PropOp48
 70
     1
102
RTVSPost2010Prop49
280
     0
102
RTVSPost2010PropOp49
 70
     1
102
RTVSPost2010Prop50
 90
       50
102
RTVSPost2010PropOp50
 70
     1
102
RTVSPost2010Prop51ColorIndex
 90
      256
102
RTVSPost2010Prop51ColorRGB
 90
-16777216
102
RTVSPost2010PropOp51
 70
     0
102
RTVSPost2010Prop52
140
1.0
102
RTVSPost2010PropOp52
 70
     0
102
RTVSPost2010Prop53
 90
        2
102
RTVSPost2010PropOp53
 70
     1
102
RTVSPost2010Prop54
  1
strokes_ogs.tif
102
RTVSPost2010PropOp54
 70
     1
102
RTVSPost2010Prop55
280
     0
102
RTVSPost2010PropOp55
 70
     1
102
RTVSPost2010Prop56
140
1.0
102
RTVSPost2010PropOp56
 70
     1
102
RTVSPost2010Prop57
140
1.0
102
RTVSPost2010PropOp57
 70
     1
102
RTVSPropertyOp0
 70
     1
102
RTVSPropertyOp1
 70
     1
102
RTVSPropertyOp2
 70
     1
102
RTVSPropertyOp3
 70
     1
102
RTVSPropertyOp4
 70
     1
102
RTVSPropertyOp5
 70
     1
102
RTVSPropertyOp6
 70
     1
102
RTVSPropertyOp7
 70
     1
102
RTVSPropertyOp8
 70
     1
102
RTVSPropertyOp9
 70
     1
102
RTVSPropertyOp10
 70
     1
102
RTVSPropertyOp11
 70
     1
102
RTVSPropertyOp12
 70
     1
102
RTVSPropertyOp13
 70
     1
102
RTVSPropertyOp14
 70
     1
102
RTVSPropertyOp15
 70
     1
102
RTVSPropertyOp16
 70
     1
102
RTVSPropertyOp17
 70
     1
102
RTVSPropertyOp18
 70
     1
102
RTVSPropertyOp19
 70
     1
102
RTVSPropertyOp20
 70
     1
102
RTVSPropertyOp21
 70
     1
102
RTVSPropertyOp22
 70
     1
102
RTVSPropertyOp23
 70
     1
102
RTVSPropertyOp24
 70
     1
102
RTVSPropertyOp25
 70
     1
102
RTVSPropertyOp26
 70
     1
102
RTVSPropertyOp27
 70
     1
102
RTVSPropertyOp28
 70
     1
102
RTVSPropertyOp29
 70
     1
102
RTVSPropertyOp30
 70
     1
102
RTVSPropertyOp31
 70
     1
102
RTVSPropertyOp32
 70
     1
102
RTVSPropertyOp33
 70
     1
102
RTVSPropertyOp34
 70
     1
102
RTVSPropertyOp35
 70
     1
102
RTVSPropertyOp36
 70
     1
102
RTVSPropertyOp37
 70
     1
102
RTVSPropertyOp38
 70
     1
102
RTVSPropertyOp39
 70
     1
102
RTVSPropertyOp40
 70
     1
102
RTVSPropertyOp41
 70
     1
102
RTVSPropertyOp42
 70
     1
102
RTVSPropertyOp43
 70
     1
102
RTVSPropertyOp44
 70
     1
102
RTVSPropertyOp45
 70
     1
102
RTVSPropertyOp46
 70
     1
102
RTVSPropertyOp47
 70
     1
102
RTVSPropertyOp48
 70
     1
102
RTVSPropertyOp49
 70
     1
102
RTVSPropertyOp50
 70
     1
102
RTVSPropertyOp51
 70
     0
102
RTVSPropertyOp52
 70
     0
102
RTVSPropertyOp53
 70
     1
102
RTVSPropertyOp54
 70
     1
102
RTVSPropertyOp55
 70
     1
102
RTVSPropertyOp56
 70
     1
102
RTVSPropertyOp57
 70
     1
102
RTVSPropertyOp58
 70
     1
102
RTVSPropertyOp59
 70
     1
102
RTVSPropertyOp60
 70
     1
102
RTVSPropertyOp61
 70
     1
102
RTVSPropertyOp62
 70
     1
  0
PH_GROUP
  5
22A56
102
{ACAD_REACTORS
330
22A55
102
}
330
22A55
  0
ENDSEC
  0
EOF
